order_id,product_id,quantity,unit_price,discount_rate
1,28,1,567,0.05
2,2,1,3850,0.05
2,18,1,778,0.1
3,19,1,2193,0
3,36,1,1580,0.15
4,58,1,1326,0.1
5,46,1,3785,0
5,4,1,2293,0
5,33,2,4175,0.15
6,2,1,3850,0.05
7,5,1,1760,0.1
7,37,1,667,0.05
8,39,1,2235,0
9,59,2,2290,0
9,2,1,3850,0
10,48,1,2972,0.1
10,22,1,1574,0.2
10,59,1,2290,0
10,31,1,3203,0
11,7,2,1985,0.05
11,60,1,552,0
12,23,1,2336,0.1
13,27,1,1579,0
13,9,1,4658,0
14,48,1,2972,0.1
14,5,1,1760,0.15
15,15,2,860,0.1
15,28,1,567,0.05
16,9,1,4658,0.05
17,6,1,529,0.05
17,13,1,3877,0.05
17,58,2,1326,0.15
18,11,1,1744,0
18,11,1,1744,0.15
19,15,1,860,0
20,42,1,3125,0.05
21,58,1,1326,0.05
22,31,1,3203,0.1
22,56,2,630,0
22,5,1,1760,0.05
22,22,1,1574,0
23,27,1,1579,0
24,21,1,2746,0.2
24,50,2,2033,0.1
25,35,1,1942,0.1
25,1,1,150,0.05
26,14,1,4075,0
26,17,1,2656,0.15
27,15,2,860,0
28,16,1,1002,0.05
28,39,2,2235,0
29,3,1,3713,0
29,53,1,1286,0.15
30,39,1,2235,0.05
31,30,1,4729,0
32,41,2,931,0
32,42,1,3125,0
33,37,1,667,0
33,36,1,1580,0
34,57,1,729,0.1
35,15,2,860,0.05
36,51,1,2916,0
36,47,1,1558,0
37,1,1,150,0.1
37,3,1,3713,0
37,4,1,2293,0.15
38,51,3,2916,0.2
39,34,1,2437,0
40,50,1,2033,0.1
41,5,1,1760,0
42,45,1,4975,0.05
43,46,1,3785,0.05
44,12,1,4627,0
44,4,1,2293,0
45,8,1,1791,0.1
46,11,1,1744,0
47,22,1,1574,0.2
47,43,1,4289,0.05
48,51,1,2916,0
48,8,1,1791,0.1
48,49,1,1048,0
49,22,1,1574,0.1
49,25,1,3410,0.15
49,58,1,1326,0.05
50,50,1,2033,0
50,2,1,3850,0.1
51,13,3,3877,0.05
51,8,2,1791,0.2
52,29,1,2320,0.05
53,55,1,4572,0.15
53,25,1,3410,0
53,23,1,2336,0
54,13,2,3877,0
55,58,1,1326,0
55,20,2,3438,0.2
56,44,1,724,0.1
57,16,1,1002,0
58,16,2,1002,0
59,35,1,1942,0.05
59,46,1,3785,0
60,20,1,3438,0.05
60,40,1,3255,0.1
60,7,1,1985,0.1
60,3,2,3713,0.15
61,23,2,2336,0.05
61,27,1,1579,0.15
62,26,2,4752,0
62,22,1,1574,0
62,30,1,4729,0.05
63,11,1,1744,0.1
63,41,1,931,0
63,13,1,3877,0
64,9,1,4658,0.2
65,31,2,3203,0
65,20,1,3438,0.15
65,7,1,1985,0.2
66,20,1,3438,0
66,10,1,3487,0.1
67,6,1,529,0.05
67,49,1,1048,0.05
67,41,1,931,0.05
67,12,1,4627,0
68,24,1,2262,0
68,29,1,2320,0.05
69,58,1,1326,0
69,11,1,1744,0
70,5,2,1760,0
70,10,1,3487,0
70,23,1,2336,0.1
71,49,1,1048,0
72,54,1,3026,0.05
73,56,1,630,0.15
74,15,2,860,0.1
74,51,1,2916,0
75,37,1,667,0.1
76,45,1,4975,0
77,42,1,3125,0.15
78,8,1,1791,0
78,19,1,2193,0
79,43,1,4289,0.1
79,39,3,2235,0.05
80,30,1,4729,0.2
80,40,1,3255,0.2
80,19,1,2193,0.15
81,21,1,2746,0.05
81,57,2,729,0.05
81,12,1,4627,0.05
82,47,1,1558,0.1
82,17,2,2656,0
82,36,1,1580,0.05
83,29,1,2320,0
84,8,1,1791,0
84,26,1,4752,0.05
85,16,2,1002,0.15
85,39,1,2235,0.1
86,52,1,1957,0.1
86,44,1,724,0
86,1,1,150,0
86,17,1,2656,0
87,2,2,3850,0.1
87,21,1,2746,0
88,28,1,567,0.05
89,18,1,778,0.1
89,57,1,729,0.1
90,37,1,667,0.1
90,19,2,2193,0.05
91,2,1,3850,0.1
91,51,1,2916,0.05
91,45,1,4975,0.1
91,25,1,3410,0.1
92,52,2,1957,0.1
92,34,1,2437,0.15
93,3,1,3713,0.1
93,9,2,4658,0
94,17,1,2656,0.15
94,11,1,1744,0.1
94,37,1,667,0
95,10,2,3487,0.15
95,44,1,724,0.05
95,54,2,3026,0
96,33,1,4175,0
96,20,1,3438,0.1
97,34,2,2437,0
97,2,1,3850,0
97,26,1,4752,0
97,9,1,4658,0
98,11,1,1744,0.05
98,22,1,1574,0.05
99,2,2,3850,0
100,52,1,1957,0
101,14,1,4075,0.15
101,10,1,3487,0.2
101,27,1,1579,0
102,48,1,2972,0
102,39,1,2235,0.05
102,54,1,3026,0.1
103,6,1,529,0
103,4,1,2293,0.1
103,5,1,1760,0.05
104,53,1,1286,0
105,35,1,1942,0.1
105,21,1,2746,0
106,5,1,1760,0.1
106,36,1,1580,0
106,10,1,3487,0
107,47,1,1558,0
108,16,2,1002,0
108,10,2,3487,0.1
109,38,1,3806,0
110,39,1,2235,0
111,12,1,4627,0
111,48,1,2972,0
111,8,1,1791,0.1
112,1,1,150,0.05
112,36,2,1580,0.15
113,20,1,3438,0
114,23,1,2336,0
114,59,1,2290,0
114,2,1,3850,0.2
115,57,1,729,0.05
115,53,1,1286,0
116,56,1,630,0.15
116,53,1,1286,0
117,8,1,1791,0
117,36,2,1580,0.05
118,8,1,1791,0.1
118,52,1,1957,0
118,19,2,2193,0.15
119,6,1,529,0.05
120,54,1,3026,0
120,5,1,1760,0.05
120,5,1,1760,0.1
121,57,1,729,0.05
122,48,1,2972,0.05
122,22,1,1574,0.2
123,60,1,552,0.05
124,57,2,729,0.1
124,16,1,1002,0.1
125,34,1,2437,0.1
125,13,1,3877,0
125,23,1,2336,0.1
126,52,1,1957,0.05
127,26,1,4752,0.05
127,34,2,2437,0
127,33,1,4175,0.1
128,19,1,2193,0.1
128,31,1,3203,0.1
129,16,1,1002,0
129,41,1,931,0.05
130,48,1,2972,0
130,28,1,567,0.1
130,17,1,2656,0.1
130,12,2,4627,0.1
131,36,1,1580,0
132,16,1,1002,0.05
132,32,1,126,0
132,3,1,3713,0.1
132,13,1,3877,0.15
133,56,1,630,0
134,48,1,2972,0
134,11,2,1744,0.1
135,29,1,2320,0
135,8,1,1791,0
136,8,2,1791,0.05
136,53,1,1286,0.1
137,56,1,630,0
138,10,1,3487,0.1
139,11,1,1744,0.05
140,18,2,778,0.05
140,49,2,1048,0
141,20,1,3438,0.1
142,34,1,2437,0
143,31,1,3203,0.1
144,19,1,2193,0
144,6,3,529,0
144,13,1,3877,0.05
145,12,1,4627,0.1
146,33,1,4175,0
146,27,1,1579,0.15
147,24,1,2262,0.05
148,7,1,1985,0
149,19,1,2193,0.05
149,36,1,1580,0.15
150,54,2,3026,0.1
150,53,1,1286,0
150,14,1,4075,0.05
151,5,1,1760,0.05
152,59,2,2290,0.1
152,40,1,3255,0.1
153,2,2,3850,0.05
153,53,1,1286,0.05
153,58,2,1326,0.05
154,8,1,1791,0
154,51,1,2916,0
154,4,2,2293,0
154,44,1,724,0.1
155,1,1,150,0
155,40,1,3255,0
156,5,1,1760,0
156,34,1,2437,0
156,11,1,1744,0.05
157,48,2,2972,0
158,55,2,4572,0
158,60,1,552,0
158,44,1,724,0
158,45,1,4975,0.05
159,5,1,1760,0
160,32,1,126,0
160,57,1,729,0
161,14,2,4075,0
161,2,1,3850,0
161,33,1,4175,0
162,7,1,1985,0
162,39,1,2235,0
162,23,1,2336,0
162,50,1,2033,0
163,5,1,1760,0.2
164,49,1,1048,0
164,30,1,4729,0.1
165,20,1,3438,0
165,18,2,778,0
166,19,1,2193,0
167,5,1,1760,0.2
167,49,1,1048,0.05
167,10,2,3487,0.15
168,31,1,3203,0.05
169,57,1,729,0.15
169,11,1,1744,0.05
170,40,1,3255,0
170,27,1,1579,0.2
171,60,2,552,0
171,60,2,552,0
171,60,1,552,0.2
172,33,1,4175,0
172,43,1,4289,0.15
172,3,1,3713,0
173,30,1,4729,0.1
174,10,2,3487,0
175,16,1,1002,0.05
176,15,1,860,0.1
176,31,1,3203,0.05
177,19,1,2193,0.15
178,20,1,3438,0.1
178,1,1,150,0.2
179,30,1,4729,0.1
180,56,2,630,0.05
181,43,1,4289,0.1
181,19,1,2193,0
181,43,1,4289,0
182,52,1,1957,0.1
182,55,1,4572,0
182,58,1,1326,0
183,6,1,529,0
184,16,1,1002,0.1
184,45,1,4975,0.05
184,39,1,2235,0
185,14,1,4075,0.05
185,8,1,1791,0.05
186,36,1,1580,0.15
187,42,1,3125,0.1
188,51,2,2916,0
188,32,3,126,0.05
188,55,1,4572,0.05
189,34,1,2437,0
189,50,1,2033,0.05
190,22,1,1574,0.1
190,21,1,2746,0.05
191,24,1,2262,0
192,57,1,729,0
193,13,1,3877,0.05
194,14,1,4075,0
194,21,2,2746,0
195,30,1,4729,0
196,32,1,126,0.1
196,27,1,1579,0
197,34,1,2437,0.1
197,10,1,3487,0.1
198,42,1,3125,0.1
198,19,1,2193,0
198,35,1,1942,0.05
199,49,1,1048,0
199,17,2,2656,0
200,55,1,4572,0
201,27,1,1579,0
202,43,2,4289,0.05
202,56,1,630,0.05
203,6,1,529,0.15
203,16,1,1002,0.2
204,41,1,931,0.05
205,2,1,3850,0
205,4,2,2293,0
206,5,1,1760,0
207,45,1,4975,0.05
207,42,2,3125,0
208,3,1,3713,0.1
208,8,1,1791,0.1
209,9,1,4658,0.05
209,18,3,778,0
210,8,1,1791,0
211,37,1,667,0
212,13,1,3877,0.2
212,32,2,126,0.1
213,37,1,667,0.05
213,56,1,630,0.1
213,22,1,1574,0.05
214,1,1,150,0
214,50,2,2033,0.1
215,15,1,860,0
215,46,1,3785,0
216,32,1,126,0
217,54,1,3026,0.05
217,22,1,1574,0
218,1,1,150,0
218,14,1,4075,0.15
219,7,1,1985,0
220,33,1,4175,0.15
220,12,1,4627,0
220,32,1,126,0.05
221,13,1,3877,0.1
222,60,1,552,0.1
222,15,2,860,0.05
222,23,1,2336,0
223,21,1,2746,0.05
223,1,1,150,0.2
224,43,1,4289,0.1
225,22,1,1574,0.05
226,57,1,729,0.05
226,11,1,1744,0.1
227,8,3,1791,0
228,41,1,931,0
229,46,1,3785,0
230,47,1,1558,0.05
230,37,1,667,0
230,24,1,2262,0.15
231,56,2,630,0.05
232,32,1,126,0.1
233,42,1,3125,0
233,60,2,552,0.15
234,15,1,860,0.05
235,18,1,778,0.2
235,24,1,2262,0.15
236,33,1,4175,0.15
236,15,1,860,0
237,11,1,1744,0
238,29,1,2320,0.05
239,3,1,3713,0.1
240,7,1,1985,0
241,24,1,2262,0.15
241,26,1,4752,0
241,12,1,4627,0.05
242,1,1,150,0
242,29,1,2320,0
242,8,1,1791,0
243,15,1,860,0.1
243,30,1,4729,0.15
243,36,1,1580,0.1
244,51,1,2916,0.15
245,6,1,529,0.15
245,39,2,2235,0.05
245,51,2,2916,0.05
245,46,1,3785,0
246,60,1,552,0
246,21,1,2746,0.05
246,56,1,630,0
247,16,1,1002,0.05
247,56,1,630,0.1
248,33,1,4175,0
248,24,1,2262,0
248,4,2,2293,0
248,40,1,3255,0.05
249,19,1,2193,0
250,23,1,2336,0.05
250,41,1,931,0.15
250,13,1,3877,0
251,6,2,529,0
251,19,1,2193,0
252,23,1,2336,0
253,51,1,2916,0.05
253,14,2,4075,0
254,53,1,1286,0.1
254,17,1,2656,0.05
255,33,1,4175,0
255,32,1,126,0.1
255,15,2,860,0.05
256,20,1,3438,0.1
256,11,1,1744,0.05
257,22,1,1574,0
257,3,1,3713,0.05
258,60,2,552,0
259,52,1,1957,0
259,9,1,4658,0.15
260,53,1,1286,0.05
261,58,1,1326,0
262,43,2,4289,0
262,14,1,4075,0.15
263,27,1,1579,0.05
264,49,1,1048,0.2
264,59,1,2290,0.05
264,26,3,4752,0.1
264,50,1,2033,0.15
265,26,1,4752,0
265,9,1,4658,0
266,32,1,126,0
267,1,2,150,0.1
267,49,1,1048,0.15
268,38,1,3806,0
269,17,1,2656,0.05
270,39,1,2235,0.05
271,45,1,4975,0
271,33,1,4175,0.1
272,42,1,3125,0.05
272,20,1,3438,0.1
272,8,1,1791,0
273,10,1,3487,0
273,10,1,3487,0
273,32,1,126,0.05
273,5,1,1760,0.05
274,2,2,3850,0.15
275,17,1,2656,0
276,17,1,2656,0
277,28,1,567,0.05
278,28,3,567,0
278,55,1,4572,0
279,12,1,4627,0
280,48,1,2972,0.05
280,46,1,3785,0.1
280,29,1,2320,0.1
281,43,1,4289,0.05
281,15,1,860,0.05
282,33,1,4175,0
283,56,1,630,0.05
283,59,1,2290,0.15
284,26,1,4752,0.1
284,23,1,2336,0.05
285,14,1,4075,0.05
286,57,1,729,0
286,53,1,1286,0
287,3,2,3713,0.1
288,43,1,4289,0
289,43,1,4289,0
290,20,1,3438,0.1
291,57,1,729,0.1
292,27,1,1579,0
293,58,1,1326,0
293,30,1,4729,0
294,7,2,1985,0.2
294,16,1,1002,0.05
295,57,1,729,0.1
296,1,3,150,0.15
297,17,1,2656,0
297,38,1,3806,0
298,59,2,2290,0.2
298,17,1,2656,0
298,22,2,1574,0.05
299,40,1,3255,0.1
299,29,1,2320,0.15
299,57,1,729,0.05
299,40,1,3255,0
300,60,1,552,0
300,7,2,1985,0
301,51,1,2916,0
301,51,1,2916,0.15
302,56,1,630,0.1
302,22,1,1574,0.1
302,60,1,552,0.15
303,36,1,1580,0.05
304,54,1,3026,0.1
305,40,1,3255,0
306,10,1,3487,0.15
306,26,1,4752,0
306,55,1,4572,0
307,35,2,1942,0.05
307,37,1,667,0.05
308,30,1,4729,0
308,4,2,2293,0.1
308,55,1,4572,0
309,32,1,126,0.05
309,6,1,529,0
310,7,2,1985,0
311,3,1,3713,0.15
311,30,1,4729,0
311,46,1,3785,0
312,22,1,1574,0
313,58,1,1326,0.1
314,14,1,4075,0.15
315,7,1,1985,0.1
315,39,2,2235,0.15
315,42,1,3125,0
316,43,1,4289,0.1
316,29,2,2320,0
316,34,1,2437,0.05
317,40,2,3255,0
318,10,1,3487,0
318,25,1,3410,0
319,38,1,3806,0.2
319,14,1,4075,0
320,14,1,4075,0.15
320,5,1,1760,0.05
320,3,1,3713,0.15
320,58,1,1326,0.1
321,37,1,667,0
322,54,1,3026,0
322,41,1,931,0.05
322,25,1,3410,0.05
323,7,3,1985,0
324,57,1,729,0.1
324,12,1,4627,0
325,32,1,126,0.2
325,20,1,3438,0.15
326,53,1,1286,0.05
326,20,1,3438,0
326,39,1,2235,0
327,34,1,2437,0
327,53,1,1286,0.05
328,44,1,724,0.1
328,43,1,4289,0.05
329,30,1,4729,0
329,39,1,2235,0.05
330,42,2,3125,0.1
330,25,1,3410,0.15
331,10,1,3487,0
331,57,1,729,0.05
332,55,1,4572,0
333,55,2,4572,0
333,16,1,1002,0.1
333,57,1,729,0.1
333,5,2,1760,0
334,43,1,4289,0
334,36,1,1580,0.1
335,56,1,630,0.05
336,41,2,931,0
337,33,2,4175,0
338,11,1,1744,0
338,39,2,2235,0.05
338,52,2,1957,0.05
339,41,1,931,0.2
340,45,3,4975,0
340,33,1,4175,0.1
341,58,1,1326,0.05
341,39,1,2235,0
342,51,1,2916,0
342,22,1,1574,0.1
342,48,3,2972,0
342,60,1,552,0.2
343,49,1,1048,0.15
344,51,1,2916,0.1
344,34,1,2437,0
345,54,2,3026,0.15
345,36,1,1580,0
346,36,2,1580,0.05
346,54,1,3026,0.05
346,4,1,2293,0
347,59,1,2290,0.1
347,42,1,3125,0.05
347,36,3,1580,0
348,37,1,667,0.1
348,2,1,3850,0
348,42,1,3125,0.05
349,31,1,3203,0
350,36,1,1580,0.1
350,18,1,778,0.15
351,37,1,667,0.1
351,60,2,552,0
351,37,2,667,0.1
351,23,1,2336,0
352,30,1,4729,0.05
352,8,1,1791,0
353,8,1,1791,0.2
354,34,2,2437,0.05
354,55,2,4572,0.05
355,17,3,2656,0.15
356,11,1,1744,0
357,17,2,2656,0.1
357,42,1,3125,0.05
357,27,1,1579,0
358,16,1,1002,0
359,32,1,126,0.05
359,23,1,2336,0.1
360,18,2,778,0.05
360,1,2,150,0
360,29,1,2320,0
360,18,1,778,0.05
361,2,1,3850,0.2
362,51,1,2916,0
363,52,2,1957,0.05
364,26,2,4752,0
365,4,1,2293,0.1
365,55,1,4572,0.05
365,60,1,552,0.05
366,6,1,529,0
366,54,1,3026,0
366,42,1,3125,0.1
366,2,1,3850,0.05
367,2,1,3850,0.05
367,25,1,3410,0.15
368,41,1,931,0
368,2,1,3850,0
368,57,1,729,0.1
369,37,1,667,0.05
370,46,1,3785,0.15
370,48,2,2972,0.05
371,41,1,931,0.1
371,5,1,1760,0
371,13,1,3877,0.1
371,28,2,567,0
372,7,3,1985,0
373,23,2,2336,0
374,58,1,1326,0.1
375,19,1,2193,0.1
375,32,1,126,0.2
376,16,1,1002,0.2
376,31,2,3203,0
377,41,1,931,0.1
378,40,1,3255,0
379,16,1,1002,0.05
379,26,1,4752,0
380,12,1,4627,0.1
381,59,1,2290,0.15
382,3,1,3713,0.05
383,12,1,4627,0.1
383,53,1,1286,0
384,47,1,1558,0.1
385,2,1,3850,0.05
385,37,1,667,0.05
386,51,2,2916,0
386,48,2,2972,0.05
387,7,1,1985,0
387,56,1,630,0.05
387,11,1,1744,0
388,3,1,3713,0
389,14,1,4075,0.05
389,47,1,1558,0.1
390,35,2,1942,0.2
390,5,1,1760,0.15
391,24,1,2262,0.05
391,7,1,1985,0.05
392,6,1,529,0
392,54,2,3026,0.1
393,49,1,1048,0
394,58,1,1326,0.1
394,49,2,1048,0.1
394,40,1,3255,0.1
395,10,1,3487,0
395,49,1,1048,0
395,30,1,4729,0
396,60,1,552,0.1
397,17,1,2656,0
397,47,1,1558,0.15
397,26,1,4752,0.1
398,53,1,1286,0.1
398,18,2,778,0.05
399,2,1,3850,0.1
400,14,1,4075,0
400,44,1,724,0
401,3,1,3713,0.2
401,56,1,630,0.1
401,17,1,2656,0
401,21,2,2746,0.05
402,16,1,1002,0.15
403,43,2,4289,0.1
404,17,2,2656,0.05
404,19,1,2193,0
404,37,1,667,0.1
405,38,1,3806,0.15
405,36,1,1580,0
405,49,1,1048,0.15
406,4,1,2293,0.05
407,20,2,3438,0.15
407,28,2,567,0
407,36,1,1580,0
408,12,1,4627,0.1
408,30,1,4729,0.05
409,12,1,4627,0.1
410,32,2,126,0
411,22,1,1574,0
412,32,2,126,0
412,58,1,1326,0.05
413,47,1,1558,0.1
414,29,1,2320,0.05
415,46,1,3785,0.15
415,1,1,150,0
415,25,1,3410,0.05
416,55,2,4572,0.05
417,29,1,2320,0.05
418,22,2,1574,0
418,29,1,2320,0
419,50,1,2033,0.2
419,48,1,2972,0
420,24,1,2262,0.1
420,37,1,667,0.15
421,53,3,1286,0.15
421,32,1,126,0.2
422,17,1,2656,0
423,41,1,931,0
423,25,2,3410,0.1
423,42,1,3125,0
424,8,1,1791,0.15
424,26,1,4752,0.15
425,53,1,1286,0.1
426,45,1,4975,0
427,26,1,4752,0.05
428,6,2,529,0.2
429,7,2,1985,0.05
429,12,1,4627,0
430,39,2,2235,0
430,1,1,150,0.05
431,15,2,860,0
432,36,2,1580,0
433,11,2,1744,0.1
434,40,1,3255,0.05
435,50,1,2033,0.15
435,50,1,2033,0
435,22,1,1574,0.05
436,44,1,724,0.2
436,53,1,1286,0.1
437,51,1,2916,0.05
437,54,3,3026,0.2
438,53,1,1286,0.1
438,52,1,1957,0
439,2,2,3850,0
440,14,2,4075,0.15
441,55,1,4572,0.2
442,12,1,4627,0.1
443,5,1,1760,0
444,40,1,3255,0.05
444,30,1,4729,0
445,56,1,630,0
446,18,1,778,0.2
447,6,1,529,0
448,52,2,1957,0.05
449,26,1,4752,0
449,44,1,724,0
450,7,1,1985,0.05
451,42,1,3125,0.15
452,52,1,1957,0.15
453,53,1,1286,0.05
454,59,1,2290,0
455,38,1,3806,0.15
456,14,2,4075,0.2
456,15,1,860,0
456,34,1,2437,0.05
457,9,1,4658,0.05
457,39,1,2235,0.1
457,39,1,2235,0
457,10,1,3487,0.15
458,45,1,4975,0.1
459,16,1,1002,0.05
459,55,1,4572,0.1
460,34,1,2437,0.1
460,25,2,3410,0.05
461,53,3,1286,0
462,52,2,1957,0
463,41,1,931,0
464,45,1,4975,0
464,15,1,860,0.1
465,19,1,2193,0
465,58,1,1326,0
466,54,1,3026,0
466,50,1,2033,0.05
467,48,1,2972,0
467,55,1,4572,0.1
467,17,2,2656,0.1
468,35,1,1942,0.1
468,1,1,150,0.2
469,54,2,3026,0.15
470,33,1,4175,0
471,41,1,931,0.05
472,21,1,2746,0.05
472,19,1,2193,0
473,15,3,860,0.1
473,36,1,1580,0.1
473,30,1,4729,0.05
474,22,1,1574,0
474,7,1,1985,0
475,41,1,931,0
476,37,2,667,0.05
476,45,2,4975,0
476,20,1,3438,0.2
477,13,1,3877,0.2
478,21,1,2746,0
479,13,1,3877,0.1
480,5,1,1760,0
480,47,1,1558,0.1
481,20,2,3438,0.1
482,18,1,778,0.05
483,16,1,1002,0.05
484,17,1,2656,0.1
484,24,1,2262,0.05
484,27,1,1579,0.1
485,13,1,3877,0.15
486,46,1,3785,0
486,8,1,1791,0.2
487,30,1,4729,0
487,33,1,4175,0
487,52,2,1957,0.1
488,47,1,1558,0.2
488,42,1,3125,0
489,5,2,1760,0.1
489,39,1,2235,0
489,26,2,4752,0.1
490,21,2,2746,0.05
490,1,1,150,0
491,13,1,3877,0.05
491,4,1,2293,0
492,53,1,1286,0
492,30,1,4729,0.15
493,27,1,1579,0
493,45,1,4975,0.1
493,28,1,567,0.05
493,14,1,4075,0.2
494,23,1,2336,0
495,29,2,2320,0
496,28,1,567,0.1
496,9,2,4658,0.15
497,57,1,729,0
497,3,1,3713,0
497,35,2,1942,0.05
498,57,2,729,0.05
499,59,1,2290,0.2
500,56,1,630,0.1
500,56,1,630,0.05
501,37,2,667,0
501,13,1,3877,0
501,19,1,2193,0.1
502,57,2,729,0.15
502,59,1,2290,0.05
503,1,1,150,0.05
504,57,2,729,0.15
505,33,3,4175,0
505,16,2,1002,0.05
505,19,1,2193,0
506,37,1,667,0.1
507,39,1,2235,0
507,18,1,778,0
508,47,1,1558,0
508,37,1,667,0
509,23,1,2336,0.15
509,5,1,1760,0.15
510,60,2,552,0.05
510,47,1,1558,0.1
511,57,1,729,0.15
511,5,1,1760,0.1
512,34,1,2437,0.05
513,37,2,667,0.05
513,37,2,667,0.05
513,57,1,729,0.1
513,7,2,1985,0.1
514,30,1,4729,0.15
515,16,1,1002,0
516,29,1,2320,0
516,13,2,3877,0
517,32,1,126,0.1
517,38,1,3806,0
518,56,1,630,0
518,48,1,2972,0
518,53,1,1286,0
519,42,1,3125,0
520,6,2,529,0
520,18,1,778,0.05
520,14,1,4075,0.15
520,59,1,2290,0.1
521,40,1,3255,0
521,26,1,4752,0.15
522,56,1,630,0.05
522,14,1,4075,0
523,23,2,2336,0.1
523,42,1,3125,0.1
524,6,1,529,0.05
525,23,1,2336,0.05
525,48,1,2972,0.15
526,29,1,2320,0.05
527,47,1,1558,0.1
527,29,1,2320,0.1
527,30,1,4729,0.05
528,28,1,567,0
528,51,2,2916,0.2
528,12,2,4627,0
529,41,1,931,0.1
529,52,1,1957,0
530,53,1,1286,0.15
531,51,1,2916,0
532,40,2,3255,0
533,13,1,3877,0
534,36,2,1580,0.1
534,48,1,2972,0.05
534,49,1,1048,0.15
534,41,2,931,0
535,53,1,1286,0
535,35,2,1942,0
535,3,1,3713,0.1
536,34,1,2437,0.05
536,49,1,1048,0.05
536,10,1,3487,0.2
537,32,1,126,0.2
538,9,1,4658,0.05
539,53,1,1286,0.1
539,47,2,1558,0.05
540,22,1,1574,0.05
541,34,1,2437,0
541,40,1,3255,0.1
542,58,1,1326,0
542,56,2,630,0
542,12,1,4627,0.15
543,19,1,2193,0.05
544,40,2,3255,0.1
545,51,1,2916,0.2
546,27,1,1579,0
547,36,2,1580,0.1
548,3,2,3713,0.15
549,51,1,2916,0.2
550,22,1,1574,0
551,11,1,1744,0
552,47,1,1558,0.1
553,15,1,860,0.05
553,57,1,729,0.15
553,5,1,1760,0.05
554,47,1,1558,0.1
554,2,1,3850,0
555,29,2,2320,0.05
555,50,2,2033,0.05
555,31,1,3203,0.05
555,44,1,724,0
556,29,1,2320,0
556,16,1,1002,0
556,52,1,1957,0.05
557,9,1,4658,0
558,17,2,2656,0
559,56,1,630,0
560,49,1,1048,0.05
561,49,1,1048,0
561,57,1,729,0
562,22,1,1574,0
562,30,1,4729,0
563,49,1,1048,0.15
563,38,1,3806,0.05
563,37,1,667,0
564,23,1,2336,0
564,16,1,1002,0.15
564,33,1,4175,0.05
565,43,1,4289,0.15
565,6,1,529,0
565,37,1,667,0
566,12,2,4627,0.05
566,41,1,931,0.05
567,7,1,1985,0.1
567,26,2,4752,0.15
568,41,1,931,0.05
568,57,1,729,0
569,42,1,3125,0.2
569,24,1,2262,0.05
569,5,1,1760,0.05
570,30,1,4729,0.1
570,52,1,1957,0.15
570,9,1,4658,0
571,58,1,1326,0
572,51,1,2916,0.2
572,46,1,3785,0.1
573,41,1,931,0
573,13,1,3877,0
574,29,1,2320,0
575,36,1,1580,0.1
575,12,1,4627,0
575,24,1,2262,0.05
576,52,1,1957,0.1
577,7,2,1985,0
577,53,1,1286,0
578,48,2,2972,0
579,8,1,1791,0.1
579,48,1,2972,0
580,21,1,2746,0
580,58,2,1326,0
581,22,1,1574,0.05
581,2,1,3850,0.15
582,31,1,3203,0.1
582,55,2,4572,0.2
583,6,1,529,0
583,35,1,1942,0.1
584,31,1,3203,0.15
584,46,1,3785,0.05
585,4,1,2293,0.2
586,12,1,4627,0.2
587,18,2,778,0.05
588,8,1,1791,0
589,56,2,630,0.1
589,22,1,1574,0.15
590,47,1,1558,0.2
591,39,1,2235,0.1
591,59,1,2290,0
592,14,1,4075,0
593,49,1,1048,0.15
594,13,1,3877,0.1
594,47,1,1558,0.05
594,31,1,3203,0.05
595,42,1,3125,0.2
596,20,1,3438,0
596,51,1,2916,0.2
596,59,1,2290,0
596,31,1,3203,0.15
597,14,1,4075,0
598,19,1,2193,0
598,59,1,2290,0
599,56,1,630,0
600,53,1,1286,0.05
601,56,1,630,0
602,11,2,1744,0.1
602,16,1,1002,0.05
603,5,1,1760,0
603,25,1,3410,0.15
604,25,1,3410,0
604,7,1,1985,0
604,43,1,4289,0
605,44,1,724,0.05
605,57,1,729,0.1
605,27,1,1579,0
606,55,1,4572,0
607,60,1,552,0.1
608,56,1,630,0.1
608,16,2,1002,0.05
609,50,1,2033,0
610,32,1,126,0.05
610,53,1,1286,0.1
611,10,1,3487,0
612,19,1,2193,0.05
612,53,1,1286,0
613,26,1,4752,0
613,24,1,2262,0.15
614,41,1,931,0.1
614,15,1,860,0.1
614,29,1,2320,0.15
615,34,1,2437,0.1
615,45,1,4975,0
615,40,1,3255,0.15
615,23,1,2336,0
616,20,1,3438,0
616,29,2,2320,0
616,54,1,3026,0.1
617,43,1,4289,0.05
617,33,1,4175,0.05
617,27,1,1579,0.1
618,32,1,126,0
619,2,1,3850,0
620,42,3,3125,0.1
621,27,2,1579,0.1
622,13,1,3877,0.1
622,24,2,2262,0.05
623,54,1,3026,0
623,23,1,2336,0.1
624,48,1,2972,0.1
624,20,1,3438,0.2
625,11,1,1744,0.05
626,47,1,1558,0.1
627,41,1,931,0.1
628,46,1,3785,0
628,50,1,2033,0.1
629,34,1,2437,0.1
629,53,2,1286,0.05
630,57,2,729,0
631,35,1,1942,0.1
631,51,1,2916,0.05
631,50,2,2033,0.15
632,41,1,931,0.2
632,18,1,778,0.15
633,4,1,2293,0.2
634,37,1,667,0
634,58,1,1326,0.1
635,51,1,2916,0
635,37,1,667,0.15
635,11,2,1744,0.1
636,1,2,150,0
636,40,1,3255,0
637,22,1,1574,0
637,29,1,2320,0
637,2,2,3850,0.1
638,30,1,4729,0.05
639,60,1,552,0
640,7,1,1985,0
641,29,1,2320,0.05
642,51,2,2916,0
643,43,2,4289,0
644,54,1,3026,0
644,33,1,4175,0.1
645,60,1,552,0
645,21,1,2746,0
646,44,2,724,0.1
646,7,1,1985,0.2
647,4,1,2293,0
648,31,1,3203,0
648,36,1,1580,0.1
649,47,1,1558,0
650,18,2,778,0.1
651,46,1,3785,0.05
651,32,1,126,0
652,13,1,3877,0
653,52,1,1957,0
654,45,1,4975,0
655,28,1,567,0
655,4,1,2293,0.1
655,4,1,2293,0
656,7,1,1985,0
657,23,1,2336,0.05
658,29,1,2320,0.1
658,39,1,2235,0.1
659,46,1,3785,0.05
660,12,1,4627,0.05
661,10,1,3487,0.1
662,55,2,4572,0.1
663,22,1,1574,0
664,51,2,2916,0.15
664,55,1,4572,0
665,12,1,4627,0
665,26,2,4752,0
666,47,1,1558,0.1
667,16,1,1002,0
667,50,1,2033,0
667,18,3,778,0.1
668,31,1,3203,0
669,41,1,931,0
669,40,2,3255,0.1
670,42,1,3125,0
670,30,1,4729,0
671,24,1,2262,0
671,11,1,1744,0
672,53,1,1286,0.05
672,22,3,1574,0.15
673,3,1,3713,0
674,53,1,1286,0.1
675,16,1,1002,0
676,53,1,1286,0
676,27,1,1579,0.05
676,52,1,1957,0
677,28,1,567,0
677,19,3,2193,0
677,52,2,1957,0.15
677,6,1,529,0
678,37,1,667,0.05
678,25,1,3410,0.1
678,36,1,1580,0.2
679,4,1,2293,0.05
679,56,1,630,0.15
680,30,1,4729,0
681,45,1,4975,0
681,25,1,3410,0.05
682,8,1,1791,0
682,57,1,729,0
683,23,2,2336,0
683,9,1,4658,0.2
684,49,1,1048,0.05
684,31,1,3203,0
685,13,1,3877,0
685,41,1,931,0.05
686,58,1,1326,0.05
686,1,1,150,0.1
687,52,1,1957,0
687,23,1,2336,0.1
688,2,2,3850,0.15
688,31,1,3203,0.05
689,21,1,2746,0
690,16,1,1002,0.05
690,39,1,2235,0.2
691,51,3,2916,0.1
692,37,1,667,0.1
693,4,1,2293,0
693,39,1,2235,0.1
694,31,1,3203,0.1
695,18,1,778,0.15
695,54,1,3026,0
696,19,1,2193,0
696,19,1,2193,0.2
696,13,2,3877,0.05
697,45,3,4975,0.1
697,26,1,4752,0.05
698,58,1,1326,0.05
699,56,1,630,0.2
699,60,1,552,0
699,28,1,567,0
700,10,1,3487,0
701,53,1,1286,0.1
701,37,1,667,0
701,4,1,2293,0
702,3,2,3713,0.05
702,39,2,2235,0
702,60,1,552,0.1
703,12,2,4627,0.1
703,53,1,1286,0.1
704,23,1,2336,0
704,47,1,1558,0.2
705,26,1,4752,0
706,59,1,2290,0
707,45,1,4975,0.05
707,27,1,1579,0.15
707,5,1,1760,0.05
708,17,1,2656,0.05
709,15,1,860,0
709,6,1,529,0
710,16,1,1002,0.1
710,40,1,3255,0.05
710,52,1,1957,0.05
711,42,1,3125,0.1
712,22,2,1574,0.15
712,50,3,2033,0
713,38,1,3806,0.05
714,24,1,2262,0.15
715,60,1,552,0.05
715,35,1,1942,0.05
716,25,1,3410,0
717,47,1,1558,0.15
718,36,1,1580,0.1
719,45,2,4975,0.05
719,11,1,1744,0
720,46,2,3785,0.05
721,41,1,931,0
722,25,1,3410,0
723,41,1,931,0.15
723,60,1,552,0.2
723,33,2,4175,0.1
724,42,2,3125,0.15
724,26,1,4752,0.1
725,6,1,529,0
725,31,1,3203,0.1
725,39,1,2235,0.05
725,2,1,3850,0.05
726,15,1,860,0
726,37,1,667,0
726,49,1,1048,0.05
727,10,1,3487,0
727,60,1,552,0
728,12,1,4627,0.05
729,44,3,724,0
730,40,1,3255,0.05
730,16,1,1002,0.1
731,38,2,3806,0
731,45,2,4975,0
732,37,1,667,0
732,36,1,1580,0
733,56,1,630,0.05
734,59,3,2290,0.1
734,31,2,3203,0
735,9,1,4658,0
736,11,1,1744,0.1
737,5,1,1760,0
738,46,1,3785,0.1
739,32,2,126,0.1
740,26,1,4752,0.05
741,27,1,1579,0.05
742,18,1,778,0.05
742,9,1,4658,0
743,13,1,3877,0.1
743,24,1,2262,0
744,13,1,3877,0.1
745,56,1,630,0.05
746,49,2,1048,0.1
747,21,1,2746,0
748,5,1,1760,0
748,9,1,4658,0.15
748,22,1,1574,0.05
749,6,1,529,0.05
749,22,1,1574,0
750,20,1,3438,0.1
750,9,3,4658,0.05
750,14,1,4075,0
751,49,1,1048,0.05
752,30,1,4729,0.05
753,19,1,2193,0
753,48,1,2972,0.1
754,13,2,3877,0.2
754,43,2,4289,0
755,23,1,2336,0.15
756,8,1,1791,0
756,44,1,724,0
757,54,1,3026,0
757,35,1,1942,0.15
757,8,1,1791,0.2
758,60,3,552,0.05
758,13,2,3877,0.15
759,25,1,3410,0.05
759,2,1,3850,0.05
759,42,1,3125,0.2
760,49,1,1048,0
761,5,2,1760,0.05
761,25,1,3410,0
762,21,1,2746,0
762,9,2,4658,0
762,14,2,4075,0.05
763,52,1,1957,0
764,51,1,2916,0
764,58,1,1326,0
765,7,1,1985,0
765,8,1,1791,0.15
766,58,2,1326,0
767,36,2,1580,0
767,27,1,1579,0.05
767,2,1,3850,0
768,51,1,2916,0
768,26,1,4752,0.15
769,5,1,1760,0
769,34,1,2437,0.15
770,1,1,150,0
770,58,1,1326,0.05
771,28,1,567,0.05
772,22,1,1574,0.1
773,13,1,3877,0.2
774,43,2,4289,0.15
775,14,1,4075,0.05
775,59,1,2290,0.15
776,1,1,150,0
777,33,1,4175,0
778,46,1,3785,0.05
779,18,1,778,0.05
780,42,2,3125,0
780,8,1,1791,0.05
781,7,1,1985,0.1
781,58,1,1326,0.1
782,23,1,2336,0.2
782,56,1,630,0.1
783,43,1,4289,0
783,1,1,150,0
784,9,1,4658,0.05
785,30,1,4729,0.05
786,60,1,552,0.05
786,41,1,931,0.05
787,30,1,4729,0.05
787,10,1,3487,0.1
787,59,1,2290,0.15
788,35,1,1942,0.15
789,35,1,1942,0
789,20,1,3438,0.1
789,54,1,3026,0.05
790,23,1,2336,0
790,34,2,2437,0.1
791,38,1,3806,0.05
792,54,1,3026,0.15
792,4,1,2293,0
792,25,1,3410,0
793,38,2,3806,0.05
794,10,1,3487,0.05
795,9,1,4658,0.15
795,35,1,1942,0.1
795,54,1,3026,0.05
795,24,1,2262,0
796,18,1,778,0.1
796,50,1,2033,0.1
796,53,2,1286,0
796,39,1,2235,0.2
797,40,1,3255,0.05
798,45,1,4975,0
798,15,1,860,0.1
799,25,1,3410,0.1
800,10,2,3487,0
800,50,1,2033,0.2
800,55,1,4572,0.1
801,49,1,1048,0.1
801,15,1,860,0.1
801,57,1,729,0.2
802,33,1,4175,0
803,51,1,2916,0.1
804,1,1,150,0
805,37,1,667,0.1
806,46,1,3785,0.05
806,56,1,630,0
806,9,2,4658,0.1
806,57,1,729,0.1
807,18,1,778,0.05
807,33,1,4175,0.1
808,3,2,3713,0.05
808,43,1,4289,0
809,26,1,4752,0.05
810,44,1,724,0.1
810,10,1,3487,0
810,28,1,567,0
811,37,1,667,0
811,41,1,931,0.05
812,10,2,3487,0
812,38,1,3806,0.15
813,13,1,3877,0
813,41,1,931,0.15
814,56,1,630,0
814,28,1,567,0
814,48,1,2972,0
815,59,1,2290,0.1
815,26,1,4752,0
816,45,1,4975,0.1
817,28,1,567,0.1
818,52,1,1957,0.05
819,45,1,4975,0
819,54,1,3026,0
820,52,1,1957,0
820,33,1,4175,0.2
820,22,1,1574,0
821,31,2,3203,0.15
821,3,1,3713,0.1
822,22,1,1574,0
822,12,1,4627,0.05
822,42,1,3125,0
822,9,1,4658,0.05
823,45,1,4975,0.1
823,56,1,630,0.1
823,46,1,3785,0.1
823,27,1,1579,0
824,36,1,1580,0
824,2,1,3850,0.1
825,33,1,4175,0.15
825,3,1,3713,0
826,42,1,3125,0
827,56,2,630,0.05
827,53,1,1286,0.1
828,55,2,4572,0.1
828,58,1,1326,0.05
828,38,1,3806,0.15
829,12,1,4627,0.05
830,22,1,1574,0.05
831,38,1,3806,0.2
832,6,1,529,0
832,52,1,1957,0
832,28,1,567,0.1
833,27,2,1579,0.1
834,19,1,2193,0.1
834,14,1,4075,0
835,27,1,1579,0.05
836,46,1,3785,0.15
836,2,1,3850,0.1
836,7,1,1985,0
837,34,2,2437,0
837,43,1,4289,0.1
838,14,1,4075,0.2
839,42,1,3125,0.05
839,25,1,3410,0
839,4,1,2293,0.1
840,39,1,2235,0
840,24,1,2262,0.15
840,46,1,3785,0.1
841,45,1,4975,0.15
841,4,1,2293,0.1
842,16,1,1002,0.15
843,13,2,3877,0
843,36,1,1580,0.05
843,14,2,4075,0.1
844,11,1,1744,0
844,47,1,1558,0.05
845,15,2,860,0
846,26,1,4752,0.05
847,3,1,3713,0
847,40,2,3255,0.05
847,29,1,2320,0
848,46,1,3785,0.05
849,41,2,931,0.05
849,31,1,3203,0
850,37,3,667,0
850,6,2,529,0.1
851,2,1,3850,0.05
851,46,2,3785,0.1
852,2,1,3850,0
853,29,1,2320,0
853,32,1,126,0.05
854,19,1,2193,0
854,55,1,4572,0.15
854,41,1,931,0.1
854,54,1,3026,0.05
855,58,2,1326,0
856,16,2,1002,0
856,50,1,2033,0
856,29,1,2320,0.1
856,10,3,3487,0.15
857,42,1,3125,0
857,11,1,1744,0.05
858,35,2,1942,0.2
858,3,1,3713,0.15
858,59,1,2290,0
859,7,2,1985,0
859,19,1,2193,0.05
860,22,1,1574,0
861,9,1,4658,0.1
861,30,1,4729,0.05
862,39,1,2235,0.1
862,23,1,2336,0
863,41,1,931,0.05
864,39,1,2235,0
864,21,1,2746,0
865,36,1,1580,0
865,46,1,3785,0
866,13,1,3877,0.05
866,37,1,667,0.05
867,40,2,3255,0.1
868,1,2,150,0
868,28,1,567,0
869,30,1,4729,0
870,33,2,4175,0
870,42,2,3125,0.1
871,37,1,667,0.2
871,3,1,3713,0
871,27,2,1579,0.1
872,58,1,1326,0.2
872,15,1,860,0.05
873,35,1,1942,0
874,3,1,3713,0.05
874,32,1,126,0.1
874,48,2,2972,0.2
875,58,1,1326,0
876,47,1,1558,0
876,57,1,729,0.05
877,2,1,3850,0
877,28,1,567,0.05
877,37,1,667,0.2
878,5,1,1760,0.1
878,15,1,860,0.05
879,24,1,2262,0.15
879,3,1,3713,0.2
880,51,1,2916,0
880,44,2,724,0
881,32,3,126,0
882,9,1,4658,0.1
882,44,3,724,0
883,58,1,1326,0
883,30,1,4729,0.1
883,2,1,3850,0
884,48,1,2972,0
885,23,1,2336,0.1
886,56,2,630,0
886,47,1,1558,0.15
886,19,1,2193,0.15
887,35,1,1942,0.1
888,36,1,1580,0
889,49,1,1048,0.15
889,44,1,724,0.05
889,10,1,3487,0.15
890,11,1,1744,0.05
891,13,1,3877,0.05
891,20,1,3438,0.15
892,55,3,4572,0.05
892,4,3,2293,0.05
893,54,2,3026,0
894,33,1,4175,0.1
894,59,2,2290,0.1
895,14,1,4075,0.05
895,44,1,724,0.05
895,52,2,1957,0.15
895,35,1,1942,0
896,38,1,3806,0
896,19,2,2193,0.05
897,16,1,1002,0.05
898,31,1,3203,0.15
898,8,1,1791,0
899,13,1,3877,0.15
900,25,1,3410,0.05
900,6,1,529,0.15
901,27,1,1579,0.15
901,19,1,2193,0.05
902,5,1,1760,0.05
902,11,1,1744,0.1
902,22,1,1574,0
903,23,1,2336,0
903,14,2,4075,0
904,60,1,552,0.1
904,27,1,1579,0
904,11,1,1744,0.1
905,57,1,729,0
906,3,1,3713,0
906,10,1,3487,0
907,26,1,4752,0
908,45,2,4975,0.05
909,2,1,3850,0.2
909,12,1,4627,0
910,41,1,931,0
911,25,1,3410,0.05
911,53,1,1286,0
912,9,1,4658,0.15
913,31,1,3203,0.15
913,15,1,860,0.15
914,15,1,860,0
914,8,1,1791,0
914,33,1,4175,0.05
915,53,1,1286,0.1
916,19,2,2193,0.05
916,40,1,3255,0
916,24,1,2262,0.15
916,49,2,1048,0
917,12,1,4627,0.05
918,39,1,2235,0.05
918,26,1,4752,0.1
918,39,1,2235,0.1
919,20,1,3438,0
920,49,2,1048,0.05
920,42,1,3125,0.2
921,31,1,3203,0
921,29,1,2320,0.15
921,48,1,2972,0.05
922,58,1,1326,0.15
923,7,1,1985,0
923,7,1,1985,0.15
924,1,1,150,0
925,27,1,1579,0
925,5,1,1760,0.05
926,4,1,2293,0.05
926,53,1,1286,0.05
927,21,3,2746,0
928,9,1,4658,0
929,59,1,2290,0
929,10,1,3487,0.1
929,54,1,3026,0
930,25,1,3410,0.15
931,58,2,1326,0
931,41,1,931,0.05
932,35,1,1942,0.15
933,18,3,778,0
933,44,1,724,0
934,13,1,3877,0.15
935,49,1,1048,0
935,21,1,2746,0.05
936,46,3,3785,0.15
936,10,2,3487,0
937,11,1,1744,0.2
938,60,1,552,0.15
939,51,1,2916,0
940,49,2,1048,0.1
940,35,1,1942,0
941,18,1,778,0.15
941,53,1,1286,0
941,48,1,2972,0
942,21,1,2746,0.05
942,47,1,1558,0
943,54,2,3026,0.1
943,3,1,3713,0
944,1,1,150,0.05
945,1,1,150,0
945,4,1,2293,0
945,32,1,126,0
946,28,1,567,0.1
946,52,1,1957,0.1
946,41,1,931,0.1
946,18,1,778,0.15
947,48,1,2972,0.15
947,23,2,2336,0
947,26,1,4752,0.15
948,27,1,1579,0.05
949,46,1,3785,0
949,9,1,4658,0
950,16,2,1002,0.1
950,19,1,2193,0.1
951,36,1,1580,0
952,30,2,4729,0.1
952,30,2,4729,0.1
952,30,1,4729,0.05
952,7,1,1985,0
953,27,1,1579,0.05
953,11,1,1744,0.2
953,54,2,3026,0
954,44,1,724,0.05
955,21,1,2746,0.15
955,43,1,4289,0
956,5,1,1760,0.15
957,1,2,150,0.1
957,32,1,126,0.1
957,32,1,126,0.1
957,12,1,4627,0.15
958,55,1,4572,0.05
958,56,1,630,0
959,48,1,2972,0.1
959,24,1,2262,0
960,38,1,3806,0
961,35,1,1942,0
962,30,1,4729,0.05
963,59,2,2290,0.1
964,48,1,2972,0
965,43,1,4289,0.15
965,21,1,2746,0.05
966,5,2,1760,0.1
966,18,1,778,0
967,54,1,3026,0
967,31,2,3203,0
968,33,1,4175,0.1
969,38,1,3806,0
969,20,1,3438,0.05
970,15,1,860,0
971,40,2,3255,0.1
971,1,1,150,0.15
972,30,1,4729,0.15
972,43,1,4289,0
973,36,1,1580,0.05
973,47,1,1558,0.05
973,22,1,1574,0.1
973,5,2,1760,0.1
974,58,1,1326,0
974,50,2,2033,0.2
975,52,1,1957,0.05
975,41,1,931,0.05
976,4,2,2293,0
977,11,1,1744,0.05
978,47,1,1558,0.05
979,20,1,3438,0.15
979,60,3,552,0
980,25,1,3410,0.1
980,54,1,3026,0.2
981,31,1,3203,0.1
982,15,1,860,0
983,26,1,4752,0.1
984,36,1,1580,0.1
985,12,1,4627,0
985,17,1,2656,0.05
985,27,1,1579,0.15
986,23,1,2336,0.15
987,3,1,3713,0.05
987,20,1,3438,0.15
988,27,1,1579,0
988,51,1,2916,0.05
989,5,1,1760,0
989,54,1,3026,0.1
989,25,1,3410,0
990,47,1,1558,0
991,24,2,2262,0.05
992,13,1,3877,0.05
992,1,2,150,0
993,49,1,1048,0.1
993,31,1,3203,0.1
994,24,1,2262,0.1
994,27,1,1579,0
994,38,2,3806,0.1
994,49,1,1048,0.1
995,57,1,729,0.05
995,39,1,2235,0
996,13,1,3877,0.1
997,4,1,2293,0.1
997,40,1,3255,0
998,32,1,126,0.15
998,59,1,2290,0.05
998,17,2,2656,0
998,29,2,2320,0.05
999,51,1,2916,0.05
999,56,1,630,0
999,53,1,1286,0.05
1000,17,1,2656,0.15
1000,32,1,126,0.2
1001,9,2,4658,0.2
1001,18,1,778,0
1001,25,1,3410,0.1
1002,30,1,4729,0
1002,24,2,2262,0.15
1002,42,1,3125,0.05
1003,35,2,1942,0.05
1003,9,3,4658,0.15
1004,15,1,860,0.05
1004,60,2,552,0.15
1005,12,1,4627,0.2
1006,38,2,3806,0
1007,11,1,1744,0.15
1008,50,1,2033,0.05
1009,46,1,3785,0.15
1009,10,3,3487,0
1010,44,1,724,0
1010,17,1,2656,0
1011,57,1,729,0.1
1011,56,1,630,0.1
1011,39,1,2235,0.05
1012,20,1,3438,0.05
1012,42,2,3125,0
1013,38,1,3806,0
1014,33,1,4175,0
1015,32,1,126,0.05
1016,35,1,1942,0.15
1017,12,1,4627,0.2
1018,22,1,1574,0
1018,18,1,778,0.15
1019,40,2,3255,0.05
1020,31,1,3203,0.05
1020,9,1,4658,0
1020,56,1,630,0.1
1021,55,1,4572,0.1
1021,31,1,3203,0.05
1021,16,2,1002,0
1022,11,2,1744,0.05
1023,58,1,1326,0
1024,4,1,2293,0
1024,45,1,4975,0.1
1025,29,1,2320,0
1026,39,1,2235,0
1026,58,2,1326,0.1
1027,13,1,3877,0.1
1028,37,2,667,0.2
1028,18,1,778,0.15
1029,55,2,4572,0
1029,52,1,1957,0.05
1030,57,1,729,0.15
1030,41,1,931,0.15
1031,20,2,3438,0.15
1031,50,1,2033,0.05
1031,55,2,4572,0
1032,46,1,3785,0.1
1033,25,1,3410,0.1
1033,58,1,1326,0.15
1033,11,1,1744,0.1
1033,51,1,2916,0
1034,37,1,667,0.1
1034,37,1,667,0.05
1035,8,2,1791,0.05
1035,19,2,2193,0.05
1036,31,1,3203,0.05
1036,38,2,3806,0.05
1037,20,1,3438,0
1038,26,1,4752,0.05
1039,34,1,2437,0.1
1039,56,1,630,0.15
1039,16,1,1002,0.1
1040,55,2,4572,0.1
1040,17,2,2656,0.2
1041,33,1,4175,0.05
1041,10,1,3487,0.05
1042,55,1,4572,0.15
1043,38,1,3806,0
1044,19,1,2193,0.1
1044,29,2,2320,0
1045,24,2,2262,0.15
1045,34,1,2437,0.15
1046,47,3,1558,0.2
1046,33,2,4175,0
1046,40,1,3255,0
1047,15,1,860,0.1
1047,17,1,2656,0
1048,3,3,3713,0
1048,29,1,2320,0
1049,56,2,630,0
1050,7,1,1985,0
1051,9,1,4658,0.1
1051,46,1,3785,0
1052,52,1,1957,0.1
1052,49,1,1048,0
1053,36,2,1580,0
1053,14,1,4075,0.2
1053,34,1,2437,0
1054,35,1,1942,0.1
1054,54,1,3026,0.15
1055,35,1,1942,0
1055,58,1,1326,0
1056,18,1,778,0.2
1056,39,2,2235,0.1
1056,13,1,3877,0.15
1057,49,1,1048,0.05
1057,49,1,1048,0.1
1058,22,2,1574,0.05
1059,55,1,4572,0.1
1059,38,2,3806,0
1060,28,1,567,0.1
1061,12,1,4627,0
1061,3,1,3713,0
1061,29,1,2320,0
1062,1,1,150,0.1
1063,31,1,3203,0
1064,39,1,2235,0
1064,45,1,4975,0
1065,2,1,3850,0.1
1065,16,1,1002,0.15
1065,35,1,1942,0
1066,41,2,931,0.1
1066,56,1,630,0
1067,11,2,1744,0.05
1068,53,1,1286,0
1068,45,1,4975,0.05
1069,45,1,4975,0.05
1070,51,2,2916,0
1071,33,1,4175,0
1072,4,1,2293,0
1073,25,2,3410,0.15
1073,50,1,2033,0
1074,28,1,567,0
1074,23,1,2336,0.05
1075,29,2,2320,0.05
1076,51,3,2916,0.1
1077,39,1,2235,0.1
1077,50,1,2033,0
1078,23,1,2336,0
1079,14,1,4075,0.05
1080,23,1,2336,0.05
1080,35,1,1942,0
1081,52,1,1957,0
1082,37,2,667,0.15
1082,11,1,1744,0.1
1083,57,2,729,0
1083,15,2,860,0.15
1084,38,2,3806,0
1085,58,1,1326,0.1
1085,3,1,3713,0
1085,46,1,3785,0
1085,21,3,2746,0.1
1086,16,2,1002,0.05
1086,20,1,3438,0.15
1086,36,1,1580,0.1
1087,53,1,1286,0.1
1087,12,1,4627,0.15
1088,15,1,860,0
1089,37,1,667,0.15
1090,28,1,567,0.1
1090,60,1,552,0.15
1091,45,1,4975,0
1091,43,1,4289,0
1091,45,1,4975,0
1091,13,1,3877,0.1
1092,24,1,2262,0.05
1092,51,2,2916,0
1093,23,2,2336,0
1093,54,1,3026,0
1094,45,1,4975,0
1094,54,1,3026,0.1
1095,37,2,667,0
1095,25,3,3410,0.15
1096,56,1,630,0
1096,9,1,4658,0.05
1097,34,1,2437,0.05
1097,39,1,2235,0.2
1098,26,2,4752,0.05
1098,54,2,3026,0
1098,38,2,3806,0.1
1098,24,1,2262,0.1
1099,15,1,860,0.2
1099,8,1,1791,0.1
1099,18,1,778,0
1100,20,1,3438,0.2
1100,21,1,2746,0.05
1101,49,1,1048,0
1101,49,1,1048,0
1102,1,1,150,0.05
1102,8,1,1791,0.1
1102,43,1,4289,0.05
1103,9,1,4658,0.15
1104,12,1,4627,0.05
1104,38,1,3806,0.05
1105,60,1,552,0.1
1106,60,1,552,0.05
1107,55,1,4572,0
1108,15,1,860,0
1108,42,1,3125,0.2
1109,17,1,2656,0
1109,45,1,4975,0.05
1110,50,1,2033,0.1
1110,18,3,778,0.05
1111,50,1,2033,0.2
1111,4,1,2293,0.1
1111,33,1,4175,0.1
1112,58,1,1326,0.1
1112,51,1,2916,0.1
1113,3,2,3713,0
1113,4,1,2293,0.1
1114,19,1,2193,0.15
1114,42,1,3125,0
1115,38,2,3806,0
1116,33,1,4175,0
1116,24,1,2262,0
1117,18,2,778,0.15
1118,52,1,1957,0
1118,19,1,2193,0.1
1118,7,1,1985,0.15
1118,21,2,2746,0.05
1119,40,1,3255,0.15
1120,43,1,4289,0
1121,9,1,4658,0
1121,12,1,4627,0
1122,13,1,3877,0.1
1122,58,1,1326,0.05
1123,13,1,3877,0
1123,7,1,1985,0.1
1124,58,1,1326,0.15
1124,27,1,1579,0
1125,24,1,2262,0.15
1126,41,1,931,0
1127,56,1,630,0
1127,29,1,2320,0.05
1127,9,1,4658,0.05
1128,20,1,3438,0
1129,45,1,4975,0
1129,5,2,1760,0.2
1129,9,1,4658,0.1
1129,51,1,2916,0.05
1130,18,1,778,0.05
1130,26,1,4752,0.15
1131,41,1,931,0
1131,57,1,729,0
1132,59,1,2290,0
1133,47,1,1558,0.05
1134,59,1,2290,0
1135,55,1,4572,0.05
1136,29,1,2320,0.1
1136,29,1,2320,0.05
1136,60,2,552,0
1136,60,1,552,0
1137,34,1,2437,0
1137,22,2,1574,0
1138,48,1,2972,0.1
1139,16,1,1002,0
1139,24,1,2262,0.2
1140,44,1,724,0
1141,25,1,3410,0.05
1141,8,1,1791,0.15
1141,25,1,3410,0
1142,49,1,1048,0.1
1143,39,1,2235,0.1
1144,53,1,1286,0.05
1145,8,1,1791,0.05
1145,47,1,1558,0.1
1146,37,1,667,0.05
1146,59,1,2290,0.05
1146,35,1,1942,0.15
1147,30,1,4729,0
1148,43,1,4289,0
1148,21,1,2746,0.05
1149,28,1,567,0.05
1150,9,1,4658,0.1
1150,41,1,931,0
1151,55,2,4572,0
1152,49,3,1048,0.1
1152,54,1,3026,0.1
1153,7,1,1985,0.15
1154,35,1,1942,0.15
1154,49,1,1048,0.1
1155,43,1,4289,0.1
1156,17,2,2656,0
1157,10,1,3487,0
1158,51,1,2916,0
1158,19,1,2193,0
1159,1,1,150,0
1159,25,1,3410,0.05
1160,12,2,4627,0
1160,5,1,1760,0.15
1160,3,1,3713,0
1161,45,2,4975,0.05
1162,59,1,2290,0.15
1162,31,1,3203,0.1
1163,19,1,2193,0.1
1163,50,1,2033,0.05
1163,35,1,1942,0.1
1164,37,1,667,0.05
1164,45,1,4975,0
1165,11,1,1744,0.1
1166,56,2,630,0.1
1167,49,1,1048,0.15
1167,47,1,1558,0.1
1168,53,1,1286,0.1
1169,31,3,3203,0
1169,29,1,2320,0.15
1170,6,1,529,0
1171,57,1,729,0.1
1171,21,2,2746,0
1171,35,2,1942,0
1172,57,2,729,0
1173,26,1,4752,0.05
1173,35,1,1942,0
1174,19,1,2193,0.15
1175,14,1,4075,0
1176,10,1,3487,0.1
1177,40,1,3255,0
1177,7,1,1985,0
1178,59,1,2290,0.05
1178,52,1,1957,0
1178,10,1,3487,0
1179,54,1,3026,0.05
1180,7,1,1985,0.1
1181,50,2,2033,0.15
1182,19,1,2193,0.2
1182,5,1,1760,0.1
1183,16,2,1002,0
1183,48,1,2972,0
1183,23,1,2336,0.1
1184,11,1,1744,0.05
1184,22,3,1574,0
1184,59,1,2290,0
1185,59,2,2290,0.05
1186,47,1,1558,0
1186,14,2,4075,0.05
1187,14,1,4075,0
1188,42,1,3125,0
1188,46,1,3785,0.1
1189,1,2,150,0.1
1189,30,1,4729,0.1
1190,47,1,1558,0
1190,32,1,126,0.05
1191,15,1,860,0.05
1191,55,1,4572,0
1192,40,2,3255,0.05
1192,20,1,3438,0.15
1193,15,1,860,0.1
1194,52,1,1957,0.05
1194,25,1,3410,0
1195,21,1,2746,0.1
1196,46,3,3785,0.1
1196,32,1,126,0
1196,29,1,2320,0
1197,31,1,3203,0
1198,51,1,2916,0.05
1198,31,1,3203,0.05
1199,42,2,3125,0
1199,5,1,1760,0
1200,51,2,2916,0.05
1200,54,1,3026,0.05
1201,56,1,630,0.05
1202,9,1,4658,0.05
1202,52,1,1957,0.1
1203,26,1,4752,0.1
1204,57,1,729,0.05
1204,45,1,4975,0.1
1204,19,1,2193,0
1205,23,2,2336,0.1
1205,53,1,1286,0
1206,34,2,2437,0.1
1207,59,1,2290,0.05
1207,54,1,3026,0.05
1207,44,2,724,0.15
1208,39,1,2235,0.05
1209,45,1,4975,0.15
1210,39,1,2235,0.1
1210,3,1,3713,0.15
1211,22,1,1574,0
1211,32,3,126,0.1
1211,48,1,2972,0
1211,13,1,3877,0.15
1212,59,1,2290,0.05
1212,32,1,126,0
1213,25,2,3410,0.05
1213,33,1,4175,0
1214,60,1,552,0
1214,44,1,724,0
1215,34,1,2437,0
1215,23,2,2336,0
1215,10,1,3487,0
1216,55,1,4572,0
1216,14,2,4075,0.2
1217,38,1,3806,0.2
1218,51,1,2916,0.1
1219,52,1,1957,0.05
1219,60,1,552,0.2
1220,4,1,2293,0.1
1220,12,1,4627,0.1
1221,53,1,1286,0.15
1221,59,1,2290,0
1222,3,1,3713,0
1222,47,1,1558,0.2
1223,22,1,1574,0
1223,49,1,1048,0.05
1223,36,1,1580,0
1223,40,1,3255,0.05
1224,48,1,2972,0
1225,10,2,3487,0.05
1226,45,1,4975,0.2
1227,20,1,3438,0
1227,38,1,3806,0
1228,26,1,4752,0
1228,57,1,729,0
1229,13,1,3877,0.1
1229,43,1,4289,0
1229,33,2,4175,0.05
1230,35,1,1942,0.05
1230,6,1,529,0
1231,22,1,1574,0
1232,34,1,2437,0
1233,28,1,567,0.05
1234,36,1,1580,0.05
1235,8,1,1791,0.05
1236,38,1,3806,0
1236,39,1,2235,0
1237,28,1,567,0.05
1237,34,1,2437,0.05
1238,2,1,3850,0.15
1239,46,1,3785,0
1240,30,2,4729,0
1241,40,2,3255,0
1241,38,3,3806,0
1242,40,1,3255,0.05
1242,56,1,630,0.1
1242,7,1,1985,0
1243,24,1,2262,0.05
1243,23,3,2336,0
1244,51,2,2916,0.05
1245,17,2,2656,0
1245,5,1,1760,0
1246,17,1,2656,0
1246,16,2,1002,0.05
1247,44,1,724,0
1248,12,1,4627,0.15
1249,42,1,3125,0.15
1249,41,1,931,0
1249,44,2,724,0
1249,3,1,3713,0
1250,50,1,2033,0.1
1250,25,1,3410,0.1
1251,13,2,3877,0
1251,4,1,2293,0.05
1252,23,2,2336,0
1253,19,1,2193,0.1
1253,26,1,4752,0
1253,20,1,3438,0.1
1254,60,2,552,0.1
1255,1,2,150,0.05
1256,37,1,667,0
1257,48,2,2972,0.2
1258,49,1,1048,0.15
1259,42,1,3125,0
1259,29,1,2320,0.05
1260,15,1,860,0.05
1261,33,1,4175,0.05
1262,46,1,3785,0
1263,19,2,2193,0.05
1263,57,1,729,0
1264,38,1,3806,0
1265,8,1,1791,0.15
1266,54,1,3026,0.1
1266,17,2,2656,0.15
1267,4,1,2293,0.1
1267,15,2,860,0
1267,11,2,1744,0.05
1268,33,1,4175,0.05
1269,28,1,567,0.05
1269,9,1,4658,0.1
1269,16,2,1002,0.1
1270,12,1,4627,0.05
1271,41,1,931,0
1272,30,1,4729,0.2
1273,42,1,3125,0.1
1274,16,1,1002,0.05
1274,8,2,1791,0
1275,46,1,3785,0.2
1275,58,2,1326,0
1276,28,1,567,0.05
1276,29,1,2320,0.2
1277,16,1,1002,0.05
1277,56,1,630,0.15
1278,36,1,1580,0.05
1279,45,2,4975,0.1
1279,45,1,4975,0
1280,47,1,1558,0
1280,59,1,2290,0.05
1280,46,1,3785,0
1280,31,1,3203,0
1281,46,1,3785,0.15
1282,25,1,3410,0.15
1282,24,1,2262,0.05
1283,53,1,1286,0.05
1283,26,1,4752,0.15
1283,57,1,729,0.1
1284,47,1,1558,0.05
1285,29,1,2320,0.1
1286,13,1,3877,0.1
1286,26,2,4752,0
1286,54,1,3026,0
1286,25,2,3410,0.1
1287,33,2,4175,0
1287,50,1,2033,0
1288,57,2,729,0.15
1288,5,1,1760,0
1289,10,1,3487,0
1290,54,1,3026,0
1291,44,1,724,0
1291,36,1,1580,0.05
1292,13,1,3877,0.2
1293,9,1,4658,0.1
1293,2,1,3850,0.1
1294,44,2,724,0.05
1294,46,1,3785,0.05
1295,43,1,4289,0.05
1295,34,1,2437,0.1
1296,59,2,2290,0.1
1297,54,1,3026,0.05
1297,50,1,2033,0.15
1297,8,1,1791,0.05
1298,47,2,1558,0.15
1298,54,1,3026,0.05
1299,36,2,1580,0
1299,18,1,778,0.15
1300,49,1,1048,0
1300,56,2,630,0.15
1301,53,2,1286,0.1
1301,39,1,2235,0.15
1302,56,1,630,0.05
1302,57,2,729,0
1302,45,2,4975,0.05
1303,21,2,2746,0
1304,14,1,4075,0.1
1305,53,1,1286,0.05
1306,25,1,3410,0.1
1306,4,1,2293,0
1307,50,2,2033,0
1307,10,1,3487,0
1308,54,1,3026,0.05
1309,32,1,126,0.1
1309,17,1,2656,0
1310,1,1,150,0
1310,6,1,529,0
1311,36,1,1580,0.1
1312,37,1,667,0.1
1313,56,2,630,0.2
1314,39,1,2235,0.05
1314,18,1,778,0
1314,15,1,860,0
1315,56,2,630,0.2
1316,39,1,2235,0.05
1317,41,1,931,0
1317,14,1,4075,0
1317,35,1,1942,0.05
1318,27,1,1579,0.05
1318,39,1,2235,0.05
1319,42,1,3125,0
1320,47,1,1558,0
1320,22,1,1574,0.05
1320,27,2,1579,0.05
1320,31,1,3203,0.05
1321,51,1,2916,0.15
1322,54,1,3026,0.05
1323,57,1,729,0
1324,42,1,3125,0.1
1325,20,1,3438,0.05
1325,18,1,778,0.1
1326,35,2,1942,0
1327,11,1,1744,0.05
1328,6,1,529,0
1328,27,1,1579,0.1
1329,8,2,1791,0
1329,57,2,729,0.05
1330,19,1,2193,0
1330,21,1,2746,0.05
1331,59,1,2290,0
1331,24,1,2262,0.05
1331,20,1,3438,0
1332,20,1,3438,0
1332,3,1,3713,0
1333,13,1,3877,0
1333,14,1,4075,0.1
1333,19,1,2193,0
1334,2,2,3850,0.1
1335,25,2,3410,0
1335,43,1,4289,0.15
1336,45,1,4975,0.05
1337,18,1,778,0
1337,58,1,1326,0.05
1338,9,1,4658,0.1
1339,23,1,2336,0.05
1340,43,1,4289,0.1
1340,37,1,667,0.2
1341,43,1,4289,0.1
1341,15,1,860,0.1
1342,38,1,3806,0.05
1342,50,2,2033,0.15
1343,7,3,1985,0.1
1344,20,2,3438,0.05
1344,18,1,778,0
1345,60,1,552,0.2
1345,37,2,667,0
1345,56,1,630,0.15
1345,26,1,4752,0
1346,24,2,2262,0
1347,23,1,2336,0
1348,19,1,2193,0
1348,33,2,4175,0
1349,48,1,2972,0
1349,11,2,1744,0.1
1350,7,1,1985,0.05
1350,60,3,552,0
1351,21,1,2746,0.1
1351,42,1,3125,0.05
1352,15,1,860,0.1
1353,44,1,724,0.1
1353,41,1,931,0
1354,55,1,4572,0.05
1355,36,1,1580,0.1
1356,52,2,1957,0
1356,26,1,4752,0.1
1357,22,1,1574,0.15
1358,39,1,2235,0.2
1359,29,2,2320,0.05
1360,4,1,2293,0.1
1360,14,1,4075,0
1361,34,1,2437,0.05
1362,28,1,567,0.1
1363,24,1,2262,0
1363,33,1,4175,0.2
1364,39,3,2235,0
1364,59,1,2290,0.05
1365,54,1,3026,0
1366,14,1,4075,0.15
1366,32,1,126,0
1366,53,1,1286,0.15
1367,42,2,3125,0
1367,9,1,4658,0
1367,31,1,3203,0
1368,49,1,1048,0.05
1368,13,2,3877,0
1369,16,2,1002,0.1
1369,13,1,3877,0
1370,26,1,4752,0.15
1370,56,1,630,0.05
1371,60,2,552,0.1
1372,19,1,2193,0.1
1372,43,1,4289,0.05
1373,53,1,1286,0
1374,9,1,4658,0.05
1374,29,1,2320,0.05
1375,19,1,2193,0.1
1375,56,1,630,0.05
1375,33,1,4175,0
1376,19,1,2193,0
1377,56,1,630,0.1
1377,16,2,1002,0
1377,27,2,1579,0
1378,43,1,4289,0.1
1378,16,2,1002,0.15
1379,47,1,1558,0
1380,54,2,3026,0.1
1380,46,1,3785,0.2
1381,54,1,3026,0.15
1382,1,1,150,0.15
1383,36,1,1580,0
1383,27,1,1579,0.1
1384,49,1,1048,0.1
1384,19,1,2193,0.1
1385,7,1,1985,0.1
1385,42,1,3125,0.2
1386,14,1,4075,0.1
1386,27,1,1579,0.05
1387,36,1,1580,0
1387,9,1,4658,0.05
1387,29,2,2320,0
1388,19,1,2193,0
1388,34,1,2437,0.15
1389,7,1,1985,0
1389,52,2,1957,0.05
1389,12,1,4627,0
1390,53,1,1286,0.1
1391,49,1,1048,0.1
1392,44,2,724,0.05
1392,8,1,1791,0.1
1393,31,1,3203,0.05
1394,45,1,4975,0.05
1394,59,1,2290,0
1395,25,1,3410,0
1395,11,2,1744,0.05
1395,23,1,2336,0
1395,11,1,1744,0.1
1396,14,1,4075,0
1396,56,1,630,0.1
1397,10,1,3487,0
1398,4,1,2293,0
1398,21,1,2746,0
1399,60,2,552,0.05
1399,12,1,4627,0
1399,1,1,150,0.05
1400,12,3,4627,0.05
1400,7,1,1985,0
1401,51,3,2916,0
1401,33,2,4175,0.05
1402,22,2,1574,0
1403,29,1,2320,0
1403,55,1,4572,0.1
1404,20,1,3438,0
1404,59,1,2290,0.05
1404,2,1,3850,0.1
1405,12,1,4627,0.1
1406,42,1,3125,0.05
1406,51,1,2916,0
1407,49,1,1048,0
1408,57,1,729,0.1
1408,27,1,1579,0.15
1408,38,1,3806,0
1408,30,1,4729,0.1
1409,52,1,1957,0
1409,51,1,2916,0
1410,3,1,3713,0.2
1410,2,1,3850,0.2
1411,34,1,2437,0.1
1411,47,1,1558,0.05
1412,41,1,931,0
1412,33,1,4175,0
1413,3,1,3713,0
1413,11,3,1744,0.2
1413,43,1,4289,0.2
1414,8,1,1791,0.15
1414,2,1,3850,0.05
1414,12,1,4627,0.1
1415,44,1,724,0.05
1415,39,1,2235,0.1
1416,11,1,1744,0
1417,53,3,1286,0.1
1417,19,1,2193,0.15
1418,14,1,4075,0.15
1418,10,1,3487,0
1418,17,2,2656,0.1
1419,55,1,4572,0.05
1419,8,2,1791,0.15
1419,9,1,4658,0
1420,41,1,931,0
1421,56,1,630,0.2
1421,22,2,1574,0.05
1421,54,1,3026,0
1422,2,1,3850,0.2
1422,37,1,667,0
1423,9,1,4658,0
1423,40,1,3255,0
1424,57,2,729,0.05
1424,17,1,2656,0
1424,41,1,931,0.2
1425,30,1,4729,0
1425,54,2,3026,0.1
1426,51,2,2916,0
1427,51,1,2916,0.1
1428,6,1,529,0.05
1428,14,1,4075,0
1428,19,1,2193,0.1
1428,4,1,2293,0
1429,21,2,2746,0.1
1429,51,1,2916,0.05
1430,44,1,724,0.05
1430,52,1,1957,0.1
1431,52,1,1957,0
1432,18,1,778,0
1432,45,1,4975,0.05
1432,30,1,4729,0
1432,15,3,860,0.05
1433,7,1,1985,0.2
1434,29,1,2320,0.2
1434,26,2,4752,0
1435,34,1,2437,0
1436,7,1,1985,0.05
1437,55,2,4572,0.05
1437,25,1,3410,0
1437,30,1,4729,0.05
1437,12,2,4627,0
1438,42,1,3125,0
1439,44,3,724,0
1440,51,1,2916,0.05
1440,23,1,2336,0.05
1441,43,1,4289,0.1
1442,14,1,4075,0.2
1442,60,1,552,0.15
1443,24,1,2262,0.05
1443,20,1,3438,0
1443,9,1,4658,0.1
1444,2,1,3850,0.15
1444,11,1,1744,0.15
1445,36,1,1580,0.15
1445,38,1,3806,0.2
1446,59,1,2290,0.2
1447,24,1,2262,0.15
1448,37,1,667,0
1448,35,1,1942,0.1
1448,46,1,3785,0
1449,26,1,4752,0
1450,44,1,724,0.2
1450,5,1,1760,0
1450,4,1,2293,0
1451,48,1,2972,0
1452,39,1,2235,0.05
1452,47,1,1558,0
1453,41,1,931,0.05
1453,38,1,3806,0.05
1454,38,2,3806,0
1454,24,3,2262,0
1455,24,1,2262,0.1
1456,6,1,529,0.05
1457,13,1,3877,0.1
1458,30,1,4729,0.1
1459,48,1,2972,0
1460,3,2,3713,0
1460,7,1,1985,0
1461,16,2,1002,0.05
1461,10,1,3487,0
1462,18,2,778,0
1462,46,1,3785,0
1462,40,1,3255,0.1
1463,26,1,4752,0.15
1464,35,2,1942,0.2
1465,33,1,4175,0.15
1466,10,1,3487,0.1
1466,8,1,1791,0
1466,11,1,1744,0.2
1466,51,1,2916,0.1
1467,37,3,667,0.05
1467,8,3,1791,0
1468,56,1,630,0
1468,58,1,1326,0.05
1469,4,1,2293,0.05
1469,20,1,3438,0
1469,55,1,4572,0
1470,15,1,860,0.1
1470,14,2,4075,0.05
1471,16,1,1002,0.1
1471,28,1,567,0
1471,30,1,4729,0.15
1472,42,2,3125,0.1
1472,55,1,4572,0.05
1473,24,1,2262,0.15
1473,33,1,4175,0.1
1474,55,3,4572,0.05
1475,42,1,3125,0.05
1475,24,1,2262,0
1476,22,1,1574,0
1477,34,1,2437,0.1
1477,46,1,3785,0
1478,60,1,552,0.05
1478,35,1,1942,0.1
1478,43,1,4289,0
1479,54,1,3026,0.05
1479,19,1,2193,0.15
1480,49,1,1048,0.2
1480,56,1,630,0.1
1480,12,1,4627,0.05
1481,48,1,2972,0.1
1482,26,2,4752,0.1
1483,36,1,1580,0.1
1484,12,3,4627,0.05
1485,53,2,1286,0.05
1486,41,1,931,0.15
1486,40,1,3255,0
1487,9,1,4658,0.05
1488,9,3,4658,0.05
1488,56,2,630,0
1489,44,2,724,0.05
1490,54,1,3026,0.15
1490,16,1,1002,0.05
1491,26,1,4752,0.05
1492,22,1,1574,0
1493,39,1,2235,0.15
1493,9,3,4658,0
1494,48,1,2972,0
1494,20,1,3438,0
1495,23,1,2336,0.1
1496,31,1,3203,0.05
1497,49,2,1048,0.05
1497,13,1,3877,0.15
1498,1,2,150,0
1498,26,1,4752,0.1
1498,26,3,4752,0
1499,55,1,4572,0
1500,42,1,3125,0.1
1500,20,1,3438,0
1501,20,1,3438,0
1501,60,1,552,0.05
1501,23,2,2336,0.1
1502,44,2,724,0
1502,45,1,4975,0.15
1502,1,1,150,0
1503,50,1,2033,0
1503,10,1,3487,0.05
1504,7,1,1985,0.1
1504,43,1,4289,0.05
1505,50,1,2033,0
1506,47,1,1558,0.1
1507,3,1,3713,0
1507,24,1,2262,0.1
1507,27,1,1579,0
1507,54,1,3026,0
1508,4,1,2293,0
1508,10,2,3487,0.1
1509,57,1,729,0.15
1509,50,1,2033,0
1510,22,1,1574,0
1510,23,1,2336,0.15
1511,59,1,2290,0
1511,7,2,1985,0.15
1511,41,1,931,0.1
1512,52,1,1957,0.05
1513,57,1,729,0
1513,49,1,1048,0
1513,20,1,3438,0.1
1513,10,1,3487,0
1514,40,1,3255,0
1514,32,2,126,0
1515,6,1,529,0.1
1516,14,1,4075,0.2
1517,34,1,2437,0.1
1517,27,1,1579,0.15
1518,27,1,1579,0.15
1518,59,1,2290,0
1518,35,1,1942,0
1519,57,1,729,0.05
1520,29,2,2320,0
1520,37,1,667,0
1521,42,1,3125,0
1522,59,1,2290,0.2
1523,22,1,1574,0.1
1523,21,2,2746,0.05
1523,24,3,2262,0.05
1524,17,1,2656,0
1525,33,1,4175,0.05
1525,33,3,4175,0.1
1526,45,1,4975,0.05
1526,35,1,1942,0
1527,16,1,1002,0.05
1527,5,1,1760,0.05
1527,24,1,2262,0
1528,45,1,4975,0.1
1529,26,1,4752,0
1529,1,2,150,0
1529,53,1,1286,0
1529,9,1,4658,0.05
1530,12,1,4627,0.05
1531,49,1,1048,0.1
1532,8,1,1791,0
1532,35,1,1942,0.05
1532,43,1,4289,0
1532,31,1,3203,0
1533,44,1,724,0.1
1533,12,1,4627,0.1
1534,20,2,3438,0
1535,58,2,1326,0.1
1535,58,1,1326,0
1536,9,2,4658,0.15
1536,3,1,3713,0.2
1536,26,2,4752,0
1537,12,1,4627,0.1
1538,46,1,3785,0.1
1539,7,1,1985,0.15
1540,7,3,1985,0.05
1540,50,1,2033,0
1540,48,1,2972,0
1541,24,1,2262,0.1
1541,23,1,2336,0.05
1542,51,1,2916,0.1
1542,4,1,2293,0.05
1543,6,1,529,0
1543,1,1,150,0.05
1544,52,1,1957,0.05
1544,33,1,4175,0.05
1545,55,1,4572,0.05
1546,39,1,2235,0.15
1547,34,1,2437,0.05
1547,36,1,1580,0
1548,21,2,2746,0.05
1548,21,1,2746,0
1548,31,1,3203,0.1
1548,45,1,4975,0
1549,30,1,4729,0.15
1550,15,1,860,0
1551,57,1,729,0
1552,17,1,2656,0
1553,4,1,2293,0.1
1553,53,1,1286,0
1553,32,3,126,0.1
1554,53,2,1286,0
1555,10,1,3487,0.1
1555,48,1,2972,0.1
1556,27,1,1579,0.1
1556,1,1,150,0
1557,39,2,2235,0
1558,43,1,4289,0
1558,36,1,1580,0
1559,11,1,1744,0.15
1560,59,1,2290,0
1560,8,1,1791,0.15
1561,21,1,2746,0.15
1562,31,2,3203,0
1562,43,1,4289,0.1
1563,19,2,2193,0
1563,50,1,2033,0
1564,24,1,2262,0
1565,34,1,2437,0
1565,39,2,2235,0.1
1565,1,1,150,0.1
1566,50,1,2033,0.1
1566,54,1,3026,0
1567,17,1,2656,0
1568,19,1,2193,0
1568,58,1,1326,0
1569,18,1,778,0.05
1569,51,1,2916,0
1570,44,1,724,0
1571,43,1,4289,0.05
1572,32,1,126,0
1572,30,2,4729,0.05
1573,22,2,1574,0.1
1573,10,1,3487,0
1574,59,1,2290,0
1575,3,1,3713,0.15
1576,56,1,630,0.1
1576,6,1,529,0.05
1577,53,1,1286,0.05
1577,59,2,2290,0.05
1577,28,1,567,0.1
1578,44,1,724,0.05
1578,20,1,3438,0.05
1578,25,1,3410,0.1
1578,11,3,1744,0
1579,56,1,630,0.1
1579,10,1,3487,0
1579,39,1,2235,0.1
1579,21,1,2746,0
1580,17,1,2656,0.1
1580,11,1,1744,0.05
1581,42,1,3125,0
1582,19,1,2193,0.05
1582,17,1,2656,0.05
1583,4,2,2293,0
1583,41,1,931,0.1
1584,35,1,1942,0.15
1585,33,1,4175,0.05
1586,12,1,4627,0.1
1586,9,1,4658,0.05
1587,43,2,4289,0.1
1588,13,1,3877,0.05
1588,25,1,3410,0.1
1589,14,2,4075,0.05
1589,43,1,4289,0
1589,4,2,2293,0
1590,6,1,529,0.05
1590,28,1,567,0.05
1591,42,1,3125,0.1
1592,6,1,529,0
1593,29,1,2320,0
1594,56,1,630,0
1594,32,1,126,0.05
1595,12,2,4627,0.05
1596,18,1,778,0.15
1596,32,2,126,0.05
1596,46,1,3785,0
1597,7,1,1985,0.15
1597,51,1,2916,0
1598,10,1,3487,0.15
1599,14,1,4075,0.05
1599,9,2,4658,0
1600,18,2,778,0.15
1601,2,1,3850,0
1601,34,1,2437,0.15
1601,39,1,2235,0
1602,39,1,2235,0.05
1603,48,1,2972,0.05
1604,7,1,1985,0.15
1604,32,1,126,0.05
1604,50,1,2033,0.1
1604,25,1,3410,0.1
1605,41,3,931,0.05
1605,53,1,1286,0.05
1605,47,1,1558,0
1606,31,1,3203,0.1
1607,43,1,4289,0
1607,9,1,4658,0
1608,43,2,4289,0.1
1609,48,1,2972,0.05
1609,14,1,4075,0.05
1610,3,1,3713,0
1610,16,2,1002,0
1611,42,2,3125,0.05
1612,43,1,4289,0.05
1612,1,1,150,0.05
1613,55,1,4572,0
1614,40,1,3255,0
1615,35,2,1942,0.1
1615,4,1,2293,0
1615,3,2,3713,0.1
1616,23,1,2336,0
1616,55,1,4572,0.05
1616,40,1,3255,0.2
1617,40,1,3255,0.1
1617,55,1,4572,0.05
1618,34,1,2437,0
1619,49,2,1048,0.05
1619,9,1,4658,0.05
1620,4,1,2293,0.1
1620,58,1,1326,0.1
1621,14,2,4075,0.1
1621,18,1,778,0.05
1622,19,2,2193,0.05
1623,21,1,2746,0
1624,18,1,778,0.1
1625,5,1,1760,0.05
1625,44,1,724,0.1
1626,60,1,552,0.05
1626,15,2,860,0
1627,9,1,4658,0.1
1628,1,1,150,0.15
1628,1,1,150,0
1629,35,1,1942,0
1629,57,2,729,0
1630,57,1,729,0
1630,59,1,2290,0.1
1630,2,1,3850,0.05
1631,36,1,1580,0
1631,38,1,3806,0.1
1632,54,1,3026,0.05
1633,54,1,3026,0.1
1633,1,1,150,0.05
1633,28,1,567,0
1634,30,1,4729,0.1
1634,58,1,1326,0.1
1634,45,2,4975,0
1635,4,1,2293,0
1636,16,2,1002,0.15
1636,49,1,1048,0.2
1637,24,1,2262,0.2
1637,49,2,1048,0
1638,41,1,931,0
1639,22,1,1574,0.05
1639,54,1,3026,0.05
1640,14,1,4075,0.05
1641,15,2,860,0.1
1641,40,2,3255,0.1
1642,37,1,667,0.1
1643,24,1,2262,0.05
1643,30,1,4729,0
1643,56,1,630,0
1644,15,1,860,0
1644,26,1,4752,0.05
1644,50,1,2033,0.05
1645,17,1,2656,0.05
1646,9,1,4658,0
1646,40,1,3255,0
1646,7,1,1985,0.1
1647,43,1,4289,0
1648,44,1,724,0
1648,52,1,1957,0.1
1648,6,1,529,0.1
1649,10,1,3487,0
1649,54,2,3026,0.1
1649,2,1,3850,0
1650,13,1,3877,0
1650,55,1,4572,0.1
1651,55,1,4572,0
1652,58,1,1326,0
1652,18,1,778,0
1652,34,1,2437,0.1
1653,33,2,4175,0.2
1654,7,1,1985,0
1655,45,1,4975,0
1655,50,1,2033,0.05
1656,22,1,1574,0.1
1657,38,1,3806,0.1
1658,39,1,2235,0
1659,5,1,1760,0
1660,54,1,3026,0
1660,20,1,3438,0
1661,22,3,1574,0
1661,12,1,4627,0.1
1662,38,1,3806,0.2
1662,57,1,729,0.05
1663,35,1,1942,0
1663,53,1,1286,0.1
1663,42,1,3125,0
1664,18,1,778,0.05
1665,2,1,3850,0.1
1665,34,1,2437,0.05
1666,34,1,2437,0.1
1667,19,1,2193,0
1667,15,1,860,0.1
1668,3,2,3713,0.15
1668,46,1,3785,0
1669,51,1,2916,0.1
1670,22,1,1574,0
1671,48,1,2972,0
1671,41,2,931,0
1671,25,1,3410,0
1671,57,1,729,0
1672,36,1,1580,0
1672,41,2,931,0
1673,5,1,1760,0
1674,53,1,1286,0.1
1675,9,1,4658,0.2
1675,28,1,567,0
1675,6,1,529,0.05
1676,54,1,3026,0.05
1676,39,1,2235,0
1676,19,1,2193,0.05
1677,4,2,2293,0.05
1678,31,1,3203,0
1679,47,2,1558,0.05
1679,35,1,1942,0.05
1680,10,1,3487,0.2
1680,39,1,2235,0
1680,29,2,2320,0
1681,29,1,2320,0.1
1681,6,1,529,0
1681,7,1,1985,0.1
1682,50,1,2033,0.05
1683,12,1,4627,0.2
1684,34,1,2437,0.05
1685,59,2,2290,0
1686,47,1,1558,0
1686,31,1,3203,0.15
1687,27,2,1579,0.05
1687,33,1,4175,0
1688,27,3,1579,0.05
1689,47,1,1558,0
1690,29,2,2320,0.1
1691,26,1,4752,0.1
1692,48,1,2972,0.15
1692,1,1,150,0.15
1693,44,1,724,0
1694,53,1,1286,0
1695,50,1,2033,0.1
1696,41,2,931,0
1696,51,1,2916,0
1697,20,1,3438,0.05
1697,42,1,3125,0
1697,60,1,552,0
1697,42,2,3125,0.1
1698,54,1,3026,0.05
1698,56,1,630,0.1
1698,45,1,4975,0
1698,19,1,2193,0.1
1699,50,1,2033,0
1700,41,2,931,0.05
1700,1,1,150,0.15
1700,43,1,4289,0.05
1701,37,1,667,0
1702,48,2,2972,0.15
1702,33,3,4175,0.05
1703,14,1,4075,0.05
1704,36,1,1580,0
1705,25,1,3410,0.1
1705,11,1,1744,0.05
1706,34,3,2437,0
1706,47,2,1558,0.1
1706,13,1,3877,0
1707,27,2,1579,0.05
1707,2,1,3850,0.05
1708,41,1,931,0.05
1708,43,1,4289,0.05
1708,54,1,3026,0.1
1709,6,1,529,0.1
1710,45,1,4975,0.05
1711,31,1,3203,0
1711,35,1,1942,0.1
1711,41,1,931,0.05
1711,19,1,2193,0.05
1712,9,3,4658,0.05
1713,40,1,3255,0.05
1714,5,1,1760,0.05
1715,37,2,667,0.15
1716,39,1,2235,0.05
1716,8,1,1791,0.15
1717,36,1,1580,0.1
1718,18,1,778,0.1
1718,30,1,4729,0.1
1719,17,1,2656,0.15
1719,29,1,2320,0
1719,9,1,4658,0.05
1720,26,2,4752,0
1720,11,1,1744,0.05
1720,24,1,2262,0.1
1721,31,1,3203,0.05
1721,41,1,931,0.05
1721,1,1,150,0
1721,21,1,2746,0.1
1722,39,1,2235,0.1
1722,50,1,2033,0.1
1723,44,1,724,0.05
1723,51,1,2916,0.15
1723,31,1,3203,0.1
1724,2,1,3850,0
1725,29,2,2320,0
1725,21,2,2746,0.1
1726,6,1,529,0
1726,30,2,4729,0.05
1726,42,2,3125,0.15
1727,26,1,4752,0
1727,5,2,1760,0
1728,34,1,2437,0.2
1728,46,2,3785,0.1
1729,32,1,126,0.05
1729,16,1,1002,0.05
1729,40,2,3255,0
1730,24,1,2262,0
1731,17,1,2656,0.15
1732,36,1,1580,0.05
1732,41,1,931,0.05
1733,16,1,1002,0.1
1734,45,2,4975,0.05
1734,14,2,4075,0
1735,22,1,1574,0
1735,52,3,1957,0
1736,54,1,3026,0.15
1737,24,1,2262,0.05
1737,27,1,1579,0.1
1737,10,1,3487,0
1738,5,1,1760,0.1
1738,45,1,4975,0
1739,58,1,1326,0.05
1740,24,1,2262,0
1740,1,1,150,0.1
1741,19,1,2193,0
1741,3,1,3713,0
1742,24,1,2262,0
1742,48,2,2972,0.1
1743,9,1,4658,0
1744,35,1,1942,0.05
1744,46,1,3785,0.05
1745,36,1,1580,0.05
1745,41,1,931,0.2
1746,49,2,1048,0.05
1746,37,1,667,0.1
1747,41,1,931,0
1748,7,1,1985,0
1749,26,1,4752,0
1750,49,2,1048,0.05
1751,60,1,552,0.15
1752,43,1,4289,0.1
1752,23,1,2336,0
1752,45,1,4975,0.1
1752,23,1,2336,0.05
1753,9,1,4658,0.05
1754,7,1,1985,0.05
1755,1,1,150,0
1755,34,1,2437,0
1756,43,1,4289,0.15
1757,31,1,3203,0
1757,42,1,3125,0.1
1758,15,1,860,0.05
1759,14,1,4075,0.2
1760,48,1,2972,0.15
1761,51,1,2916,0
1761,39,1,2235,0.05
1762,33,1,4175,0.1
1763,2,1,3850,0.1
1763,19,1,2193,0
1764,41,1,931,0
1764,57,1,729,0
1764,30,1,4729,0
1765,17,1,2656,0
1765,40,1,3255,0.2
1765,55,1,4572,0.1
1765,47,1,1558,0
1766,38,1,3806,0
1766,28,1,567,0.2
1767,40,1,3255,0.1
1768,1,1,150,0.2
1768,53,2,1286,0.05
1768,3,1,3713,0.15
1769,14,1,4075,0.05
1769,30,1,4729,0.1
1769,49,1,1048,0.1
1770,38,1,3806,0.1
1771,31,1,3203,0.1
1772,17,1,2656,0.15
1772,53,1,1286,0.15
1773,33,2,4175,0.05
1773,51,1,2916,0.15
1773,60,1,552,0
1774,20,1,3438,0.15
1774,52,1,1957,0
1774,46,1,3785,0
1775,56,1,630,0.15
1775,15,1,860,0.15
1775,2,1,3850,0
1776,39,3,2235,0
1776,24,1,2262,0
1777,53,1,1286,0.1
1777,7,2,1985,0.05
1777,45,1,4975,0.1
1778,19,2,2193,0.2
1779,12,1,4627,0.05
1779,38,1,3806,0.05
1780,50,2,2033,0
1780,4,1,2293,0.05
1781,8,2,1791,0
1782,40,1,3255,0.1
1782,4,1,2293,0.1
1783,41,1,931,0.15
1783,40,1,3255,0
1784,25,1,3410,0.05
1785,1,1,150,0
1785,1,1,150,0.1
1785,30,1,4729,0
1786,17,1,2656,0
1787,22,1,1574,0.05
1788,59,1,2290,0.15
1789,23,1,2336,0.05
1789,12,1,4627,0.15
1790,57,1,729,0.1
1790,38,1,3806,0.1
1790,20,2,3438,0.05
1791,33,1,4175,0
1792,39,2,2235,0
1792,8,2,1791,0
1793,36,1,1580,0.1
1794,56,2,630,0.05
1795,28,2,567,0
1796,32,1,126,0.1
1797,18,1,778,0.05
1797,26,1,4752,0.05
1798,33,1,4175,0
1798,55,2,4572,0
1799,33,1,4175,0.1
1799,35,1,1942,0.15
1799,41,2,931,0
1800,50,2,2033,0.15
1801,26,1,4752,0
1801,19,1,2193,0.05
1802,26,1,4752,0.1
1802,27,1,1579,0.05
1803,46,1,3785,0.15
1803,17,1,2656,0.05
1804,26,1,4752,0.1
1804,46,1,3785,0
1804,59,1,2290,0.2
1805,34,1,2437,0
1806,49,1,1048,0.05
1806,25,1,3410,0
1807,59,2,2290,0.05
1807,53,2,1286,0.05
1808,4,1,2293,0
1808,52,1,1957,0
1809,51,2,2916,0
1810,5,2,1760,0.05
1811,29,1,2320,0.2
1811,36,1,1580,0.15
1812,21,1,2746,0
1812,26,2,4752,0.05
1812,26,1,4752,0.05
1812,24,1,2262,0
1813,1,1,150,0
1813,53,1,1286,0.1
1814,3,1,3713,0
1815,2,1,3850,0
1816,32,3,126,0
1816,55,1,4572,0.2
1817,30,1,4729,0
1817,55,3,4572,0.05
1818,52,1,1957,0.1
1818,51,3,2916,0.1
1818,36,2,1580,0.2
1819,1,1,150,0.1
1820,31,2,3203,0
1821,46,1,3785,0
1822,32,1,126,0
1823,58,1,1326,0.1
1824,20,2,3438,0
1824,53,1,1286,0.1
1825,29,2,2320,0
1826,39,2,2235,0.1
1826,36,1,1580,0.05
1827,45,1,4975,0.05
1827,39,1,2235,0.1
1828,27,2,1579,0.05
1829,38,1,3806,0.05
1829,10,1,3487,0.05
1830,11,1,1744,0.15
1830,49,1,1048,0
1830,23,1,2336,0.1
1831,14,1,4075,0.15
1832,38,1,3806,0
1833,38,1,3806,0
1833,21,1,2746,0.1
1833,27,1,1579,0.1
1834,11,2,1744,0.05
1835,35,1,1942,0.05
1836,42,1,3125,0.15
1837,6,1,529,0
1837,49,1,1048,0.05
1838,27,1,1579,0.15
1839,43,2,4289,0
1839,18,1,778,0.15
1840,60,1,552,0.2
1841,19,1,2193,0.05
1841,32,2,126,0.15
1841,15,1,860,0.1
1842,48,1,2972,0.1
1843,54,1,3026,0.05
1843,32,1,126,0.05
1844,23,1,2336,0.05
1844,44,2,724,0
1844,56,1,630,0.05
1845,49,1,1048,0.05
1845,41,2,931,0
1845,33,1,4175,0.1
1846,19,1,2193,0.05
1846,25,1,3410,0.2
1846,58,1,1326,0
1847,45,1,4975,0
1847,23,1,2336,0
1847,38,1,3806,0.2
1847,46,1,3785,0.1
1848,24,1,2262,0.05
1849,23,2,2336,0
1849,38,1,3806,0
1850,43,1,4289,0
1850,39,1,2235,0.05
1851,3,1,3713,0
1851,20,3,3438,0.2
1852,4,1,2293,0
1852,43,1,4289,0.1
1853,47,2,1558,0
1854,53,1,1286,0
1854,17,1,2656,0.1
1855,52,1,1957,0.05
1855,25,1,3410,0.05
1856,6,1,529,0
1857,12,1,4627,0.05
1857,47,2,1558,0.05
1857,26,2,4752,0.1
1858,27,2,1579,0
1859,50,2,2033,0.05
1859,20,1,3438,0.1
1860,39,1,2235,0
1860,57,1,729,0.05
1861,29,1,2320,0.1
1861,42,1,3125,0.15
1862,45,1,4975,0
1862,25,1,3410,0.1
1863,39,1,2235,0
1863,19,2,2193,0
1863,5,2,1760,0.05
1864,20,1,3438,0.1
1865,20,1,3438,0.2
1865,20,2,3438,0
1866,17,2,2656,0
1867,3,1,3713,0
1867,10,1,3487,0
1868,57,1,729,0.15
1868,53,3,1286,0
1869,23,1,2336,0.1
1869,17,1,2656,0.05
1870,28,1,567,0.05
1871,49,2,1048,0
1871,60,1,552,0.1
1871,14,3,4075,0
1872,42,1,3125,0.1
1873,52,2,1957,0
1874,2,1,3850,0.05
1875,49,1,1048,0.15
1875,21,1,2746,0.15
1876,42,1,3125,0.05
1876,32,2,126,0.1
1877,58,3,1326,0
1877,41,2,931,0.15
1878,43,2,4289,0.1
1878,30,2,4729,0
1878,38,1,3806,0.1
1878,30,1,4729,0.05
1879,37,1,667,0.1
1880,33,1,4175,0.05
1881,57,1,729,0.05
1881,44,1,724,0
1881,60,1,552,0.05
1882,6,1,529,0
1883,47,1,1558,0.1
1884,3,2,3713,0.15
1884,31,1,3203,0
1884,30,1,4729,0
1885,25,2,3410,0.05
1885,57,1,729,0.15
1885,13,2,3877,0
1886,1,1,150,0.05
1886,50,2,2033,0.15
1886,46,1,3785,0.1
1887,57,1,729,0.1
1888,52,1,1957,0
1888,26,1,4752,0.05
1888,16,1,1002,0.1
1888,13,2,3877,0.2
1889,35,1,1942,0.05
1890,6,3,529,0.1
1890,9,1,4658,0.05
1891,48,2,2972,0.05
1892,27,2,1579,0.05
1892,51,1,2916,0
1892,35,1,1942,0
1893,42,1,3125,0.15
1893,38,1,3806,0.05
1893,34,1,2437,0
1894,25,2,3410,0
1895,56,1,630,0
1895,14,1,4075,0
1896,25,1,3410,0.15
1897,48,2,2972,0.05
1897,54,1,3026,0.1
1898,49,1,1048,0.05
1898,12,1,4627,0.1
1899,55,2,4572,0
1900,35,3,1942,0
1901,44,1,724,0
1901,37,1,667,0.15
1902,36,1,1580,0
1902,38,2,3806,0.1
1902,33,1,4175,0.05
1902,30,1,4729,0.1
1903,6,1,529,0
1904,22,1,1574,0.05
1905,6,1,529,0
1906,11,1,1744,0
1906,24,2,2262,0
1907,59,1,2290,0.1
1907,23,1,2336,0.1
1907,2,3,3850,0
1908,4,1,2293,0
1908,14,2,4075,0.15
1908,57,1,729,0.05
1909,51,1,2916,0.1
1909,34,2,2437,0
1909,44,2,724,0.1
1910,19,1,2193,0.05
1910,58,1,1326,0
1911,55,1,4572,0.05
1912,2,2,3850,0
1912,60,1,552,0
1912,23,1,2336,0
1913,23,1,2336,0
1913,46,1,3785,0.05
1914,12,1,4627,0
1914,48,1,2972,0.15
1915,58,1,1326,0.1
1916,46,1,3785,0.1
1916,28,1,567,0
1917,47,1,1558,0.05
1918,25,1,3410,0
1919,45,1,4975,0.05
1919,10,1,3487,0
1919,40,2,3255,0
1920,54,1,3026,0.1
1921,21,2,2746,0.05
1921,38,1,3806,0.1
1922,41,1,931,0.1
1922,57,1,729,0
1923,9,1,4658,0.1
1923,14,1,4075,0.1
1923,21,1,2746,0
1924,11,1,1744,0
1924,13,1,3877,0
1925,20,1,3438,0
1926,14,1,4075,0.05
1926,15,1,860,0
1926,15,1,860,0.1
1927,54,2,3026,0
1927,53,1,1286,0.2
1927,25,1,3410,0.15
1928,22,1,1574,0.05
1928,37,1,667,0
1929,4,1,2293,0.1
1929,49,1,1048,0
1929,47,1,1558,0.05
1930,10,1,3487,0.05
1930,60,1,552,0.05
1931,30,1,4729,0.1
1931,27,1,1579,0.1
1932,28,1,567,0
1932,17,1,2656,0
1932,15,2,860,0.05
1933,34,1,2437,0.1
1933,47,2,1558,0
1934,11,1,1744,0
1934,37,1,667,0
1934,7,1,1985,0.1
1934,11,1,1744,0
1935,30,1,4729,0
1936,33,1,4175,0.1
1936,6,2,529,0.05
1936,60,2,552,0
1937,15,2,860,0
1938,7,1,1985,0.1
1939,59,1,2290,0
1939,46,1,3785,0
1940,59,1,2290,0
1940,40,1,3255,0
1940,42,1,3125,0.2
1940,55,1,4572,0.1
1941,6,1,529,0
1941,26,3,4752,0
1942,31,1,3203,0.05
1942,10,1,3487,0.1
1943,33,1,4175,0.15
1944,46,1,3785,0
1944,17,1,2656,0
1944,31,1,3203,0.1
1945,60,1,552,0.15
1945,10,1,3487,0
1946,59,1,2290,0.2
1946,18,1,778,0.05
1947,13,2,3877,0.05
1947,38,2,3806,0.1
1948,8,1,1791,0
1949,44,1,724,0.05
1950,59,3,2290,0.1
1951,10,1,3487,0.2
1951,16,1,1002,0.1
1952,9,1,4658,0
1952,38,1,3806,0.05
1953,29,2,2320,0.05
1954,33,1,4175,0
1954,20,1,3438,0.2
1955,26,1,4752,0
1955,3,3,3713,0.05
1955,6,1,529,0.1
1956,17,1,2656,0.05
1956,39,1,2235,0
1957,53,1,1286,0.1
1957,17,1,2656,0.05
1958,43,2,4289,0.1
1958,23,1,2336,0.05
1959,47,1,1558,0.05
1960,23,1,2336,0
1961,8,2,1791,0
1961,25,2,3410,0.15
1961,37,1,667,0.05
1962,28,2,567,0
1962,5,1,1760,0.1
1963,56,1,630,0.2
1963,55,1,4572,0.15
1963,6,1,529,0
1964,58,1,1326,0.05
1964,26,1,4752,0.2
1964,15,2,860,0.1
1965,48,3,2972,0.15
1965,24,1,2262,0.1
1966,54,2,3026,0
1967,37,1,667,0.05
1967,1,1,150,0.2
1968,21,1,2746,0.1
1969,51,1,2916,0
1969,53,1,1286,0.1
1970,20,1,3438,0.1
1970,41,1,931,0
1971,4,1,2293,0.2
1971,59,1,2290,0
1971,26,1,4752,0
1972,14,3,4075,0
1972,13,1,3877,0.05
1972,1,1,150,0.05
1972,23,1,2336,0
1973,34,1,2437,0.1
1974,13,2,3877,0.05
1975,1,2,150,0
1976,2,1,3850,0.2
1976,24,1,2262,0
1977,9,1,4658,0.05
1978,8,1,1791,0.15
1979,20,1,3438,0.2
1979,29,1,2320,0
1979,57,1,729,0.05
1980,29,1,2320,0
1980,39,1,2235,0.15
1981,59,2,2290,0
1982,2,1,3850,0.05
1982,19,1,2193,0
1983,7,1,1985,0
1984,50,1,2033,0
1984,46,1,3785,0
1985,13,1,3877,0.05
1985,45,1,4975,0.1
1985,37,1,667,0.05
1986,3,2,3713,0
1986,33,1,4175,0.1
1987,52,1,1957,0.15
1987,41,2,931,0
1988,51,2,2916,0.05
1989,47,1,1558,0.1
1990,52,1,1957,0.15
1990,43,1,4289,0.05
1991,50,1,2033,0.2
1992,49,1,1048,0
1992,46,2,3785,0
1993,33,1,4175,0.05
1994,36,2,1580,0.05
1995,14,1,4075,0.05
1996,46,1,3785,0.05
1997,15,1,860,0
1997,48,1,2972,0.05
1998,8,1,1791,0
1999,25,1,3410,0
2000,4,1,2293,0.2
2000,55,2,4572,0.15
2001,40,1,3255,0.1
2001,31,1,3203,0
2001,11,1,1744,0.05
2001,34,1,2437,0.1
2002,52,1,1957,0.05
2003,47,1,1558,0
2004,13,1,3877,0.15
2004,14,1,4075,0
2004,25,1,3410,0
2005,41,1,931,0
2005,7,1,1985,0
2006,29,1,2320,0.1
2006,42,1,3125,0.1
2006,55,1,4572,0.1
2007,43,1,4289,0
2007,6,2,529,0.1
2008,14,1,4075,0.1
2008,49,1,1048,0
2008,32,1,126,0
2009,59,1,2290,0.15
2010,60,2,552,0
2011,49,2,1048,0.1
2011,44,1,724,0.05
2012,37,1,667,0
2012,28,1,567,0.1
2012,15,1,860,0.1
2013,30,1,4729,0.1
2014,3,1,3713,0.05
2015,20,1,3438,0.05
2016,46,2,3785,0
2016,41,1,931,0.15
2016,35,1,1942,0.1
2017,13,1,3877,0
2017,35,1,1942,0.15
2018,37,1,667,0.1
2018,28,1,567,0
2018,34,1,2437,0
2019,12,1,4627,0.05
2019,14,1,4075,0.1
2020,33,1,4175,0
2020,3,1,3713,0.1
2021,22,1,1574,0.1
2022,41,1,931,0.1
2022,23,2,2336,0.05
2023,41,2,931,0.15
2024,35,1,1942,0
2024,36,1,1580,0
2025,31,1,3203,0
2026,21,1,2746,0
2026,14,2,4075,0
2026,29,1,2320,0
2026,57,1,729,0.15
2027,7,2,1985,0.1
2027,39,1,2235,0
2028,49,1,1048,0
2028,31,1,3203,0.1
2028,42,1,3125,0.05
2028,27,1,1579,0
2029,8,1,1791,0.1
2030,7,1,1985,0
2030,19,1,2193,0
2030,15,1,860,0.15
2031,25,1,3410,0.05
2031,60,1,552,0
2031,47,1,1558,0.05
2032,49,1,1048,0.1
2033,14,1,4075,0
2033,7,1,1985,0
2033,47,1,1558,0.1
2033,39,2,2235,0.1
2034,6,2,529,0.15
2035,52,1,1957,0.05
2035,29,2,2320,0
2036,46,1,3785,0
2037,7,1,1985,0.15
2038,10,2,3487,0
2039,50,1,2033,0.2
2040,32,1,126,0
2040,33,1,4175,0
2040,53,1,1286,0.05
2040,19,1,2193,0.05
2041,18,2,778,0
2041,38,1,3806,0.1
2042,33,3,4175,0.15
2042,29,1,2320,0.1
2043,34,1,2437,0
2044,42,1,3125,0.15
2044,29,1,2320,0.05
2044,40,2,3255,0
2045,9,1,4658,0
2046,2,1,3850,0
2046,33,1,4175,0.05
2047,37,2,667,0
2048,34,1,2437,0.1
2048,10,1,3487,0
2048,6,3,529,0.05
2048,28,2,567,0
2049,31,2,3203,0.05
2049,58,1,1326,0
2050,29,1,2320,0
2050,17,1,2656,0
2051,19,2,2193,0
2051,38,1,3806,0.1
2052,15,2,860,0.1
2053,28,1,567,0
2054,57,1,729,0
2055,45,1,4975,0
2055,56,2,630,0.2
2055,34,1,2437,0
2056,29,1,2320,0
2056,41,1,931,0
2057,29,1,2320,0.1
2057,25,1,3410,0
2057,38,1,3806,0
2058,48,1,2972,0
2058,42,1,3125,0
2059,29,1,2320,0.1
2059,26,1,4752,0.1
2060,39,2,2235,0
2060,18,1,778,0
2060,38,1,3806,0.1
2061,56,1,630,0
2062,37,1,667,0
2063,54,1,3026,0.1
2063,54,1,3026,0.1
2064,23,1,2336,0
2065,27,1,1579,0.1
2066,26,2,4752,0.15
2066,43,1,4289,0
2066,25,1,3410,0
2067,24,1,2262,0
2068,2,1,3850,0.05
2069,15,1,860,0.15
2069,8,1,1791,0.1
2070,31,2,3203,0.05
2071,46,3,3785,0.1
2072,48,1,2972,0.15
2072,5,2,1760,0
2073,26,2,4752,0
2073,19,1,2193,0.1
2073,44,1,724,0.1
2074,7,2,1985,0
2075,39,1,2235,0.1
2075,27,1,1579,0.05
2076,46,2,3785,0
2076,29,1,2320,0.1
2076,49,1,1048,0.2
2076,5,1,1760,0.05
2077,7,1,1985,0
2078,57,1,729,0.1
2079,21,1,2746,0.1
2080,52,2,1957,0.2
2080,51,1,2916,0
2081,52,1,1957,0
2081,34,1,2437,0.05
2082,29,1,2320,0.05
2083,58,2,1326,0.1
2083,56,1,630,0
2084,8,1,1791,0
2084,44,1,724,0.05
2085,13,2,3877,0.1
2085,2,1,3850,0.15
2086,3,3,3713,0.05
2087,29,1,2320,0
2087,34,1,2437,0
2087,49,1,1048,0.05
2087,3,1,3713,0.1
2088,3,1,3713,0.05
2089,35,2,1942,0.2
2090,37,2,667,0
2091,58,1,1326,0.15
2091,25,1,3410,0
2091,5,1,1760,0.05
2092,47,1,1558,0.05
2092,42,1,3125,0.1
2092,15,2,860,0
2093,46,1,3785,0
2094,6,1,529,0
2095,46,1,3785,0.15
2096,38,2,3806,0
2097,10,2,3487,0
2098,17,1,2656,0.05
2098,20,1,3438,0.05
2099,32,1,126,0.1
2100,28,1,567,0.05
2101,5,1,1760,0.05
2101,45,1,4975,0.05
2102,10,1,3487,0.15
2103,37,1,667,0.05
2103,11,2,1744,0.05
2103,1,1,150,0
2104,41,1,931,0.05
2104,53,1,1286,0.1
2104,10,1,3487,0
2104,8,1,1791,0.1
2105,5,1,1760,0
2106,50,1,2033,0
2107,5,1,1760,0.05
2108,6,2,529,0.05
2108,57,1,729,0.05
2109,23,1,2336,0
2110,43,1,4289,0.15
2110,51,2,2916,0
2110,53,1,1286,0
2110,43,2,4289,0
2111,38,1,3806,0.1
2111,41,1,931,0.1
2112,21,1,2746,0.05
2113,42,1,3125,0
2113,6,1,529,0
2114,14,1,4075,0
2115,53,1,1286,0
2116,14,1,4075,0
2116,60,1,552,0.1
2116,7,1,1985,0.15
2116,5,2,1760,0.05
2117,40,1,3255,0
2118,58,1,1326,0.15
2119,15,1,860,0
2119,23,2,2336,0.05
2119,57,1,729,0
2120,2,1,3850,0.05
2120,17,1,2656,0.2
2120,32,2,126,0.05
2121,52,2,1957,0
2121,54,1,3026,0
2122,54,1,3026,0
2123,29,1,2320,0.1
2123,51,1,2916,0.1
2124,57,1,729,0.1
2125,21,2,2746,0.05
2125,46,1,3785,0
2126,33,1,4175,0.1
2127,11,1,1744,0.15
2127,38,1,3806,0.05
2128,16,3,1002,0.15
2129,12,1,4627,0
2129,58,1,1326,0
2129,10,1,3487,0.15
2129,29,2,2320,0
2130,21,2,2746,0.15
2131,37,1,667,0.1
2132,31,3,3203,0
2132,18,2,778,0.1
2133,29,2,2320,0
2134,3,1,3713,0.1
2134,8,3,1791,0
2134,50,1,2033,0.15
2135,59,2,2290,0.2
2136,46,2,3785,0.1
2137,27,1,1579,0.1
2137,18,3,778,0.05
2137,58,1,1326,0
2138,11,1,1744,0.1
2139,53,1,1286,0.15
2139,58,1,1326,0
2140,33,3,4175,0.15
2141,1,1,150,0
2142,25,1,3410,0.05
2142,13,1,3877,0.05
2142,59,1,2290,0.05
2143,5,1,1760,0
2144,22,1,1574,0
2145,32,2,126,0.05
2145,24,1,2262,0
2146,40,1,3255,0
2146,21,1,2746,0
2147,27,1,1579,0.1
2147,31,1,3203,0.05
2148,3,1,3713,0.1
2149,33,1,4175,0.1
2150,50,1,2033,0.2
2150,6,2,529,0
2150,45,1,4975,0.1
2151,32,3,126,0
2151,54,1,3026,0
2152,60,1,552,0.1
2152,24,2,2262,0.2
2152,3,1,3713,0.05
2153,12,2,4627,0.1
2153,44,1,724,0.1
2154,27,1,1579,0.15
2154,32,1,126,0
2155,1,1,150,0
2155,6,2,529,0.15
2155,10,1,3487,0
2155,49,1,1048,0.05
2156,31,1,3203,0
2157,36,1,1580,0.05
2158,36,2,1580,0
2158,44,2,724,0.1
2159,8,3,1791,0
2160,49,1,1048,0
2160,43,1,4289,0.05
2161,46,1,3785,0
2161,43,1,4289,0.1
2161,56,1,630,0.1
2162,16,2,1002,0.2
2162,29,1,2320,0.1
2162,10,1,3487,0.1
2163,22,1,1574,0
2164,51,1,2916,0
2164,29,1,2320,0
2164,24,1,2262,0
2165,19,2,2193,0.1
2165,19,1,2193,0
2166,35,1,1942,0.15
2166,3,1,3713,0.1
2167,53,1,1286,0.05
2167,10,2,3487,0.1
2167,20,1,3438,0
2168,50,1,2033,0
2168,19,1,2193,0.2
2169,29,2,2320,0.05
2169,40,2,3255,0.05
2169,11,1,1744,0
2170,19,2,2193,0.1
2171,2,1,3850,0.05
2171,39,1,2235,0.05
2172,16,2,1002,0.15
2173,59,1,2290,0.1
2173,22,2,1574,0
2173,58,1,1326,0.1
2174,37,1,667,0.1
2175,58,3,1326,0.1
2176,28,2,567,0.2
2177,46,1,3785,0
2178,21,1,2746,0.05
2178,3,3,3713,0
2178,37,1,667,0.05
2178,49,1,1048,0
2179,24,1,2262,0
2179,6,2,529,0.15
2179,10,2,3487,0.1
2180,31,1,3203,0
2180,47,1,1558,0.15
2181,30,1,4729,0.05
2181,13,2,3877,0
2182,52,1,1957,0.1
2182,10,1,3487,0
2183,43,2,4289,0.05
2183,34,1,2437,0.1
2184,10,1,3487,0.05
2184,34,1,2437,0
2184,10,1,3487,0.1
2185,53,1,1286,0.1
2185,36,1,1580,0
2185,19,1,2193,0.1
2186,50,1,2033,0.05
2187,40,1,3255,0.15
2188,3,3,3713,0
2188,31,1,3203,0
2188,22,2,1574,0
2189,47,1,1558,0.1
2189,27,1,1579,0.05
2190,15,2,860,0.1
2191,60,1,552,0.05
2192,36,1,1580,0.2
2192,38,1,3806,0.05
2192,6,1,529,0
2193,7,2,1985,0.1
2194,51,1,2916,0.05
2194,57,1,729,0.05
2195,22,1,1574,0.05
2195,52,1,1957,0
2196,8,1,1791,0.15
2197,1,1,150,0.05
2198,25,1,3410,0
2199,58,1,1326,0.05
2200,25,1,3410,0
2200,36,2,1580,0
2201,4,1,2293,0.1
2202,29,1,2320,0.05
2202,35,2,1942,0.05
2202,44,2,724,0
2203,56,1,630,0.05
2204,37,1,667,0.05
2204,7,2,1985,0.05
2204,18,1,778,0.05
2205,58,1,1326,0.1
2206,28,1,567,0.05
2207,50,1,2033,0.2
2208,36,1,1580,0
2209,14,1,4075,0
2210,21,1,2746,0
2210,9,1,4658,0.1
2211,33,2,4175,0.15
2211,22,1,1574,0
2212,10,2,3487,0.05
2212,47,1,1558,0.1
2212,1,1,150,0
2213,29,1,2320,0.15
2213,5,2,1760,0.15
2214,52,2,1957,0
2214,28,1,567,0.1
2214,5,2,1760,0
2214,56,1,630,0
2215,49,3,1048,0
2215,38,1,3806,0
2216,46,2,3785,0.2
2216,18,1,778,0.05
2217,33,1,4175,0
2217,39,1,2235,0.1
2218,26,1,4752,0.2
2219,57,1,729,0
2219,32,1,126,0.1
2220,4,1,2293,0.2
2220,5,2,1760,0
2221,37,1,667,0
2221,46,1,3785,0.1
2222,35,1,1942,0.05
2222,31,1,3203,0.05
2222,1,1,150,0.1
2223,24,1,2262,0.1
2224,28,1,567,0
2224,22,1,1574,0.1
2225,18,2,778,0
2226,43,2,4289,0
2227,46,1,3785,0
2228,59,1,2290,0.2
2228,50,1,2033,0.05
2228,28,1,567,0.05
2229,5,3,1760,0.2
2230,4,1,2293,0.05
2230,51,1,2916,0.05
2231,36,1,1580,0
2232,32,1,126,0.05
2232,17,1,2656,0.2
2232,4,1,2293,0.05
2233,2,1,3850,0.2
2233,53,1,1286,0.1
2233,53,1,1286,0
2234,35,1,1942,0.1
2234,58,1,1326,0.15
2234,28,2,567,0.15
2235,44,2,724,0
2236,50,2,2033,0.15
2237,37,1,667,0.1
2237,56,1,630,0.15
2238,30,1,4729,0.05
2238,7,1,1985,0
2239,36,1,1580,0
2240,16,1,1002,0.05
2241,58,2,1326,0
2241,20,1,3438,0.1
2242,33,1,4175,0.05
2242,26,1,4752,0
2243,27,1,1579,0
2244,3,1,3713,0.15
2244,6,1,529,0
2245,38,1,3806,0
2245,55,1,4572,0.05
2246,33,1,4175,0.05
2246,6,1,529,0.1
2247,49,1,1048,0
2247,30,1,4729,0.05
2248,48,2,2972,0.1
2249,26,2,4752,0.05
2250,35,1,1942,0
2251,26,1,4752,0.05
2251,33,2,4175,0
2252,30,1,4729,0
2253,59,1,2290,0
2253,30,1,4729,0.1
2254,1,1,150,0
2254,47,1,1558,0.05
2255,19,1,2193,0.05
2256,49,1,1048,0
2257,9,1,4658,0.1
2257,25,2,3410,0.05
2258,18,1,778,0.2
2259,24,2,2262,0
2260,16,1,1002,0.1
2261,33,2,4175,0.15
2261,50,1,2033,0
2261,51,1,2916,0.15
2261,37,1,667,0.15
2262,50,1,2033,0.1
2262,7,1,1985,0.05
2262,38,1,3806,0
2263,7,3,1985,0
2263,8,1,1791,0
2264,13,1,3877,0
2264,59,1,2290,0.05
2264,58,2,1326,0.1
2264,31,1,3203,0
2265,17,1,2656,0.1
2265,44,1,724,0
2266,39,1,2235,0
2267,33,1,4175,0.2
2268,60,1,552,0
2269,21,1,2746,0
2270,14,1,4075,0.1
2271,34,1,2437,0
2272,21,1,2746,0.05
2273,31,1,3203,0
2273,59,1,2290,0.1
2274,9,2,4658,0
2275,21,1,2746,0
2275,34,1,2437,0.15
2275,19,1,2193,0
2276,34,1,2437,0
2276,58,2,1326,0.05
2277,49,1,1048,0
2278,11,1,1744,0
2278,2,2,3850,0
2278,9,1,4658,0
2279,16,1,1002,0
2280,58,1,1326,0.1
2280,60,2,552,0.1
2281,13,1,3877,0
2281,36,1,1580,0
2281,27,1,1579,0.1
2282,32,2,126,0.1
2282,30,3,4729,0
2283,31,1,3203,0.1
2284,37,1,667,0.1
2285,25,1,3410,0.15
2285,8,1,1791,0.05
2286,18,1,778,0.05
2287,55,1,4572,0
2288,2,1,3850,0.05
2289,24,1,2262,0
2289,16,1,1002,0.1
2290,56,1,630,0.05
2290,5,1,1760,0.1
2291,36,2,1580,0.05
2292,45,1,4975,0
2293,24,1,2262,0.05
2294,23,1,2336,0
2295,37,1,667,0.05
2296,42,1,3125,0
2297,27,1,1579,0.05
2297,13,1,3877,0.05
2298,1,1,150,0.1
2298,40,1,3255,0.1
2299,6,1,529,0
2300,48,1,2972,0.1
2301,57,1,729,0.05
2301,44,1,724,0.1
2301,55,1,4572,0.05
2302,56,2,630,0.05
2302,8,1,1791,0
2303,43,1,4289,0
2303,23,1,2336,0
2304,42,1,3125,0
2305,60,2,552,0
2305,12,1,4627,0
2306,22,1,1574,0.05
2306,30,1,4729,0
2306,7,1,1985,0
2307,7,1,1985,0.15
2308,20,1,3438,0
2308,50,2,2033,0.05
2309,1,3,150,0.1
2309,24,1,2262,0.1
2310,11,1,1744,0
2310,27,1,1579,0.1
2311,43,2,4289,0.1
2312,60,1,552,0.2
2312,48,1,2972,0.05
2312,56,2,630,0.1
2312,18,2,778,0
2313,7,1,1985,0.05
2313,53,1,1286,0.05
2314,47,1,1558,0.2
2314,1,1,150,0
2315,41,2,931,0.15
2316,60,1,552,0.05
2316,36,3,1580,0.05
2317,43,1,4289,0.1
2317,12,1,4627,0.1
2318,21,1,2746,0
2318,15,1,860,0
2318,59,1,2290,0.15
2318,29,2,2320,0.1
2319,47,1,1558,0
2319,43,1,4289,0.2
2320,59,1,2290,0
2321,55,1,4572,0.05
2322,51,1,2916,0.1
2323,38,1,3806,0
2323,15,1,860,0.05
2323,49,2,1048,0.1
2323,2,1,3850,0.1
2324,1,1,150,0.05
2324,10,1,3487,0
2324,17,2,2656,0.1
2325,26,2,4752,0.15
2325,24,1,2262,0
2325,38,1,3806,0
2325,34,1,2437,0
2326,57,1,729,0.05
2327,4,1,2293,0.15
2327,6,1,529,0.1
2328,51,1,2916,0.05
2328,15,2,860,0
2328,13,1,3877,0.1
2329,41,1,931,0.1
2329,53,2,1286,0
2330,29,1,2320,0
2330,60,1,552,0
2330,47,1,1558,0.15
2331,33,2,4175,0
2331,24,2,2262,0.05
2332,30,1,4729,0
2333,12,1,4627,0.15
2333,53,1,1286,0
2333,8,2,1791,0.05
2334,55,1,4572,0.05
2335,33,1,4175,0.1
2335,45,1,4975,0.2
2335,54,2,3026,0.05
2335,23,1,2336,0
2336,41,2,931,0.05
2336,42,1,3125,0
2336,53,3,1286,0.05
2337,48,1,2972,0.15
2337,25,1,3410,0.05
2337,30,1,4729,0
2338,23,1,2336,0.05
2338,1,1,150,0.05
2339,13,2,3877,0
2340,47,1,1558,0.15
2341,22,1,1574,0.05
2341,40,1,3255,0
2341,55,1,4572,0.05
2341,24,1,2262,0.05
2342,38,1,3806,0
2343,17,1,2656,0.15
2343,16,2,1002,0
2343,54,1,3026,0.1
2344,22,1,1574,0.1
2345,55,1,4572,0.05
2346,13,1,3877,0
2346,44,2,724,0
2347,40,1,3255,0
2347,56,1,630,0.1
2348,51,1,2916,0
2348,30,1,4729,0
2348,33,1,4175,0
2349,44,1,724,0.05
2349,32,1,126,0.1
2350,7,1,1985,0.15
2350,40,1,3255,0.1
2351,60,1,552,0.2
2351,6,2,529,0.2
2352,32,1,126,0.05
2353,6,1,529,0
2354,36,1,1580,0.1
2355,1,2,150,0
2355,3,1,3713,0
2356,29,1,2320,0
2356,39,1,2235,0.15
2357,9,1,4658,0
2357,24,1,2262,0
2357,12,1,4627,0.1
2358,21,2,2746,0
2359,5,1,1760,0.2
2359,42,1,3125,0.05
2360,35,1,1942,0.05
2361,36,1,1580,0.1
2361,23,1,2336,0.15
2362,27,1,1579,0
2362,33,3,4175,0.15
2362,36,1,1580,0.1
2363,5,1,1760,0.05
2363,29,3,2320,0.1
2363,11,1,1744,0
2364,21,1,2746,0.2
2364,44,1,724,0.05
2365,31,1,3203,0.1
2365,39,1,2235,0.05
2366,14,1,4075,0
2366,20,1,3438,0.05
2366,46,1,3785,0.1
2367,46,2,3785,0
2367,35,3,1942,0.05
2367,45,1,4975,0.1
2368,37,1,667,0
2369,8,1,1791,0.15
2369,29,1,2320,0
2369,41,1,931,0.1
2369,33,2,4175,0.1
2370,15,1,860,0.05
2371,51,1,2916,0.1
2372,47,1,1558,0.05
2373,19,1,2193,0.1
2373,1,2,150,0.1
2374,36,2,1580,0
2375,36,1,1580,0
2376,23,1,2336,0.05
2376,8,1,1791,0
2377,13,1,3877,0
2378,53,1,1286,0
2378,2,3,3850,0.05
2379,22,1,1574,0.05
2379,2,1,3850,0.1
2380,41,1,931,0
2380,47,1,1558,0.1
2381,33,1,4175,0
2382,50,2,2033,0
2383,55,1,4572,0.15
2383,58,1,1326,0
2383,27,1,1579,0.1
2384,59,1,2290,0.1
2384,18,2,778,0
2385,29,1,2320,0.05
2386,1,1,150,0.15
2386,51,2,2916,0
2387,27,1,1579,0.05
2388,46,1,3785,0
2389,53,1,1286,0
2390,50,1,2033,0.05
2391,4,1,2293,0
2392,19,1,2193,0
2393,58,1,1326,0.15
2394,42,1,3125,0.05
2394,22,1,1574,0
2395,25,1,3410,0.2
2395,42,1,3125,0.1
2395,13,1,3877,0
2395,25,1,3410,0.05
2396,59,1,2290,0.05
2396,13,1,3877,0.05
2397,22,1,1574,0
2398,58,1,1326,0
2398,37,1,667,0.1
2398,24,1,2262,0.05
2399,48,2,2972,0.05
2399,13,1,3877,0.05
2400,44,1,724,0
2400,10,1,3487,0.15
2401,23,1,2336,0
2401,18,1,778,0
2401,47,1,1558,0.05
2402,31,1,3203,0.2
2403,34,1,2437,0
2404,54,1,3026,0
2404,23,1,2336,0
2405,16,1,1002,0
2405,13,1,3877,0
2405,58,1,1326,0.1
2406,31,1,3203,0.1
2406,27,1,1579,0
2406,6,1,529,0.1
2407,3,2,3713,0.05
2407,42,1,3125,0
2407,50,1,2033,0
2408,19,1,2193,0
2408,6,1,529,0.05
2409,27,1,1579,0
2409,25,1,3410,0
2409,52,2,1957,0.15
2410,58,1,1326,0
2411,40,1,3255,0.05
2412,23,1,2336,0.05
2412,39,1,2235,0
2413,17,1,2656,0.15
2413,56,1,630,0.15
2413,52,2,1957,0
2414,60,2,552,0.1
2414,33,1,4175,0.05
2415,9,1,4658,0.05
2415,39,2,2235,0.1
2416,6,1,529,0.05
2416,14,1,4075,0.05
2417,19,1,2193,0.1
2417,30,1,4729,0
2418,8,1,1791,0.1
2418,23,1,2336,0.1
2419,25,1,3410,0.05
2419,36,1,1580,0
2420,9,1,4658,0.05
2421,36,3,1580,0
2422,26,1,4752,0.1
2423,55,1,4572,0.1
2423,49,1,1048,0.1
2424,38,1,3806,0
2424,20,1,3438,0
2424,22,3,1574,0
2424,53,1,1286,0.15
2425,5,1,1760,0
2425,5,1,1760,0
2426,55,2,4572,0
2427,20,1,3438,0.05
2427,54,1,3026,0.1
2428,13,1,3877,0
2428,54,1,3026,0.05
2429,16,2,1002,0
2430,34,1,2437,0.1
2431,15,2,860,0
2432,11,2,1744,0
2432,25,1,3410,0.2
2432,49,1,1048,0.1
2433,52,1,1957,0
2433,46,1,3785,0
2434,9,1,4658,0.05
2434,4,1,2293,0
2435,37,1,667,0
2435,46,1,3785,0
2436,2,1,3850,0
2436,57,3,729,0
2436,42,1,3125,0.05
2436,39,1,2235,0
2437,48,1,2972,0.05
2437,55,1,4572,0.1
2437,2,1,3850,0
2438,10,1,3487,0
2438,2,1,3850,0.05
2439,59,3,2290,0
2439,48,1,2972,0.1
2440,31,2,3203,0.15
2441,7,1,1985,0.1
2441,18,2,778,0
2442,8,1,1791,0.1
2442,40,1,3255,0
2442,49,1,1048,0.1
2443,57,1,729,0.05
2443,48,1,2972,0.1
2444,10,1,3487,0
2444,2,1,3850,0.05
2445,50,1,2033,0.05
2445,24,1,2262,0
2446,31,2,3203,0.15
2447,2,1,3850,0.1
2447,45,1,4975,0.05
2448,34,1,2437,0.1
2448,35,2,1942,0
2449,7,2,1985,0.05
2449,12,1,4627,0.1
2449,45,1,4975,0.1
2449,27,1,1579,0.1
2450,15,1,860,0
2450,30,2,4729,0.1
2451,17,1,2656,0
2451,53,2,1286,0
2452,7,1,1985,0.05
2453,2,2,3850,0
2453,45,2,4975,0.1
2454,27,1,1579,0
2454,16,1,1002,0.05
2454,34,1,2437,0.05
2454,10,2,3487,0
2455,13,1,3877,0.1
2455,58,2,1326,0
2456,36,1,1580,0
2457,45,1,4975,0
2457,2,1,3850,0.1
2458,57,2,729,0.05
2458,33,1,4175,0
2459,9,1,4658,0.05
2460,21,1,2746,0.05
2461,22,1,1574,0.2
2462,13,1,3877,0.05
2462,49,1,1048,0
2463,57,1,729,0
2463,19,1,2193,0.15
2463,23,2,2336,0.1
2464,8,2,1791,0
2465,5,1,1760,0
2466,23,1,2336,0.15
2466,7,1,1985,0
2466,37,1,667,0.1
2467,54,1,3026,0.15
2468,15,1,860,0
2469,51,2,2916,0.1
2469,30,1,4729,0
2470,9,1,4658,0.05
2471,43,1,4289,0.05
2472,42,1,3125,0.05
2473,44,1,724,0
2473,57,1,729,0.05
2473,23,2,2336,0
2474,53,1,1286,0.1
2474,14,1,4075,0.05
2474,54,2,3026,0.05
2475,38,1,3806,0.05
2475,28,1,567,0
2476,31,1,3203,0.2
2477,17,1,2656,0
2478,6,1,529,0.05
2478,42,1,3125,0.1
2478,38,2,3806,0
2479,28,1,567,0.2
2480,45,1,4975,0.15
2480,58,1,1326,0.15
2481,38,1,3806,0.1
2482,13,1,3877,0.05
2483,44,1,724,0
2484,51,1,2916,0
2485,20,1,3438,0
2485,58,1,1326,0.15
2486,55,1,4572,0
2486,24,1,2262,0.05
2486,60,2,552,0.1
2487,41,1,931,0.05
2488,51,1,2916,0.1
2489,4,1,2293,0.15
2489,52,1,1957,0.15
2489,47,1,1558,0.15
2490,55,1,4572,0.15
2491,38,1,3806,0.1
2492,13,1,3877,0
2493,20,1,3438,0
2494,31,1,3203,0
2494,38,1,3806,0
2495,44,1,724,0.2
2496,41,1,931,0
2497,19,1,2193,0
2497,54,1,3026,0
2498,28,1,567,0
2498,42,1,3125,0
2499,55,2,4572,0.1
2499,47,1,1558,0.1
2499,30,3,4729,0
2500,42,1,3125,0
2501,56,1,630,0
2502,24,1,2262,0.05
2503,5,1,1760,0.05
2504,57,1,729,0
2504,39,1,2235,0.05
2504,16,1,1002,0.05
2505,55,1,4572,0
2506,50,1,2033,0
2506,51,1,2916,0
2507,12,2,4627,0
2507,55,2,4572,0
2508,38,1,3806,0
2508,13,1,3877,0.1
2509,18,3,778,0.1
2510,32,1,126,0
2510,59,1,2290,0.1
2511,39,1,2235,0
2511,4,2,2293,0
2512,7,1,1985,0
2512,3,1,3713,0.05
2512,40,1,3255,0.05
2513,1,1,150,0.15
2513,44,1,724,0.05
2514,17,2,2656,0.15
2514,48,1,2972,0.2
2515,47,1,1558,0.05
2515,49,2,1048,0.2
2516,58,1,1326,0
2517,25,2,3410,0.05
2518,16,2,1002,0.2
2519,18,1,778,0
2519,7,1,1985,0.15
2519,34,2,2437,0
2520,15,1,860,0
2520,8,1,1791,0.05
2521,49,1,1048,0.1
2522,37,1,667,0.1
2523,46,1,3785,0
2523,6,1,529,0
2524,20,1,3438,0.1
2525,55,1,4572,0.05
2526,49,3,1048,0.2
2526,23,1,2336,0
2526,39,1,2235,0
2527,55,1,4572,0
2528,49,2,1048,0
2529,3,1,3713,0.15
2529,2,1,3850,0.05
2529,55,2,4572,0.1
2530,58,1,1326,0.15
2531,22,2,1574,0
2531,13,2,3877,0.15
2532,7,2,1985,0.2
2532,39,1,2235,0.05
2533,28,1,567,0.05
2534,58,1,1326,0.1
2534,13,2,3877,0.15
2535,26,1,4752,0.1
2535,42,1,3125,0.2
2536,37,1,667,0
2537,8,3,1791,0
2538,4,1,2293,0.15
2538,29,1,2320,0.1
2539,30,1,4729,0
2540,29,1,2320,0.05
2541,18,2,778,0.1
2541,25,1,3410,0.05
2542,16,1,1002,0.1
2542,13,1,3877,0.15
2543,49,1,1048,0.15
2543,28,1,567,0.1
2544,13,1,3877,0
2545,32,1,126,0.15
2546,20,2,3438,0.1
2546,54,1,3026,0
2547,57,2,729,0.1
2547,56,2,630,0.05
2547,52,1,1957,0
2548,4,1,2293,0
2548,13,2,3877,0
2548,52,2,1957,0
2548,8,1,1791,0
2549,1,1,150,0.1
2550,14,1,4075,0.15
2551,25,1,3410,0.1
2551,50,1,2033,0.2
2552,19,1,2193,0
2553,56,1,630,0
2554,46,1,3785,0
2554,5,1,1760,0.1
2555,59,1,2290,0.05
2555,45,1,4975,0
2556,25,1,3410,0.1
2557,27,1,1579,0.05
2558,60,2,552,0
2558,8,1,1791,0
2558,25,1,3410,0.2
2559,29,2,2320,0.1
2559,51,1,2916,0
2560,3,1,3713,0
2561,6,1,529,0.05
2561,18,1,778,0.1
2562,20,2,3438,0
2563,53,1,1286,0
2563,33,1,4175,0
2564,19,1,2193,0.05
2565,47,1,1558,0
2565,38,1,3806,0.1
2565,15,1,860,0.05
2566,20,2,3438,0.05
2566,29,1,2320,0.1
2567,30,2,4729,0
2567,4,2,2293,0
2567,52,2,1957,0.1
2568,1,1,150,0
2568,11,1,1744,0.05
2569,28,1,567,0
2569,19,1,2193,0.1
2569,42,1,3125,0.05
2570,1,1,150,0
2570,59,1,2290,0.05
2570,31,1,3203,0.05
2571,13,1,3877,0.1
2572,28,1,567,0
2572,40,1,3255,0
2573,59,1,2290,0.1
2573,8,2,1791,0
2574,24,1,2262,0.15
2574,5,3,1760,0.15
2575,49,2,1048,0.1
2575,38,2,3806,0.05
2576,4,1,2293,0
2577,10,1,3487,0
2577,53,1,1286,0
2578,8,1,1791,0
2578,6,1,529,0
2578,52,1,1957,0
2579,30,1,4729,0.05
2579,22,1,1574,0.1
2580,60,1,552,0.1
2581,4,1,2293,0.05
2582,50,2,2033,0.15
2582,6,2,529,0.05
2582,6,1,529,0.05
2583,42,1,3125,0.05
2583,1,1,150,0
2584,33,1,4175,0.05
2584,15,1,860,0
2584,51,1,2916,0.2
2585,27,2,1579,0.05
2585,57,1,729,0
2586,26,1,4752,0.1
2587,28,1,567,0
2587,41,1,931,0
2588,42,1,3125,0
2589,38,2,3806,0
2590,12,1,4627,0
2590,36,1,1580,0.05
2591,14,1,4075,0
2591,23,1,2336,0.15
2591,60,1,552,0
2592,18,1,778,0.05
2592,34,1,2437,0.05
2592,33,1,4175,0.1
2592,28,1,567,0
2593,45,1,4975,0
2594,48,1,2972,0.1
2594,56,2,630,0.1
2595,31,1,3203,0
2596,39,1,2235,0
2596,1,1,150,0.05
2596,12,1,4627,0.1
2596,47,1,1558,0.05
2597,34,1,2437,0.05
2597,47,1,1558,0
2598,36,1,1580,0
2598,56,1,630,0.1
2599,40,1,3255,0
2599,39,1,2235,0.1
2600,7,1,1985,0.05
2600,13,1,3877,0
2600,52,1,1957,0.1
2601,3,1,3713,0.05
2602,55,1,4572,0.05
2603,9,1,4658,0.05
2603,10,1,3487,0
2603,50,1,2033,0.05
2604,41,1,931,0.05
2604,53,2,1286,0.1
2605,21,1,2746,0.1
2605,8,2,1791,0
2605,60,1,552,0
2605,21,2,2746,0.05
2606,44,1,724,0
2606,40,2,3255,0
2606,50,1,2033,0.05
2606,49,1,1048,0
2607,39,1,2235,0
2607,19,1,2193,0.05
2608,19,1,2193,0.05
2608,37,1,667,0.05
2608,17,1,2656,0.15
2609,38,1,3806,0.05
2610,40,1,3255,0
2610,19,1,2193,0.1
2611,32,3,126,0
2611,47,1,1558,0.05
2611,48,1,2972,0.2
2612,25,1,3410,0
2613,55,1,4572,0.05
2614,29,1,2320,0.1
2614,9,1,4658,0.15
2615,39,1,2235,0
2616,48,1,2972,0.05
2616,20,1,3438,0.05
2616,21,2,2746,0.1
2616,16,1,1002,0.05
2617,36,1,1580,0.05
2617,36,1,1580,0
2618,25,1,3410,0
2619,54,1,3026,0
2619,10,1,3487,0.2
2620,40,3,3255,0
2621,9,1,4658,0.1
2622,43,1,4289,0
2622,6,1,529,0.1
2623,51,1,2916,0.1
2623,33,1,4175,0.05
2624,1,1,150,0.05
2624,7,2,1985,0
2625,16,1,1002,0.05
2626,35,1,1942,0
2626,12,1,4627,0
2626,15,1,860,0
2627,6,1,529,0
2627,30,1,4729,0.05
2627,54,1,3026,0
2628,39,1,2235,0.1
2628,44,1,724,0.05
2629,12,1,4627,0.05
2629,15,1,860,0.1
2630,16,1,1002,0.05
2631,4,1,2293,0.15
2631,34,1,2437,0
2632,15,1,860,0.15
2632,47,2,1558,0.05
2633,24,2,2262,0.1
2633,58,1,1326,0.1
2633,51,1,2916,0
2634,43,1,4289,0
2635,43,1,4289,0.1
2636,2,1,3850,0.05
2637,59,1,2290,0.05
2637,44,1,724,0.1
2637,45,1,4975,0.1
2638,9,1,4658,0
2639,42,1,3125,0.05
2639,49,1,1048,0
2640,48,1,2972,0.1
2641,46,2,3785,0.1
2641,45,1,4975,0.15
2641,44,1,724,0
2642,35,1,1942,0.15
2643,24,1,2262,0
2644,34,1,2437,0
2645,24,1,2262,0
2645,13,1,3877,0
2646,24,1,2262,0.05
2646,21,2,2746,0
2646,48,1,2972,0.1
2646,12,1,4627,0.05
2647,2,1,3850,0.05
2647,52,2,1957,0.2
2648,23,1,2336,0.05
2648,37,2,667,0
2649,22,1,1574,0.05
2649,49,1,1048,0
2649,25,1,3410,0.1
2650,38,2,3806,0
2650,21,2,2746,0.15
2651,12,1,4627,0
2652,59,1,2290,0
2652,50,2,2033,0
2653,49,1,1048,0.05
2653,49,1,1048,0
2654,34,1,2437,0.1
2654,34,1,2437,0.05
2654,40,1,3255,0
2655,21,1,2746,0.1
2655,46,1,3785,0
2655,17,1,2656,0
2656,18,1,778,0
2657,1,2,150,0.15
2657,56,1,630,0.05
2658,14,2,4075,0.05
2658,53,1,1286,0
2658,15,1,860,0.1
2659,1,1,150,0.15
2659,46,2,3785,0
2660,49,1,1048,0.05
2660,19,1,2193,0.2
2661,15,1,860,0.15
2661,33,3,4175,0.05
2662,51,1,2916,0.05
2662,38,2,3806,0
2663,14,1,4075,0.1
2664,35,1,1942,0
2664,47,1,1558,0
2665,27,1,1579,0.15
2666,59,1,2290,0.2
2667,41,1,931,0.05
2667,11,1,1744,0.05
2668,21,2,2746,0.1
2668,37,1,667,0
2669,48,1,2972,0
2670,28,3,567,0.05
2671,46,1,3785,0.1
2672,54,1,3026,0.1
2673,36,1,1580,0.05
2673,34,1,2437,0.05
2674,15,2,860,0.1
2674,16,2,1002,0.1
2675,7,2,1985,0.05
2676,1,1,150,0
2676,35,2,1942,0
2677,25,2,3410,0
2677,41,1,931,0.15
2677,16,1,1002,0.05
2678,39,1,2235,0
2679,14,1,4075,0
2679,54,1,3026,0.1
2679,29,1,2320,0.1
2680,41,1,931,0.15
2680,56,1,630,0.05
2681,38,2,3806,0.15
2682,14,1,4075,0.1
2683,28,1,567,0
2684,40,1,3255,0.05
2685,30,1,4729,0.1
2685,44,1,724,0.15
2686,10,1,3487,0.05
2686,32,2,126,0.05
2687,19,1,2193,0.15
2687,43,2,4289,0
2688,45,2,4975,0.05
2688,58,1,1326,0.2
2689,32,1,126,0.05
2689,42,2,3125,0.05
2689,8,1,1791,0
2689,14,1,4075,0.1
2690,18,1,778,0
2690,24,2,2262,0.05
2691,34,2,2437,0.1
2692,37,1,667,0
2692,58,1,1326,0.15
2692,46,1,3785,0
2693,58,1,1326,0.15
2694,38,1,3806,0.1
2695,49,2,1048,0.05
2695,39,1,2235,0
2696,40,1,3255,0.1
2696,21,1,2746,0.1
2697,59,2,2290,0.15
2697,27,1,1579,0.15
2698,31,1,3203,0.05
2698,49,2,1048,0.05
2699,40,1,3255,0
2699,52,2,1957,0.1
2700,4,1,2293,0.1
2700,26,1,4752,0.05
2700,15,2,860,0.05
2701,31,2,3203,0.1
2702,39,1,2235,0
2702,34,1,2437,0.1
2703,43,1,4289,0.1
2704,50,1,2033,0.2
2704,10,2,3487,0
2705,10,1,3487,0.05
2706,23,1,2336,0.1
2707,39,1,2235,0.15
2708,19,1,2193,0.05
2708,2,1,3850,0
2709,29,1,2320,0.1
2709,9,1,4658,0
2709,22,3,1574,0.05
2710,26,2,4752,0
2710,60,1,552,0
2711,13,2,3877,0.1
2711,38,1,3806,0.15
2712,43,1,4289,0.15
2712,13,1,3877,0
2713,18,1,778,0.1
2714,5,1,1760,0.05
2715,20,2,3438,0
2715,48,1,2972,0.05
2716,4,1,2293,0.1
2716,18,2,778,0.05
2716,37,1,667,0
2717,34,2,2437,0.1
2718,11,1,1744,0.1
2718,35,1,1942,0
2719,47,1,1558,0.1
2719,46,1,3785,0.2
2720,9,1,4658,0
2720,59,2,2290,0
2720,16,2,1002,0.05
2721,38,1,3806,0.2
2721,13,1,3877,0
2722,56,1,630,0.05
2723,53,1,1286,0.05
2723,8,1,1791,0.1
2724,13,1,3877,0
2725,35,1,1942,0.05
2725,53,1,1286,0
2726,17,1,2656,0
2727,24,1,2262,0.05
2727,45,2,4975,0.1
2728,28,1,567,0
2729,30,1,4729,0.05
2729,25,1,3410,0.1
2729,53,1,1286,0.05
2729,37,1,667,0
2730,8,1,1791,0
2730,55,2,4572,0.1
2731,30,1,4729,0
2732,9,2,4658,0.1
2732,51,1,2916,0.05
2733,29,1,2320,0.15
2733,58,1,1326,0.05
2733,11,1,1744,0
2734,47,1,1558,0
2735,26,1,4752,0.2
2736,2,1,3850,0
2737,9,1,4658,0.15
2738,10,2,3487,0.1
2738,10,1,3487,0.05
2739,19,1,2193,0.05
2740,56,3,630,0
2741,1,1,150,0.05
2741,60,1,552,0.15
2742,35,2,1942,0
2743,8,1,1791,0.05
2744,7,1,1985,0.2
2744,20,1,3438,0.15
2745,52,1,1957,0.1
2745,60,1,552,0.05
2746,28,2,567,0.05
2747,6,1,529,0.05
2747,39,1,2235,0
2748,13,1,3877,0
2749,2,1,3850,0
2750,24,1,2262,0.1
2751,50,1,2033,0.05
2752,52,1,1957,0.1
2752,15,2,860,0.1
2753,44,1,724,0.05
2754,16,1,1002,0
2755,36,2,1580,0.1
2756,6,1,529,0
2757,25,1,3410,0
2758,20,1,3438,0
2759,41,1,931,0
2759,55,1,4572,0.05
2760,53,1,1286,0
2760,22,1,1574,0
2761,28,1,567,0
2762,34,1,2437,0.1
2762,10,1,3487,0
2763,42,1,3125,0
2763,17,1,2656,0
2764,41,1,931,0
2765,51,1,2916,0
2766,6,1,529,0.05
2767,8,1,1791,0.05
2767,14,1,4075,0
2768,20,1,3438,0.1
2769,15,1,860,0
2770,23,1,2336,0.05
2770,6,1,529,0
2771,34,1,2437,0.05
2772,23,1,2336,0.05
2773,55,1,4572,0.2
2773,58,2,1326,0.05
2773,14,1,4075,0.2
2773,13,2,3877,0
2774,59,2,2290,0.15
2775,52,1,1957,0.1
2776,38,1,3806,0.1
2776,36,1,1580,0.1
2777,16,1,1002,0.1
2777,26,1,4752,0.05
2778,21,1,2746,0
2779,40,2,3255,0
2779,5,1,1760,0.2
2780,51,1,2916,0
2781,48,1,2972,0.1
2782,42,1,3125,0.15
2783,42,1,3125,0.05
2783,5,1,1760,0.2
2784,13,1,3877,0.15
2784,23,1,2336,0
2785,59,1,2290,0.05
2786,37,3,667,0.1
2787,48,1,2972,0
2788,28,1,567,0.2
2789,3,1,3713,0
2790,34,2,2437,0
2791,45,1,4975,0.05
2791,35,1,1942,0.15
2791,20,1,3438,0.05
2792,7,1,1985,0.05
2793,1,1,150,0.1
2794,3,1,3713,0
2794,28,2,567,0
2795,27,1,1579,0.05
2795,14,1,4075,0.05
2796,19,1,2193,0
2796,3,1,3713,0
2797,1,1,150,0
2797,46,1,3785,0.1
2797,37,1,667,0
2797,49,1,1048,0.15
2798,20,1,3438,0
2798,35,3,1942,0
2799,39,1,2235,0.05
2800,58,1,1326,0.15
2800,21,1,2746,0.2
2801,12,1,4627,0.2
2801,8,1,1791,0.05
2802,28,1,567,0.1
2802,10,1,3487,0.05
2803,17,1,2656,0
2804,6,1,529,0
2805,23,1,2336,0.1
2806,53,1,1286,0
2807,32,1,126,0
2808,3,1,3713,0.1
2808,33,2,4175,0.2
2809,55,1,4572,0
2809,6,1,529,0.05
2810,52,1,1957,0.15
2811,53,2,1286,0
2811,25,2,3410,0
2812,36,2,1580,0.1
2813,13,1,3877,0
2814,41,2,931,0
2814,4,2,2293,0.05
2814,22,1,1574,0
2815,2,1,3850,0.05
2815,57,1,729,0.05
2816,5,1,1760,0
2816,10,1,3487,0.1
2817,10,1,3487,0.05
2818,28,1,567,0
2819,36,1,1580,0.1
2820,59,1,2290,0
2821,2,1,3850,0
2822,29,1,2320,0.05
2822,48,1,2972,0.05
2822,41,1,931,0.15
2822,7,1,1985,0
2823,10,1,3487,0.1
2824,32,1,126,0.05
2824,35,1,1942,0.05
2824,15,2,860,0.05
2825,6,1,529,0.2
2826,13,1,3877,0
2826,18,1,778,0.2
2826,37,1,667,0.2
2826,40,1,3255,0.05
2827,55,1,4572,0.1
2827,8,1,1791,0
2828,58,1,1326,0
2828,11,1,1744,0
2829,17,3,2656,0.15
2829,55,1,4572,0.15
2829,1,1,150,0
2830,26,1,4752,0.1
2831,53,1,1286,0
2831,57,3,729,0
2832,55,2,4572,0.1
2832,60,1,552,0.1
2832,44,1,724,0.05
2833,24,2,2262,0.2
2833,16,1,1002,0.1
2833,27,1,1579,0.1
2833,41,1,931,0.15
2834,44,1,724,0
2834,2,1,3850,0
2835,30,1,4729,0.15
2836,45,1,4975,0
2837,18,1,778,0.1
2838,39,2,2235,0
2838,11,1,1744,0.1
2838,42,1,3125,0.05
2839,29,1,2320,0
2839,3,1,3713,0
2840,37,1,667,0.1
2841,56,1,630,0
2842,6,3,529,0
2843,12,1,4627,0.1
2844,54,1,3026,0
2845,40,2,3255,0
2845,26,1,4752,0.1
2846,4,1,2293,0
2846,1,2,150,0.05
2846,1,1,150,0.15
2847,54,1,3026,0.2
2848,23,1,2336,0
2849,28,1,567,0
2849,41,1,931,0.05
2849,24,1,2262,0
2850,10,1,3487,0
2850,47,1,1558,0.1
2851,46,1,3785,0
2851,13,1,3877,0
2852,6,1,529,0
2853,12,2,4627,0.05
2853,50,1,2033,0
2853,60,1,552,0
2854,48,1,2972,0.05
2855,44,2,724,0.1
2855,55,1,4572,0.15
2856,54,1,3026,0.05
2856,58,1,1326,0
2857,13,1,3877,0.2
2858,32,2,126,0
2858,46,1,3785,0.1
2858,36,1,1580,0
2859,35,1,1942,0.1
2860,45,1,4975,0
2861,12,1,4627,0.1
2861,6,1,529,0.05
2861,22,1,1574,0.1
2862,40,1,3255,0.1
2863,55,1,4572,0.2
2863,22,2,1574,0
2863,4,1,2293,0.1
2864,24,1,2262,0.05
2864,46,2,3785,0.15
2864,39,2,2235,0
2865,21,1,2746,0.1
2866,29,1,2320,0.1
2866,59,2,2290,0
2867,55,1,4572,0.1
2867,32,1,126,0
2867,8,2,1791,0.05
2868,34,1,2437,0.1
2869,40,2,3255,0.05
2869,37,1,667,0.1
2870,3,2,3713,0.2
2870,11,2,1744,0.05
2870,7,1,1985,0
2871,16,1,1002,0
2872,59,2,2290,0.15
2873,46,1,3785,0.05
2874,23,1,2336,0
2875,50,1,2033,0.1
2876,32,1,126,0
2876,10,1,3487,0
2877,31,1,3203,0
2878,36,1,1580,0.1
2879,30,1,4729,0.05
2879,54,1,3026,0.2
2880,8,3,1791,0.1
2881,3,2,3713,0
2882,5,1,1760,0
2883,46,2,3785,0
2884,36,2,1580,0
2884,38,1,3806,0
2885,19,2,2193,0
2885,53,1,1286,0.2
2885,25,1,3410,0.05
2886,59,1,2290,0.1
2887,11,1,1744,0.05
2888,35,1,1942,0
2889,45,1,4975,0.15
2889,25,1,3410,0
2889,53,1,1286,0
2890,25,1,3410,0.05
2890,47,1,1558,0.05
2890,36,3,1580,0.05
2890,54,1,3026,0
2891,35,2,1942,0.2
2892,30,1,4729,0.15
2892,43,1,4289,0.05
2893,43,2,4289,0
2893,33,2,4175,0.1
2893,8,3,1791,0.15
2894,7,1,1985,0.1
2895,24,1,2262,0.05
2895,8,1,1791,0.05
2896,35,1,1942,0.05
2896,45,1,4975,0.05
2897,2,1,3850,0
2897,21,1,2746,0.1
2898,24,2,2262,0.05
2899,9,1,4658,0.05
2900,11,1,1744,0
2901,3,2,3713,0
2901,49,1,1048,0.1
2902,57,2,729,0.2
2902,15,1,860,0
2903,25,2,3410,0
2904,48,1,2972,0.1
2904,51,2,2916,0.05
2904,49,1,1048,0
2905,11,2,1744,0
2906,3,1,3713,0.05
2907,40,1,3255,0.05
2907,20,1,3438,0.05
2907,59,1,2290,0.1
2908,24,1,2262,0
2909,34,1,2437,0
2909,42,1,3125,0.05
2910,38,1,3806,0
2910,18,1,778,0.1
2911,55,2,4572,0.15
2911,22,1,1574,0
2912,53,1,1286,0.05
2912,36,1,1580,0.05
2913,29,1,2320,0
2913,16,1,1002,0.05
2914,13,2,3877,0.05
2914,4,1,2293,0
2914,33,1,4175,0
2915,20,2,3438,0
2916,50,1,2033,0.1
2917,20,1,3438,0.05
2917,27,1,1579,0.05
2917,29,2,2320,0
2918,59,1,2290,0
2919,13,1,3877,0
2919,23,1,2336,0
2919,49,1,1048,0.05
2920,32,2,126,0.2
2920,14,1,4075,0
2921,33,1,4175,0
2921,46,1,3785,0.1
2921,8,1,1791,0
2921,45,1,4975,0
2922,56,1,630,0.15
2923,34,1,2437,0.05
2923,4,2,2293,0
2924,26,1,4752,0.05
2924,57,2,729,0.1
2925,24,3,2262,0
2926,26,1,4752,0
2927,43,1,4289,0.05
2928,6,1,529,0.2
2929,35,1,1942,0.1
2930,49,2,1048,0.05
2931,55,1,4572,0.05
2932,11,1,1744,0.1
2933,28,1,567,0.1
2934,8,1,1791,0.1
2935,46,1,3785,0.1
2936,26,1,4752,0.1
2937,31,1,3203,0.1
2938,46,1,3785,0
2939,17,1,2656,0.1
2939,13,1,3877,0
2939,58,1,1326,0
2940,35,1,1942,0.05
2940,56,3,630,0
2940,46,1,3785,0.05
2940,57,1,729,0.05
2941,54,1,3026,0
2942,26,1,4752,0
2942,20,1,3438,0.05
2942,11,1,1744,0.05
2943,50,2,2033,0
2943,7,1,1985,0.05
2944,40,2,3255,0
2944,24,1,2262,0.15
2945,36,1,1580,0
2946,8,1,1791,0
2947,47,1,1558,0
2947,39,1,2235,0.05
2947,32,1,126,0
2948,52,1,1957,0.1
2948,8,1,1791,0
2949,53,1,1286,0.1
2949,56,1,630,0
2950,11,1,1744,0.1
2950,30,1,4729,0.1
2951,23,1,2336,0.15
2952,31,1,3203,0.1
2952,25,1,3410,0.05
2953,39,1,2235,0.15
2953,2,1,3850,0.1
2953,51,1,2916,0
2953,46,1,3785,0
2954,6,1,529,0
2954,59,1,2290,0.2
2955,10,2,3487,0
2955,29,2,2320,0.1
2956,42,2,3125,0
2957,56,1,630,0
2957,11,1,1744,0.05
2957,15,1,860,0.1
2957,21,1,2746,0.1
2958,34,1,2437,0.05
2959,31,1,3203,0.05
2959,45,1,4975,0.05
2960,3,2,3713,0
2960,17,1,2656,0
2960,42,1,3125,0.1
2961,21,3,2746,0
2961,60,1,552,0.1
2962,22,1,1574,0.05
2962,20,1,3438,0.1
2962,60,1,552,0.2
2962,4,1,2293,0
2963,6,1,529,0
2964,25,1,3410,0.05
2964,52,1,1957,0
2965,26,1,4752,0.1
2966,23,2,2336,0.05
2966,50,1,2033,0.05
2966,58,1,1326,0.05
2967,58,1,1326,0.1
2967,36,1,1580,0.05
2968,57,1,729,0
2969,51,1,2916,0
2969,41,2,931,0.1
2969,56,1,630,0
2970,29,1,2320,0
2970,21,1,2746,0.05
2971,13,1,3877,0.15
2972,6,1,529,0.15
2973,15,2,860,0
2973,53,1,1286,0.05
2974,11,1,1744,0
2974,19,1,2193,0.05
2974,15,1,860,0
2974,28,3,567,0.2
2975,11,1,1744,0.05
2975,51,1,2916,0
2976,45,3,4975,0
2977,2,1,3850,0.1
2978,37,1,667,0.15
2978,54,1,3026,0.1
2979,20,1,3438,0.15
2979,7,1,1985,0.15
2980,22,1,1574,0.05
2980,28,1,567,0.15
2980,13,1,3877,0
2981,7,1,1985,0
2982,6,1,529,0.1
2983,1,1,150,0
2983,33,2,4175,0.15
2983,39,1,2235,0
2983,29,2,2320,0
2984,29,1,2320,0.05
2984,50,1,2033,0
2984,38,1,3806,0.1
2984,46,3,3785,0
2985,12,2,4627,0
2985,26,1,4752,0.1
2985,14,1,4075,0.2
2986,44,1,724,0.05
2986,57,1,729,0.2
2987,59,1,2290,0
2988,57,1,729,0.05
2988,49,1,1048,0.2
2989,34,2,2437,0.15
2990,48,1,2972,0.1
2990,1,2,150,0
2990,25,1,3410,0.1
2991,15,1,860,0
2991,35,1,1942,0
2992,25,1,3410,0
2992,56,1,630,0.15
2993,13,1,3877,0.05
2993,8,1,1791,0
2994,13,2,3877,0.05
2995,50,2,2033,0.05
2996,42,1,3125,0.15
2997,42,1,3125,0
2997,59,1,2290,0.15
2998,16,1,1002,0.05
2999,23,1,2336,0.15
2999,9,2,4658,0.1
3000,21,1,2746,0.05
3000,21,1,2746,0.05
3001,50,1,2033,0.05
3001,51,1,2916,0.1
3002,52,1,1957,0.05
3003,57,2,729,0
3003,38,1,3806,0.05
3003,43,2,4289,0.2
3004,44,1,724,0
3005,18,1,778,0.05
3006,35,1,1942,0.1
3007,23,1,2336,0.2
3007,56,1,630,0
3008,14,3,4075,0.15
3009,24,1,2262,0
3009,31,1,3203,0
3009,26,1,4752,0.1
3009,30,1,4729,0.15
3010,45,1,4975,0.05
3011,20,1,3438,0.05
3012,26,2,4752,0.1
3012,28,1,567,0
3013,7,1,1985,0.1
3014,7,1,1985,0
3014,45,1,4975,0
3015,36,1,1580,0
3015,41,2,931,0
3016,51,2,2916,0
3017,37,1,667,0
3017,31,2,3203,0.2
3018,43,1,4289,0.1
3019,25,1,3410,0.05
3020,19,1,2193,0
3020,22,1,1574,0.05
3021,27,1,1579,0.05
3022,14,2,4075,0
3022,11,1,1744,0.05
3023,2,2,3850,0.15
3023,53,1,1286,0.05
3024,39,2,2235,0
3024,10,1,3487,0
3024,37,2,667,0.2
3025,28,1,567,0.1
3025,56,1,630,0
3026,6,1,529,0
3026,28,1,567,0.2
3026,40,2,3255,0.05
3027,33,1,4175,0
3027,15,1,860,0
3027,46,1,3785,0.05
3028,58,1,1326,0.1
3028,60,2,552,0
3029,25,1,3410,0
3030,9,1,4658,0.1
3031,28,1,567,0.1
3032,39,2,2235,0
3032,36,1,1580,0.15
3033,56,1,630,0.05
3034,8,1,1791,0.05
3034,28,2,567,0
3034,31,1,3203,0.05
3034,3,1,3713,0
3035,56,1,630,0.15
3035,31,2,3203,0
3035,27,3,1579,0.05
3036,24,1,2262,0
3036,33,2,4175,0.1
3036,12,1,4627,0
3037,53,1,1286,0.2
3038,1,1,150,0.05
3038,32,1,126,0.05
3038,32,1,126,0
3039,15,1,860,0
3040,59,1,2290,0.05
3041,32,1,126,0.05
3041,1,1,150,0
3042,14,1,4075,0.1
3042,13,1,3877,0.05
3043,48,1,2972,0
3044,50,2,2033,0
3045,51,1,2916,0.15
3045,2,1,3850,0
3046,5,1,1760,0.1
3047,34,1,2437,0
3047,55,1,4572,0.2
3048,9,1,4658,0.05
3049,32,1,126,0.15
3050,14,1,4075,0
3051,10,1,3487,0.1
3051,39,2,2235,0.05
3052,42,1,3125,0
3052,50,1,2033,0
3052,32,1,126,0.15
3053,9,1,4658,0
3054,14,1,4075,0
3054,3,1,3713,0.15
3055,22,1,1574,0.1
3055,30,2,4729,0.1
3056,27,1,1579,0.15
3057,35,1,1942,0
3057,15,2,860,0.05
3058,15,1,860,0.15
3058,3,1,3713,0.1
3059,24,1,2262,0
3059,18,1,778,0.1
3060,50,1,2033,0
3060,7,1,1985,0
3061,11,1,1744,0.05
3061,49,2,1048,0.1
3061,31,1,3203,0.15
3062,45,1,4975,0.05
3063,48,1,2972,0.1
3063,56,1,630,0
3064,14,1,4075,0.05
3065,48,1,2972,0
3066,59,1,2290,0
3066,2,1,3850,0.15
3067,36,1,1580,0.15
3068,41,1,931,0.15
3068,10,1,3487,0.05
3069,43,1,4289,0
3069,5,3,1760,0
3069,11,1,1744,0.1
3070,57,1,729,0
3071,15,1,860,0.05
3071,7,1,1985,0
3072,6,1,529,0.1
3073,13,2,3877,0.05
3074,49,1,1048,0.1
3074,51,2,2916,0
3074,25,1,3410,0
3075,24,1,2262,0.15
3075,18,1,778,0
3076,41,2,931,0.05
3077,37,1,667,0.15
3078,43,1,4289,0
3079,30,1,4729,0.05
3079,30,1,4729,0.05
3080,14,1,4075,0
3080,23,3,2336,0
3080,6,2,529,0.1
3080,3,1,3713,0
3081,28,1,567,0
3082,38,1,3806,0.05
3083,2,2,3850,0.15
3084,32,1,126,0.05
3084,47,1,1558,0.05
3084,41,1,931,0
3085,20,1,3438,0.1
3085,41,1,931,0.15
3085,25,1,3410,0
3086,47,1,1558,0.1
3086,2,1,3850,0.05
3086,14,1,4075,0.05
3086,25,1,3410,0.05
3087,48,1,2972,0.15
3087,47,1,1558,0.1
3088,29,1,2320,0.1
3089,15,1,860,0.05
3089,53,1,1286,0.1
3089,50,1,2033,0.05
3090,31,2,3203,0
3091,56,2,630,0.1
3091,1,1,150,0.1
3091,31,1,3203,0
3092,32,1,126,0
3093,46,1,3785,0.05
3094,3,1,3713,0.1
3094,1,2,150,0.15
3095,3,1,3713,0
3095,19,1,2193,0.05
3095,30,1,4729,0.05
3096,47,1,1558,0
3096,38,1,3806,0.1
3097,5,1,1760,0.1
3098,13,1,3877,0
3099,2,2,3850,0
3099,7,3,1985,0
3100,42,1,3125,0.15
3101,45,1,4975,0
3101,26,1,4752,0
3102,8,1,1791,0.05
3103,60,1,552,0.15
3104,17,1,2656,0.15
3105,36,2,1580,0.15
3106,14,1,4075,0.15
3107,56,2,630,0
3108,21,1,2746,0
3108,59,1,2290,0.15
3109,38,1,3806,0
3109,46,1,3785,0
3110,34,1,2437,0
3111,57,1,729,0.2
3111,53,1,1286,0
3111,42,1,3125,0.05
3112,58,1,1326,0.05
3113,5,1,1760,0.05
3113,49,1,1048,0
3113,34,1,2437,0
3113,34,1,2437,0.1
3114,24,1,2262,0
3115,10,1,3487,0.05
3115,3,1,3713,0.15
3115,7,2,1985,0
3116,27,2,1579,0
3116,10,2,3487,0.1
3116,1,1,150,0.1
3117,52,1,1957,0
3118,4,1,2293,0
3119,58,1,1326,0
3119,49,1,1048,0.1
3120,58,1,1326,0.15
3120,22,1,1574,0.15
3120,54,1,3026,0.05
3121,53,1,1286,0
3121,22,1,1574,0.1
3122,50,1,2033,0.05
3122,7,2,1985,0.2
3123,8,1,1791,0.1
3124,30,1,4729,0.05
3124,6,1,529,0.15
3125,41,1,931,0.05
3126,50,1,2033,0
3126,23,1,2336,0.1
3127,17,1,2656,0
3127,44,1,724,0
3128,59,1,2290,0.15
3128,29,1,2320,0.1
3129,10,1,3487,0.05
3130,48,1,2972,0
3130,24,1,2262,0.05
3131,11,1,1744,0.1
3131,60,1,552,0
3132,31,1,3203,0
3132,11,3,1744,0
3132,55,1,4572,0.1
3133,43,1,4289,0.05
3134,38,1,3806,0.1
3135,17,3,2656,0
3135,23,1,2336,0.05
3135,8,1,1791,0
3136,4,1,2293,0.1
3136,9,2,4658,0.05
3137,34,2,2437,0
3138,26,1,4752,0
3139,14,1,4075,0
3139,11,1,1744,0.15
3140,15,1,860,0.1
3141,36,1,1580,0.05
3141,18,1,778,0.05
3142,28,2,567,0.1
3142,35,1,1942,0
3143,35,1,1942,0.15
3143,17,1,2656,0
3144,46,1,3785,0.05
3144,37,1,667,0.05
3145,2,1,3850,0.05
3145,10,1,3487,0
3146,55,1,4572,0.15
3147,31,1,3203,0.1
3147,2,1,3850,0.15
3147,52,1,1957,0.1
3148,8,1,1791,0.1
3149,56,1,630,0
3150,58,1,1326,0
3151,18,1,778,0.05
3152,59,1,2290,0.05
3153,48,1,2972,0
3154,33,2,4175,0.15
3154,2,1,3850,0.05
3155,8,1,1791,0.05
3156,21,1,2746,0.1
3157,58,2,1326,0.05
3158,4,1,2293,0
3158,40,2,3255,0.15
3158,9,1,4658,0.05
3159,1,1,150,0.05
3159,13,1,3877,0.1
3160,59,1,2290,0
3160,31,1,3203,0.1
3161,17,1,2656,0.15
3161,12,2,4627,0
3161,42,1,3125,0.05
3162,21,1,2746,0.05
3162,17,1,2656,0
3163,12,3,4627,0
3163,55,1,4572,0
3164,18,1,778,0.1
3164,42,2,3125,0
3164,56,1,630,0.15
3164,38,1,3806,0
3165,10,2,3487,0.1
3165,7,1,1985,0.05
3166,16,1,1002,0.15
3167,18,1,778,0
3167,45,2,4975,0.15
3168,24,3,2262,0.1
3169,57,1,729,0.05
3170,11,1,1744,0
3170,48,2,2972,0.1
3171,39,1,2235,0.2
3171,28,1,567,0.05
3172,56,2,630,0
3172,31,2,3203,0.05
3172,8,1,1791,0.05
3172,53,3,1286,0
3173,32,1,126,0
3174,1,1,150,0
3175,40,1,3255,0.05
3176,50,2,2033,0.15
3177,27,1,1579,0.2
3178,1,2,150,0.1
3178,8,1,1791,0
3179,48,1,2972,0.1
3180,22,1,1574,0.05
3180,4,1,2293,0.1
3181,45,1,4975,0
3181,3,1,3713,0
3182,1,1,150,0.1
3183,52,1,1957,0
3183,53,2,1286,0.1
3184,7,3,1985,0
3184,25,1,3410,0
3184,44,2,724,0.05
3185,13,1,3877,0.15
3186,32,1,126,0
3186,30,1,4729,0
3187,3,1,3713,0.1
3187,38,1,3806,0
3188,7,1,1985,0
3188,34,1,2437,0.15
3189,19,3,2193,0.05
3189,23,1,2336,0
3189,29,1,2320,0
3190,1,1,150,0
3190,40,1,3255,0.05
3191,48,1,2972,0
3192,55,1,4572,0.1
3192,10,1,3487,0
3193,58,1,1326,0.05
3194,5,1,1760,0.1
3194,49,1,1048,0.05
3195,23,2,2336,0
3196,44,1,724,0
3196,60,1,552,0.2
3196,60,2,552,0.05
3196,44,1,724,0.05
3197,3,1,3713,0.15
3197,56,1,630,0.05
3198,25,1,3410,0.1
3199,4,1,2293,0
3200,28,1,567,0.1
3200,21,1,2746,0.05
3200,56,2,630,0.1
3201,16,1,1002,0
3202,18,1,778,0
3203,21,1,2746,0
3203,50,2,2033,0.15
3204,32,2,126,0.15
3205,42,1,3125,0
3205,50,1,2033,0
3206,52,1,1957,0
3206,30,1,4729,0.2
3207,38,1,3806,0
3207,22,1,1574,0.15
3207,15,1,860,0
3208,50,1,2033,0.05
3208,53,1,1286,0.05
3209,10,1,3487,0
3210,44,1,724,0
3210,40,1,3255,0.15
3211,6,1,529,0.2
3212,6,2,529,0.15
3212,3,1,3713,0
3213,4,2,2293,0.1
3214,54,2,3026,0.1
3215,38,1,3806,0
3216,36,1,1580,0
3216,53,1,1286,0
3217,22,2,1574,0
3217,45,1,4975,0.05
3218,23,1,2336,0
3218,6,1,529,0.05
3219,18,1,778,0.1
3219,29,1,2320,0.05
3220,20,2,3438,0.1
3221,15,2,860,0
3222,55,1,4572,0.05
3222,45,1,4975,0.05
3223,13,1,3877,0
3224,22,2,1574,0.1
3224,21,1,2746,0
3224,53,2,1286,0
3225,19,1,2193,0.05
3226,6,1,529,0
3227,36,1,1580,0.05
3228,36,1,1580,0.05
3229,10,1,3487,0
3230,60,1,552,0
3231,6,1,529,0
3231,54,1,3026,0.1
3232,20,1,3438,0
3232,53,1,1286,0.15
3232,51,1,2916,0.15
3232,15,1,860,0.05
3233,44,1,724,0
3233,2,2,3850,0.05
3234,43,1,4289,0.1
3234,42,1,3125,0
3234,48,1,2972,0
3235,17,1,2656,0
3235,56,1,630,0
3236,3,1,3713,0
3237,37,1,667,0.05
3237,19,2,2193,0.1
3237,3,1,3713,0.05
3238,38,1,3806,0
3239,60,1,552,0
3239,57,2,729,0.1
3240,59,2,2290,0
3240,7,1,1985,0.05
3241,46,1,3785,0
3241,6,1,529,0
3242,20,1,3438,0.1
3243,38,1,3806,0
3244,24,1,2262,0.1
3244,38,1,3806,0
3245,12,1,4627,0
3245,20,1,3438,0.05
3246,45,1,4975,0.15
3247,39,2,2235,0
3247,54,1,3026,0
3248,53,1,1286,0.05
3249,27,1,1579,0.05
3249,2,1,3850,0.15
3250,33,1,4175,0.05
3251,24,1,2262,0
3252,58,1,1326,0.1
3253,21,1,2746,0
3254,14,1,4075,0
3254,56,3,630,0.2
3254,7,1,1985,0
3255,22,1,1574,0.1
3256,25,1,3410,0
3256,54,1,3026,0.05
3256,20,2,3438,0.15
3257,31,1,3203,0
3257,40,1,3255,0
3257,60,1,552,0
3257,53,1,1286,0.1
3258,6,1,529,0.1
3258,36,1,1580,0
3259,35,3,1942,0.05
3260,56,1,630,0.05
3260,59,1,2290,0.05
3261,4,1,2293,0
3262,48,1,2972,0.1
3262,34,2,2437,0.2
3263,46,1,3785,0
3263,41,1,931,0.05
3264,20,1,3438,0.1
3265,39,2,2235,0
3265,28,1,567,0
3266,25,1,3410,0
3267,31,1,3203,0
3267,49,1,1048,0.2
3268,48,2,2972,0.1
3269,20,1,3438,0
3270,3,1,3713,0.05
3271,40,1,3255,0.05
3272,20,2,3438,0
3273,17,1,2656,0.05
3273,51,1,2916,0.1
3274,4,1,2293,0.15
3274,7,1,1985,0.1
3275,7,1,1985,0
3276,1,2,150,0.15
3276,31,2,3203,0
3277,21,1,2746,0
3278,44,2,724,0.05
3279,34,1,2437,0
3279,37,1,667,0.05
3280,18,1,778,0.05
3280,39,1,2235,0.1
3281,58,1,1326,0.1
3282,12,1,4627,0.05
3282,25,1,3410,0.2
3282,7,1,1985,0.05
3283,6,1,529,0
3283,37,1,667,0.05
3284,42,1,3125,0.05
3285,10,1,3487,0
3286,3,1,3713,0
3286,29,1,2320,0
3286,15,1,860,0.15
3287,23,1,2336,0.15
3287,14,1,4075,0.05
3288,24,1,2262,0
3288,29,1,2320,0.05
3289,32,1,126,0.05
3290,15,2,860,0
3290,40,1,3255,0.1
3291,45,1,4975,0.1
3292,50,1,2033,0
3293,16,2,1002,0.05
3294,14,1,4075,0.05
3295,2,1,3850,0.1
3295,52,2,1957,0
3296,6,1,529,0.05
3297,13,1,3877,0
3298,14,1,4075,0
3299,54,2,3026,0.05
3300,60,1,552,0
3301,18,1,778,0.15
3302,30,2,4729,0
3302,14,1,4075,0
3303,22,1,1574,0.15
3303,26,2,4752,0.15
3304,34,2,2437,0.1
3304,41,1,931,0
3305,7,1,1985,0.05
3306,13,1,3877,0
3306,11,1,1744,0.05
3307,4,1,2293,0.05
3307,55,1,4572,0.15
3308,13,1,3877,0.05
3309,32,1,126,0.1
3309,22,1,1574,0
3309,52,3,1957,0.1
3310,29,1,2320,0
3310,37,2,667,0.15
3310,39,1,2235,0
3311,21,2,2746,0.15
3311,39,1,2235,0.2
3311,4,1,2293,0
3312,31,1,3203,0.15
3312,34,1,2437,0
3313,43,2,4289,0
3313,40,1,3255,0.1
3313,13,1,3877,0.05
3314,36,2,1580,0
3314,50,1,2033,0
3314,20,1,3438,0
3315,44,1,724,0
3315,34,1,2437,0.05
3315,37,1,667,0.1
3316,38,1,3806,0.1
3316,29,2,2320,0.05
3316,18,1,778,0
3317,16,1,1002,0.15
3317,59,1,2290,0.05
3318,41,1,931,0.05
3318,48,1,2972,0.1
3319,18,1,778,0
3319,20,2,3438,0
3319,7,1,1985,0.1
3320,8,1,1791,0
3321,59,2,2290,0.05
3322,53,1,1286,0.15
3322,49,2,1048,0
3323,39,1,2235,0.1
3323,48,1,2972,0.2
3324,42,1,3125,0.1
3324,45,1,4975,0.15
3325,14,1,4075,0
3325,35,1,1942,0.05
3326,55,1,4572,0
3326,47,1,1558,0.05
3326,16,1,1002,0.1
3327,21,1,2746,0
3327,28,1,567,0.1
3327,55,1,4572,0
3328,6,2,529,0
3329,30,1,4729,0.2
3329,17,1,2656,0
3330,2,1,3850,0
3330,20,1,3438,0.1
3330,20,1,3438,0.15
3330,24,1,2262,0
3331,34,1,2437,0.15
3332,51,1,2916,0.1
3333,31,2,3203,0
3334,18,2,778,0.05
3335,20,1,3438,0.05
3335,1,1,150,0.1
3336,46,1,3785,0
3337,27,1,1579,0
3337,37,2,667,0.15
3338,8,1,1791,0
3339,5,1,1760,0.1
3339,60,1,552,0.05
3339,42,2,3125,0
3340,45,1,4975,0
3340,27,1,1579,0
3340,14,1,4075,0.1
3341,34,1,2437,0
3342,57,1,729,0.05
3343,3,1,3713,0
3343,19,1,2193,0.15
3344,33,1,4175,0.05
3344,14,2,4075,0.15
3345,54,2,3026,0
3345,49,2,1048,0.15
3346,46,1,3785,0.05
3347,12,1,4627,0.05
3348,3,2,3713,0.05
3348,20,2,3438,0.1
3348,50,1,2033,0
3348,51,1,2916,0
3349,36,1,1580,0
3349,44,1,724,0
3350,44,1,724,0.05
3350,42,1,3125,0.05
3350,13,1,3877,0.1
3350,44,1,724,0
3351,31,2,3203,0
3352,6,2,529,0.05
3352,11,1,1744,0.1
3353,30,2,4729,0
3354,50,2,2033,0
3354,4,1,2293,0
3354,50,1,2033,0
3355,27,1,1579,0.1
3355,36,1,1580,0.05
3356,29,1,2320,0.2
3356,37,1,667,0
3357,53,1,1286,0.15
3357,14,1,4075,0
3358,9,1,4658,0.05
3358,33,2,4175,0
3358,42,1,3125,0.1
3359,37,1,667,0
3360,30,1,4729,0.05
3361,50,1,2033,0.2
3362,2,2,3850,0
3362,24,1,2262,0.1
3362,34,1,2437,0.15
3363,15,2,860,0.15
3363,23,1,2336,0
3364,6,1,529,0
3364,52,2,1957,0.1
3364,13,1,3877,0.1
3365,20,1,3438,0.15
3366,48,1,2972,0.05
3366,3,1,3713,0
3367,38,1,3806,0.05
3368,46,2,3785,0.05
3368,45,2,4975,0
3368,10,2,3487,0.1
3369,42,1,3125,0
3370,10,1,3487,0.15
3370,6,1,529,0
3371,31,1,3203,0.2
3371,45,1,4975,0
3372,38,1,3806,0.1
3373,30,1,4729,0
3374,25,1,3410,0.1
3374,13,1,3877,0.05
3375,24,1,2262,0.15
3376,54,1,3026,0.15
3377,48,1,2972,0.05
3377,17,1,2656,0
3377,31,1,3203,0.05
3378,42,1,3125,0.1
3378,45,1,4975,0.15
3378,59,1,2290,0.05
3379,38,1,3806,0.05
3380,55,1,4572,0.05
3381,29,1,2320,0.05
3382,33,1,4175,0
3382,14,2,4075,0.05
3383,20,2,3438,0.1
3384,44,2,724,0
3385,51,1,2916,0.2
3385,13,1,3877,0
3386,42,1,3125,0
3387,38,1,3806,0
3388,40,2,3255,0.05
3388,21,1,2746,0.05
3388,25,2,3410,0.1
3388,43,1,4289,0.1
3389,44,1,724,0
3389,41,1,931,0
3390,4,1,2293,0
3391,6,1,529,0.05
3391,39,1,2235,0.05
3392,6,1,529,0
3393,15,1,860,0
3394,5,3,1760,0.15
3395,21,2,2746,0.05
3396,22,1,1574,0
3397,12,1,4627,0.15
3398,20,1,3438,0.1
3398,25,1,3410,0.2
3399,36,1,1580,0
3400,24,1,2262,0
3400,15,1,860,0.05
3401,53,1,1286,0.05
3401,55,2,4572,0.05
3402,15,1,860,0
3403,19,3,2193,0
3404,50,2,2033,0
3405,12,1,4627,0.1
3406,5,2,1760,0.1
3406,25,1,3410,0.05
3407,23,1,2336,0
3408,34,1,2437,0.05
3409,45,1,4975,0
3410,53,2,1286,0
3410,34,1,2437,0
3411,52,2,1957,0
3412,32,1,126,0.05
3413,4,1,2293,0
3413,10,1,3487,0
3414,10,1,3487,0
3415,24,1,2262,0.05
3415,3,3,3713,0
3415,5,1,1760,0.1
3416,15,1,860,0
3416,7,1,1985,0.1
3416,37,1,667,0.2
3417,58,1,1326,0.15
3418,19,1,2193,0.15
3419,21,1,2746,0.1
3420,3,1,3713,0.15
3421,30,1,4729,0
3421,16,1,1002,0
3422,9,1,4658,0.15
3422,16,1,1002,0.1
3422,19,1,2193,0
3422,49,1,1048,0.15
3423,45,2,4975,0
3424,2,1,3850,0.05
3424,48,1,2972,0.15
3424,21,1,2746,0.15
3425,52,1,1957,0.05
3425,33,1,4175,0
3426,35,2,1942,0
3427,31,1,3203,0
3428,32,1,126,0
3428,3,1,3713,0.1
3429,60,1,552,0.2
3429,59,3,2290,0.1
3430,24,1,2262,0.2
3430,10,1,3487,0
3431,39,1,2235,0.05
3431,51,2,2916,0.1
3431,14,1,4075,0.15
3432,39,1,2235,0
3432,25,1,3410,0
3432,26,1,4752,0
3433,17,1,2656,0.05
3434,27,1,1579,0
3434,34,1,2437,0.05
3435,45,1,4975,0.2
3436,46,1,3785,0
3436,33,1,4175,0.05
3437,16,1,1002,0
3437,11,1,1744,0.05
3438,57,1,729,0.05
3439,37,2,667,0.15
3440,18,1,778,0.1
3440,14,1,4075,0.1
3441,5,1,1760,0
3441,34,1,2437,0
3442,12,1,4627,0
3443,11,1,1744,0
3443,9,1,4658,0.15
3443,16,1,1002,0.1
3443,55,1,4572,0.05
3444,15,1,860,0.05
3445,17,1,2656,0.05
3446,25,2,3410,0
3446,32,1,126,0.05
3446,13,1,3877,0
3447,12,1,4627,0.15
3448,40,3,3255,0.1
3448,48,2,2972,0
3449,30,1,4729,0.05
3449,32,1,126,0.05
3449,25,1,3410,0.15
3450,38,2,3806,0.05
3450,46,1,3785,0
3451,57,1,729,0.1
3451,42,3,3125,0
3451,25,1,3410,0.05
3452,23,2,2336,0.1
3453,3,1,3713,0
3453,20,1,3438,0
3454,15,1,860,0.05
3455,60,1,552,0.05
3455,29,1,2320,0.05
3456,5,1,1760,0
3456,30,1,4729,0
3456,54,2,3026,0
3457,3,1,3713,0.1
3458,39,1,2235,0
3459,21,1,2746,0.05
3460,42,2,3125,0.05
3460,27,1,1579,0
3460,11,1,1744,0.05
3460,29,1,2320,0.05
3461,27,1,1579,0.1
3462,35,1,1942,0.05
3462,36,1,1580,0.15
3462,20,1,3438,0
3463,52,1,1957,0.05
3464,59,1,2290,0.15
3464,30,1,4729,0.05
3465,14,2,4075,0.15
3466,22,1,1574,0.05
3466,8,1,1791,0.05
3467,28,1,567,0.15
3467,49,2,1048,0
3467,15,1,860,0
3468,51,2,2916,0
3468,54,1,3026,0.05
3469,48,1,2972,0
3470,10,1,3487,0
3471,45,1,4975,0
3471,43,1,4289,0.15
3471,9,1,4658,0.2
3471,2,2,3850,0.1
3472,59,1,2290,0.05
3473,54,1,3026,0
3473,46,1,3785,0.05
3474,45,2,4975,0
3474,39,1,2235,0
3475,12,2,4627,0.1
3476,57,1,729,0
3476,29,2,2320,0.05
3476,19,1,2193,0
3476,6,1,529,0.05
3477,33,1,4175,0
3478,58,1,1326,0
3478,51,1,2916,0.05
3479,57,1,729,0
3480,21,1,2746,0.05
3481,43,2,4289,0
3481,14,1,4075,0
3482,50,3,2033,0.05
3483,16,1,1002,0.05
3483,60,1,552,0.05
3483,55,1,4572,0.05
3484,39,1,2235,0.1
3485,19,2,2193,0.1
3486,23,1,2336,0
3486,38,1,3806,0.1
3486,56,1,630,0.15
3487,52,2,1957,0.15
3488,18,1,778,0
3489,48,3,2972,0
3490,30,1,4729,0
3491,34,2,2437,0.1
3491,57,1,729,0
3492,38,2,3806,0
3493,1,1,150,0.05
3493,32,1,126,0.05
3493,1,1,150,0
3494,26,1,4752,0.1
3495,17,1,2656,0
3495,22,1,1574,0.05
3496,24,1,2262,0.05
3496,59,2,2290,0.05
3497,12,1,4627,0
3497,38,1,3806,0
3498,45,1,4975,0.05
3499,11,3,1744,0.05
3499,14,1,4075,0
3500,53,1,1286,0.05
3501,30,1,4729,0.15
3501,1,2,150,0
3502,6,1,529,0.2
3502,10,1,3487,0.05
3503,15,1,860,0
3503,25,1,3410,0.15
3503,7,1,1985,0
3504,28,1,567,0
3504,44,1,724,0
3504,50,1,2033,0
3505,40,2,3255,0.1
3506,57,1,729,0
3507,30,1,4729,0.1
3508,48,1,2972,0
3509,39,1,2235,0.1
3509,56,1,630,0.1
3509,35,2,1942,0
3510,15,1,860,0.1
3511,52,1,1957,0.1
3511,15,1,860,0.15
3512,2,1,3850,0.05
3513,4,1,2293,0.1
3514,45,1,4975,0.15
3515,41,1,931,0
3515,46,1,3785,0.1
3515,57,1,729,0
3515,57,1,729,0
3516,14,1,4075,0
3516,38,1,3806,0.1
3517,13,1,3877,0
3517,32,1,126,0
3518,40,1,3255,0
3518,37,1,667,0.05
3519,57,1,729,0
3519,29,1,2320,0.05
3519,37,1,667,0.2
3519,30,2,4729,0.1
3520,52,1,1957,0
3521,53,1,1286,0
3521,17,1,2656,0
3522,43,1,4289,0
3523,2,1,3850,0
3523,39,1,2235,0.05
3524,2,1,3850,0.05
3525,9,1,4658,0.05
3525,24,2,2262,0.1
3525,60,1,552,0.05
3526,49,1,1048,0
3526,51,1,2916,0.1
3527,33,1,4175,0
3527,31,1,3203,0.1
3528,4,1,2293,0
3529,42,1,3125,0
3529,59,1,2290,0
3530,25,1,3410,0
3530,3,1,3713,0.05
3530,51,1,2916,0.15
3531,45,1,4975,0
3531,28,2,567,0
3531,23,1,2336,0
3532,18,1,778,0
3532,31,1,3203,0
3533,48,1,2972,0
3534,28,1,567,0
3535,16,1,1002,0.05
3535,42,1,3125,0
3536,51,1,2916,0
3537,19,2,2193,0.05
3537,19,1,2193,0
3538,6,1,529,0.1
3538,23,1,2336,0.05
3538,38,1,3806,0
3539,39,3,2235,0.05
3539,1,1,150,0
3539,47,1,1558,0.05
3540,35,1,1942,0.05
3541,28,2,567,0.05
3542,29,2,2320,0
3542,51,1,2916,0
3542,5,1,1760,0.1
3543,57,1,729,0.05
3544,26,1,4752,0
3545,11,1,1744,0
3545,21,1,2746,0.05
3546,28,1,567,0
3547,43,1,4289,0.05
3547,23,1,2336,0.05
3548,6,1,529,0
3548,15,1,860,0
3549,44,2,724,0.1
3550,26,1,4752,0.05
3550,23,1,2336,0
3551,36,1,1580,0.2
3552,45,1,4975,0.05
3552,55,1,4572,0.1
3552,50,1,2033,0.1
3552,13,1,3877,0.1
3553,34,1,2437,0.05
3554,13,1,3877,0
3554,1,1,150,0
3555,5,1,1760,0.1
3556,14,1,4075,0.2
3557,4,1,2293,0.1
3557,9,2,4658,0.15
3557,26,2,4752,0.05
3557,46,1,3785,0
3558,18,1,778,0.1
3559,8,1,1791,0.05
3559,13,1,3877,0.1
3559,30,1,4729,0
3560,18,1,778,0.2
3560,39,1,2235,0.1
3561,25,3,3410,0
3562,50,1,2033,0.05
3563,59,1,2290,0.15
3564,1,1,150,0.15
3565,13,2,3877,0
3565,17,1,2656,0.05
3565,11,1,1744,0.2
3565,44,2,724,0
3566,5,1,1760,0.05
3567,32,1,126,0
3568,31,1,3203,0.15
3569,5,2,1760,0
3569,1,1,150,0
3569,39,1,2235,0
3570,37,2,667,0.05
3570,28,1,567,0
3570,40,3,3255,0.05
3571,27,1,1579,0.15
3571,52,1,1957,0.1
3572,41,1,931,0.15
3572,1,1,150,0
3572,45,2,4975,0.2
3573,32,2,126,0.05
3574,36,1,1580,0.2
3575,5,1,1760,0.1
3575,4,1,2293,0.1
3575,58,1,1326,0
3576,26,1,4752,0
3576,38,1,3806,0.1
3576,8,1,1791,0
3577,58,1,1326,0
3577,52,1,1957,0.1
3578,13,2,3877,0
3578,52,2,1957,0
3579,60,1,552,0.15
3579,59,1,2290,0.1
3580,11,1,1744,0
3581,19,1,2193,0.05
3582,37,1,667,0.1
3582,10,2,3487,0.05
3583,34,2,2437,0.05
3583,27,1,1579,0.05
3584,30,1,4729,0
3585,49,1,1048,0.1
3585,22,1,1574,0.1
3585,8,1,1791,0
3586,33,1,4175,0
3586,13,2,3877,0.1
3586,46,1,3785,0.1
3586,52,2,1957,0
3587,45,1,4975,0
3588,53,1,1286,0
3589,59,1,2290,0
3590,35,1,1942,0.05
3590,19,1,2193,0
3591,43,2,4289,0.1
3592,34,1,2437,0.1
3592,34,2,2437,0.15
3592,11,1,1744,0.15
3593,15,1,860,0.05
3593,12,1,4627,0
3594,41,1,931,0
3594,54,1,3026,0.05
3595,29,2,2320,0
3595,1,1,150,0.1
3596,5,1,1760,0.05
3596,31,1,3203,0
3597,52,1,1957,0.05
3597,51,1,2916,0
3598,47,2,1558,0.05
3598,30,1,4729,0.2
3599,46,1,3785,0.15
3599,23,1,2336,0
3600,17,3,2656,0.05
3600,7,2,1985,0
3600,27,1,1579,0.05
3601,7,1,1985,0.15
3601,55,1,4572,0.05
3602,44,1,724,0
3602,2,1,3850,0.1
3603,43,2,4289,0.05
3603,31,1,3203,0
3604,10,1,3487,0
3605,38,1,3806,0
3606,47,1,1558,0.05
3606,28,1,567,0.2
3606,12,1,4627,0.1
3607,25,1,3410,0
3607,33,2,4175,0
3608,28,3,567,0.1
3609,2,1,3850,0.1
3609,44,1,724,0.05
3609,54,1,3026,0.1
3610,40,1,3255,0.05
3610,33,1,4175,0.05
3611,15,2,860,0.2
3611,11,1,1744,0.05
3612,14,2,4075,0.2
3612,37,3,667,0.05
3612,33,1,4175,0
3612,58,2,1326,0
3613,55,1,4572,0.1
3613,5,1,1760,0
3614,8,1,1791,0
3614,48,2,2972,0.15
3615,30,1,4729,0.05
3615,17,1,2656,0.1
3615,35,1,1942,0.15
3615,20,1,3438,0.05
3616,56,1,630,0.05
3616,3,3,3713,0
3616,49,2,1048,0
3617,14,1,4075,0.1
3618,3,3,3713,0
3618,40,1,3255,0.1
3619,44,1,724,0.2
3619,60,2,552,0.15
3620,38,1,3806,0
3620,60,1,552,0.05
3621,26,1,4752,0.1
3622,25,2,3410,0.05
3622,59,1,2290,0.05
3623,57,1,729,0.15
3624,45,1,4975,0.1
3625,49,1,1048,0.2
3625,32,1,126,0
3625,9,1,4658,0.05
3626,21,2,2746,0
3627,3,2,3713,0
3628,1,1,150,0.05
3628,33,1,4175,0.05
3628,6,1,529,0
3628,8,1,1791,0
3629,1,1,150,0
3629,54,1,3026,0
3629,54,2,3026,0.1
3630,21,1,2746,0.05
3630,53,1,1286,0
3631,59,2,2290,0.05
3631,28,2,567,0.1
3632,44,2,724,0.15
3633,37,1,667,0
3634,40,1,3255,0.05
3634,22,1,1574,0.1
3635,55,1,4572,0.15
3635,59,1,2290,0
3636,5,3,1760,0.05
3637,54,1,3026,0.1
3637,36,2,1580,0
3638,45,1,4975,0.15
3639,49,1,1048,0
3639,16,1,1002,0
3640,5,1,1760,0
3641,11,2,1744,0.1
3642,6,1,529,0.1
3642,7,1,1985,0.15
3643,58,1,1326,0
3643,55,1,4572,0
3644,42,1,3125,0
3644,10,1,3487,0.1
3644,24,1,2262,0
3644,52,1,1957,0
3645,31,1,3203,0
3646,10,2,3487,0.2
3646,14,1,4075,0.1
3646,57,1,729,0.05
3647,54,1,3026,0
3648,48,2,2972,0.15
3648,35,1,1942,0.2
3649,44,1,724,0.05
3650,60,1,552,0
3650,11,1,1744,0.1
3651,45,1,4975,0.05
3652,15,1,860,0
3652,16,1,1002,0.05
3653,48,1,2972,0.1
3653,17,1,2656,0
3653,6,2,529,0
3653,52,1,1957,0.15
3654,32,1,126,0.1
3655,56,1,630,0.05
3656,14,1,4075,0.15
3656,37,1,667,0.05
3657,1,1,150,0
3657,12,1,4627,0
3658,49,1,1048,0.05
3659,60,1,552,0
3659,60,1,552,0.05
3659,46,1,3785,0.2
3660,46,1,3785,0
3660,24,1,2262,0.2
3660,42,1,3125,0
3661,8,1,1791,0.05
3661,2,1,3850,0.05
3662,15,1,860,0.05
3662,35,1,1942,0
3663,2,1,3850,0
3663,14,1,4075,0.05
3663,55,1,4572,0.2
3663,37,1,667,0
3664,24,1,2262,0
3664,42,1,3125,0
3664,22,1,1574,0
3665,50,2,2033,0.05
3665,18,2,778,0.05
3665,31,2,3203,0
3666,45,2,4975,0.1
3666,39,1,2235,0.1
3667,49,2,1048,0
3667,54,1,3026,0
3667,32,1,126,0.05
3668,15,1,860,0.1
3668,51,1,2916,0.05
3668,3,1,3713,0.05
3669,24,2,2262,0.15
3670,7,2,1985,0.1
3670,47,1,1558,0.05
3671,56,1,630,0.05
3671,30,1,4729,0
3672,29,2,2320,0.2
3673,23,1,2336,0.15
3674,60,1,552,0
3675,11,1,1744,0
3675,23,2,2336,0
3675,18,1,778,0.1
3676,36,1,1580,0.15
3677,53,1,1286,0.1
3678,50,1,2033,0.05
3679,47,1,1558,0.1
3680,32,1,126,0.1
3681,16,2,1002,0
3682,36,1,1580,0.1
3682,30,1,4729,0.1
3683,6,1,529,0.2
3684,13,2,3877,0.1
3684,39,2,2235,0.05
3685,51,1,2916,0
3685,14,1,4075,0
3685,28,1,567,0.05
3686,40,2,3255,0.1
3686,21,1,2746,0.1
3687,17,2,2656,0
3688,44,1,724,0
3689,13,2,3877,0
3689,15,1,860,0.1
3690,28,1,567,0
3691,35,1,1942,0.1
3692,10,1,3487,0.1
3692,37,1,667,0
3693,2,1,3850,0.1
3694,24,1,2262,0
3694,6,2,529,0
3694,40,1,3255,0.05
3695,21,1,2746,0.05
3695,5,1,1760,0.15
3695,29,2,2320,0.05
3696,33,1,4175,0.05
3696,43,1,4289,0
3697,11,1,1744,0
3698,42,1,3125,0.1
3699,55,1,4572,0
3699,27,1,1579,0.05
3700,18,1,778,0
3701,10,2,3487,0.05
3701,24,1,2262,0
3702,36,1,1580,0.2
3703,8,1,1791,0.1
3704,17,1,2656,0
3704,36,1,1580,0.1
3705,28,2,567,0
3705,38,1,3806,0.1
3705,24,1,2262,0
3706,34,1,2437,0.1
3707,40,1,3255,0.05
3708,1,3,150,0.1
3709,34,2,2437,0.15
3710,37,1,667,0.1
3711,56,1,630,0
3711,19,1,2193,0.2
3711,46,1,3785,0.15
3712,3,1,3713,0
3712,22,1,1574,0
3713,43,1,4289,0
3713,56,1,630,0.05
3714,53,2,1286,0
3714,28,1,567,0
3714,4,1,2293,0.15
3714,35,1,1942,0.1
3715,33,2,4175,0
3715,1,1,150,0
3716,2,1,3850,0.1
3716,39,2,2235,0.1
3717,22,2,1574,0.2
3717,45,1,4975,0.1
3718,21,1,2746,0.05
3719,9,1,4658,0.05
3720,56,1,630,0
3720,22,2,1574,0.05
3720,18,1,778,0.05
3721,36,1,1580,0
3721,38,1,3806,0.1
3722,58,1,1326,0.1
3722,25,1,3410,0.15
3723,16,1,1002,0.05
3723,4,1,2293,0.1
3723,25,1,3410,0.05
3724,45,1,4975,0.1
3724,16,1,1002,0
3724,8,2,1791,0.05
3724,35,1,1942,0.1
3725,48,1,2972,0.05
3726,49,1,1048,0
3727,17,1,2656,0
3727,38,1,3806,0
3727,53,1,1286,0.1
3728,10,1,3487,0.1
3728,59,1,2290,0
3729,25,2,3410,0.1
3730,17,2,2656,0.1
3731,38,1,3806,0.1
3731,34,1,2437,0
3732,13,1,3877,0
3732,19,1,2193,0.15
3733,4,1,2293,0.15
3733,38,1,3806,0
3734,11,1,1744,0
3734,35,1,1942,0.1
3735,45,1,4975,0.05
3735,43,2,4289,0
3736,33,2,4175,0.1
3736,14,1,4075,0
3736,3,1,3713,0.05
3736,4,1,2293,0
3737,24,1,2262,0.05
3737,24,1,2262,0
3737,48,3,2972,0.15
3738,4,2,2293,0
3739,1,1,150,0.1
3739,5,2,1760,0
3740,7,3,1985,0
3740,26,1,4752,0.1
3740,36,2,1580,0
3741,19,1,2193,0.1
3741,40,1,3255,0
3742,48,1,2972,0.1
3742,13,1,3877,0.05
3742,49,1,1048,0.15
3743,9,1,4658,0.05
3744,42,2,3125,0.05
3744,19,1,2193,0
3745,38,2,3806,0
3745,37,1,667,0.15
3746,35,1,1942,0.05
3747,56,2,630,0.1
3748,49,3,1048,0.05
3748,22,1,1574,0.1
3748,49,1,1048,0.05
3749,30,1,4729,0
3750,14,1,4075,0.05
3750,3,1,3713,0.1
3751,17,1,2656,0
3752,55,1,4572,0.15
3753,45,1,4975,0.05
3753,58,1,1326,0
3754,52,1,1957,0.15
3754,49,1,1048,0
3755,17,2,2656,0.1
3756,16,2,1002,0
3756,38,1,3806,0.1
3757,31,1,3203,0
3758,52,1,1957,0.05
3758,29,1,2320,0.05
3758,17,1,2656,0.05
3759,13,1,3877,0
3760,15,1,860,0.1
3760,27,1,1579,0
3761,59,1,2290,0
3762,20,2,3438,0
3762,15,1,860,0.1
3762,29,2,2320,0
3762,60,1,552,0.1
3763,14,1,4075,0.05
3764,57,1,729,0.15
3765,52,2,1957,0.15
3765,44,1,724,0.1
3766,21,2,2746,0.15
3766,59,1,2290,0
3767,44,1,724,0
3767,49,1,1048,0.1
3767,23,1,2336,0
3768,5,1,1760,0.05
3768,11,1,1744,0
3769,59,1,2290,0
3769,51,1,2916,0.1
3770,43,1,4289,0.1
3770,32,1,126,0.1
3770,54,1,3026,0.15
3771,23,1,2336,0.05
3772,31,1,3203,0.15
3772,6,1,529,0.05
3773,57,1,729,0
3773,23,1,2336,0.15
3773,2,1,3850,0.05
3774,5,1,1760,0
3775,33,1,4175,0.05
3776,29,1,2320,0
3777,54,1,3026,0.1
3778,43,1,4289,0.1
3779,54,1,3026,0.15
3779,51,1,2916,0.1
3780,55,1,4572,0.05
3781,59,1,2290,0.15
3781,26,3,4752,0
3781,60,1,552,0
3782,52,1,1957,0
3782,60,1,552,0
3782,40,1,3255,0.05
3782,2,1,3850,0.2
3783,46,1,3785,0
3783,50,2,2033,0
3784,47,1,1558,0.15
3784,9,2,4658,0
3785,18,1,778,0.1
3785,51,1,2916,0
3785,4,1,2293,0
3785,44,2,724,0.1
3786,41,1,931,0.05
3786,17,1,2656,0
3787,7,1,1985,0.1
3787,4,1,2293,0
3788,45,1,4975,0.15
3788,26,1,4752,0.15
3789,36,1,1580,0.1
3790,9,1,4658,0.15
3790,30,1,4729,0
3790,33,1,4175,0.05
3791,57,1,729,0.15
3791,47,1,1558,0.05
3792,19,1,2193,0
3793,56,1,630,0.15
3794,59,1,2290,0.05
3794,25,1,3410,0.15
3795,1,2,150,0
3795,47,1,1558,0.05
3796,10,1,3487,0.05
3796,18,1,778,0.15
3797,45,1,4975,0
3797,57,1,729,0
3797,8,1,1791,0
3798,19,1,2193,0
3798,45,1,4975,0.2
3798,32,2,126,0
3799,23,1,2336,0.2
3799,50,1,2033,0.1
3799,8,2,1791,0.15
3799,3,1,3713,0
3800,20,1,3438,0
3801,59,1,2290,0.05
3802,8,1,1791,0
3802,15,1,860,0
3802,32,1,126,0
3803,29,1,2320,0.05
3803,60,1,552,0.05
3804,11,1,1744,0.15
3804,34,1,2437,0
3804,38,2,3806,0
3805,42,1,3125,0
3805,5,1,1760,0
3806,45,1,4975,0
3806,10,2,3487,0.1
3806,30,1,4729,0.1
3806,37,1,667,0
3807,60,1,552,0.05
3807,27,1,1579,0.1
3808,15,1,860,0
3809,38,1,3806,0.05
3810,51,1,2916,0.05
3811,55,1,4572,0
3811,28,1,567,0.1
3811,49,1,1048,0.15
3812,13,1,3877,0
3813,13,1,3877,0
3814,43,1,4289,0.1
3815,42,1,3125,0.15
3815,59,1,2290,0.1
3816,33,1,4175,0
3816,5,1,1760,0.15
3816,43,1,4289,0
3817,32,1,126,0.05
3818,23,1,2336,0.15
3818,14,1,4075,0.1
3818,1,1,150,0.05
3819,45,1,4975,0.05
3820,7,1,1985,0
3821,9,1,4658,0.1
3821,42,1,3125,0
3821,57,1,729,0
3821,14,1,4075,0.05
3822,19,1,2193,0
3823,20,1,3438,0.05
3824,47,1,1558,0.05
3825,20,1,3438,0.1
3825,34,2,2437,0
3825,21,2,2746,0.2
3826,20,1,3438,0
3826,18,1,778,0
3827,53,1,1286,0
3827,3,1,3713,0
3828,44,3,724,0.05
3829,37,1,667,0
3830,25,1,3410,0.1
3831,35,2,1942,0
3831,12,1,4627,0.1
3832,43,1,4289,0.1
3832,12,1,4627,0.05
3833,56,1,630,0.05
3834,8,2,1791,0
3835,27,1,1579,0
3835,5,1,1760,0
3836,14,1,4075,0.05
3837,44,1,724,0
3837,55,1,4572,0.05
3837,52,2,1957,0.1
3838,41,1,931,0.1
3839,49,1,1048,0
3839,52,1,1957,0
3839,43,1,4289,0.05
3840,48,1,2972,0.05
3840,26,2,4752,0.05
3841,28,1,567,0
3842,31,1,3203,0
3842,3,3,3713,0.1
3843,40,3,3255,0
3844,51,1,2916,0
3844,51,1,2916,0
3845,34,1,2437,0.15
3846,4,1,2293,0
3846,20,2,3438,0
3847,15,1,860,0
3847,10,1,3487,0
3847,32,2,126,0.1
3848,5,1,1760,0.05
3848,60,1,552,0.1
3849,38,1,3806,0.1
3850,13,1,3877,0.15
3851,37,1,667,0.15
3852,12,1,4627,0.1
3853,45,1,4975,0.05
3853,23,1,2336,0.2
3854,47,1,1558,0
3854,41,1,931,0
3854,26,2,4752,0.05
3854,1,2,150,0.05
3855,19,1,2193,0.05
3855,27,1,1579,0.2
3856,30,2,4729,0
3857,60,1,552,0.15
3858,2,1,3850,0
3858,25,1,3410,0.05
3859,52,1,1957,0.1
3859,58,1,1326,0.1
3860,53,1,1286,0
3861,4,2,2293,0.05
3861,22,1,1574,0.05
3861,59,2,2290,0
3861,8,1,1791,0
3862,55,1,4572,0
3862,20,1,3438,0.1
3862,35,1,1942,0.2
3863,21,1,2746,0.15
3863,55,2,4572,0
3864,6,2,529,0.2
3865,33,1,4175,0
3865,19,1,2193,0
3866,32,1,126,0
3866,38,1,3806,0
3867,42,3,3125,0
3868,25,1,3410,0.15
3868,40,2,3255,0
3868,24,1,2262,0
3868,13,1,3877,0
3869,4,2,2293,0.1
3870,60,1,552,0
3871,48,1,2972,0.05
3871,15,1,860,0
3872,53,1,1286,0.05
3872,43,1,4289,0.1
3872,58,2,1326,0.05
3873,20,2,3438,0.05
3874,29,1,2320,0.05
3875,49,2,1048,0
3875,60,1,552,0.05
3875,58,2,1326,0.15
3875,14,1,4075,0.15
3876,38,1,3806,0
3876,18,3,778,0.05
3877,9,1,4658,0.05
3878,42,1,3125,0
3878,2,1,3850,0.15
3879,49,1,1048,0.05
3880,11,1,1744,0.05
3881,58,1,1326,0
3882,23,3,2336,0.15
3883,42,1,3125,0.05
3883,58,1,1326,0
3884,25,1,3410,0
3885,43,1,4289,0.1
3885,51,2,2916,0
3886,43,1,4289,0.1
3886,17,2,2656,0
3887,11,1,1744,0.1
3887,50,1,2033,0.1
3888,23,1,2336,0
3889,29,1,2320,0.05
3889,41,1,931,0
3890,41,1,931,0
3891,33,2,4175,0
3891,8,1,1791,0
3892,52,2,1957,0.05
3893,15,1,860,0.05
3893,45,2,4975,0.1
3894,19,1,2193,0.2
3894,23,2,2336,0
3894,1,1,150,0
3895,57,1,729,0
3895,42,1,3125,0
3895,18,1,778,0.15
3896,15,1,860,0.05
3896,40,1,3255,0
3897,8,1,1791,0
3898,2,1,3850,0.15
3898,50,2,2033,0.05
3899,37,1,667,0
3899,29,1,2320,0.05
3900,20,1,3438,0.05
3900,37,1,667,0.15
3901,56,2,630,0.05
3901,49,1,1048,0.1
3902,17,1,2656,0.05
3902,14,1,4075,0.05
3903,13,1,3877,0
3903,35,1,1942,0.1
3903,8,1,1791,0.1
3904,38,2,3806,0.1
3904,34,1,2437,0.05
3905,45,3,4975,0.05
3906,36,1,1580,0
3906,57,1,729,0.15
3907,14,1,4075,0.1
3907,45,1,4975,0.05
3908,13,2,3877,0
3908,60,1,552,0
3908,7,1,1985,0.15
3908,38,1,3806,0
3909,60,1,552,0
3910,57,1,729,0.1
3910,32,1,126,0.1
3911,47,3,1558,0.1
3911,42,1,3125,0
3912,13,3,3877,0
3913,32,1,126,0
3914,17,1,2656,0.1
3915,15,1,860,0.05
3915,14,1,4075,0
3916,24,1,2262,0
3917,29,1,2320,0
3917,44,1,724,0
3918,39,1,2235,0.05
3919,55,1,4572,0.15
3919,37,1,667,0
3920,56,1,630,0.05
3920,43,1,4289,0.2
3920,15,1,860,0
3921,35,1,1942,0.05
3922,7,2,1985,0
3922,31,1,3203,0.1
3922,45,1,4975,0.05
3922,38,1,3806,0.05
3923,15,1,860,0.05
3923,56,2,630,0.1
3923,17,1,2656,0
3924,28,1,567,0.1
3925,33,1,4175,0
3926,7,1,1985,0.1
3926,57,1,729,0
3927,60,1,552,0.05
3927,46,1,3785,0
3928,23,1,2336,0
3928,15,1,860,0
3929,49,1,1048,0.1
3929,17,1,2656,0
3930,50,1,2033,0.05
3930,39,1,2235,0
3931,23,1,2336,0.1
3932,12,2,4627,0.15
3933,34,1,2437,0
3933,50,2,2033,0.05
3934,5,1,1760,0
3935,9,1,4658,0
3936,18,1,778,0
3937,48,2,2972,0.05
3937,20,2,3438,0.1
3938,28,1,567,0
3939,6,1,529,0.05
3940,44,1,724,0.05
3940,41,1,931,0.05
3940,43,1,4289,0.15
3941,34,1,2437,0.15
3942,49,1,1048,0.1
3942,1,2,150,0.05
3943,38,1,3806,0
3944,50,1,2033,0
3944,41,1,931,0.15
3945,2,1,3850,0
3946,12,1,4627,0
3946,54,3,3026,0.15
3947,15,1,860,0.05
3948,18,2,778,0.05
3949,20,2,3438,0.05
3949,7,1,1985,0.1
3950,14,1,4075,0.05
3950,14,1,4075,0.1
3951,28,1,567,0.05
3951,24,1,2262,0
3952,25,2,3410,0
3953,41,1,931,0.1
3954,52,1,1957,0.05
3954,31,1,3203,0
3955,23,1,2336,0.05
3955,20,1,3438,0.05
3955,16,1,1002,0.1
3956,44,2,724,0
3957,47,1,1558,0.1
3957,20,1,3438,0
3957,19,1,2193,0.05
3958,28,1,567,0
3958,35,1,1942,0
3959,28,2,567,0.1
3960,57,1,729,0.2
3961,49,1,1048,0.05
3962,36,1,1580,0
3962,19,1,2193,0.1
3963,47,1,1558,0.2
3963,47,1,1558,0.1
3963,53,2,1286,0.05
3964,49,1,1048,0.2
3964,21,1,2746,0.15
3965,19,1,2193,0.2
3966,32,1,126,0
3967,16,1,1002,0.05
3967,17,3,2656,0
3967,26,1,4752,0
3968,39,1,2235,0
3968,52,1,1957,0
3968,46,1,3785,0
3968,25,1,3410,0.2
3969,59,1,2290,0
3969,53,1,1286,0.05
3969,27,2,1579,0.05
3970,1,3,150,0.05
3971,56,2,630,0.15
3971,8,2,1791,0.15
3971,38,1,3806,0
3972,22,1,1574,0.05
3972,53,1,1286,0.05
3973,48,1,2972,0.1
3973,44,2,724,0.15
3973,18,1,778,0
3974,54,1,3026,0
3974,12,1,4627,0
3974,30,1,4729,0
3975,35,1,1942,0.05
3976,2,1,3850,0
3977,19,1,2193,0.05
3977,22,1,1574,0.15
3978,20,1,3438,0
3979,31,1,3203,0
3980,12,1,4627,0.05
3980,6,1,529,0
3981,20,1,3438,0.05
3982,49,1,1048,0.1
3982,17,1,2656,0
3982,34,1,2437,0.1
3983,45,1,4975,0
3983,28,1,567,0.1
3983,32,1,126,0
3984,13,1,3877,0
3984,32,3,126,0
3985,45,2,4975,0.05
3985,55,3,4572,0.1
3986,4,1,2293,0
3986,31,1,3203,0
3987,53,1,1286,0.2
3987,37,1,667,0.05
3988,11,1,1744,0.2
3989,38,1,3806,0.15
3990,59,1,2290,0.1
3991,50,2,2033,0.1
3991,31,1,3203,0.2
3992,10,1,3487,0
3993,5,1,1760,0.1
3993,39,1,2235,0.05
3994,16,2,1002,0.05
3995,57,1,729,0
3996,40,2,3255,0.1
3997,39,1,2235,0.05
3998,40,1,3255,0
3998,47,1,1558,0.05
3998,46,1,3785,0.15
3999,51,1,2916,0
3999,39,1,2235,0
3999,8,1,1791,0
4000,52,1,1957,0
4001,19,1,2193,0.1
4001,25,2,3410,0.1
4001,60,2,552,0
4002,40,1,3255,0.15
4003,2,1,3850,0.05
4003,9,2,4658,0
4003,59,1,2290,0
4003,9,1,4658,0
4004,48,1,2972,0
4004,56,1,630,0
4005,6,1,529,0
4006,20,1,3438,0
4007,27,1,1579,0
4008,42,1,3125,0.1
4009,13,2,3877,0
4010,34,1,2437,0.05
4011,52,2,1957,0
4012,26,1,4752,0.1
4012,35,2,1942,0
4012,56,1,630,0.05
4013,16,2,1002,0.1
4014,46,1,3785,0.1
4015,56,1,630,0.1
4016,17,1,2656,0.1
4016,48,1,2972,0
4016,55,1,4572,0
4017,4,1,2293,0.1
4017,24,3,2262,0.05
4018,32,1,126,0
4019,60,1,552,0.1
4020,41,1,931,0.05
4021,31,1,3203,0.1
4021,33,1,4175,0.1
4022,34,1,2437,0
4023,46,1,3785,0
4023,34,1,2437,0
4024,43,1,4289,0.1
4024,28,1,567,0
4025,58,2,1326,0.05
4026,43,2,4289,0
4027,25,1,3410,0
4027,55,1,4572,0.1
4027,6,1,529,0
4028,6,1,529,0.1
4028,25,1,3410,0
4028,29,3,2320,0.2
4028,51,1,2916,0.05
4029,3,1,3713,0.05
4030,13,1,3877,0
4030,33,1,4175,0
4031,25,1,3410,0
4031,40,2,3255,0.1
4031,35,1,1942,0
4032,52,2,1957,0
4032,32,2,126,0.2
4033,38,1,3806,0.1
4033,2,1,3850,0.05
4033,13,1,3877,0
4034,23,1,2336,0
4035,4,1,2293,0.05
4035,3,1,3713,0.05
4036,17,1,2656,0.05
4036,53,1,1286,0.1
4037,57,1,729,0.2
4038,40,3,3255,0.05
4039,9,1,4658,0.1
4040,6,3,529,0.1
4041,54,1,3026,0.1
4041,36,1,1580,0.05
4042,30,1,4729,0.1
4043,39,1,2235,0.15
4043,43,1,4289,0
4044,49,1,1048,0.2
4044,22,1,1574,0
4044,37,1,667,0.2
4045,29,1,2320,0.1
4045,56,1,630,0
4046,23,2,2336,0.2
4047,56,1,630,0.05
4047,49,2,1048,0
4047,51,1,2916,0.05
4048,53,1,1286,0
4049,11,1,1744,0
4050,38,1,3806,0.15
4050,41,1,931,0
4051,17,1,2656,0
4051,25,2,3410,0.05
4052,23,1,2336,0.1
4053,47,1,1558,0
4054,12,1,4627,0
4055,60,1,552,0
4055,26,1,4752,0.05
4056,33,1,4175,0.15
4056,5,1,1760,0
4057,53,1,1286,0
4058,13,1,3877,0
4058,58,1,1326,0
4058,18,1,778,0.2
4058,44,1,724,0.1
4059,47,1,1558,0
4060,52,1,1957,0.15
4060,28,1,567,0.15
4061,40,1,3255,0.1
4062,29,1,2320,0.05
4063,39,1,2235,0.1
4063,3,1,3713,0.05
4064,33,1,4175,0.05
4065,16,1,1002,0.15
4065,11,1,1744,0.05
4066,53,1,1286,0.05
4066,14,1,4075,0
4067,20,3,3438,0.1
4067,46,2,3785,0.2
4068,14,1,4075,0.15
4069,8,1,1791,0
4070,55,1,4572,0.1
4071,47,1,1558,0
4072,48,1,2972,0
4073,56,2,630,0.1
4074,23,2,2336,0.1
4074,33,3,4175,0.1
4075,41,1,931,0
4076,55,1,4572,0.05
4077,4,2,2293,0.05
4078,6,2,529,0.2
4078,22,1,1574,0.15
4078,52,1,1957,0.1
4079,1,2,150,0
4079,14,1,4075,0
4079,29,2,2320,0
4080,6,1,529,0
4081,15,1,860,0.1
4082,17,1,2656,0.1
4082,56,1,630,0
4083,5,1,1760,0.1
4084,13,1,3877,0.1
4085,36,1,1580,0.15
4085,37,1,667,0.05
4085,32,2,126,0.2
4086,19,1,2193,0.2
4086,2,2,3850,0.15
4087,55,1,4572,0.1
4088,60,2,552,0.15
4088,56,1,630,0
4088,3,3,3713,0.1
4089,31,3,3203,0
4090,37,1,667,0.15
4090,21,1,2746,0
4090,18,1,778,0
4091,49,1,1048,0
4092,1,1,150,0
4092,18,1,778,0.1
4093,26,1,4752,0
4093,39,1,2235,0.05
4094,6,2,529,0
4095,37,1,667,0
4095,57,1,729,0
4095,19,1,2193,0.1
4096,10,1,3487,0
4097,33,1,4175,0.1
4098,31,2,3203,0.1
4098,10,1,3487,0.15
4098,59,1,2290,0
4099,7,1,1985,0.15
4100,34,1,2437,0.05
4100,54,1,3026,0.05
4101,20,1,3438,0.05
4101,1,1,150,0.1
4102,43,1,4289,0.1
4103,55,1,4572,0
4104,41,1,931,0.15
4104,32,2,126,0.1
4105,27,1,1579,0
4105,19,2,2193,0.05
4105,6,1,529,0
4105,56,1,630,0
4106,15,1,860,0.1
4107,23,1,2336,0.1
4107,45,1,4975,0.2
4107,51,1,2916,0.1
4108,48,1,2972,0.1
4109,37,1,667,0
4109,47,1,1558,0
4109,41,1,931,0.1
4109,5,1,1760,0.05
4110,15,2,860,0.05
4110,44,1,724,0.15
4111,43,2,4289,0.05
4111,5,1,1760,0.2
4111,49,1,1048,0
4112,6,1,529,0.1
4113,27,1,1579,0.1
4114,12,1,4627,0
4115,15,1,860,0
4116,43,2,4289,0.05
4117,60,1,552,0.05
4118,4,1,2293,0.05
4118,11,1,1744,0.2
4119,14,2,4075,0.05
4119,11,1,1744,0
4119,42,1,3125,0.05
4120,26,1,4752,0.05
4120,22,1,1574,0
4121,31,1,3203,0.05
4122,37,3,667,0
4122,11,1,1744,0.1
4123,53,1,1286,0
4124,27,1,1579,0.05
4124,43,1,4289,0.1
4124,21,1,2746,0.05
4124,25,2,3410,0.05
4125,55,1,4572,0
4125,1,1,150,0.05
4125,36,1,1580,0
4126,21,1,2746,0
4126,11,1,1744,0
4126,4,1,2293,0
4127,10,1,3487,0.2
4127,2,1,3850,0.05
4128,9,1,4658,0.2
4128,4,1,2293,0.15
4129,20,1,3438,0
4130,8,1,1791,0.2
4130,25,1,3410,0
4130,50,1,2033,0
4131,26,2,4752,0.1
4131,5,1,1760,0.05
4131,47,1,1558,0.05
4132,7,1,1985,0
4132,29,1,2320,0.05
4132,27,1,1579,0
4133,31,1,3203,0.05
4134,25,1,3410,0.1
4134,1,2,150,0.2
4134,7,1,1985,0.2
4135,15,1,860,0
4136,49,1,1048,0.05
4136,56,1,630,0.15
4136,9,3,4658,0.1
4136,55,1,4572,0.05
4137,44,1,724,0.05
4137,36,2,1580,0
4138,18,1,778,0.1
4139,28,1,567,0
4139,11,3,1744,0.15
4140,31,1,3203,0.05
4141,3,1,3713,0
4141,43,1,4289,0.1
4141,57,2,729,0.15
4142,22,1,1574,0
4142,24,1,2262,0
4142,7,1,1985,0
4143,32,1,126,0
4144,36,1,1580,0
4145,45,1,4975,0
4146,9,1,4658,0.1
4146,46,1,3785,0.2
4147,14,1,4075,0.05
4148,43,1,4289,0.05
4148,34,1,2437,0.05
4149,50,1,2033,0
4149,46,1,3785,0.15
4149,30,1,4729,0.15
4150,15,1,860,0
4150,26,1,4752,0.1
4151,21,2,2746,0.1
4151,12,1,4627,0
4152,14,1,4075,0.15
4152,46,1,3785,0
4152,14,2,4075,0
4152,59,2,2290,0.05
4153,27,1,1579,0
4154,47,1,1558,0
4154,45,2,4975,0.05
4155,13,1,3877,0
4156,20,1,3438,0
4156,32,1,126,0
4157,32,2,126,0.1
4158,57,1,729,0.1
4158,18,1,778,0
4158,14,1,4075,0.1
4158,1,1,150,0.2
4159,26,1,4752,0
4160,44,1,724,0.05
4160,41,1,931,0.1
4161,34,1,2437,0
4162,35,2,1942,0.1
4163,15,1,860,0.1
4163,59,1,2290,0
4163,22,1,1574,0
4164,41,2,931,0.15
4164,53,1,1286,0.05
4165,36,1,1580,0.2
4165,37,1,667,0
4165,2,1,3850,0.05
4165,8,1,1791,0.05
4166,27,2,1579,0.1
4167,54,1,3026,0
4167,54,1,3026,0
4168,60,1,552,0
4169,45,1,4975,0
4169,2,2,3850,0
4170,22,1,1574,0
4170,23,1,2336,0.2
4171,56,1,630,0.05
4171,55,1,4572,0.05
4171,44,1,724,0
4171,11,1,1744,0.15
4172,14,1,4075,0.15
4173,48,2,2972,0
4173,38,1,3806,0.15
4174,28,1,567,0.1
4174,11,1,1744,0
4175,38,1,3806,0.1
4176,37,1,667,0.05
4177,50,1,2033,0
4177,37,2,667,0
4178,9,1,4658,0.15
4178,43,1,4289,0.05
4179,11,1,1744,0.1
4179,54,1,3026,0.1
4180,57,1,729,0
4180,9,1,4658,0.2
4181,4,1,2293,0.1
4182,47,1,1558,0.2
4183,12,2,4627,0.05
4183,50,1,2033,0.15
4184,16,1,1002,0.15
4184,1,1,150,0
4185,36,1,1580,0.1
4185,13,1,3877,0.1
4185,19,1,2193,0
4185,32,1,126,0
4186,1,1,150,0.2
4186,11,1,1744,0
4187,30,1,4729,0
4188,16,1,1002,0
4189,48,1,2972,0.1
4190,53,1,1286,0.05
4190,5,1,1760,0.1
4191,22,1,1574,0.1
4192,38,1,3806,0
4193,19,1,2193,0.1
4194,22,1,1574,0.1
4195,10,1,3487,0.05
4196,10,1,3487,0.1
4197,45,1,4975,0
4198,6,1,529,0.05
4198,45,1,4975,0
4199,25,1,3410,0.05
4200,13,1,3877,0
4201,6,2,529,0
4201,46,1,3785,0.05
4201,45,1,4975,0
4202,32,1,126,0.1
4203,7,1,1985,0
4203,17,1,2656,0.05
4204,23,2,2336,0.05
4205,30,1,4729,0
4205,57,1,729,0.2
4205,15,1,860,0.05
4206,27,1,1579,0.15
4207,59,1,2290,0.05
4207,55,1,4572,0
4208,25,2,3410,0.05
4209,17,1,2656,0.05
4209,54,1,3026,0.05
4209,37,1,667,0.05
4209,35,1,1942,0.15
4210,1,2,150,0.05
4210,44,1,724,0
4210,22,1,1574,0
4211,44,1,724,0
4211,36,1,1580,0.05
4212,22,1,1574,0
4212,5,1,1760,0
4213,30,1,4729,0.05
4213,32,1,126,0
4214,23,2,2336,0
4214,38,1,3806,0.05
4214,48,1,2972,0.05
4214,17,1,2656,0.1
4215,3,3,3713,0
4215,16,2,1002,0
4216,51,2,2916,0.05
4217,43,1,4289,0.05
4217,47,1,1558,0.05
4218,26,1,4752,0.15
4219,54,1,3026,0.05
4219,32,1,126,0.15
4220,31,1,3203,0
4221,53,1,1286,0
4221,29,2,2320,0.1
4222,25,1,3410,0.2
4222,36,1,1580,0.05
4222,60,1,552,0
4223,16,1,1002,0.05
4223,45,1,4975,0
4224,28,1,567,0
4224,17,2,2656,0.2
4225,55,1,4572,0.05
4226,14,2,4075,0.15
4227,16,1,1002,0.05
4227,31,1,3203,0
4228,40,1,3255,0.05
4229,1,1,150,0.05
4230,51,1,2916,0
4231,49,1,1048,0
4232,24,1,2262,0.15
4232,17,1,2656,0.2
4233,50,1,2033,0
4233,43,1,4289,0
4234,12,1,4627,0.05
4235,1,2,150,0
4235,59,1,2290,0.15
4236,25,1,3410,0.05
4236,47,1,1558,0.2
4237,44,1,724,0.05
4238,21,1,2746,0.1
4238,17,1,2656,0
4239,37,2,667,0
4240,19,1,2193,0.1
4240,49,1,1048,0.05
4240,20,1,3438,0.05
4241,42,1,3125,0.1
4241,13,1,3877,0.05
4241,40,2,3255,0
4241,31,3,3203,0.05
4242,55,1,4572,0
4242,7,1,1985,0
4243,51,1,2916,0.05
4243,32,1,126,0.05
4244,21,3,2746,0
4245,8,1,1791,0
4246,29,1,2320,0.05
4247,56,2,630,0.05
4247,43,1,4289,0.1
4247,28,1,567,0.05
4248,21,2,2746,0
4248,7,1,1985,0
4249,38,1,3806,0
4250,45,1,4975,0
4250,34,1,2437,0
4251,37,1,667,0
4251,11,1,1744,0.05
4251,28,1,567,0.1
4252,29,2,2320,0.1
4252,1,1,150,0
4253,17,1,2656,0
4254,34,3,2437,0.2
4254,16,1,1002,0
4255,35,1,1942,0
4256,43,2,4289,0
4256,1,1,150,0.15
4256,37,1,667,0.15
4257,40,1,3255,0.1
4257,35,1,1942,0
4258,10,1,3487,0.1
4259,57,1,729,0.05
4260,36,2,1580,0.1
4260,43,1,4289,0.05
4260,42,1,3125,0
4260,9,1,4658,0.05
4261,54,1,3026,0.05
4262,32,2,126,0
4263,4,1,2293,0.2
4264,3,2,3713,0
4264,2,1,3850,0.2
4265,6,2,529,0
4265,55,1,4572,0.15
4265,7,1,1985,0
4266,18,1,778,0
4266,2,1,3850,0.1
4267,19,1,2193,0
4268,31,1,3203,0
4269,52,1,1957,0.15
4269,17,1,2656,0.05
4270,30,1,4729,0.1
4270,27,1,1579,0
4270,13,1,3877,0
4271,42,1,3125,0.1
4271,40,1,3255,0
4271,51,1,2916,0.15
4272,4,2,2293,0
4273,51,1,2916,0.1
4274,38,1,3806,0
4275,41,1,931,0.05
4276,21,1,2746,0.1
4276,56,2,630,0
4276,31,1,3203,0
4276,34,1,2437,0
4277,17,1,2656,0
4277,2,1,3850,0.1
4278,37,1,667,0.1
4278,58,1,1326,0.05
4279,8,1,1791,0
4279,10,1,3487,0
4280,42,2,3125,0.2
4281,1,1,150,0
4282,30,1,4729,0.15
4282,32,2,126,0.1
4283,39,1,2235,0
4284,53,1,1286,0.2
4284,26,2,4752,0
4284,45,1,4975,0
4285,46,1,3785,0.05
4286,2,1,3850,0.05
4286,27,2,1579,0.2
4287,1,1,150,0.15
4288,37,2,667,0
4288,48,2,2972,0.2
4288,27,1,1579,0.2
4289,4,1,2293,0
4289,42,2,3125,0
4290,32,1,126,0
4291,34,1,2437,0
4291,45,1,4975,0
4292,19,2,2193,0.05
4292,5,1,1760,0.05
4293,1,1,150,0.15
4293,52,1,1957,0.1
4293,32,1,126,0.1
4294,14,1,4075,0.1
4295,56,1,630,0
4295,57,1,729,0
4295,47,1,1558,0.15
4296,55,1,4572,0
4297,14,1,4075,0
4297,9,1,4658,0
4297,19,1,2193,0.15
4297,52,1,1957,0
4298,49,1,1048,0
4298,35,1,1942,0
4298,38,2,3806,0
4299,59,1,2290,0.1
4299,39,1,2235,0.1
4300,50,1,2033,0
4300,22,1,1574,0.1
4300,58,1,1326,0
4300,38,1,3806,0.1
4301,19,1,2193,0
4302,1,2,150,0.05
4303,57,1,729,0.1
4303,7,1,1985,0
4303,20,1,3438,0
4304,11,1,1744,0
4305,4,1,2293,0.15
4305,56,1,630,0
4305,37,1,667,0
4306,32,1,126,0
4306,43,1,4289,0.1
4307,58,1,1326,0
4307,40,2,3255,0
4308,28,1,567,0
4309,19,1,2193,0
4309,5,1,1760,0.1
4310,24,1,2262,0.05
4311,54,1,3026,0.05
4312,31,1,3203,0.05
4312,44,1,724,0.1
4312,49,1,1048,0.15
4313,21,1,2746,0.1
4314,25,1,3410,0
4314,13,1,3877,0.05
4314,1,1,150,0.15
4314,47,1,1558,0
4315,29,2,2320,0
4315,21,1,2746,0
4315,57,1,729,0.05
4315,31,1,3203,0.05
4316,16,1,1002,0
4317,16,1,1002,0
4318,60,1,552,0
4318,60,2,552,0
4319,7,1,1985,0.15
4319,59,1,2290,0.05
4319,16,2,1002,0.05
4320,51,1,2916,0.05
4320,53,1,1286,0
4320,56,1,630,0
4320,1,2,150,0.1
4321,34,1,2437,0.15
4321,12,2,4627,0.05
4321,28,1,567,0
4322,35,1,1942,0.15
4323,11,1,1744,0.05
4324,48,1,2972,0
4324,37,1,667,0.1
4325,21,1,2746,0.05
4325,16,1,1002,0.1
4326,5,1,1760,0.1
4326,24,1,2262,0
4327,33,1,4175,0.05
4327,1,2,150,0.1
4328,12,1,4627,0.1
4329,60,1,552,0.05
4330,10,1,3487,0
4330,32,1,126,0.1
4331,32,1,126,0
4332,35,1,1942,0.15
4332,3,1,3713,0
4333,13,1,3877,0
4334,42,1,3125,0
4335,26,1,4752,0
4335,35,1,1942,0.1
4336,31,1,3203,0.05
4337,10,2,3487,0
4337,2,1,3850,0.15
4337,2,1,3850,0
4338,18,3,778,0.05
4338,17,1,2656,0
4338,2,1,3850,0.2
4339,13,2,3877,0.15
4340,1,2,150,0
4340,15,1,860,0
4341,17,1,2656,0
4341,58,2,1326,0
4342,59,1,2290,0.1
4342,51,1,2916,0.2
4343,11,1,1744,0
4343,31,1,3203,0.05
4344,13,1,3877,0
4344,41,2,931,0
4345,42,1,3125,0
4345,8,1,1791,0.1
4346,19,1,2193,0.05
4346,39,1,2235,0
4347,18,1,778,0.05
4348,31,2,3203,0
4348,29,2,2320,0.15
4348,48,1,2972,0
4349,17,1,2656,0
4349,42,3,3125,0.05
4350,27,1,1579,0
4351,41,2,931,0.2
4352,48,1,2972,0.05
4352,52,1,1957,0.1
4352,16,1,1002,0
4353,7,2,1985,0.15
4354,14,1,4075,0.05
4355,25,1,3410,0.05
4356,1,3,150,0.1
4356,57,1,729,0.15
4356,3,1,3713,0.1
4357,20,1,3438,0
4357,55,1,4572,0.1
4358,35,1,1942,0
4358,18,2,778,0
4358,53,2,1286,0.05
4359,29,1,2320,0
4359,46,2,3785,0.05
4360,6,1,529,0
4360,30,1,4729,0
4361,27,1,1579,0
4362,38,1,3806,0
4362,50,1,2033,0.05
4362,21,2,2746,0
4363,3,1,3713,0.1
4364,29,1,2320,0
4364,7,1,1985,0.05
4365,40,1,3255,0
4366,7,1,1985,0.05
4366,21,2,2746,0
4367,30,2,4729,0.05
4368,22,1,1574,0.05
4368,21,1,2746,0.05
4369,15,1,860,0.05
4369,53,1,1286,0.2
4370,38,1,3806,0.1
4371,58,1,1326,0
4371,13,1,3877,0.05
4372,21,1,2746,0
4373,13,1,3877,0.05
4374,44,1,724,0
4374,36,1,1580,0.05
4375,25,1,3410,0
4375,46,2,3785,0
4375,40,3,3255,0.1
4376,11,2,1744,0.05
4376,55,2,4572,0
4377,56,1,630,0.05
4377,27,2,1579,0
4378,45,1,4975,0.1
4378,4,1,2293,0
4379,20,2,3438,0
4380,28,2,567,0
4381,55,1,4572,0.05
4381,3,1,3713,0
4381,59,3,2290,0
4382,41,1,931,0
4383,25,1,3410,0.05
4384,12,1,4627,0.2
4385,45,1,4975,0.05
4385,31,2,3203,0
4386,28,1,567,0.05
4386,35,1,1942,0
4387,5,2,1760,0
4388,1,1,150,0
4389,31,2,3203,0.05
4390,12,1,4627,0.1
4390,55,1,4572,0.05
4390,14,1,4075,0.05
4391,23,1,2336,0.05
4392,49,1,1048,0.1
4393,21,2,2746,0.1
4393,22,2,1574,0
4394,42,1,3125,0.1
4395,7,2,1985,0
4395,5,2,1760,0.1
4395,27,1,1579,0
4396,47,1,1558,0
4397,46,2,3785,0.05
4398,37,1,667,0.1
4398,13,1,3877,0
4399,52,1,1957,0.15
4400,40,1,3255,0
4401,22,1,1574,0.05
4401,1,1,150,0
4402,33,1,4175,0.05
4403,25,1,3410,0
4403,20,1,3438,0
4403,19,1,2193,0.1
4404,18,1,778,0
4404,2,1,3850,0.05
4405,14,2,4075,0
4405,44,2,724,0.1
4405,35,1,1942,0.05
4406,31,1,3203,0
4407,54,1,3026,0.1
4407,45,1,4975,0.1
4407,23,1,2336,0.1
4408,56,2,630,0.15
4409,26,1,4752,0
4409,37,1,667,0.15
4410,15,2,860,0
4411,29,1,2320,0.05
4411,18,1,778,0.05
4412,12,1,4627,0
4412,22,3,1574,0.1
4413,35,2,1942,0.1
4413,56,1,630,0.05
4414,41,2,931,0.05
4414,39,2,2235,0.1
4414,45,1,4975,0.1
4414,36,3,1580,0.15
4415,12,2,4627,0.1
4416,5,1,1760,0.1
4417,42,1,3125,0.15
4417,6,2,529,0
4418,36,2,1580,0.05
4419,27,1,1579,0.05
4420,49,1,1048,0.05
4420,23,2,2336,0.15
4421,57,1,729,0.1
4421,41,1,931,0
4421,44,1,724,0.05
4421,18,1,778,0
4422,57,1,729,0
4423,58,1,1326,0.2
4424,30,1,4729,0.05
4424,39,1,2235,0
4425,26,1,4752,0
4426,19,1,2193,0.1
4427,32,2,126,0.05
4428,32,1,126,0.15
4429,60,1,552,0.15
4429,51,1,2916,0.2
4430,31,1,3203,0
4431,32,1,126,0.1
4431,1,1,150,0.15
4432,14,1,4075,0
4432,5,1,1760,0
4433,41,1,931,0.15
4434,43,1,4289,0
4434,24,1,2262,0.15
4435,53,1,1286,0.05
4435,54,1,3026,0
4435,52,2,1957,0.1
4436,3,2,3713,0
4437,40,2,3255,0.1
4438,2,1,3850,0.2
4438,23,1,2336,0
4439,52,1,1957,0.1
4439,27,1,1579,0
4440,1,1,150,0
4441,22,1,1574,0
4442,15,1,860,0.1
4443,4,1,2293,0.15
4444,52,1,1957,0.2
4444,38,1,3806,0
4444,60,1,552,0.05
4445,44,3,724,0.05
4445,36,1,1580,0
4446,35,1,1942,0
4446,26,1,4752,0.1
4447,31,2,3203,0.05
4448,34,1,2437,0
4448,36,1,1580,0
4449,16,2,1002,0.15
4449,36,1,1580,0
4450,13,1,3877,0.15
4450,10,1,3487,0
4451,51,1,2916,0.1
4452,16,1,1002,0
4452,46,1,3785,0.05
4452,32,1,126,0.2
4453,23,2,2336,0.05
4453,10,1,3487,0.1
4454,54,1,3026,0.05
4454,32,1,126,0
4454,13,1,3877,0.1
4455,26,1,4752,0
4456,55,1,4572,0.05
4457,19,1,2193,0.05
4457,14,2,4075,0.05
4458,22,3,1574,0.1
4459,8,1,1791,0.05
4459,25,3,3410,0
4459,37,1,667,0
4460,14,1,4075,0.05
4460,46,2,3785,0
4461,26,2,4752,0
4462,13,1,3877,0.05
4462,36,1,1580,0
4463,52,1,1957,0
4463,29,1,2320,0.05
4463,58,1,1326,0.05
4464,9,1,4658,0.05
4465,46,2,3785,0.05
4465,17,1,2656,0
4465,9,1,4658,0
4466,60,1,552,0
4467,6,3,529,0
4467,53,1,1286,0
4468,42,1,3125,0.05
4468,20,1,3438,0
4469,48,2,2972,0
4470,21,1,2746,0.15
4470,50,3,2033,0.05
4470,24,2,2262,0
4471,29,1,2320,0.05
4471,39,2,2235,0.1
4472,23,1,2336,0
4473,43,1,4289,0.1
4474,42,1,3125,0
4475,31,1,3203,0.05
4475,8,1,1791,0.15
4476,37,1,667,0.1
4477,21,1,2746,0.1
4478,10,2,3487,0
4479,21,1,2746,0
4480,41,1,931,0.05
4481,23,2,2336,0.15
4481,3,1,3713,0
4482,17,1,2656,0.05
4483,3,1,3713,0.1
4484,16,2,1002,0
4484,27,1,1579,0.05
4485,21,2,2746,0
4486,2,1,3850,0
4486,15,2,860,0
4487,22,1,1574,0.05
4487,57,1,729,0.15
4488,53,2,1286,0
4488,37,1,667,0.1
4488,9,1,4658,0.1
4489,24,2,2262,0.05
4490,43,1,4289,0.15
4490,41,1,931,0.05
4491,16,1,1002,0.15
4492,42,2,3125,0
4492,31,1,3203,0.1
4492,41,1,931,0.15
4493,40,1,3255,0.05
4493,24,2,2262,0
4494,45,1,4975,0.2
4494,57,1,729,0.1
4495,17,2,2656,0
4495,32,1,126,0
4496,24,1,2262,0.15
4497,36,1,1580,0.1
4497,5,1,1760,0.05
4497,50,1,2033,0
4498,54,1,3026,0
4499,14,3,4075,0.05
4500,56,1,630,0
4500,34,1,2437,0.1
4500,47,1,1558,0.2
4501,18,1,778,0.05
4502,31,1,3203,0.2
4503,57,2,729,0.1
4504,35,1,1942,0.05
4504,45,1,4975,0
4505,9,1,4658,0.05
4505,28,1,567,0
4506,23,1,2336,0
4506,3,1,3713,0.1
4506,14,2,4075,0.05
4506,3,1,3713,0
4507,5,1,1760,0
4507,17,1,2656,0.05
4507,20,1,3438,0
4508,56,2,630,0.05
4509,38,1,3806,0
4509,50,1,2033,0.1
4510,22,1,1574,0.1
4510,40,1,3255,0
4510,6,1,529,0.1
4511,4,1,2293,0
4511,33,2,4175,0
4512,44,1,724,0
4512,36,1,1580,0
4512,42,1,3125,0.1
4513,24,3,2262,0
4514,28,1,567,0
4514,31,1,3203,0.15
4515,37,1,667,0.05
4515,19,1,2193,0
4516,23,2,2336,0.15
4516,48,1,2972,0.1
4517,32,1,126,0
4518,28,1,567,0.15
4518,43,1,4289,0.05
4519,31,1,3203,0.05
4520,32,1,126,0.1
4520,51,1,2916,0.05
4521,28,1,567,0.05
4521,18,1,778,0.1
4522,6,1,529,0
4523,39,2,2235,0
4524,40,1,3255,0.1
4524,2,1,3850,0
4525,57,1,729,0.1
4526,8,1,1791,0
4526,2,1,3850,0.05
4526,18,1,778,0.05
4527,60,2,552,0.1
4527,48,1,2972,0.1
4527,53,1,1286,0
4528,46,3,3785,0.2
4528,33,1,4175,0.15
4529,16,1,1002,0.1
4529,4,1,2293,0.1
4529,13,1,3877,0.1
4529,20,1,3438,0.1
4530,2,3,3850,0.15
4531,4,1,2293,0.15
4531,49,2,1048,0
4532,46,1,3785,0.1
4532,41,2,931,0.05
4532,22,2,1574,0.05
4533,52,1,1957,0.15
4534,52,1,1957,0
4535,34,1,2437,0.1
4536,56,1,630,0.15
4536,30,1,4729,0.1
4537,48,1,2972,0.1
4537,26,1,4752,0
4537,59,2,2290,0
4538,60,1,552,0.05
4538,7,3,1985,0
4539,20,2,3438,0.05
4539,33,1,4175,0
4540,28,1,567,0.05
4540,23,1,2336,0
4541,19,2,2193,0
4542,3,1,3713,0.15
4542,7,1,1985,0.05
4542,22,1,1574,0
4543,32,1,126,0.05
4543,17,2,2656,0.05
4543,17,1,2656,0.05
4543,38,1,3806,0
4544,51,1,2916,0.2
4544,40,1,3255,0
4544,2,1,3850,0
4545,59,3,2290,0.15
4546,50,1,2033,0.2
4546,13,1,3877,0.1
4547,60,1,552,0
4547,48,1,2972,0
4547,39,1,2235,0.2
4548,47,1,1558,0.15
4549,11,2,1744,0.1
4550,15,1,860,0.15
4550,41,1,931,0.05
4551,49,1,1048,0.1
4552,52,1,1957,0
4552,14,1,4075,0
4553,21,1,2746,0.15
4554,59,2,2290,0.05
4554,8,1,1791,0
4555,7,1,1985,0
4555,3,2,3713,0.1
4555,20,1,3438,0
4555,6,2,529,0.05
4556,20,1,3438,0.1
4556,27,1,1579,0.2
4557,14,1,4075,0
4558,29,1,2320,0.1
4559,57,1,729,0.05
4559,32,1,126,0
4560,56,1,630,0
4561,60,1,552,0.1
4562,23,1,2336,0.05
4563,42,1,3125,0.05
4564,36,1,1580,0.15
4565,26,1,4752,0
4565,8,2,1791,0.1
4566,46,1,3785,0.15
4566,20,1,3438,0.05
4566,31,2,3203,0.05
4567,27,2,1579,0
4567,59,2,2290,0.15
4568,59,1,2290,0.05
4568,33,1,4175,0.15
4569,20,1,3438,0
4569,8,2,1791,0.1
4570,27,1,1579,0.1
4571,23,3,2336,0.05
4571,48,1,2972,0.15
4571,13,3,3877,0
4572,36,1,1580,0
4573,22,1,1574,0.05
4574,4,1,2293,0
4574,19,1,2193,0
4575,20,1,3438,0.05
4575,18,1,778,0
4576,41,2,931,0.15
4576,41,1,931,0.05
4576,11,1,1744,0.1
4576,8,1,1791,0.05
4577,38,3,3806,0
4577,21,2,2746,0.05
4578,43,1,4289,0
4578,45,1,4975,0
4579,6,1,529,0
4580,17,1,2656,0.05
4580,47,2,1558,0
4580,30,1,4729,0
4581,31,1,3203,0
4581,3,1,3713,0.1
4582,43,1,4289,0
4583,42,1,3125,0
4584,27,1,1579,0
4585,4,1,2293,0
4586,28,1,567,0.1
4586,4,1,2293,0
4587,41,1,931,0
4588,51,1,2916,0
4589,5,1,1760,0.05
4589,27,1,1579,0.05
4590,46,1,3785,0
4591,7,1,1985,0.15
4592,56,1,630,0
4592,44,1,724,0.1
4592,27,1,1579,0.05
4593,7,1,1985,0.1
4594,32,2,126,0.05
4595,41,1,931,0
4595,33,1,4175,0.05
4595,30,1,4729,0.05
4596,14,1,4075,0.15
4596,13,2,3877,0.2
4597,41,1,931,0.05
4597,9,1,4658,0
4597,18,2,778,0.05
4598,9,1,4658,0
4599,59,1,2290,0.2
4599,42,1,3125,0.1
4599,2,1,3850,0.2
4600,58,1,1326,0
4601,39,1,2235,0.05
4601,20,3,3438,0
4602,12,1,4627,0
4603,52,1,1957,0.1
4603,17,1,2656,0.1
4603,2,3,3850,0.15
4603,50,1,2033,0
4604,46,1,3785,0
4605,43,2,4289,0
4605,27,2,1579,0.1
4606,27,3,1579,0.05
4606,35,1,1942,0.05
4607,28,2,567,0.2
4607,24,1,2262,0
4607,57,1,729,0.2
4608,23,1,2336,0.15
4608,41,1,931,0.1
4608,55,3,4572,0.1
4608,14,1,4075,0.1
4609,28,1,567,0.15
4609,28,1,567,0.2
4610,1,1,150,0.1
4611,36,1,1580,0.05
4611,40,1,3255,0
4612,27,1,1579,0
4612,29,1,2320,0
4613,27,1,1579,0.1
4614,48,1,2972,0.05
4614,37,2,667,0
4615,42,3,3125,0.05
4616,14,1,4075,0.2
4617,34,1,2437,0
4617,20,1,3438,0.1
4618,59,1,2290,0
4619,13,1,3877,0
4620,25,2,3410,0.05
4621,13,1,3877,0.1
4622,17,2,2656,0
4622,60,1,552,0.2
4622,6,1,529,0.1
4623,12,1,4627,0.05
4624,50,1,2033,0
4624,23,1,2336,0
4625,38,3,3806,0.15
4625,45,1,4975,0.1
4626,40,2,3255,0.15
4626,37,2,667,0.05
4627,26,2,4752,0
4628,40,2,3255,0
4629,21,1,2746,0.05
4630,41,1,931,0
4631,29,1,2320,0.1
4632,35,1,1942,0.05
4632,39,2,2235,0.1
4632,9,1,4658,0
4632,1,2,150,0
4633,2,1,3850,0.2
4633,44,2,724,0.05
4634,27,1,1579,0
4635,8,2,1791,0.1
4635,22,1,1574,0.05
4636,19,1,2193,0.05
4637,33,1,4175,0
4637,25,1,3410,0.1
4637,47,1,1558,0.05
4638,26,1,4752,0
4639,37,2,667,0.05
4639,4,1,2293,0
4639,49,1,1048,0.05
4640,19,2,2193,0.1
4640,42,1,3125,0.1
4641,48,1,2972,0
4641,49,1,1048,0
4642,20,1,3438,0
4643,54,2,3026,0.05
4643,33,1,4175,0.1
4644,8,1,1791,0.1
4644,5,1,1760,0
4644,56,1,630,0.2
4645,39,1,2235,0
4645,59,1,2290,0
4645,30,1,4729,0.05
4646,28,1,567,0
4647,33,1,4175,0
4648,14,1,4075,0.05
4648,58,1,1326,0.15
4648,46,2,3785,0.15
4649,36,2,1580,0.1
4649,20,1,3438,0.1
4650,35,1,1942,0.05
4651,32,1,126,0
4652,22,1,1574,0
4653,14,1,4075,0.1
4653,51,2,2916,0
4654,34,1,2437,0.05
4654,20,1,3438,0.2
4654,55,2,4572,0.05
4655,30,1,4729,0.05
4656,6,1,529,0
4656,10,2,3487,0.05
4656,14,1,4075,0.05
4657,18,1,778,0.05
4657,24,1,2262,0
4658,23,1,2336,0.05
4658,37,1,667,0.1
4658,21,2,2746,0
4659,59,1,2290,0
4660,8,1,1791,0
4660,43,1,4289,0.2
4660,2,1,3850,0
4660,43,1,4289,0
4661,44,1,724,0.05
4662,4,1,2293,0.2
4663,27,1,1579,0
4663,28,1,567,0
4663,8,2,1791,0
4664,1,2,150,0
4664,56,1,630,0.05
4665,15,1,860,0.2
4666,49,1,1048,0
4667,59,1,2290,0
4668,16,1,1002,0
4669,53,2,1286,0
4669,10,1,3487,0.05
4670,16,1,1002,0.1
4671,7,2,1985,0.05
4672,8,1,1791,0.05
4673,31,3,3203,0
4673,28,3,567,0.1
4674,36,2,1580,0.15
4675,30,1,4729,0.05
4675,40,1,3255,0.1
4676,45,2,4975,0.05
4676,16,1,1002,0.1
4676,50,3,2033,0.15
4676,58,1,1326,0
4677,59,1,2290,0.1
4677,27,1,1579,0.05
4677,35,1,1942,0
4678,3,1,3713,0.1
4678,38,1,3806,0
4678,22,1,1574,0
4679,33,1,4175,0
4679,9,1,4658,0.05
4680,46,1,3785,0.2
4680,48,1,2972,0
4680,3,1,3713,0.1
4681,33,1,4175,0.05
4682,19,1,2193,0.15
4683,27,2,1579,0.05
4684,29,1,2320,0
4684,36,1,1580,0
4684,42,1,3125,0
4685,6,1,529,0.05
4685,32,2,126,0.15
4685,56,3,630,0
4686,8,1,1791,0
4686,17,2,2656,0.1
4686,53,1,1286,0.1
4687,36,1,1580,0.15
4688,56,1,630,0.15
4688,41,2,931,0.05
4689,42,1,3125,0
4690,56,1,630,0.1
4691,48,2,2972,0
4692,14,1,4075,0.05
4693,44,1,724,0
4693,51,1,2916,0.15
4694,37,2,667,0.05
4695,46,1,3785,0.1
4696,38,1,3806,0.05
4696,42,1,3125,0.1
4696,44,1,724,0
4696,14,2,4075,0.15
4697,40,1,3255,0
4697,27,1,1579,0.1
4698,43,2,4289,0
4699,14,1,4075,0
4700,45,1,4975,0.05
4700,29,1,2320,0
4701,52,2,1957,0
4701,38,1,3806,0
4702,9,1,4658,0
4702,35,1,1942,0.2
4702,12,1,4627,0.1
4702,48,1,2972,0
4703,33,2,4175,0.05
4704,54,1,3026,0.05
4704,31,1,3203,0.1
4705,15,1,860,0
4705,23,1,2336,0.05
4706,6,1,529,0.05
4707,10,1,3487,0
4707,17,1,2656,0.1
4707,10,1,3487,0
4707,37,1,667,0.15
4708,39,1,2235,0.05
4709,25,1,3410,0
4709,8,2,1791,0.05
4710,38,1,3806,0
4710,14,1,4075,0.05
4711,51,1,2916,0
4712,22,1,1574,0
4713,15,1,860,0.05
4714,39,3,2235,0
4714,21,1,2746,0.15
4715,41,1,931,0.2
4715,48,3,2972,0
4715,19,1,2193,0
4716,19,1,2193,0.2
4716,46,2,3785,0.1
4716,45,1,4975,0.05
4716,28,1,567,0.05
4717,47,1,1558,0.05
4717,48,1,2972,0
4718,23,1,2336,0.1
4718,4,1,2293,0.1
4718,14,1,4075,0.05
4719,2,1,3850,0
4720,8,1,1791,0.05
4720,9,1,4658,0.05
4720,23,1,2336,0.05
4721,42,1,3125,0.05
4722,46,2,3785,0.1
4723,50,1,2033,0
4723,33,1,4175,0
4724,20,2,3438,0
4725,45,2,4975,0.05
4725,21,1,2746,0.05
4726,60,1,552,0.15
4727,7,2,1985,0.1
4727,51,1,2916,0
4728,33,1,4175,0.05
4729,44,2,724,0.1
4729,33,1,4175,0
4729,28,1,567,0.1
4730,31,2,3203,0.05
4731,56,1,630,0
4731,2,1,3850,0
4732,53,1,1286,0.05
4733,58,1,1326,0.1
4733,28,1,567,0.05
4734,15,1,860,0.05
4735,52,1,1957,0.15
4735,1,1,150,0.05
4736,19,1,2193,0
4737,33,1,4175,0.05
4738,52,2,1957,0
4739,39,1,2235,0
4739,59,1,2290,0.05
4740,31,1,3203,0
4741,44,1,724,0.1
4741,10,1,3487,0.1
4741,34,1,2437,0
4742,41,2,931,0.1
4742,42,1,3125,0
4743,53,1,1286,0.15
4744,16,1,1002,0
4744,7,1,1985,0.05
4744,55,1,4572,0.15
4745,35,1,1942,0
4745,57,1,729,0.1
4746,7,1,1985,0.05
4746,15,1,860,0.05
4747,37,1,667,0
4747,42,1,3125,0.15
4748,8,1,1791,0
4749,4,2,2293,0.05
4749,20,1,3438,0.05
4750,34,1,2437,0.1
4750,25,2,3410,0
4751,3,1,3713,0
4752,41,1,931,0.15
4752,58,1,1326,0.05
4753,6,1,529,0
4754,24,1,2262,0.05
4754,11,2,1744,0.05
4754,26,1,4752,0.05
4755,16,1,1002,0
4756,58,1,1326,0.05
4757,17,1,2656,0.2
4758,46,1,3785,0
4758,38,1,3806,0.2
4758,24,1,2262,0.1
4758,9,2,4658,0
4759,52,1,1957,0
4759,50,1,2033,0.05
4760,48,1,2972,0
4760,56,1,630,0.15
4760,16,1,1002,0.1
4760,53,1,1286,0.05
4761,58,1,1326,0.1
4762,28,2,567,0.1
4762,33,1,4175,0.05
4763,31,1,3203,0.05
4764,12,2,4627,0.05
4765,43,1,4289,0.1
4765,49,1,1048,0.05
4766,49,1,1048,0.05
4767,49,1,1048,0.05
4768,33,1,4175,0.05
4768,20,1,3438,0
4769,42,1,3125,0
4769,59,2,2290,0.15
4770,53,1,1286,0
4770,14,1,4075,0.05
4771,4,1,2293,0.05
4771,47,1,1558,0.05
4772,5,1,1760,0.2
4773,55,2,4572,0
4773,60,1,552,0.2
4774,9,1,4658,0
4775,46,1,3785,0.1
4775,28,2,567,0.2
4776,36,1,1580,0.05
4776,52,1,1957,0.1
4777,34,1,2437,0.1
4777,20,1,3438,0
4778,6,1,529,0.1
4778,52,2,1957,0.05
4779,42,1,3125,0
4779,30,1,4729,0.1
4779,2,1,3850,0
4780,24,1,2262,0.05
4781,43,1,4289,0.1
4781,46,3,3785,0.05
4781,19,1,2193,0
4781,17,2,2656,0.05
4782,11,2,1744,0
4783,13,1,3877,0
4783,18,1,778,0
4783,43,1,4289,0.1
4784,46,1,3785,0
4784,60,1,552,0.05
4785,43,1,4289,0
4786,25,1,3410,0.1
4787,59,1,2290,0.05
4788,28,1,567,0
4789,57,1,729,0
4790,14,1,4075,0.15
4791,25,1,3410,0.05
4792,26,1,4752,0.1
4792,5,1,1760,0.05
4792,2,1,3850,0.2
4793,59,1,2290,0.1
4793,17,1,2656,0.05
4794,32,1,126,0
4794,22,1,1574,0.1
4794,52,1,1957,0.05
4794,26,2,4752,0.15
4795,34,1,2437,0
4796,24,1,2262,0.05
4796,29,1,2320,0.1
4797,37,2,667,0
4798,7,2,1985,0.05
4799,49,1,1048,0.1
4800,6,1,529,0.1
4801,4,1,2293,0.1
4801,35,1,1942,0.05
4802,35,1,1942,0
4802,11,1,1744,0.05
4803,51,1,2916,0.1
4803,27,1,1579,0.05
4804,1,1,150,0.1
4805,50,1,2033,0.05
4806,59,1,2290,0.05
4806,6,2,529,0.05
4807,42,1,3125,0
4808,49,1,1048,0.15
4809,39,1,2235,0.05
4810,22,1,1574,0.05
4811,48,2,2972,0.1
4812,34,1,2437,0
4813,51,1,2916,0.1
4814,27,1,1579,0.1
4814,38,1,3806,0
4815,14,1,4075,0
4815,23,1,2336,0.15
4816,59,1,2290,0
4816,6,2,529,0.1
4816,8,2,1791,0.05
4817,1,1,150,0.05
4818,13,1,3877,0.1
4819,39,1,2235,0
4820,34,1,2437,0.1
4820,43,2,4289,0.05
4820,55,1,4572,0
4821,44,2,724,0
4822,17,1,2656,0
4823,2,1,3850,0.05
4824,57,1,729,0
4825,22,1,1574,0.05
4826,44,1,724,0.05
4826,34,1,2437,0
4826,36,1,1580,0.05
4827,26,1,4752,0.1
4827,35,1,1942,0.1
4827,4,1,2293,0.05
4828,49,2,1048,0.05
4828,36,1,1580,0.1
4829,37,1,667,0.05
4829,8,1,1791,0
4829,10,1,3487,0
4830,13,1,3877,0
4830,3,2,3713,0
4831,4,1,2293,0
4831,26,1,4752,0.05
4832,36,1,1580,0.05
4833,60,1,552,0.05
4834,17,1,2656,0.15
4835,18,2,778,0
4835,2,1,3850,0.1
4836,17,3,2656,0
4837,40,1,3255,0.1
4837,18,2,778,0.15
4837,59,1,2290,0
4838,15,1,860,0.1
4838,18,1,778,0
4839,39,1,2235,0
4839,25,2,3410,0.15
4839,54,1,3026,0
4840,32,2,126,0.05
4841,60,1,552,0.1
4841,30,1,4729,0.1
4842,53,1,1286,0.05
4842,30,1,4729,0.1
4843,36,1,1580,0.15
4844,3,1,3713,0.2
4845,24,1,2262,0
4845,56,1,630,0.2
4846,49,1,1048,0.15
4846,50,1,2033,0
4846,39,1,2235,0
4846,8,1,1791,0
4847,59,1,2290,0
4848,13,1,3877,0
4848,40,2,3255,0
4848,35,1,1942,0.05
4849,35,2,1942,0
4849,32,2,126,0.05
4849,57,1,729,0.05
4850,21,1,2746,0
4850,55,1,4572,0.1
4851,26,1,4752,0
4852,25,2,3410,0
4852,16,1,1002,0.2
4852,12,1,4627,0
4853,49,2,1048,0.05
4853,14,1,4075,0.15
4853,19,2,2193,0.15
4854,2,1,3850,0
4855,59,1,2290,0.05
4855,35,1,1942,0.05
4855,20,2,3438,0.05
4856,35,1,1942,0
4857,15,2,860,0.05
4857,29,1,2320,0
4858,39,3,2235,0.05
4858,13,1,3877,0.05
4859,34,1,2437,0.05
4860,30,1,4729,0.05
4860,29,1,2320,0
4861,13,1,3877,0
4861,52,1,1957,0.2
4862,34,1,2437,0.05
4862,51,3,2916,0.05
4863,5,1,1760,0.1
4863,37,1,667,0.1
4864,57,1,729,0.1
4864,5,1,1760,0
4865,14,1,4075,0
4865,41,1,931,0.15
4866,37,1,667,0
4867,43,1,4289,0
4868,19,1,2193,0.1
4869,9,3,4658,0.05
4869,17,2,2656,0.2
4870,11,1,1744,0
4870,42,1,3125,0.05
4871,44,1,724,0.05
4871,35,1,1942,0.1
4871,44,1,724,0
4871,46,1,3785,0.05
4872,36,1,1580,0
4872,42,1,3125,0.1
4872,29,1,2320,0.05
4873,34,1,2437,0.15
4873,35,1,1942,0
4873,4,1,2293,0
4874,15,1,860,0.1
4875,27,1,1579,0.05
4876,60,1,552,0.15
4877,37,1,667,0.2
4877,45,1,4975,0
4877,45,2,4975,0.15
4878,28,1,567,0.05
4878,15,2,860,0.05
4878,56,1,630,0.1
4879,43,1,4289,0
4879,37,1,667,0
4880,15,1,860,0.05
4880,15,2,860,0.05
4880,28,1,567,0.05
4881,48,2,2972,0
4881,2,1,3850,0
4882,39,1,2235,0.05
4883,45,1,4975,0
4884,54,1,3026,0.05
4885,1,1,150,0
4885,40,1,3255,0.15
4885,6,1,529,0
4886,31,1,3203,0.1
4886,28,1,567,0.15
4887,28,1,567,0.05
4888,60,1,552,0
4888,10,1,3487,0
4889,13,1,3877,0
4889,10,2,3487,0.15
4889,55,1,4572,0.05
4890,18,1,778,0
4890,60,1,552,0.1
4890,27,1,1579,0
4891,6,1,529,0
4891,50,1,2033,0
4892,57,1,729,0.15
4893,45,1,4975,0.1
4893,40,1,3255,0
4894,9,3,4658,0
4895,60,1,552,0.1
4896,51,1,2916,0
4897,45,1,4975,0
4897,41,2,931,0
4898,29,1,2320,0.05
4899,47,1,1558,0.05
4899,59,2,2290,0.15
4899,44,1,724,0.1
4900,47,2,1558,0
4901,7,1,1985,0
4901,50,1,2033,0
4902,24,1,2262,0.1
4902,50,3,2033,0.1
4903,50,2,2033,0.05
4904,52,1,1957,0
4905,32,1,126,0
4905,43,2,4289,0.1
4905,18,1,778,0
4905,16,2,1002,0.1
4906,31,1,3203,0
4906,16,1,1002,0.05
4906,21,1,2746,0
4907,23,2,2336,0.05
4908,13,1,3877,0.1
4909,36,2,1580,0
4909,58,1,1326,0
4910,19,1,2193,0.05
4911,60,1,552,0.15
4911,5,1,1760,0
4911,25,1,3410,0.15
4912,53,1,1286,0.1
4912,57,1,729,0
4913,20,1,3438,0.05
4913,50,1,2033,0.05
4914,60,1,552,0.05
4914,20,1,3438,0.2
4915,24,1,2262,0.15
4915,17,1,2656,0.15
4916,26,1,4752,0.05
4917,43,1,4289,0
4917,14,2,4075,0
4917,60,1,552,0.2
4917,58,2,1326,0.05
4918,7,2,1985,0
4918,10,1,3487,0.1
4918,60,1,552,0.1
4919,21,1,2746,0.05
4919,10,1,3487,0.2
4919,3,1,3713,0
4920,2,3,3850,0
4921,38,1,3806,0
4921,30,1,4729,0.1
4921,53,1,1286,0
4922,44,1,724,0
4923,34,1,2437,0
4924,35,1,1942,0.05
4925,4,1,2293,0
4926,11,1,1744,0.05
4926,40,2,3255,0.05
4926,21,1,2746,0.05
4927,29,2,2320,0.05
4927,29,1,2320,0
4928,28,1,567,0.1
4929,4,1,2293,0.05
4929,6,3,529,0
4930,5,1,1760,0
4931,17,1,2656,0.1
4932,42,1,3125,0
4932,43,1,4289,0
4933,56,1,630,0
4934,8,1,1791,0.1
4935,15,1,860,0.15
4935,2,1,3850,0
4936,53,1,1286,0
4937,18,1,778,0.1
4937,34,1,2437,0.05
4938,4,1,2293,0
4938,48,2,2972,0
4939,31,1,3203,0
4939,41,1,931,0.05
4940,44,1,724,0
4941,17,1,2656,0
4941,10,1,3487,0.15
4942,25,2,3410,0
4942,28,1,567,0
4942,23,1,2336,0
4943,50,1,2033,0.1
4943,5,2,1760,0
4943,51,1,2916,0.2
4944,25,1,3410,0.05
4944,39,1,2235,0.05
4945,58,1,1326,0.05
4946,17,2,2656,0.1
4946,41,1,931,0.2
4946,17,1,2656,0.05
4946,26,1,4752,0.05
4947,40,1,3255,0.1
4948,7,1,1985,0.1
4948,39,1,2235,0
4948,31,1,3203,0
4948,49,1,1048,0.15
4949,49,1,1048,0
4950,51,1,2916,0.15
4950,58,1,1326,0.1
4950,41,1,931,0.05
4951,6,2,529,0.1
4952,35,1,1942,0
4953,47,2,1558,0.1
4954,32,2,126,0.05
4955,53,1,1286,0.05
4955,51,2,2916,0
4956,23,1,2336,0
4957,2,1,3850,0.1
4957,48,1,2972,0
4957,30,1,4729,0
4958,57,1,729,0.2
4959,2,1,3850,0.1
4960,47,2,1558,0.1
4960,26,1,4752,0.1
4961,13,1,3877,0.05
4962,57,1,729,0.2
4962,17,1,2656,0
4963,12,1,4627,0.05
4963,44,1,724,0.05
4964,31,1,3203,0
4964,20,2,3438,0
4964,9,1,4658,0
4964,5,1,1760,0.1
4965,9,1,4658,0
4966,9,1,4658,0
4966,21,1,2746,0
4967,35,1,1942,0
4967,15,1,860,0.15
4968,4,2,2293,0
4969,3,1,3713,0
4970,18,1,778,0.05
4970,10,1,3487,0.05
4971,48,2,2972,0.15
4972,22,1,1574,0.1
4972,47,1,1558,0.05
4973,3,1,3713,0.1
4974,21,2,2746,0.1
4974,23,2,2336,0.05
4975,32,1,126,0
4976,54,1,3026,0
4977,27,1,1579,0
4977,42,1,3125,0.2
4978,5,1,1760,0
4979,51,1,2916,0.15
4980,17,1,2656,0.15
4980,47,1,1558,0.1
4981,29,1,2320,0
4982,17,1,2656,0.1
4982,3,1,3713,0.15
4982,1,1,150,0.1
4982,18,1,778,0.15
4983,2,1,3850,0.15
4984,60,1,552,0
4984,13,1,3877,0
4985,12,1,4627,0
4985,39,1,2235,0.1
4985,20,2,3438,0.15
4986,10,3,3487,0.2
4986,15,2,860,0.1
4987,41,2,931,0
4987,11,1,1744,0
4987,31,1,3203,0.05
4988,1,1,150,0.1
4988,37,1,667,0.15
4988,29,1,2320,0.05
4989,3,1,3713,0.05
4989,7,1,1985,0.05
4989,14,1,4075,0.2
4989,19,1,2193,0.2
4990,54,1,3026,0
4991,51,2,2916,0.05
4992,47,1,1558,0.15
4992,39,1,2235,0.1
4992,20,3,3438,0
4993,48,2,2972,0
4993,55,1,4572,0.1
4994,30,1,4729,0.05
4995,54,3,3026,0
4995,44,1,724,0.15
4995,18,2,778,0
4996,51,2,2916,0.15
4997,6,1,529,0
4998,57,1,729,0.1
4998,40,2,3255,0.05
4999,28,1,567,0
5000,18,1,778,0.05
5000,42,1,3125,0.1
5000,36,2,1580,0.1
5000,32,2,126,0.05
5001,11,1,1744,0.2
5001,15,1,860,0.1
5002,47,1,1558,0.05
5003,55,2,4572,0
5004,46,1,3785,0.1
5004,38,1,3806,0
5005,34,1,2437,0
5006,46,1,3785,0.05
5006,40,1,3255,0
5006,18,1,778,0.2
5007,50,1,2033,0.05
5007,46,1,3785,0.1
5007,7,1,1985,0.1
5008,1,1,150,0.1
5008,17,1,2656,0
5008,26,1,4752,0
5009,46,1,3785,0.1
5009,43,1,4289,0.1
5010,19,1,2193,0
5011,45,2,4975,0
5011,55,1,4572,0.1
5012,1,1,150,0.05
5012,22,2,1574,0.05
5013,42,1,3125,0.05
5014,18,1,778,0.1
5015,51,1,2916,0
5015,24,1,2262,0.1
5016,54,1,3026,0
5016,60,1,552,0.05
5016,5,1,1760,0
5016,40,1,3255,0.2
5017,54,2,3026,0
5017,45,1,4975,0.05
5017,58,1,1326,0
5018,33,1,4175,0.2
5019,31,1,3203,0.05
5019,45,1,4975,0
5020,3,1,3713,0.05
5020,23,1,2336,0.15
5021,12,1,4627,0
5022,57,2,729,0.1
5023,10,1,3487,0.2
5024,43,1,4289,0
5025,21,1,2746,0
5025,3,1,3713,0.1
5026,36,1,1580,0
5027,25,2,3410,0
5028,55,2,4572,0
5029,32,1,126,0.1
5029,58,1,1326,0
5030,10,2,3487,0.05
5031,59,1,2290,0
5032,27,1,1579,0
5033,58,1,1326,0.05
5033,15,1,860,0.15
5034,53,1,1286,0.1
5034,44,1,724,0.05
5035,49,2,1048,0.15
5035,32,2,126,0
5036,57,1,729,0.1
5036,37,1,667,0.15
5037,6,1,529,0.15
5038,11,1,1744,0.05
5038,7,1,1985,0
5039,49,1,1048,0.05
5039,35,1,1942,0
5040,10,1,3487,0.15
5040,26,1,4752,0
5041,37,1,667,0.15
5042,55,1,4572,0.15
5043,19,1,2193,0.2
5043,26,1,4752,0.15
5043,20,1,3438,0.1
5043,54,1,3026,0.1
5044,16,2,1002,0
5045,54,1,3026,0
5046,22,1,1574,0.1
5046,20,1,3438,0
5046,44,1,724,0.1
5046,21,1,2746,0.15
5047,18,1,778,0
5048,17,2,2656,0
5048,34,1,2437,0.05
5048,3,1,3713,0
5049,17,1,2656,0.2
5049,15,1,860,0
5050,38,1,3806,0
5051,58,1,1326,0
5051,59,1,2290,0
5051,20,1,3438,0.05
5052,46,1,3785,0
5053,24,1,2262,0.1
5053,26,1,4752,0
5054,15,1,860,0
5055,15,1,860,0.05
5055,35,2,1942,0
5056,29,1,2320,0.2
5057,34,1,2437,0
5058,30,1,4729,0
5058,35,1,1942,0.1
5058,31,1,3203,0.05
5059,46,1,3785,0.1
5059,28,1,567,0
5060,9,1,4658,0
5061,29,1,2320,0.05
5061,16,2,1002,0.05
5062,26,1,4752,0
5062,60,1,552,0.05
5062,16,2,1002,0.05
5063,4,1,2293,0.1
5063,3,2,3713,0
5063,32,1,126,0
5064,18,1,778,0
5064,19,1,2193,0.1
5065,9,1,4658,0
5066,39,2,2235,0
5066,41,2,931,0.1
5067,51,1,2916,0.05
5067,7,2,1985,0.15
5068,25,1,3410,0
5069,19,2,2193,0
5070,20,1,3438,0
5070,60,1,552,0
5070,55,1,4572,0.1
5070,59,1,2290,0.05
5071,30,1,4729,0.1
5072,13,1,3877,0.05
5072,53,1,1286,0.15
5073,3,2,3713,0
5074,48,1,2972,0.1
5074,48,1,2972,0.1
5075,1,2,150,0.1
5076,53,1,1286,0
5077,8,1,1791,0
5078,15,2,860,0.05
5079,50,1,2033,0.15
5080,16,1,1002,0.05
5080,23,1,2336,0
5080,27,1,1579,0.1
5081,5,1,1760,0.05
5081,13,1,3877,0.1
5081,8,1,1791,0
5082,51,2,2916,0.05
5083,7,1,1985,0
5084,59,1,2290,0.15
5084,48,1,2972,0
5085,29,1,2320,0
5085,35,1,1942,0
5086,41,1,931,0
5086,18,1,778,0
5087,39,1,2235,0.05
5087,56,1,630,0
5088,11,1,1744,0.05
5089,37,1,667,0.05
5089,42,1,3125,0.05
5090,11,1,1744,0.15
5091,20,1,3438,0
5092,24,1,2262,0.05
5092,58,1,1326,0
5093,1,1,150,0
5093,27,1,1579,0.05
5094,7,1,1985,0
5095,48,1,2972,0
5095,57,2,729,0
5096,6,1,529,0.05
5096,19,1,2193,0.1
5096,3,1,3713,0.15
5097,36,1,1580,0
5097,40,2,3255,0.15
5097,21,1,2746,0.05
5098,8,2,1791,0.15
5099,37,1,667,0
5099,21,2,2746,0.1
5100,42,1,3125,0.05
5100,57,1,729,0.15
5101,22,2,1574,0.1
5101,16,1,1002,0.1
5101,9,1,4658,0
5102,46,2,3785,0.15
5102,43,1,4289,0.2
5103,54,2,3026,0.05
5104,16,1,1002,0
5104,4,1,2293,0
5105,50,1,2033,0
5105,14,1,4075,0
5106,13,1,3877,0
5106,9,1,4658,0
5107,21,2,2746,0.1
5108,59,1,2290,0
5109,57,3,729,0.1
5109,17,1,2656,0
5110,44,2,724,0
5110,44,2,724,0.05
5111,44,1,724,0
5111,23,1,2336,0
5111,32,2,126,0.1
5112,58,1,1326,0
5112,22,1,1574,0
5113,26,2,4752,0.05
5113,13,3,3877,0.05
5113,44,1,724,0.05
5114,46,1,3785,0
5114,51,3,2916,0
5115,54,2,3026,0
5115,58,1,1326,0.1
5115,17,2,2656,0.05
5116,38,1,3806,0.05
5116,59,1,2290,0.1
5117,15,3,860,0
5118,22,1,1574,0
5119,37,1,667,0
5120,9,2,4658,0.1
5121,51,1,2916,0
5122,54,1,3026,0.05
5123,33,2,4175,0.15
5123,42,1,3125,0.1
5124,43,1,4289,0.05
5124,34,1,2437,0.05
5124,20,1,3438,0.05
5125,14,1,4075,0
5125,30,1,4729,0
5125,23,3,2336,0.05
5126,27,1,1579,0.05
5127,26,1,4752,0.2
5127,9,1,4658,0
5127,11,1,1744,0
5128,18,1,778,0.2
5129,31,3,3203,0.1
5129,47,1,1558,0.1
5129,6,1,529,0
5130,20,1,3438,0.15
5131,25,1,3410,0.1
5132,56,1,630,0.05
5132,41,1,931,0.1
5132,13,1,3877,0.15
5133,25,1,3410,0.1
5134,4,2,2293,0.15
5134,7,1,1985,0
5134,19,1,2193,0.1
5134,15,2,860,0.05
5135,6,1,529,0
5136,47,1,1558,0.05
5136,18,1,778,0
5136,33,1,4175,0
5137,6,1,529,0.15
5137,22,1,1574,0
5137,55,2,4572,0.05
5138,40,1,3255,0.1
5138,20,1,3438,0
5139,38,2,3806,0.1
5139,47,1,1558,0.05
5140,15,1,860,0.1
5140,45,1,4975,0.1
5141,10,1,3487,0
5141,17,1,2656,0
5141,8,1,1791,0.15
5141,34,1,2437,0
5142,36,2,1580,0.15
5142,35,1,1942,0.1
5143,41,1,931,0
5144,23,1,2336,0.05
5144,23,2,2336,0
5145,42,1,3125,0.05
5146,39,1,2235,0.05
5146,57,1,729,0.2
5146,23,1,2336,0.1
5146,47,1,1558,0.1
5147,45,2,4975,0
5148,13,1,3877,0.1
5148,2,1,3850,0
5148,41,1,931,0.1
5149,15,1,860,0.05
5149,10,1,3487,0.1
5149,1,1,150,0.2
5150,40,1,3255,0.15
5150,42,1,3125,0.1
5150,30,1,4729,0
5150,54,1,3026,0.1
5151,52,1,1957,0
5151,36,1,1580,0
5152,59,1,2290,0.05
5152,9,2,4658,0.1
5152,7,1,1985,0
5153,6,1,529,0
5153,55,1,4572,0.2
5153,34,1,2437,0.1
5153,19,2,2193,0.2
5154,22,2,1574,0
5154,8,1,1791,0
5155,14,1,4075,0
5155,9,1,4658,0
5155,60,1,552,0.15
5156,15,1,860,0.15
5156,31,1,3203,0.1
5156,25,1,3410,0.05
5157,8,2,1791,0
5158,2,1,3850,0.1
5159,27,1,1579,0.1
5159,22,1,1574,0.1
5160,24,1,2262,0
5161,56,1,630,0.05
5161,44,1,724,0.05
5162,37,1,667,0
5163,9,1,4658,0
5164,59,2,2290,0.15
5165,53,1,1286,0
5165,15,1,860,0.1
5166,40,2,3255,0.05
5167,18,1,778,0
5167,19,1,2193,0.05
5167,34,3,2437,0
5168,29,1,2320,0.05
5169,35,1,1942,0
5170,43,1,4289,0.1
5171,14,1,4075,0.05
5171,45,1,4975,0.15
5171,58,2,1326,0.05
5172,51,3,2916,0.05
5172,5,1,1760,0.05
5173,49,2,1048,0.05
5173,39,1,2235,0
5173,6,1,529,0.05
5174,16,1,1002,0
5175,53,1,1286,0.05
5175,40,1,3255,0.1
5175,35,1,1942,0
5176,38,1,3806,0
5177,57,2,729,0.05
5177,12,2,4627,0.05
5178,31,1,3203,0.05
5179,58,1,1326,0
5180,47,1,1558,0
5180,22,1,1574,0.1
5180,12,1,4627,0.1
5181,27,1,1579,0
5182,12,1,4627,0.2
5182,18,1,778,0.05
5182,50,1,2033,0
5183,17,1,2656,0
5183,18,2,778,0
5183,24,1,2262,0
5183,34,1,2437,0
5184,20,2,3438,0
5185,8,1,1791,0
5186,16,1,1002,0
5186,28,1,567,0.05
5186,40,1,3255,0.05
5186,55,1,4572,0
5187,60,1,552,0
5187,31,1,3203,0.15
5188,23,1,2336,0
5189,48,1,2972,0
5190,28,1,567,0
5190,25,1,3410,0
5190,3,1,3713,0
5190,13,2,3877,0
5191,55,1,4572,0
5191,31,2,3203,0
5192,9,1,4658,0.05
5192,2,1,3850,0.05
5192,55,1,4572,0.2
5193,47,1,1558,0
5193,37,1,667,0.1
5193,57,1,729,0.15
5194,41,1,931,0.05
5195,47,2,1558,0.2
5195,36,1,1580,0
5195,15,1,860,0.1
5196,13,1,3877,0.05
5197,51,1,2916,0.05
5198,48,1,2972,0.1
5199,24,1,2262,0.1
5200,21,1,2746,0.1
5200,19,1,2193,0
5201,31,1,3203,0
5202,59,1,2290,0
5202,57,1,729,0.2
5202,9,1,4658,0
5203,51,2,2916,0.2
5203,3,1,3713,0.05
5203,4,2,2293,0
5204,59,1,2290,0.1
5204,53,1,1286,0.2
5204,27,1,1579,0
5205,14,1,4075,0
5205,53,1,1286,0.05
5206,45,1,4975,0
5207,7,2,1985,0.05
5207,15,1,860,0.1
5207,33,1,4175,0
5207,54,2,3026,0.15
5208,44,1,724,0.05
5209,9,1,4658,0.1
5209,23,1,2336,0.05
5210,12,3,4627,0
5210,23,1,2336,0.1
5210,20,2,3438,0
5211,52,2,1957,0.15
5211,58,2,1326,0.15
5212,2,1,3850,0
5212,40,2,3255,0
5213,42,1,3125,0
5213,58,1,1326,0.05
5213,28,2,567,0.1
5214,29,2,2320,0.05
5214,52,1,1957,0
5215,34,1,2437,0
5215,15,1,860,0
5215,5,1,1760,0
5216,56,3,630,0
5217,60,1,552,0
5218,38,1,3806,0
5219,43,1,4289,0.05
5219,14,1,4075,0
5219,12,1,4627,0.1
5219,1,1,150,0.1
5220,31,2,3203,0.1
5221,37,2,667,0.05
5222,31,1,3203,0
5223,47,1,1558,0.05
5224,12,2,4627,0
5225,58,1,1326,0.1
5225,25,1,3410,0
5226,27,1,1579,0.15
5226,46,1,3785,0
5227,50,1,2033,0
5228,31,1,3203,0
5228,24,1,2262,0
5229,12,2,4627,0
5230,41,1,931,0.05
5230,10,1,3487,0.05
5231,37,1,667,0.05
5231,36,1,1580,0
5232,57,2,729,0.05
5233,25,1,3410,0.1
5234,45,1,4975,0.1
5235,15,1,860,0.1
5235,16,1,1002,0
5235,50,2,2033,0.1
5236,25,1,3410,0.1
5236,35,1,1942,0
5236,24,1,2262,0
5237,37,1,667,0.15
5238,3,1,3713,0
5238,56,1,630,0.15
5239,19,1,2193,0.15
5240,20,1,3438,0.1
5240,5,1,1760,0
5241,36,1,1580,0
5241,24,1,2262,0
5241,58,1,1326,0.2
5241,23,1,2336,0
5242,42,1,3125,0
5242,27,1,1579,0.05
5243,6,2,529,0.05
5243,5,1,1760,0
5244,44,2,724,0
5245,40,1,3255,0.1
5246,3,1,3713,0.05
5246,17,1,2656,0.15
5246,58,2,1326,0.1
5247,38,1,3806,0.05
5247,34,1,2437,0.05
5247,60,1,552,0.1
5248,34,1,2437,0
5249,3,1,3713,0.1
5249,51,2,2916,0.05
5249,6,2,529,0
5249,21,2,2746,0.1
5250,17,2,2656,0
5250,12,1,4627,0
5251,44,2,724,0.1
5251,12,2,4627,0
5252,7,1,1985,0
5253,27,1,1579,0
5254,11,1,1744,0
5254,59,2,2290,0.1
5254,38,1,3806,0.05
5255,43,1,4289,0
5256,14,1,4075,0.05
5257,21,1,2746,0.15
5258,49,1,1048,0.05
5259,18,1,778,0
5259,9,1,4658,0.05
5259,12,1,4627,0.15
5260,42,1,3125,0
5260,59,1,2290,0
5261,35,1,1942,0.1
5261,20,1,3438,0
5261,7,2,1985,0.1
5262,53,1,1286,0.1
5262,28,1,567,0
5263,57,2,729,0.1
5264,29,1,2320,0.05
5264,29,1,2320,0.2
5265,48,2,2972,0
5266,59,1,2290,0
5267,49,1,1048,0
5268,37,1,667,0
5269,47,1,1558,0
5270,4,1,2293,0.05
5270,33,1,4175,0.2
5271,13,1,3877,0.15
5271,41,2,931,0.05
5272,17,1,2656,0
5272,47,1,1558,0.1
5273,24,1,2262,0
5274,52,1,1957,0.15
5275,17,1,2656,0.1
5276,28,1,567,0.05
5276,51,2,2916,0.05
5277,57,1,729,0.05
5277,36,1,1580,0.1
5277,49,1,1048,0.05
5277,35,1,1942,0.1
5278,60,2,552,0.1
5278,48,1,2972,0
5279,58,1,1326,0.1
5279,31,1,3203,0.05
5279,59,1,2290,0.05
5280,3,1,3713,0.15
5281,39,1,2235,0.15
5281,46,1,3785,0
5282,5,2,1760,0
5282,35,1,1942,0
5283,20,1,3438,0.1
5284,30,1,4729,0.1
5285,28,1,567,0
5286,57,1,729,0
5287,51,2,2916,0.05
5287,36,1,1580,0
5288,20,1,3438,0
5288,51,1,2916,0.1
5288,34,1,2437,0.1
5289,15,1,860,0.05
5290,29,1,2320,0.15
5290,30,1,4729,0.1
5291,48,1,2972,0.1
5291,34,1,2437,0.15
5292,50,1,2033,0
5293,42,1,3125,0.1
5293,18,1,778,0.1
5293,5,2,1760,0.1
5294,8,1,1791,0.1
5295,8,1,1791,0.15
5295,52,1,1957,0
5296,55,1,4572,0.05
5296,43,1,4289,0
5297,9,2,4658,0.1
5297,58,2,1326,0
5297,5,2,1760,0
5297,8,1,1791,0
5298,56,1,630,0
5298,21,1,2746,0.1
5298,14,2,4075,0.1
5298,1,1,150,0.05
5299,31,1,3203,0.05
5300,34,1,2437,0.1
5301,1,1,150,0
5301,22,1,1574,0.1
5302,13,1,3877,0
5303,20,3,3438,0.05
5304,41,1,931,0
5304,5,1,1760,0.05
5304,20,1,3438,0
5304,55,1,4572,0.15
5305,17,1,2656,0.05
5305,4,1,2293,0
5306,22,1,1574,0.15
5307,46,1,3785,0
5307,2,2,3850,0.05
5308,16,1,1002,0
5309,10,1,3487,0.15
5309,46,1,3785,0.1
5310,50,1,2033,0.05
5310,31,2,3203,0.2
5311,1,1,150,0.1
5312,38,2,3806,0.15
5312,42,1,3125,0.15
5313,31,1,3203,0.05
5313,7,1,1985,0
5314,46,1,3785,0.2
5315,50,1,2033,0.15
5316,23,1,2336,0
5317,60,1,552,0.05
5317,10,1,3487,0.1
5317,31,1,3203,0
5318,43,1,4289,0
5319,10,1,3487,0
5319,7,1,1985,0.2
5320,41,1,931,0
5321,13,1,3877,0
5321,53,1,1286,0
5322,5,1,1760,0
5323,51,1,2916,0
5324,28,1,567,0.15
5325,24,2,2262,0.05
5326,53,2,1286,0.1
5326,30,3,4729,0.1
5327,28,1,567,0
5327,16,2,1002,0
5328,39,2,2235,0.05
5329,28,1,567,0
5329,30,1,4729,0
5329,56,1,630,0
5330,29,1,2320,0.1
5331,31,1,3203,0.05
5332,30,1,4729,0.1
5332,25,1,3410,0.15
5333,21,1,2746,0.05
5333,43,1,4289,0
5333,4,2,2293,0
5334,10,1,3487,0.1
5334,27,1,1579,0.05
5335,40,1,3255,0.05
5335,50,1,2033,0
5335,29,1,2320,0
5336,15,1,860,0.15
5337,2,1,3850,0
5338,5,1,1760,0
5338,26,1,4752,0.05
5339,59,1,2290,0.1
5340,20,1,3438,0
5341,52,1,1957,0
5341,42,2,3125,0.2
5342,58,1,1326,0.05
5343,56,2,630,0
5344,17,1,2656,0.1
5345,4,2,2293,0
5346,5,2,1760,0
5347,27,1,1579,0.05
5348,44,1,724,0.1
5349,8,1,1791,0
5350,59,1,2290,0.15
5350,53,2,1286,0.15
5351,11,1,1744,0.05
5352,50,1,2033,0
5353,33,1,4175,0
5354,6,1,529,0
5355,2,1,3850,0.1
5355,20,1,3438,0.1
5356,47,1,1558,0.05
5356,35,1,1942,0
5357,47,1,1558,0.05
5357,31,1,3203,0.1
5358,57,1,729,0
5359,33,1,4175,0.1
5360,9,1,4658,0
5360,40,1,3255,0.05
5360,39,1,2235,0.1
5361,49,1,1048,0.05
5362,30,1,4729,0
5362,4,1,2293,0
5362,51,1,2916,0.05
5363,46,1,3785,0.2
5363,22,1,1574,0
5364,37,2,667,0
5364,9,1,4658,0
5365,57,1,729,0
5365,30,2,4729,0.05
5365,41,1,931,0.05
5366,52,1,1957,0
5367,18,1,778,0
5368,40,1,3255,0
5369,59,1,2290,0
5369,42,2,3125,0.1
5370,56,1,630,0
5370,32,1,126,0.1
5370,45,1,4975,0.05
5370,19,1,2193,0.05
5371,50,1,2033,0.15
5372,49,1,1048,0.05
5373,38,1,3806,0
5373,35,1,1942,0
5373,22,1,1574,0.2
5373,23,1,2336,0.1
5374,31,2,3203,0.1
5375,49,1,1048,0
5375,2,1,3850,0.05
5376,57,1,729,0
5377,27,1,1579,0.1
5378,55,2,4572,0.2
5378,43,1,4289,0
5379,24,2,2262,0.05
5379,25,1,3410,0.05
5380,54,1,3026,0
5380,14,1,4075,0.05
5381,35,1,1942,0.05
5381,8,1,1791,0.1
5381,57,2,729,0
5381,15,1,860,0.1
5382,34,1,2437,0.05
5383,42,1,3125,0
5384,23,2,2336,0.15
5384,55,1,4572,0.1
5385,59,2,2290,0.1
5385,31,1,3203,0
5386,29,1,2320,0
5386,37,1,667,0
5387,14,1,4075,0.15
5387,20,1,3438,0
5388,24,1,2262,0.1
5389,52,1,1957,0.05
5389,10,1,3487,0.2
5389,44,1,724,0
5390,35,2,1942,0
5391,59,1,2290,0.15
5391,34,1,2437,0
5391,24,1,2262,0
5392,9,3,4658,0.2
5393,4,1,2293,0
5393,39,2,2235,0
5394,5,1,1760,0
5395,51,1,2916,0
5396,38,1,3806,0.15
5397,4,1,2293,0
5398,28,1,567,0.15
5399,36,1,1580,0
5400,14,1,4075,0
5400,37,1,667,0.15
5401,33,2,4175,0
5402,23,1,2336,0.1
5402,2,1,3850,0.15
5403,36,1,1580,0.05
5403,2,1,3850,0
5404,2,2,3850,0.15
5405,32,1,126,0
5405,19,1,2193,0.1
5405,6,1,529,0
5406,38,1,3806,0
5407,47,1,1558,0.1
5408,36,1,1580,0.2
5408,43,1,4289,0
5409,51,1,2916,0.05
5410,3,2,3713,0
5411,35,1,1942,0
5412,34,1,2437,0
5412,44,1,724,0.1
5412,15,1,860,0.05
5413,27,1,1579,0
5414,18,1,778,0
5414,8,2,1791,0.15
5415,44,2,724,0
5416,20,1,3438,0
5416,29,1,2320,0
5417,51,1,2916,0.1
5418,7,1,1985,0
5418,51,1,2916,0
5419,18,1,778,0.15
5420,21,2,2746,0
5421,5,1,1760,0
5421,52,1,1957,0
5422,4,2,2293,0.05
5422,4,1,2293,0.1
5423,27,2,1579,0
5423,26,1,4752,0.05
5423,13,1,3877,0.2
5423,20,1,3438,0.15
5424,49,1,1048,0.05
5425,29,1,2320,0
5426,35,1,1942,0
5426,14,1,4075,0.05
5426,40,1,3255,0
5427,19,1,2193,0
5427,16,1,1002,0
5428,46,1,3785,0.15
5429,17,1,2656,0.1
5429,35,1,1942,0.1
5429,55,2,4572,0.15
5429,42,1,3125,0.2
5430,53,1,1286,0.1
5430,28,1,567,0.1
5431,23,1,2336,0.1
5431,27,1,1579,0.15
5431,47,1,1558,0.05
5431,11,1,1744,0.15
5432,40,1,3255,0.05
5432,26,3,4752,0.1
5433,18,1,778,0
5433,37,2,667,0.1
5433,44,1,724,0.1
5434,50,1,2033,0.15
5435,35,1,1942,0
5436,35,1,1942,0.15
5437,58,1,1326,0
5438,59,1,2290,0
5438,1,3,150,0
5439,54,1,3026,0
5439,30,1,4729,0.1
5440,59,1,2290,0.05
5441,34,1,2437,0.15
5442,40,2,3255,0
5442,55,1,4572,0
5443,6,1,529,0
5443,22,1,1574,0
5444,28,1,567,0
5445,14,1,4075,0
5445,8,1,1791,0
5446,45,1,4975,0.05
5447,59,1,2290,0
5447,31,1,3203,0
5448,13,1,3877,0
5449,18,1,778,0.05
5449,44,1,724,0.05
5450,21,1,2746,0.2
5451,10,1,3487,0.2
5451,17,2,2656,0
5452,42,1,3125,0.1
5453,52,1,1957,0.2
5453,56,1,630,0.1
5454,2,1,3850,0.05
5455,13,1,3877,0
5456,42,1,3125,0.05
5456,50,1,2033,0.05
5456,42,1,3125,0.05
5457,21,1,2746,0.1
5457,39,2,2235,0
5458,14,1,4075,0.1
5458,26,1,4752,0
5459,28,1,567,0
5459,55,2,4572,0.1
5460,42,1,3125,0.05
5461,22,1,1574,0
5461,46,1,3785,0.05
5462,19,1,2193,0.05
5463,5,1,1760,0.05
5463,35,1,1942,0
5464,46,1,3785,0.15
5465,49,1,1048,0.1
5466,35,1,1942,0.1
5466,42,2,3125,0
5467,15,1,860,0
5468,8,2,1791,0.1
5468,10,1,3487,0.05
5469,31,1,3203,0.15
5470,35,1,1942,0
5470,48,2,2972,0
5471,12,1,4627,0.2
5472,15,1,860,0.1
5472,6,1,529,0.1
5473,1,1,150,0.05
5474,10,1,3487,0
5475,58,1,1326,0.05
5476,30,1,4729,0
5476,5,1,1760,0.05
5476,42,1,3125,0.15
5477,24,1,2262,0.15
5477,23,1,2336,0
5478,36,1,1580,0.15
5478,27,1,1579,0.05
5479,59,1,2290,0
5480,33,1,4175,0.1
5480,39,1,2235,0
5481,54,1,3026,0.1
5481,42,1,3125,0.05
5481,53,1,1286,0.15
5482,44,2,724,0
5483,17,1,2656,0
5483,8,1,1791,0.1
5484,46,1,3785,0
5485,37,2,667,0
5485,36,1,1580,0
5486,17,1,2656,0
5487,40,1,3255,0
5487,36,1,1580,0.1
5488,9,1,4658,0
5488,22,1,1574,0.1
5489,52,1,1957,0
5490,52,1,1957,0.05
5491,6,1,529,0.1
5492,53,1,1286,0.1
5492,49,2,1048,0
5493,14,1,4075,0.05
5494,33,1,4175,0.05
5494,5,1,1760,0
5495,60,1,552,0.05
5495,53,2,1286,0.1
5496,13,1,3877,0.05
5496,23,1,2336,0.1
5497,60,1,552,0.15
5497,5,1,1760,0
5498,5,1,1760,0.05
5498,36,1,1580,0.05
5499,52,2,1957,0
5500,6,1,529,0
5501,56,1,630,0
5501,3,1,3713,0
5501,5,2,1760,0.2
5502,41,1,931,0
5502,34,1,2437,0.05
5502,59,1,2290,0.05
5503,55,1,4572,0
5504,57,1,729,0.2
5505,13,2,3877,0
5506,42,1,3125,0.05
5506,55,1,4572,0.05
5507,29,1,2320,0.1
5508,16,1,1002,0.15
5509,4,1,2293,0.05
5509,40,1,3255,0.1
5509,54,1,3026,0.1
5510,50,1,2033,0
5510,5,1,1760,0
5511,58,1,1326,0.05
5511,12,2,4627,0
5512,44,1,724,0.05
5513,11,1,1744,0.15
5513,42,1,3125,0.05
5514,16,1,1002,0
5514,8,2,1791,0.05
5515,20,2,3438,0
5516,40,1,3255,0.2
5517,60,1,552,0
5518,54,1,3026,0
5519,24,1,2262,0.1
5519,41,1,931,0.1
5519,9,1,4658,0.15
5520,42,1,3125,0
5521,21,1,2746,0.05
5521,59,1,2290,0
5522,38,3,3806,0.15
5522,16,1,1002,0
5522,33,1,4175,0
5523,33,1,4175,0.2
5523,52,1,1957,0.1
5523,5,1,1760,0
5524,10,2,3487,0.1
5524,51,1,2916,0
5525,2,2,3850,0.15
5525,14,2,4075,0
5525,13,1,3877,0.15
5526,34,1,2437,0
5527,30,1,4729,0.1
5528,27,1,1579,0
5529,54,1,3026,0.05
5529,13,1,3877,0.05
5530,18,1,778,0.1
5530,2,1,3850,0.1
5530,24,1,2262,0.15
5531,57,2,729,0.1
5531,27,1,1579,0.05
5532,33,1,4175,0
5533,1,1,150,0.05
5533,28,1,567,0
5533,33,1,4175,0.05
5534,23,1,2336,0
5534,15,1,860,0.1
5535,43,1,4289,0.1
5536,48,1,2972,0
5537,47,1,1558,0
5537,33,3,4175,0.1
5538,22,1,1574,0.1
5539,5,1,1760,0
5540,6,1,529,0.1
5540,49,1,1048,0.15
5541,51,1,2916,0
5541,50,2,2033,0
5542,6,1,529,0
5542,31,1,3203,0.1
5543,46,1,3785,0.05
5543,16,1,1002,0
5544,17,1,2656,0
5545,15,1,860,0
5545,14,1,4075,0.1
5546,1,1,150,0.1
5547,17,1,2656,0.1
5548,50,2,2033,0
5549,14,1,4075,0.05
5549,28,1,567,0.15
5550,44,1,724,0.1
5551,10,2,3487,0
5552,32,2,126,0.1
5552,23,1,2336,0.1
5553,11,1,1744,0.15
5553,30,1,4729,0
5554,19,1,2193,0
5554,12,1,4627,0.05
5554,48,1,2972,0.15
5555,45,2,4975,0.05
5555,10,1,3487,0
5556,4,1,2293,0.1
5557,57,1,729,0
5557,27,1,1579,0.1
5558,34,3,2437,0.2
5558,28,1,567,0.05
5559,53,1,1286,0.1
5560,55,2,4572,0.1
5560,37,1,667,0.2
5560,51,1,2916,0
5561,11,1,1744,0
5562,3,1,3713,0
5563,46,1,3785,0.15
5563,21,2,2746,0
5563,60,1,552,0
5563,1,1,150,0.1
5564,29,1,2320,0.1
5564,32,1,126,0
5565,60,1,552,0.1
5565,24,2,2262,0
5566,44,1,724,0
5567,34,1,2437,0.1
5567,31,1,3203,0
5568,35,1,1942,0
5568,38,2,3806,0.1
5568,17,2,2656,0.05
5569,6,1,529,0.2
5569,19,1,2193,0.1
5569,59,2,2290,0.05
5570,16,1,1002,0
5570,27,2,1579,0.15
5571,32,1,126,0
5571,46,2,3785,0
5572,16,1,1002,0.05
5572,35,2,1942,0.05
5573,32,1,126,0.15
5574,20,1,3438,0.05
5575,17,1,2656,0
5575,46,1,3785,0.05
5576,58,1,1326,0.1
5576,49,1,1048,0.05
5577,33,1,4175,0
5578,40,2,3255,0
5578,39,1,2235,0.15
5579,19,1,2193,0.05
5580,10,1,3487,0
5580,33,1,4175,0.15
5580,18,2,778,0
5581,27,1,1579,0.05
5581,21,2,2746,0.05
5582,3,1,3713,0
5582,1,1,150,0
5583,38,1,3806,0.05
5583,7,2,1985,0
5583,16,1,1002,0.05
5584,44,1,724,0
5585,45,1,4975,0
5586,10,3,3487,0
5587,27,2,1579,0.1
5587,57,1,729,0.05
5588,13,1,3877,0
5589,36,1,1580,0.1
5589,27,3,1579,0.05
5589,18,2,778,0.05
5590,3,1,3713,0.15
5590,35,1,1942,0.15
5591,29,1,2320,0.15
5591,11,1,1744,0.05
5592,29,1,2320,0
5593,2,1,3850,0
5594,10,1,3487,0.05
5595,23,1,2336,0.05
5596,9,1,4658,0.1
5596,13,1,3877,0
5597,9,2,4658,0
5597,27,1,1579,0.2
5598,6,3,529,0.1
5598,30,1,4729,0.1
5599,59,1,2290,0
5600,11,1,1744,0.1
5601,20,2,3438,0.1
5601,21,1,2746,0.2
5602,2,1,3850,0
5602,10,2,3487,0
5602,3,1,3713,0.1
5602,31,1,3203,0
5603,13,1,3877,0.05
5603,36,1,1580,0.05
5603,34,1,2437,0.1
5604,33,1,4175,0.1
5604,8,2,1791,0.05
5605,39,1,2235,0
5606,59,1,2290,0
5606,50,1,2033,0
5606,2,2,3850,0
5607,38,1,3806,0
5607,1,1,150,0.05
5607,30,1,4729,0.1
5608,42,1,3125,0.1
5609,12,1,4627,0
5610,11,2,1744,0
5610,29,2,2320,0.1
5611,6,1,529,0.1
5611,54,2,3026,0.05
5611,18,1,778,0
5612,32,1,126,0
5612,55,2,4572,0
5613,26,1,4752,0.05
5613,52,1,1957,0.05
5614,21,1,2746,0
5614,42,2,3125,0.15
5615,2,1,3850,0.05
5615,34,1,2437,0
5616,1,1,150,0
5616,29,1,2320,0
5617,1,1,150,0
5617,54,1,3026,0.1
5617,52,1,1957,0.05
5617,28,1,567,0.1
5618,60,1,552,0.05
5618,28,1,567,0
5618,11,1,1744,0
5619,41,1,931,0.15
5619,28,1,567,0.05
5620,11,1,1744,0.05
5621,43,1,4289,0
5621,60,2,552,0.2
5621,54,1,3026,0.05
5622,5,1,1760,0.15
5623,5,1,1760,0.15
5623,24,2,2262,0
5624,13,2,3877,0.1
5625,46,1,3785,0.05
5625,13,1,3877,0.05
5626,31,2,3203,0.2
5627,45,1,4975,0.15
5627,5,2,1760,0.05
5628,41,1,931,0
5628,8,1,1791,0.15
5629,34,1,2437,0
5629,3,1,3713,0.1
5629,20,1,3438,0.05
5629,12,1,4627,0.05
5630,27,1,1579,0.15
5631,45,1,4975,0.05
5631,17,1,2656,0.05
5632,3,1,3713,0
5632,40,1,3255,0.05
5633,46,1,3785,0.05
5634,3,1,3713,0
5635,38,1,3806,0.05
5636,38,1,3806,0
5637,10,1,3487,0
5637,44,1,724,0
5637,60,3,552,0.05
5637,55,1,4572,0
5638,21,1,2746,0.05
5638,22,1,1574,0
5639,10,1,3487,0.1
5639,25,1,3410,0
5640,11,1,1744,0
5640,13,1,3877,0.1
5641,16,1,1002,0.2
5642,53,1,1286,0.1
5643,14,1,4075,0
5644,47,1,1558,0.15
5644,53,1,1286,0.1
5645,19,1,2193,0.1
5645,58,1,1326,0.05
5646,36,1,1580,0.1
5647,35,1,1942,0.15
5648,20,1,3438,0
5649,5,1,1760,0.05
5649,8,1,1791,0.05
5649,17,1,2656,0.05
5650,19,1,2193,0.1
5651,49,1,1048,0
5651,30,1,4729,0.05
5651,11,1,1744,0.1
5651,25,1,3410,0.05
5652,38,1,3806,0.15
5652,23,1,2336,0.05
5652,37,1,667,0.05
5653,20,1,3438,0
5654,10,1,3487,0.05
5654,35,1,1942,0.05
5655,39,1,2235,0
5656,59,1,2290,0.05
5656,55,1,4572,0.15
5656,15,2,860,0.2
5656,7,1,1985,0.05
5657,39,1,2235,0.2
5657,9,1,4658,0.05
5658,39,1,2235,0.05
5659,43,1,4289,0
5659,58,1,1326,0.05
5659,19,1,2193,0.05
5660,18,2,778,0
5661,12,1,4627,0
5661,34,2,2437,0.1
5661,18,1,778,0.15
5662,20,1,3438,0.1
5663,44,1,724,0
5663,2,1,3850,0.1
5664,22,1,1574,0.05
5665,18,3,778,0
5666,41,3,931,0.1
5666,9,2,4658,0
5667,31,2,3203,0.15
5668,43,1,4289,0
5669,56,1,630,0.05
5669,48,1,2972,0.05
5670,3,2,3713,0
5670,60,3,552,0.05
5671,36,1,1580,0
5671,39,3,2235,0.15
5672,18,2,778,0
5672,14,1,4075,0.05
5673,43,1,4289,0.2
5673,40,1,3255,0
5673,46,1,3785,0.05
5674,34,2,2437,0.05
5674,1,1,150,0
5675,56,1,630,0
5675,4,1,2293,0
5676,14,1,4075,0
5677,32,2,126,0.05
5678,18,1,778,0.05
5678,17,1,2656,0.05
5679,30,1,4729,0.1
5679,25,1,3410,0.05
5679,44,1,724,0.1
5680,4,2,2293,0.1
5680,21,1,2746,0
5681,30,2,4729,0
5681,58,1,1326,0
5682,10,2,3487,0.05
5682,4,1,2293,0
5683,4,1,2293,0
5683,49,1,1048,0.15
5683,35,1,1942,0
5684,11,1,1744,0
5685,58,1,1326,0.1
5686,58,1,1326,0
5687,7,1,1985,0.05
5687,46,1,3785,0
5688,41,2,931,0.1
5689,5,1,1760,0
5689,33,1,4175,0.1
5689,48,1,2972,0
5690,25,1,3410,0.05
5690,12,1,4627,0
5691,9,2,4658,0.1
5691,46,1,3785,0.05
5692,14,1,4075,0.1
5692,32,1,126,0
5693,16,1,1002,0.15
5694,20,1,3438,0.15
5695,56,1,630,0
5695,58,1,1326,0.15
5696,29,1,2320,0
5696,55,3,4572,0.15
5696,35,1,1942,0.15
5697,13,1,3877,0
5697,30,1,4729,0
5698,13,1,3877,0.1
5698,28,1,567,0.05
5699,58,1,1326,0.1
5699,49,1,1048,0.05
5699,32,1,126,0.2
5700,12,1,4627,0.1
5701,53,1,1286,0
5702,36,1,1580,0
5702,49,1,1048,0
5703,34,3,2437,0
5703,1,1,150,0
5703,55,1,4572,0
5704,30,1,4729,0
5704,3,1,3713,0
5705,22,1,1574,0.05
5705,58,1,1326,0.1
5705,43,1,4289,0.05
5706,15,1,860,0.1
5707,50,1,2033,0.05
5708,7,1,1985,0.15
5708,9,1,4658,0.1
5708,33,1,4175,0.05
5709,42,1,3125,0.1
5710,53,1,1286,0.05
5710,60,1,552,0.1
5711,55,1,4572,0
5711,14,1,4075,0.05
5711,20,2,3438,0
5712,46,1,3785,0.2
5712,50,1,2033,0.1
5712,38,1,3806,0
5713,12,1,4627,0
5714,37,1,667,0
5714,25,2,3410,0
5715,42,3,3125,0.1
5716,57,2,729,0.15
5716,48,1,2972,0
5717,53,1,1286,0
5718,47,1,1558,0.1
5719,39,2,2235,0.1
5719,52,1,1957,0.2
5720,56,1,630,0
5720,5,1,1760,0
5720,23,1,2336,0.05
5720,56,1,630,0.2
5721,30,2,4729,0
5722,28,1,567,0
5723,34,1,2437,0.05
5723,38,1,3806,0.1
5724,36,3,1580,0
5724,31,1,3203,0.1
5725,17,2,2656,0.1
5726,2,1,3850,0
5727,13,1,3877,0.05
5727,5,1,1760,0.15
5728,26,1,4752,0.15
5728,48,1,2972,0.1
5728,36,1,1580,0.05
5729,40,1,3255,0.1
5729,27,1,1579,0.2
5729,39,2,2235,0.05
5730,22,2,1574,0.05
5731,42,1,3125,0.05
5731,6,1,529,0
5732,11,1,1744,0.1
5732,58,1,1326,0.2
5733,15,1,860,0.2
5734,7,1,1985,0.1
5735,10,1,3487,0.1
5735,54,1,3026,0.05
5736,49,1,1048,0
5737,9,1,4658,0.1
5737,33,1,4175,0.15
5738,21,1,2746,0
5739,15,1,860,0.1
5740,25,2,3410,0
5740,15,1,860,0
5741,37,1,667,0.05
5741,24,2,2262,0.15
5742,12,1,4627,0
5742,41,2,931,0.1
5743,55,1,4572,0
5744,37,1,667,0.2
5745,35,1,1942,0.05
5745,51,1,2916,0.15
5746,45,1,4975,0.15
5746,53,1,1286,0.05
5747,7,1,1985,0.1
5748,50,1,2033,0
5748,21,1,2746,0.05
5749,1,1,150,0.05
5750,50,1,2033,0
5750,9,1,4658,0
5750,37,1,667,0
5751,9,2,4658,0.05
5751,37,2,667,0.05
5751,44,1,724,0
5751,4,1,2293,0.1
5752,46,1,3785,0.05
5753,19,1,2193,0
5753,19,1,2193,0.1
5753,2,1,3850,0
5754,5,1,1760,0.15
5755,59,1,2290,0.05
5756,28,2,567,0
5756,57,1,729,0.2
5757,52,1,1957,0
5758,23,1,2336,0.2
5758,34,1,2437,0
5759,26,1,4752,0.2
5760,49,2,1048,0.05
5761,59,1,2290,0
5761,38,1,3806,0
5762,31,1,3203,0.1
5762,55,2,4572,0.05
5762,44,1,724,0.1
5763,46,1,3785,0
5764,3,1,3713,0.05
5764,57,1,729,0.1
5765,44,1,724,0.05
5765,12,1,4627,0.1
5765,18,1,778,0
5766,31,1,3203,0.2
5766,7,1,1985,0.1
5767,49,1,1048,0.1
5767,8,2,1791,0.05
5767,4,1,2293,0.05
5767,31,2,3203,0
5768,15,1,860,0.05
5769,59,1,2290,0.05
5770,1,1,150,0.1
5771,27,1,1579,0.05
5772,15,1,860,0.05
5773,30,2,4729,0.1
5773,39,1,2235,0.1
5773,2,2,3850,0
5774,9,1,4658,0
5775,46,1,3785,0.05
5775,26,1,4752,0
5776,57,1,729,0
5777,24,2,2262,0.2
5778,1,1,150,0.05
5778,10,1,3487,0.05
5778,38,1,3806,0.1
5779,36,1,1580,0
5779,53,1,1286,0
5780,59,1,2290,0
5781,48,2,2972,0.1
5781,20,1,3438,0.15
5782,24,2,2262,0.2
5782,48,1,2972,0
5782,48,1,2972,0
5782,58,1,1326,0.2
5783,57,1,729,0.1
5784,16,1,1002,0.05
5785,52,1,1957,0
5785,59,1,2290,0.1
5785,15,1,860,0.2
5786,40,1,3255,0.15
5787,35,1,1942,0
5788,7,2,1985,0.1
5788,18,1,778,0
5788,30,1,4729,0.05
5789,12,2,4627,0.1
5789,9,1,4658,0.2
5790,26,2,4752,0
5790,39,1,2235,0.2
5790,28,1,567,0
5790,39,2,2235,0
5791,41,3,931,0.05
5791,6,1,529,0
5792,1,2,150,0.05
5792,56,1,630,0
5792,59,1,2290,0
5793,42,1,3125,0
5793,52,2,1957,0.1
5794,7,1,1985,0.1
5794,40,1,3255,0.15
5794,49,2,1048,0.05
5795,36,1,1580,0
5795,6,1,529,0.2
5796,11,1,1744,0
5797,42,1,3125,0.05
5797,10,1,3487,0.2
5798,41,2,931,0
5799,30,1,4729,0.1
5800,2,1,3850,0
5800,8,1,1791,0.2
5800,23,1,2336,0
5800,52,1,1957,0.05
5801,14,1,4075,0
5802,48,1,2972,0.05
5802,35,2,1942,0
5803,31,1,3203,0.05
5804,58,1,1326,0.1
5804,36,1,1580,0.05
5804,45,1,4975,0
5805,34,1,2437,0
5805,5,1,1760,0.05
5805,50,1,2033,0.1
5806,44,2,724,0.05
5806,43,1,4289,0.05
5807,15,1,860,0
5807,42,1,3125,0
5807,46,1,3785,0.1
5808,23,1,2336,0
5809,28,1,567,0
5810,9,1,4658,0.15
5811,37,1,667,0.15
5812,25,2,3410,0.05
5813,58,2,1326,0.1
5813,26,1,4752,0.1
5814,57,1,729,0
5815,45,2,4975,0
5816,4,1,2293,0.15
5816,60,1,552,0.15
5817,55,1,4572,0.1
5817,45,1,4975,0.15
5818,37,1,667,0.1
5818,28,1,567,0
5819,36,1,1580,0
5820,19,1,2193,0.1
5820,8,1,1791,0.1
5821,20,1,3438,0
5821,19,2,2193,0.05
5821,46,1,3785,0.05
5821,55,1,4572,0.05
5822,16,3,1002,0.15
5822,14,1,4075,0.1
5823,25,1,3410,0.15
5823,9,1,4658,0.15
5823,11,1,1744,0
5823,46,1,3785,0.05
5824,4,1,2293,0.05
5824,23,1,2336,0.05
5824,48,1,2972,0.1
5825,52,3,1957,0.05
5825,25,1,3410,0.1
5826,49,1,1048,0
5826,54,1,3026,0.1
5827,2,1,3850,0.05
5828,10,1,3487,0.1
5828,10,1,3487,0
5829,9,1,4658,0.1
5830,46,1,3785,0.2
5831,48,2,2972,0
5832,16,1,1002,0
5832,37,2,667,0
5833,31,1,3203,0.05
5833,41,1,931,0.05
5833,33,1,4175,0
5834,18,2,778,0.1
5834,26,1,4752,0.2
5834,37,1,667,0
5835,58,1,1326,0.1
5836,13,1,3877,0.05
5836,15,2,860,0
5837,7,1,1985,0
5838,39,1,2235,0
5838,26,1,4752,0.1
5838,26,1,4752,0
5838,30,1,4729,0.1
5839,40,1,3255,0
5839,15,1,860,0.1
5840,47,1,1558,0.1
5841,60,1,552,0.05
5841,39,1,2235,0
5842,8,1,1791,0.1
5842,31,2,3203,0
5842,20,1,3438,0.05
5843,36,1,1580,0.1
5844,44,1,724,0.1
5845,55,1,4572,0.05
5845,57,1,729,0
5845,3,2,3713,0.05
5845,22,1,1574,0
5846,46,1,3785,0.05
5846,6,1,529,0.1
5846,16,1,1002,0.15
5847,8,1,1791,0.15
5848,26,1,4752,0.1
5848,60,2,552,0.05
5849,41,1,931,0
5850,46,1,3785,0
5850,44,1,724,0.1
5850,41,2,931,0.05
5851,1,1,150,0
5852,16,1,1002,0
5852,8,1,1791,0.15
5853,29,1,2320,0.05
5853,44,1,724,0
5853,5,1,1760,0.05
5854,48,2,2972,0.05
5855,40,1,3255,0
5856,55,1,4572,0.05
5856,4,1,2293,0.05
5857,18,1,778,0.2
5858,20,2,3438,0.1
5859,45,1,4975,0.05
5860,43,1,4289,0.05
5860,4,2,2293,0.1
5860,9,1,4658,0
5861,55,1,4572,0
5862,11,2,1744,0
5862,28,1,567,0.1
5862,49,2,1048,0.05
5863,32,1,126,0
5863,42,1,3125,0.1
5863,35,1,1942,0
5864,56,1,630,0
5865,49,1,1048,0
5865,40,1,3255,0.1
5866,7,1,1985,0.05
5867,28,1,567,0
5867,51,1,2916,0
5867,42,2,3125,0.1
5868,57,1,729,0
5868,57,1,729,0.05
5869,3,1,3713,0.05
5870,41,2,931,0
5871,40,1,3255,0
5871,18,1,778,0.15
5872,47,1,1558,0
5873,24,1,2262,0.1
5874,34,1,2437,0.1
5875,14,1,4075,0
5876,40,1,3255,0.1
5877,16,1,1002,0
5877,18,1,778,0.05
5878,57,2,729,0.1
5878,8,1,1791,0
5879,8,1,1791,0.05
5879,51,2,2916,0.15
5880,8,2,1791,0.1
5881,44,3,724,0.05
5881,34,1,2437,0.05
5881,25,1,3410,0
5882,41,2,931,0.1
5882,42,1,3125,0.05
5883,55,1,4572,0.05
5883,10,1,3487,0
5884,41,1,931,0.1
5885,50,2,2033,0
5885,35,1,1942,0.05
5885,28,1,567,0.05
5886,22,1,1574,0
5886,52,1,1957,0.1
5887,25,1,3410,0
5888,19,1,2193,0.05
5889,2,1,3850,0
5890,44,2,724,0
5890,54,2,3026,0.1
5891,4,2,2293,0
5892,34,1,2437,0
5893,44,1,724,0.1
5893,9,1,4658,0.05
5894,10,1,3487,0
5895,52,1,1957,0
5895,14,1,4075,0.05
5896,3,1,3713,0.1
5896,1,1,150,0.05
5896,11,2,1744,0.05
5897,24,1,2262,0
5897,13,3,3877,0
5897,51,1,2916,0
5898,35,1,1942,0.05
5899,4,1,2293,0.05
5899,59,1,2290,0.05
5900,19,1,2193,0.05
5900,37,2,667,0
5901,25,1,3410,0.2
5901,53,2,1286,0.05
5902,1,2,150,0.15
5903,53,1,1286,0.1
5903,20,1,3438,0.1
5904,41,2,931,0.2
5904,44,1,724,0.05
5905,25,1,3410,0
5906,43,1,4289,0.05
5907,47,1,1558,0
5908,58,2,1326,0
5908,60,1,552,0
5909,5,1,1760,0.15
5910,57,1,729,0
5911,24,1,2262,0
5912,9,1,4658,0.15
5913,18,1,778,0
5913,33,1,4175,0
5914,17,1,2656,0.1
5915,38,1,3806,0
5916,12,1,4627,0.15
5916,1,1,150,0
5916,54,1,3026,0
5917,11,1,1744,0.15
5917,12,1,4627,0
5917,59,1,2290,0.05
5918,47,1,1558,0
5919,19,1,2193,0.1
5919,50,1,2033,0.1
5920,34,1,2437,0.05
5921,60,1,552,0
5922,31,1,3203,0.05
5923,45,2,4975,0.05
5923,7,2,1985,0
5924,33,2,4175,0
5924,40,1,3255,0
5925,47,1,1558,0.05
5926,57,1,729,0.05
5926,14,1,4075,0.1
5926,20,1,3438,0.05
5926,29,1,2320,0.2
5927,5,1,1760,0.1
5928,14,1,4075,0
5929,3,1,3713,0.15
5929,60,1,552,0.05
5930,11,3,1744,0.05
5930,8,2,1791,0.15
5931,32,1,126,0.05
5931,41,1,931,0
5932,6,1,529,0.05
5933,23,3,2336,0.1
5933,52,1,1957,0
5933,39,1,2235,0.05
5934,2,1,3850,0.2
5935,2,1,3850,0.2
5935,46,1,3785,0.05
5936,38,1,3806,0.15
5936,37,1,667,0
5936,7,1,1985,0.05
5937,28,1,567,0.05
5938,28,1,567,0.1
5938,33,1,4175,0.1
5938,13,1,3877,0
5939,57,2,729,0
5940,10,1,3487,0.1
5940,22,1,1574,0.1
5941,29,1,2320,0.1
5941,44,1,724,0
5942,54,3,3026,0
5942,9,1,4658,0.05
5943,44,2,724,0
5943,25,1,3410,0
5944,40,2,3255,0.05
5944,53,1,1286,0.05
5945,24,1,2262,0.1
5945,19,1,2193,0
5946,44,1,724,0
5946,8,2,1791,0
5946,9,1,4658,0.05
5947,17,1,2656,0.1
5948,55,1,4572,0.2
5948,1,1,150,0.05
5948,41,1,931,0.05
5949,60,1,552,0
5950,41,1,931,0
5951,5,1,1760,0.1
5952,20,1,3438,0.05
5953,33,2,4175,0
5953,9,1,4658,0.1
5954,59,1,2290,0.1
5954,55,1,4572,0
5955,3,1,3713,0.05
5956,11,1,1744,0
5957,29,1,2320,0.2
5957,15,1,860,0
5958,10,1,3487,0
5959,20,1,3438,0.1
5960,29,1,2320,0.05
5961,26,1,4752,0.1
5961,36,2,1580,0.1
5961,12,1,4627,0.1
5962,49,2,1048,0.2
5962,6,1,529,0.15
5963,24,1,2262,0
5964,8,1,1791,0.05
5965,44,1,724,0
5965,3,2,3713,0
5966,51,1,2916,0.05
5967,25,1,3410,0.05
5967,2,2,3850,0.05
5968,42,1,3125,0
5968,16,1,1002,0
5968,11,1,1744,0.1
5969,58,2,1326,0.05
5969,16,1,1002,0
5970,57,1,729,0.1
5971,31,1,3203,0.2
5972,14,3,4075,0.05
5973,2,1,3850,0
5974,40,1,3255,0
5974,39,3,2235,0
5974,7,1,1985,0.1
5975,49,1,1048,0
5975,35,1,1942,0.05
5976,53,1,1286,0.1
5976,10,1,3487,0.1
5977,48,2,2972,0.05
5978,24,1,2262,0.05
5979,10,1,3487,0
5980,41,1,931,0
5981,3,1,3713,0.1
5981,31,1,3203,0.15
5981,45,1,4975,0.05
5982,17,2,2656,0.05
5982,34,2,2437,0.05
5982,14,1,4075,0.1
5983,4,2,2293,0.15
5983,58,1,1326,0.15
5983,56,1,630,0.1
5984,17,1,2656,0.2
5985,36,1,1580,0
5986,26,1,4752,0.1
5987,31,2,3203,0.05
5987,54,1,3026,0
5988,22,1,1574,0
5988,44,1,724,0.05
5989,36,1,1580,0.15
5989,2,1,3850,0.15
5989,51,1,2916,0.2
5989,43,1,4289,0.1
5990,23,2,2336,0.1
5991,20,1,3438,0.1
5992,46,1,3785,0
5993,12,2,4627,0
5994,23,1,2336,0
5995,6,2,529,0
5995,51,1,2916,0
5995,29,1,2320,0
5995,60,2,552,0.1
5996,28,2,567,0
5996,41,1,931,0.05
5997,30,1,4729,0
5997,50,1,2033,0.05
5997,26,2,4752,0
5997,36,1,1580,0.15
5998,25,1,3410,0.1
5999,21,1,2746,0.05
5999,21,1,2746,0
5999,58,1,1326,0.05
5999,39,1,2235,0
6000,39,1,2235,0
6000,10,1,3487,0.05
6001,57,1,729,0
6002,14,1,4075,0.15
6002,47,1,1558,0.1
6003,51,1,2916,0
6003,57,1,729,0.05
6004,5,2,1760,0.15
6005,17,1,2656,0
6005,30,1,4729,0
6006,19,1,2193,0.2
6006,35,1,1942,0.05
6007,48,1,2972,0
6007,33,3,4175,0.1
6008,12,2,4627,0
6009,23,1,2336,0.15
6010,55,1,4572,0.1
6010,11,2,1744,0.1
6010,18,1,778,0.15
6011,55,1,4572,0.05
6011,28,1,567,0.05
6011,29,1,2320,0.05
6012,43,1,4289,0.15
6012,32,1,126,0.15
6013,8,1,1791,0.1
6014,48,1,2972,0.1
6014,56,1,630,0.2
6015,2,1,3850,0.05
6016,14,2,4075,0.1
6016,10,2,3487,0.2
6017,20,1,3438,0
6018,36,1,1580,0.1
6019,21,1,2746,0.05
6020,24,1,2262,0.1
6020,58,1,1326,0.1
6021,42,1,3125,0
6022,22,1,1574,0
6022,1,1,150,0
6023,50,1,2033,0
6023,21,1,2746,0
6023,55,1,4572,0
6023,25,1,3410,0.1
6024,16,1,1002,0
6024,1,1,150,0
6024,39,3,2235,0.05
6025,17,1,2656,0.05
6025,1,1,150,0.15
6026,30,1,4729,0
6026,31,1,3203,0
6027,13,1,3877,0.1
6028,23,1,2336,0.05
6029,32,1,126,0.2
6030,9,1,4658,0
6030,44,1,724,0
6031,6,1,529,0.1
6032,4,1,2293,0.05
6032,19,1,2193,0.05
6032,22,1,1574,0
6033,5,1,1760,0.05
6034,41,1,931,0
6034,40,2,3255,0
6034,41,1,931,0
6035,6,1,529,0
6035,19,1,2193,0.05
6036,25,1,3410,0.1
6037,31,1,3203,0.05
6037,4,2,2293,0.05
6037,36,1,1580,0.2
6038,46,1,3785,0.15
6038,46,1,3785,0.1
6038,43,1,4289,0
6039,13,1,3877,0
6039,57,1,729,0
6040,58,1,1326,0
6041,7,2,1985,0
6041,12,1,4627,0
6042,36,2,1580,0.05
6042,5,1,1760,0.1
6043,52,1,1957,0.05
6043,34,3,2437,0
6043,15,1,860,0
6044,18,1,778,0.05
6045,54,1,3026,0
6045,40,1,3255,0.15
6046,27,1,1579,0
6046,26,1,4752,0
6046,39,1,2235,0.15
6046,11,1,1744,0
6047,41,2,931,0
6047,5,1,1760,0.05
6047,23,1,2336,0
6048,10,1,3487,0
6048,8,1,1791,0
6048,45,2,4975,0.1
6048,10,2,3487,0.1
6049,39,1,2235,0
6049,44,1,724,0.1
6050,14,1,4075,0.15
6051,6,1,529,0.05
6051,34,1,2437,0.05
6052,25,1,3410,0
6052,60,1,552,0.05
6052,43,1,4289,0
6053,21,2,2746,0
6053,41,1,931,0
6054,30,2,4729,0.15
6054,57,1,729,0
6054,47,1,1558,0
6054,29,1,2320,0.05
6055,59,1,2290,0.1
6056,14,2,4075,0
6056,47,1,1558,0
6056,51,3,2916,0.1
6057,9,1,4658,0.2
6058,8,1,1791,0
6059,32,1,126,0.05
6060,19,2,2193,0.2
6061,31,1,3203,0
6061,52,1,1957,0
6062,3,1,3713,0
6062,48,1,2972,0.2
6062,43,1,4289,0.1
6063,20,1,3438,0.1
6064,38,1,3806,0.15
6065,13,1,3877,0.05
6065,35,2,1942,0.05
6065,24,2,2262,0.05
6066,35,1,1942,0
6066,57,1,729,0.15
6067,36,1,1580,0.05
6067,40,1,3255,0.1
6067,26,2,4752,0
6068,24,2,2262,0.1
6068,2,1,3850,0.1
6069,60,1,552,0
6069,25,1,3410,0
6069,8,1,1791,0.1
6070,26,1,4752,0.1
6071,26,1,4752,0.05
6071,10,2,3487,0
6072,57,1,729,0
6073,30,1,4729,0
6073,13,1,3877,0.1
6073,59,2,2290,0.2
6074,56,1,630,0
6074,55,1,4572,0.05
6075,48,2,2972,0.05
6076,55,1,4572,0.15
6076,57,1,729,0.05
6077,3,2,3713,0
6078,52,1,1957,0
6079,9,1,4658,0
6080,23,2,2336,0
6080,10,1,3487,0.05
6081,19,1,2193,0
6081,27,1,1579,0.05
6082,20,1,3438,0.05
6082,22,1,1574,0.1
6083,46,2,3785,0
6084,12,1,4627,0.05
6084,12,2,4627,0.2
6084,29,1,2320,0.05
6084,47,1,1558,0.1
6085,35,1,1942,0.1
6086,35,1,1942,0.05
6087,13,2,3877,0.05
6088,27,2,1579,0
6088,11,1,1744,0.05
6089,26,2,4752,0
6089,11,1,1744,0.1
6090,25,1,3410,0.05
6090,12,2,4627,0.1
6091,20,1,3438,0
6091,17,1,2656,0
6091,20,1,3438,0.1
6092,1,1,150,0
6093,38,1,3806,0
6093,39,3,2235,0.15
6094,51,1,2916,0.1
6095,5,2,1760,0
6096,18,1,778,0
6097,7,1,1985,0.15
6097,39,1,2235,0.1
6097,48,1,2972,0.1
6098,28,1,567,0
6099,15,1,860,0.05
6100,19,1,2193,0.1
6100,29,1,2320,0
6100,9,1,4658,0.2
6101,47,1,1558,0.05
6102,10,1,3487,0.05
6102,14,1,4075,0.05
6102,33,1,4175,0.05
6102,14,2,4075,0.05
6103,39,1,2235,0
6103,27,2,1579,0
6104,40,1,3255,0.15
6105,60,2,552,0
6106,59,1,2290,0.1
6106,11,1,1744,0.1
6107,52,1,1957,0.15
6107,5,1,1760,0.05
6107,25,1,3410,0
6108,7,1,1985,0
6109,20,1,3438,0.05
6109,28,1,567,0
6109,53,1,1286,0.1
6110,44,1,724,0.05
6111,30,1,4729,0
6111,56,1,630,0
6112,4,1,2293,0
6113,5,1,1760,0.1
6114,49,1,1048,0.1
6114,58,1,1326,0.05
6115,15,1,860,0.05
6115,20,1,3438,0.15
6115,17,1,2656,0.05
6115,43,1,4289,0.1
6116,37,1,667,0
6116,55,1,4572,0
6116,9,1,4658,0.05
6117,31,1,3203,0.05
6118,35,1,1942,0.05
6118,22,1,1574,0.1
6118,27,1,1579,0.1
6119,9,2,4658,0
6119,28,1,567,0
6120,34,1,2437,0.1
6121,36,1,1580,0.05
6122,8,1,1791,0.1
6122,36,1,1580,0.1
6123,22,1,1574,0.05
6124,47,1,1558,0.05
6125,2,1,3850,0.1
6125,14,1,4075,0.05
6126,47,1,1558,0.05
6126,10,1,3487,0
6127,3,1,3713,0.1
6127,46,1,3785,0
6128,27,2,1579,0.1
6128,5,1,1760,0
6129,5,1,1760,0.05
6129,1,1,150,0.05
6130,18,1,778,0.15
6130,57,1,729,0.15
6130,1,2,150,0.15
6131,59,1,2290,0
6132,38,1,3806,0
6132,1,1,150,0
6133,15,1,860,0
6133,49,1,1048,0.05
6134,54,1,3026,0.1
6134,50,3,2033,0.2
6135,32,1,126,0.05
6136,47,2,1558,0
6137,30,2,4729,0.2
6137,49,1,1048,0.05
6138,6,1,529,0.1
6139,5,1,1760,0.1
6140,58,1,1326,0.1
6140,13,2,3877,0
6140,35,2,1942,0
6141,48,1,2972,0
6141,3,1,3713,0.15
6141,49,1,1048,0
6142,11,1,1744,0.05
6142,52,1,1957,0.05
6142,14,1,4075,0.15
6143,33,1,4175,0.05
6143,26,2,4752,0
6143,41,1,931,0
6144,5,1,1760,0.05
6145,23,2,2336,0
6146,18,1,778,0.1
6147,6,1,529,0.2
6148,17,1,2656,0.15
6149,16,1,1002,0.1
6149,33,1,4175,0.05
6149,50,1,2033,0.05
6150,22,1,1574,0
6151,31,1,3203,0.1
6151,58,2,1326,0
6152,18,2,778,0
6153,33,1,4175,0
6153,8,1,1791,0
6153,1,1,150,0.05
6153,25,1,3410,0
6154,36,2,1580,0
6155,58,1,1326,0.15
6156,40,1,3255,0
6156,52,1,1957,0
6157,44,1,724,0.05
6157,28,1,567,0.2
6158,42,1,3125,0
6158,10,2,3487,0.05
6158,7,1,1985,0.05
6159,60,1,552,0.1
6160,58,1,1326,0.05
6160,43,1,4289,0
6160,50,1,2033,0.05
6161,31,1,3203,0.15
6161,27,1,1579,0.1
6162,38,1,3806,0.15
6162,2,1,3850,0.1
6162,38,1,3806,0.15
6163,53,1,1286,0.05
6164,7,2,1985,0
6165,45,1,4975,0
6165,27,1,1579,0
6166,11,1,1744,0
6167,50,1,2033,0.1
6167,10,1,3487,0.1
6167,2,1,3850,0.1
6168,37,1,667,0.1
6168,38,1,3806,0.05
6169,24,1,2262,0
6170,28,1,567,0.1
6170,13,1,3877,0.05
6171,26,1,4752,0
6171,53,1,1286,0.1
6172,29,1,2320,0
6172,18,2,778,0.05
6173,16,1,1002,0.1
6173,28,1,567,0.05
6174,46,2,3785,0
6174,8,2,1791,0.05
6175,14,1,4075,0.05
6175,52,1,1957,0.05
6176,13,1,3877,0.15
6176,44,1,724,0.05
6177,8,1,1791,0
6177,3,2,3713,0.1
6178,5,1,1760,0.05
6178,26,2,4752,0.05
6179,2,1,3850,0
6180,12,1,4627,0.15
6180,5,1,1760,0.05
6180,43,1,4289,0
6180,54,1,3026,0
6181,41,1,931,0
6181,56,1,630,0.05
6181,58,1,1326,0
6182,9,3,4658,0
6183,22,1,1574,0.1
6183,59,1,2290,0
6184,21,1,2746,0
6184,32,1,126,0
6184,27,1,1579,0
6185,18,1,778,0
6185,34,1,2437,0.05
6185,33,1,4175,0.15
6186,1,1,150,0.15
6186,20,1,3438,0.15
6187,27,2,1579,0.05
6187,23,2,2336,0.2
6187,26,1,4752,0
6188,58,1,1326,0
6189,50,2,2033,0.1
6190,30,2,4729,0.05
6190,6,2,529,0
6190,11,2,1744,0
6190,17,1,2656,0.15
6191,42,1,3125,0.1
6192,40,2,3255,0
6193,38,1,3806,0
6193,21,1,2746,0.05
6193,40,1,3255,0.05
6193,9,1,4658,0
6194,21,1,2746,0
6195,35,1,1942,0.1
6195,60,1,552,0.05
6195,44,1,724,0
6196,56,2,630,0.05
6197,27,1,1579,0.05
6198,12,1,4627,0.05
6198,42,1,3125,0.05
6199,30,1,4729,0.05
6200,30,1,4729,0
6200,54,2,3026,0
6201,23,1,2336,0.2
6201,18,1,778,0.05
6202,47,2,1558,0
6202,46,2,3785,0.05
6203,55,1,4572,0
6203,4,1,2293,0
6204,42,1,3125,0
6204,32,1,126,0.15
6205,57,1,729,0
6206,45,1,4975,0.05
6207,4,1,2293,0
6207,52,1,1957,0.1
6208,38,1,3806,0.05
6209,13,1,3877,0
6209,20,2,3438,0
6209,15,1,860,0.2
6209,13,1,3877,0.05
6210,28,2,567,0
6211,51,1,2916,0.05
6212,22,1,1574,0
6212,2,1,3850,0
6213,60,1,552,0.1
6214,2,1,3850,0
6215,26,1,4752,0
6215,26,1,4752,0.1
6215,11,1,1744,0
6216,24,1,2262,0.05
6216,11,1,1744,0
6217,28,1,567,0.05
6217,49,1,1048,0
6217,5,3,1760,0.05
6218,8,1,1791,0.05
6218,44,1,724,0.1
6219,22,2,1574,0
6220,41,2,931,0.1
6221,39,1,2235,0.05
6222,1,1,150,0.05
6223,12,1,4627,0
6223,37,1,667,0.05
6223,60,1,552,0.2
6224,11,1,1744,0
6225,33,2,4175,0.05
6225,15,3,860,0.05
6225,14,1,4075,0.1
6225,21,1,2746,0
6226,46,1,3785,0.05
6227,25,1,3410,0.05
6227,17,1,2656,0.1
6227,45,1,4975,0.05
6228,4,2,2293,0.1
6228,8,1,1791,0
6228,50,1,2033,0.05
6229,45,1,4975,0.1
6229,23,1,2336,0
6230,55,1,4572,0.15
6231,14,1,4075,0.05
6232,32,2,126,0.1
6233,31,2,3203,0.15
6234,50,1,2033,0.05
6235,6,1,529,0.1
6236,35,1,1942,0.1
6236,53,1,1286,0
6237,53,1,1286,0.05
6238,30,1,4729,0.2
6238,30,1,4729,0.05
6239,58,1,1326,0
6239,35,1,1942,0
6239,47,1,1558,0.15
6239,30,1,4729,0.05
6240,32,1,126,0.05
6241,47,1,1558,0.05
6241,22,2,1574,0
6242,59,1,2290,0.15
6243,35,1,1942,0.05
6244,23,1,2336,0.1
6245,3,1,3713,0.1
6246,11,1,1744,0
6247,18,1,778,0
6247,12,1,4627,0
6248,35,1,1942,0.1
6249,48,2,2972,0.1
6249,51,1,2916,0
6249,52,2,1957,0.05
6250,17,2,2656,0.1
6250,28,1,567,0
6251,37,1,667,0.15
6251,37,3,667,0
6252,36,1,1580,0.15
6253,56,1,630,0.05
6253,52,1,1957,0.15
6254,9,1,4658,0.05
6254,53,1,1286,0.1
6254,39,1,2235,0.1
6255,38,1,3806,0.05
6256,36,1,1580,0.2
6257,34,1,2437,0.1
6258,28,1,567,0.1
6259,47,1,1558,0
6260,32,2,126,0
6261,44,2,724,0.15
6261,38,1,3806,0.1
6262,52,1,1957,0
6263,32,1,126,0.2
6263,57,1,729,0.1
6263,48,1,2972,0
6264,57,2,729,0
6264,10,1,3487,0.05
6265,46,1,3785,0.05
6266,7,1,1985,0
6266,22,2,1574,0
6266,16,1,1002,0.1
6267,31,1,3203,0.2
6268,3,2,3713,0
6269,6,1,529,0
6270,56,1,630,0.1
6271,34,1,2437,0.1
6272,5,2,1760,0.1
6272,47,2,1558,0.05
6272,29,1,2320,0.15
6272,34,1,2437,0.15
6273,60,1,552,0.05
6274,30,2,4729,0.05
6274,7,1,1985,0
6275,42,2,3125,0.1
6275,48,2,2972,0.1
6276,43,2,4289,0.05
6276,60,1,552,0.05
6276,25,1,3410,0
6277,33,1,4175,0.1
6277,10,1,3487,0.05
6278,6,1,529,0
6279,4,1,2293,0.05
6279,19,1,2193,0.2
6280,4,1,2293,0
6281,26,1,4752,0.1
6282,52,1,1957,0
6283,34,1,2437,0
6283,35,1,1942,0.05
6284,17,2,2656,0
6285,19,1,2193,0
6285,23,1,2336,0
6286,57,1,729,0.1
6286,50,1,2033,0.1
6286,35,1,1942,0
6287,13,1,3877,0
6287,29,1,2320,0
6287,12,1,4627,0.05
6288,49,1,1048,0
6289,52,1,1957,0.05
6289,13,1,3877,0
6290,17,1,2656,0
6290,2,1,3850,0.05
6291,26,1,4752,0.1
6292,1,1,150,0
6293,31,1,3203,0.1
6294,41,1,931,0.15
6295,11,1,1744,0
6296,28,3,567,0
6296,11,1,1744,0.2
6297,51,1,2916,0.1
6298,9,1,4658,0.1
6299,43,1,4289,0.1
6299,18,1,778,0.05
6300,57,1,729,0
6300,13,1,3877,0.15
6300,2,2,3850,0
6300,46,2,3785,0
6301,53,1,1286,0
6301,30,1,4729,0
6302,10,1,3487,0.1
6302,43,1,4289,0
6303,53,2,1286,0.05
6303,9,1,4658,0.1
6304,12,1,4627,0.05
6304,58,1,1326,0.1
6305,19,1,2193,0.15
6306,46,1,3785,0.1
6306,21,2,2746,0.1
6306,54,1,3026,0.05
6307,11,1,1744,0.1
6307,29,1,2320,0.05
6308,24,1,2262,0.05
6309,45,1,4975,0.15
6309,34,1,2437,0.1
6309,3,1,3713,0.1
6309,22,1,1574,0
6310,11,1,1744,0.05
6310,32,1,126,0
6311,33,1,4175,0.1
6312,42,1,3125,0
6312,38,1,3806,0.15
6313,44,1,724,0.2
6314,46,1,3785,0.05
6314,45,1,4975,0.05
6314,39,1,2235,0.1
6315,51,1,2916,0.1
6316,3,1,3713,0
6316,36,1,1580,0.1
6316,8,2,1791,0.2
6317,39,1,2235,0
6317,55,3,4572,0.05
6317,54,1,3026,0
6318,12,1,4627,0
6319,60,1,552,0.2
6320,30,1,4729,0.1
6321,57,1,729,0
6322,23,1,2336,0.05
6323,40,1,3255,0.1
6324,9,1,4658,0.1
6325,36,1,1580,0
6325,53,1,1286,0.05
6326,51,1,2916,0.1
6326,60,1,552,0.05
6326,3,1,3713,0
6327,2,1,3850,0
6327,39,1,2235,0.2
6328,60,1,552,0
6329,32,1,126,0.05
6329,5,1,1760,0.05
6330,50,1,2033,0
6330,46,1,3785,0.1
6331,42,1,3125,0
6332,52,1,1957,0
6333,40,1,3255,0
6334,38,1,3806,0
6334,54,1,3026,0
6335,10,2,3487,0
6336,25,1,3410,0.05
6336,43,2,4289,0.05
6336,31,1,3203,0.15
6337,10,2,3487,0.05
6337,54,1,3026,0
6338,38,1,3806,0.05
6338,45,1,4975,0.05
6339,18,1,778,0.05
6340,1,1,150,0.05
6341,35,2,1942,0
6341,42,2,3125,0.1
6342,60,1,552,0
6342,51,1,2916,0
6342,58,1,1326,0.05
6343,41,1,931,0.1
6344,12,1,4627,0
6344,26,1,4752,0.15
6344,26,2,4752,0
6345,29,1,2320,0.1
6345,37,1,667,0.1
6346,55,1,4572,0.05
6347,14,1,4075,0
6347,36,1,1580,0.05
6347,41,1,931,0.2
6348,46,1,3785,0.05
6348,31,1,3203,0.05
6349,9,1,4658,0.1
6349,53,1,1286,0
6350,39,1,2235,0.05
6351,5,2,1760,0.05
6351,60,1,552,0.1
6351,28,1,567,0
6352,43,1,4289,0
6352,43,1,4289,0.1
6352,4,2,2293,0.1
6353,15,2,860,0.05
6354,14,1,4075,0
6355,21,1,2746,0.05
6356,35,1,1942,0
6356,42,1,3125,0.05
6357,33,1,4175,0.15
6357,16,1,1002,0
6357,17,1,2656,0.05
6357,7,1,1985,0.05
6358,35,1,1942,0
6358,19,2,2193,0
6359,18,1,778,0.1
6360,21,1,2746,0.05
6361,5,1,1760,0.05
6362,25,1,3410,0
6363,46,1,3785,0.05
6364,8,2,1791,0
6364,52,2,1957,0
6364,29,1,2320,0
6365,48,1,2972,0
6366,50,1,2033,0
6366,25,1,3410,0.1
6367,46,1,3785,0.1
6368,7,1,1985,0.05
6368,35,1,1942,0.1
6369,6,2,529,0.05
6370,30,1,4729,0
6371,43,1,4289,0.05
6372,26,1,4752,0.2
6373,39,1,2235,0.15
6374,35,1,1942,0
6374,24,2,2262,0
6375,6,1,529,0
6375,50,1,2033,0.1
6376,34,1,2437,0.15
6377,57,1,729,0.05
6377,51,1,2916,0.05
6378,28,1,567,0.05
6378,17,3,2656,0
6379,38,1,3806,0.1
6379,60,1,552,0
6380,2,1,3850,0.1
6381,3,1,3713,0.05
6382,43,1,4289,0
6382,30,1,4729,0.15
6383,6,1,529,0
6384,35,1,1942,0
6385,4,3,2293,0.2
6385,49,1,1048,0
6386,28,1,567,0
6387,52,1,1957,0.2
6388,18,2,778,0.1
6388,28,2,567,0
6388,54,2,3026,0
6389,16,1,1002,0
6390,60,2,552,0.2
6391,47,1,1558,0
6391,12,1,4627,0.05
6392,50,2,2033,0
6393,6,2,529,0
6394,33,1,4175,0
6395,40,2,3255,0.05
6395,47,1,1558,0.15
6395,43,3,4289,0
6396,7,1,1985,0.15
6396,57,2,729,0.1
6396,2,1,3850,0.1
6396,52,1,1957,0.05
6397,19,2,2193,0.05
6398,23,1,2336,0
6398,39,1,2235,0
6398,4,1,2293,0.1
6399,57,1,729,0
6400,59,1,2290,0.2
6400,52,2,1957,0
6401,57,2,729,0.2
6401,29,1,2320,0.1
6401,16,2,1002,0.05
6402,7,1,1985,0
6402,12,1,4627,0
6403,53,1,1286,0.2
6404,52,1,1957,0
6405,54,3,3026,0.1
6405,50,2,2033,0.05
6406,38,2,3806,0.15
6406,16,1,1002,0
6406,12,1,4627,0
6406,24,3,2262,0
6407,39,1,2235,0
6408,8,1,1791,0.15
6408,54,1,3026,0.1
6408,29,1,2320,0.15
6408,5,1,1760,0.05
6409,20,1,3438,0.1
6410,21,2,2746,0.15
6410,24,1,2262,0
6411,52,1,1957,0
6411,50,1,2033,0.05
6412,44,1,724,0.1
6413,55,1,4572,0.1
6413,14,2,4075,0.05
6414,53,1,1286,0.2
6415,51,1,2916,0
6415,1,1,150,0.05
6415,51,1,2916,0
6416,58,2,1326,0
6417,37,1,667,0
6418,35,1,1942,0.05
6418,60,1,552,0.05
6418,56,1,630,0.1
6419,32,1,126,0.05
6420,27,1,1579,0.15
6421,11,1,1744,0.05
6422,36,1,1580,0
6422,39,1,2235,0.15
6422,12,1,4627,0
6423,13,1,3877,0
6423,5,1,1760,0
6424,25,1,3410,0
6424,58,1,1326,0.05
6425,19,2,2193,0.05
6425,34,1,2437,0
6425,26,1,4752,0
6426,21,1,2746,0.05
6427,3,1,3713,0
6428,32,1,126,0.1
6429,19,1,2193,0
6430,26,1,4752,0
6430,12,1,4627,0
6431,32,1,126,0.05
6432,9,1,4658,0
6432,60,1,552,0.1
6433,57,1,729,0
6434,26,1,4752,0
6434,11,2,1744,0.1
6435,21,1,2746,0.05
6436,53,3,1286,0.1
6436,3,1,3713,0
6437,27,1,1579,0
6438,47,1,1558,0.2
6438,26,1,4752,0
6438,45,1,4975,0.1
6439,54,2,3026,0
6440,49,1,1048,0
6441,55,1,4572,0.1
6441,11,1,1744,0.1
6442,25,1,3410,0.05
6442,28,1,567,0.1
6443,45,1,4975,0
6443,46,2,3785,0
6444,8,2,1791,0.05
6444,8,1,1791,0.05
6445,31,2,3203,0.05
6445,16,1,1002,0.05
6445,37,1,667,0.05
6446,35,1,1942,0
6447,11,2,1744,0
6448,47,3,1558,0
6448,9,1,4658,0
6448,26,1,4752,0.05
6448,57,1,729,0.05
6449,39,1,2235,0
6450,22,1,1574,0.1
6451,28,1,567,0.05
6451,55,1,4572,0
6452,17,1,2656,0
6452,8,1,1791,0
6453,10,1,3487,0.1
6454,28,1,567,0
6455,60,1,552,0.05
6455,35,2,1942,0.05
6455,13,2,3877,0.1
6455,35,1,1942,0.15
6456,36,1,1580,0
6457,55,2,4572,0
6458,15,1,860,0.05
6459,19,1,2193,0.1
6460,3,1,3713,0.15
6460,49,1,1048,0.05
6461,22,1,1574,0.05
6461,25,1,3410,0.1
6462,6,1,529,0.15
6462,10,1,3487,0.05
6463,28,1,567,0.1
6464,8,1,1791,0
6465,41,1,931,0
6465,42,1,3125,0
6466,8,2,1791,0.1
6467,28,1,567,0.1
6467,31,1,3203,0.05
6467,54,1,3026,0
6468,12,1,4627,0.05
6468,60,1,552,0.05
6469,35,1,1942,0
6469,40,2,3255,0.1
6470,54,2,3026,0
6471,31,1,3203,0.1
6471,57,2,729,0.1
6472,14,1,4075,0
6472,12,1,4627,0.1
6473,38,1,3806,0.05
6473,30,1,4729,0.05
6474,4,2,2293,0.15
6474,58,2,1326,0
6475,6,1,529,0.1
6475,30,1,4729,0.1
6475,55,1,4572,0.15
6476,16,1,1002,0.05
6476,28,1,567,0.1
6476,10,1,3487,0.05
6477,50,1,2033,0.05
6477,25,1,3410,0
6478,27,1,1579,0.05
6478,28,1,567,0.05
6478,25,1,3410,0
6478,12,2,4627,0
6479,24,1,2262,0
6479,7,1,1985,0.1
6479,23,2,2336,0
6480,4,1,2293,0.1
6481,35,2,1942,0.05
6482,41,1,931,0.1
6483,57,2,729,0.1
6483,31,1,3203,0
6484,13,1,3877,0
6485,22,2,1574,0
6485,1,1,150,0
6486,20,1,3438,0.1
6487,9,1,4658,0.1
6488,49,1,1048,0.05
6488,26,1,4752,0.15
6489,16,1,1002,0.1
6490,60,1,552,0.1
6491,47,1,1558,0
6492,26,1,4752,0.1
6493,13,1,3877,0.1
6494,44,2,724,0
6495,14,1,4075,0.1
6495,15,1,860,0.2
6495,31,1,3203,0.1
6496,17,1,2656,0.1
6497,29,2,2320,0
6497,27,2,1579,0.05
6497,24,2,2262,0
6497,30,1,4729,0.2
6498,18,1,778,0.1
6498,33,1,4175,0
6499,14,1,4075,0.05
6499,43,3,4289,0.1
6500,34,1,2437,0.1
6500,31,1,3203,0.15
6501,57,1,729,0
6501,11,1,1744,0
6501,8,2,1791,0
6502,46,1,3785,0.1
6503,60,1,552,0
6504,3,1,3713,0
6504,48,1,2972,0
6505,34,1,2437,0
6506,5,1,1760,0.1
6507,48,1,2972,0.05
6508,46,2,3785,0.15
6509,14,1,4075,0.1
6510,27,1,1579,0.15
6511,59,1,2290,0
6512,5,1,1760,0
6512,49,2,1048,0.05
6513,19,1,2193,0.1
6513,35,1,1942,0.05
6513,50,1,2033,0
6514,35,3,1942,0.05
6515,18,1,778,0.1
6516,5,1,1760,0.15
6516,20,1,3438,0.1
6516,52,1,1957,0.15
6516,11,1,1744,0.1
6517,15,2,860,0.1
6518,37,1,667,0.05
6519,33,2,4175,0.15
6520,2,2,3850,0
6521,18,2,778,0
6521,28,1,567,0.05
6522,36,1,1580,0.05
6522,2,3,3850,0
6523,53,1,1286,0.1
6523,29,1,2320,0
6524,6,1,529,0
6524,54,1,3026,0
6524,48,1,2972,0
6525,59,1,2290,0.05
6525,33,1,4175,0
6526,32,1,126,0
6526,34,1,2437,0
6526,22,1,1574,0
6527,45,1,4975,0
6527,23,1,2336,0.15
6527,40,1,3255,0
6527,19,2,2193,0.05
6528,13,2,3877,0
6528,12,2,4627,0
6528,51,1,2916,0.15
6529,18,1,778,0.05
6529,36,2,1580,0
6530,33,1,4175,0.05
6530,50,1,2033,0
6531,18,2,778,0.05
6532,44,1,724,0
6532,50,1,2033,0.05
6532,14,3,4075,0.1
6532,49,1,1048,0.05
6533,58,2,1326,0
6534,29,1,2320,0
6535,5,1,1760,0.1
6535,50,1,2033,0.1
6536,51,2,2916,0.05
6536,14,1,4075,0.15
6537,58,1,1326,0.1
6538,8,2,1791,0
6538,14,1,4075,0.15
6539,6,1,529,0.1
6539,16,2,1002,0.15
6539,22,1,1574,0.15
6540,11,1,1744,0.15
6540,60,2,552,0.05
6541,60,1,552,0.15
6541,16,1,1002,0
6542,56,1,630,0.05
6543,59,1,2290,0
6544,46,1,3785,0.15
6544,26,1,4752,0.05
6545,8,1,1791,0
6545,35,1,1942,0
6546,23,1,2336,0
6546,13,1,3877,0
6547,57,1,729,0.05
6548,35,1,1942,0.15
6548,35,1,1942,0.1
6549,17,1,2656,0.05
6549,13,1,3877,0.1
6549,8,1,1791,0
6550,60,1,552,0.15
6551,39,2,2235,0.2
6551,6,1,529,0
6552,35,1,1942,0.15
6552,38,1,3806,0.05
6553,44,1,724,0.2
6553,37,1,667,0
6553,9,3,4658,0.1
6553,35,1,1942,0.2
6554,29,2,2320,0.05
6554,7,1,1985,0
6555,35,1,1942,0.05
6555,44,1,724,0.1
6555,25,1,3410,0
6555,43,2,4289,0.1
6556,3,1,3713,0
6556,53,1,1286,0
6557,31,1,3203,0.1
6557,44,2,724,0.1
6557,58,1,1326,0.05
6558,11,1,1744,0.05
6559,27,1,1579,0.05
6559,40,1,3255,0.1
6559,32,2,126,0.1
6560,1,1,150,0.05
6561,14,1,4075,0.05
6561,10,1,3487,0.1
6561,60,1,552,0
6562,37,1,667,0
6562,12,1,4627,0
6562,32,1,126,0.15
6563,53,1,1286,0
6564,37,1,667,0
6565,5,1,1760,0
6565,8,1,1791,0.1
6566,43,2,4289,0.05
6567,47,1,1558,0.15
6568,51,1,2916,0
6569,31,1,3203,0
6570,10,1,3487,0.2
6571,55,1,4572,0
6572,3,2,3713,0.05
6572,18,1,778,0.2
6572,50,1,2033,0
6573,18,1,778,0.05
6573,35,1,1942,0
6574,8,3,1791,0.1
6575,56,1,630,0.05
6576,9,1,4658,0
6577,3,1,3713,0
6577,60,1,552,0.05
6578,54,1,3026,0.05
6579,28,1,567,0
6580,24,1,2262,0
6581,24,2,2262,0
6581,41,1,931,0
6582,53,1,1286,0.05
6583,5,2,1760,0.05
6583,7,1,1985,0.05
6584,60,1,552,0
6585,9,1,4658,0.05
6585,18,1,778,0
6586,44,2,724,0.05
6586,31,1,3203,0
6586,17,1,2656,0
6586,36,1,1580,0.05
6587,4,1,2293,0
6588,31,1,3203,0
6589,56,1,630,0.1
6589,57,1,729,0.1
6590,6,1,529,0.1
6591,3,1,3713,0.05
6591,57,1,729,0.05
6591,9,2,4658,0.05
6592,23,1,2336,0.05
6593,17,1,2656,0
6593,24,2,2262,0
6593,46,1,3785,0
6594,15,2,860,0.1
6595,20,2,3438,0
6596,21,3,2746,0.15
6597,46,1,3785,0
6598,44,2,724,0
6598,7,1,1985,0
6599,56,2,630,0.1
6599,8,1,1791,0.05
6600,41,1,931,0
6601,4,1,2293,0
6601,33,1,4175,0
6601,22,1,1574,0
6602,21,2,2746,0
6602,28,1,567,0.1
6602,3,1,3713,0.1
6603,27,1,1579,0
6604,17,2,2656,0.05
6604,8,1,1791,0
6605,16,1,1002,0.05
6605,5,1,1760,0
6606,54,1,3026,0.05
6606,51,1,2916,0.15
6606,41,1,931,0.1
6607,21,1,2746,0
6608,1,1,150,0
6608,60,1,552,0.15
6609,5,1,1760,0.1
6610,14,1,4075,0
6611,15,1,860,0
6612,31,1,3203,0
6613,53,1,1286,0.15
6614,38,1,3806,0
6614,48,1,2972,0
6615,46,1,3785,0.05
6616,59,1,2290,0
6617,36,2,1580,0
6618,35,1,1942,0.05
6618,32,1,126,0
6619,46,1,3785,0.2
6620,2,1,3850,0.2
6620,59,1,2290,0.15
6621,26,1,4752,0.15
6622,23,2,2336,0.1
6623,29,1,2320,0
6623,13,1,3877,0.05
6624,17,1,2656,0.2
6624,9,3,4658,0.05
6624,22,2,1574,0.1
6624,1,1,150,0.05
6625,30,1,4729,0.05
6625,44,1,724,0.2
6625,44,2,724,0.1
6625,27,1,1579,0
6626,9,1,4658,0
6626,30,1,4729,0
6626,45,1,4975,0
6627,5,3,1760,0
6627,60,1,552,0.05
6628,43,1,4289,0.05
6628,27,1,1579,0
6629,24,1,2262,0
6630,40,1,3255,0.2
6630,10,1,3487,0
6631,14,1,4075,0.05
6631,5,1,1760,0
6632,8,2,1791,0
6633,56,1,630,0
6634,23,1,2336,0.05
6634,4,2,2293,0.1
6634,28,1,567,0.1
6635,30,1,4729,0
6635,47,1,1558,0.05
6636,59,2,2290,0.05
6636,31,1,3203,0.05
6637,8,1,1791,0.15
6638,32,1,126,0
6638,44,1,724,0.1
6638,4,1,2293,0.05
6639,42,1,3125,0.05
6639,43,1,4289,0.15
6640,49,1,1048,0
6641,35,2,1942,0.05
6641,54,1,3026,0
6642,21,1,2746,0.1
6643,45,1,4975,0
6643,31,1,3203,0.1
6643,26,2,4752,0.05
6643,43,1,4289,0.05
6644,56,1,630,0.05
6644,4,1,2293,0.15
6645,35,2,1942,0.2
6646,7,2,1985,0
6646,3,1,3713,0
6646,34,1,2437,0.15
6647,34,1,2437,0
6647,30,1,4729,0
6648,30,1,4729,0.1
6649,40,2,3255,0
6650,58,1,1326,0.1
6651,3,1,3713,0.1
6651,9,1,4658,0
6652,2,1,3850,0.05
6652,59,1,2290,0.15
6653,18,1,778,0.05
6654,19,2,2193,0
6654,32,1,126,0
6655,16,1,1002,0
6656,52,2,1957,0
6657,11,1,1744,0.05
6657,41,2,931,0.05
6658,39,1,2235,0.15
6658,10,1,3487,0.1
6659,28,1,567,0.1
6659,36,1,1580,0.05
6659,50,2,2033,0.1
6660,29,1,2320,0
6661,3,1,3713,0.05
6661,38,2,3806,0.05
6662,34,1,2437,0.15
6662,35,1,1942,0
6663,23,1,2336,0.05
6663,52,1,1957,0.1
6663,26,1,4752,0
6664,48,1,2972,0.05
6664,31,1,3203,0.05
6665,37,3,667,0.1
6665,50,1,2033,0.05
6666,28,2,567,0
6667,17,1,2656,0.05
6667,35,2,1942,0
6667,55,1,4572,0
6668,46,2,3785,0
6669,40,1,3255,0
6669,10,1,3487,0.1
6670,47,1,1558,0.1
6671,37,1,667,0.15
6672,52,1,1957,0.05
6672,54,1,3026,0
6672,32,1,126,0
6673,15,1,860,0.1
6674,55,1,4572,0
6674,17,2,2656,0.1
6675,4,1,2293,0
6675,54,1,3026,0.05
6675,31,1,3203,0.1
6676,28,2,567,0
6677,41,2,931,0.2
6678,59,1,2290,0.1
6679,45,1,4975,0
6680,11,1,1744,0
6680,19,1,2193,0
6680,54,1,3026,0.2
6681,20,1,3438,0.05
6682,39,1,2235,0
6682,15,1,860,0.15
6683,1,1,150,0.2
6683,28,1,567,0.05
6683,9,1,4658,0
6684,6,1,529,0
6684,59,1,2290,0
6685,59,1,2290,0.05
6686,45,1,4975,0.1
6686,5,1,1760,0.05
6687,26,3,4752,0
6688,42,2,3125,0.1
6688,11,1,1744,0.15
6688,60,1,552,0.1
6688,28,1,567,0.05
6689,23,3,2336,0.1
6690,11,3,1744,0.1
6690,13,1,3877,0
6691,42,2,3125,0
6692,31,1,3203,0.1
6692,2,3,3850,0.05
6692,44,3,724,0.05
6693,24,1,2262,0
6694,22,3,1574,0
6694,40,1,3255,0
6694,45,1,4975,0.05
6695,11,1,1744,0.05
6696,31,1,3203,0.2
6697,6,1,529,0
6698,57,1,729,0.05
6698,38,1,3806,0.2
6698,9,2,4658,0
6699,15,1,860,0
6699,18,2,778,0.1
6700,1,1,150,0.05
6700,48,1,2972,0
6701,43,1,4289,0
6701,14,1,4075,0.2
6701,5,1,1760,0.1
6701,18,1,778,0.15
6702,57,1,729,0
6703,44,1,724,0.2
6703,43,2,4289,0.1
6704,46,2,3785,0.1
6705,59,3,2290,0
6705,55,1,4572,0
6705,55,1,4572,0.05
6706,12,1,4627,0.05
6706,42,1,3125,0
6707,33,1,4175,0
6708,13,1,3877,0.05
6709,44,1,724,0.15
6710,43,1,4289,0.05
6710,43,1,4289,0
6710,53,1,1286,0
6710,29,1,2320,0.15
6711,60,1,552,0
6712,53,1,1286,0.05
6712,27,1,1579,0.05
6713,41,1,931,0.15
6713,52,1,1957,0.05
6713,19,3,2193,0.1
6714,38,1,3806,0.05
6715,23,1,2336,0
6716,36,1,1580,0.05
6716,49,1,1048,0.05
6716,13,1,3877,0.05
6717,51,1,2916,0
6717,1,1,150,0.15
6718,23,1,2336,0
6719,33,1,4175,0.1
6719,53,1,1286,0
6720,26,3,4752,0.1
6721,58,1,1326,0.05
6721,35,1,1942,0.1
6722,14,1,4075,0
6723,21,2,2746,0
6723,33,1,4175,0.2
6724,37,1,667,0.2
6725,51,1,2916,0
6725,7,1,1985,0.15
6726,40,1,3255,0.1
6727,20,1,3438,0.1
6727,11,1,1744,0.1
6728,9,1,4658,0
6729,30,1,4729,0
6729,36,2,1580,0.05
6730,15,1,860,0
6731,14,1,4075,0.15
6732,59,1,2290,0
6732,49,1,1048,0
6732,23,1,2336,0.1
6733,36,2,1580,0.05
6734,11,1,1744,0.05
6735,60,1,552,0
6735,27,1,1579,0.1
6736,14,1,4075,0.05
6737,24,1,2262,0.15
6737,42,1,3125,0.05
6737,49,1,1048,0
6737,18,1,778,0.05
6738,33,2,4175,0
6738,59,1,2290,0.1
6738,29,1,2320,0.05
6738,20,1,3438,0.05
6739,30,1,4729,0.2
6739,53,1,1286,0.15
6740,44,1,724,0.15
6740,19,2,2193,0
6741,35,1,1942,0.05
6742,38,1,3806,0.05
6742,22,1,1574,0.05
6743,56,1,630,0.05
6743,16,1,1002,0.1
6744,22,1,1574,0.1
6744,33,1,4175,0.1
6745,4,2,2293,0
6746,51,3,2916,0
6747,59,2,2290,0.1
6747,36,1,1580,0.15
6748,9,1,4658,0.05
6748,16,1,1002,0.05
6749,29,1,2320,0.05
6749,51,1,2916,0.15
6749,36,1,1580,0.15
6749,55,1,4572,0.1
6750,52,1,1957,0
6750,33,1,4175,0
6751,12,1,4627,0
6751,6,1,529,0.1
6751,12,1,4627,0.05
6752,3,1,3713,0.1
6752,20,2,3438,0
6752,37,1,667,0.05
6753,48,1,2972,0.05
6754,45,1,4975,0.05
6754,46,1,3785,0
6754,36,1,1580,0
6755,47,1,1558,0.15
6756,53,2,1286,0.05
6757,11,2,1744,0
6758,20,1,3438,0
6758,24,1,2262,0
6758,54,1,3026,0
6759,45,1,4975,0.2
6759,48,1,2972,0
6760,32,2,126,0.05
6760,30,1,4729,0
6761,42,1,3125,0.15
6761,54,1,3026,0
6761,8,1,1791,0.15
6762,49,1,1048,0
6763,15,1,860,0
6763,43,1,4289,0
6764,52,1,1957,0
6764,13,1,3877,0
6764,51,1,2916,0
6765,23,2,2336,0.1
6766,37,2,667,0.1
6766,40,1,3255,0.05
6767,29,1,2320,0
6767,22,1,1574,0.05
6768,30,1,4729,0.15
6768,55,1,4572,0.05
6769,43,2,4289,0.05
6770,24,2,2262,0
6770,14,2,4075,0.1
6771,16,2,1002,0.2
6772,15,2,860,0.1
6773,34,1,2437,0
6773,5,1,1760,0
6773,3,2,3713,0
6774,13,2,3877,0.05
6774,8,1,1791,0
6774,22,1,1574,0.05
6775,24,1,2262,0.05
6776,23,1,2336,0.05
6776,25,2,3410,0
6777,38,1,3806,0.05
6778,19,1,2193,0
6778,41,1,931,0
6779,4,1,2293,0.1
6779,11,1,1744,0.05
6779,8,1,1791,0
6780,8,1,1791,0
6780,59,1,2290,0.05
6780,32,1,126,0.1
6780,18,2,778,0.15
6781,45,2,4975,0
6781,19,1,2193,0.1
6781,52,1,1957,0.15
6782,24,1,2262,0.2
6783,57,1,729,0
6784,36,1,1580,0.1
6785,38,1,3806,0
6786,2,1,3850,0.05
6787,9,1,4658,0
6787,45,1,4975,0.1
6787,15,1,860,0.1
6788,28,1,567,0.05
6789,30,1,4729,0.05
6790,53,1,1286,0
6791,3,1,3713,0
6791,58,2,1326,0.05
6792,54,1,3026,0.1
6792,29,2,2320,0.05
6792,42,1,3125,0.15
6792,50,1,2033,0.05
6793,27,2,1579,0.15
6794,15,1,860,0
6794,18,1,778,0
6794,26,1,4752,0
6794,17,1,2656,0
6795,12,2,4627,0.1
6795,7,2,1985,0.15
6795,7,1,1985,0.1
6795,20,1,3438,0.1
6796,36,1,1580,0
6796,39,3,2235,0.1
6797,49,1,1048,0.15
6797,28,2,567,0.05
6798,44,1,724,0.05
6799,12,1,4627,0
6799,30,2,4729,0
6800,55,1,4572,0.2
6801,38,2,3806,0
6802,60,1,552,0.05
6802,17,1,2656,0
6802,34,1,2437,0.1
6803,8,2,1791,0.1
6804,11,2,1744,0.1
6804,8,1,1791,0
6805,49,2,1048,0.05
6805,5,1,1760,0
6806,35,1,1942,0.1
6807,1,2,150,0.15
6808,47,1,1558,0.1
6808,40,1,3255,0
6809,24,1,2262,0.15
6809,19,1,2193,0.05
6810,32,1,126,0.1
6810,59,1,2290,0.05
6810,24,1,2262,0.15
6810,57,1,729,0.1
6811,24,1,2262,0
6811,49,1,1048,0.1
6811,32,1,126,0.05
6812,2,1,3850,0.1
6813,5,3,1760,0
6813,55,2,4572,0.2
6813,35,1,1942,0.1
6813,27,1,1579,0
6814,38,1,3806,0.05
6814,3,1,3713,0.1
6815,15,2,860,0.1
6815,33,2,4175,0.15
6816,47,1,1558,0.05
6816,5,1,1760,0.05
6816,41,1,931,0.15
6816,43,2,4289,0.15
6817,35,2,1942,0
6818,54,1,3026,0.1
6818,13,2,3877,0
6819,19,1,2193,0
6819,55,2,4572,0.05
6819,51,1,2916,0.1
6820,39,1,2235,0.2
6821,1,1,150,0
6821,23,1,2336,0
6822,46,2,3785,0.05
6823,36,2,1580,0
6823,35,1,1942,0
6824,43,1,4289,0
6824,20,1,3438,0.15
6824,23,1,2336,0.05
6824,22,2,1574,0.05
6825,20,2,3438,0.05
6826,11,1,1744,0
6826,39,1,2235,0.05
6826,56,1,630,0
6827,22,1,1574,0
6827,41,1,931,0.05
6828,10,1,3487,0.1
6829,50,1,2033,0.05
6830,57,1,729,0.05
6830,24,1,2262,0
6831,18,1,778,0
6831,55,1,4572,0.05
6831,24,2,2262,0
6831,42,3,3125,0.1
6832,55,1,4572,0
6833,37,3,667,0
6834,4,2,2293,0
6834,50,1,2033,0.2
6835,25,1,3410,0
6835,37,1,667,0.05
6835,31,1,3203,0
6836,29,1,2320,0.1
6836,34,3,2437,0.1
6836,30,1,4729,0.15
6837,13,1,3877,0.2
6838,21,1,2746,0
6839,47,2,1558,0.1
6839,43,2,4289,0.1
6840,56,1,630,0
6840,14,1,4075,0.05
6841,30,1,4729,0
6842,5,1,1760,0
6843,11,1,1744,0.1
6844,51,1,2916,0.1
6844,47,1,1558,0.05
6844,41,1,931,0.1
6844,7,1,1985,0
6845,4,1,2293,0
6846,55,1,4572,0
6846,52,2,1957,0.1
6846,27,1,1579,0.05
6847,29,1,2320,0
6848,43,1,4289,0
6849,40,1,3255,0.15
6849,55,3,4572,0.05
6850,57,2,729,0
6850,54,1,3026,0
6851,27,1,1579,0
6852,40,1,3255,0.05
6852,39,2,2235,0.1
6852,40,1,3255,0.1
6853,56,1,630,0.15
6853,58,1,1326,0.05
6853,57,2,729,0.05
6854,39,1,2235,0.15
6854,51,1,2916,0.1
6855,45,1,4975,0
6856,46,1,3785,0.1
6857,44,2,724,0.15
6857,25,1,3410,0.1
6858,41,2,931,0
6858,16,2,1002,0.15
6859,3,1,3713,0.1
6859,38,2,3806,0
6860,44,1,724,0.1
6860,46,1,3785,0.15
6861,12,1,4627,0.1
6861,53,1,1286,0
6861,44,1,724,0
6862,36,2,1580,0
6862,43,1,4289,0
6863,35,1,1942,0
6864,53,1,1286,0.05
6864,55,1,4572,0
6865,52,2,1957,0
6866,30,1,4729,0.2
6866,6,1,529,0.15
6866,22,1,1574,0
6866,25,1,3410,0
6867,55,2,4572,0
6867,6,1,529,0
6868,25,3,3410,0
6869,9,1,4658,0
6870,55,1,4572,0
6870,46,1,3785,0.05
6871,35,1,1942,0
6872,45,1,4975,0.15
6873,43,1,4289,0.05
6873,16,1,1002,0.05
6873,55,1,4572,0.05
6874,1,2,150,0.2
6874,38,2,3806,0.05
6875,40,1,3255,0
6875,18,2,778,0
6876,9,2,4658,0.05
6876,1,1,150,0.2
6877,10,1,3487,0
6877,44,1,724,0
6877,31,2,3203,0
6877,58,1,1326,0
6878,60,1,552,0
6878,27,1,1579,0.15
6878,26,1,4752,0
6879,29,1,2320,0.05
6879,38,1,3806,0
6880,24,1,2262,0.05
6880,21,1,2746,0
6880,56,1,630,0.1
6880,49,1,1048,0.15
6881,23,1,2336,0.1
6882,6,1,529,0
6883,31,1,3203,0.1
6883,31,1,3203,0
6884,13,1,3877,0.1
6884,59,2,2290,0.1
6885,36,3,1580,0.05
6885,29,1,2320,0.15
6886,41,2,931,0.1
6887,27,1,1579,0.1
6887,4,1,2293,0
6887,50,1,2033,0
6888,31,1,3203,0.05
6889,53,1,1286,0.15
6889,29,1,2320,0
6889,60,2,552,0
6890,52,1,1957,0
6891,49,2,1048,0
6891,42,2,3125,0.2
6892,38,1,3806,0.05
6893,43,1,4289,0.1
6893,33,1,4175,0.05
6894,47,1,1558,0
6895,10,2,3487,0.15
6895,3,1,3713,0.1
6895,1,1,150,0.1
6896,1,1,150,0
6896,18,1,778,0.2
6897,37,1,667,0.1
6898,9,1,4658,0
6898,28,2,567,0.1
6899,47,1,1558,0
6900,47,1,1558,0.05
6900,27,2,1579,0.05
6901,41,2,931,0
6901,29,1,2320,0
6902,15,1,860,0.05
6903,3,1,3713,0.05
6904,24,1,2262,0.1
6904,36,1,1580,0.05
6905,32,1,126,0
6905,11,1,1744,0
6906,11,1,1744,0.05
6907,26,1,4752,0.15
6907,50,1,2033,0
6908,44,1,724,0
6908,15,1,860,0.1
6909,31,1,3203,0.05
6910,22,1,1574,0
6910,60,2,552,0.15
6910,26,2,4752,0.1
6910,45,1,4975,0.05
6911,60,2,552,0
6912,8,1,1791,0.2
6912,11,1,1744,0.15
6913,60,1,552,0.1
6914,19,2,2193,0.15
6914,52,2,1957,0.05
6915,15,1,860,0
6915,48,1,2972,0
6916,41,2,931,0.15
6917,49,1,1048,0
6917,22,1,1574,0.15
6918,47,1,1558,0
6919,27,1,1579,0
6919,36,1,1580,0.15
6920,7,1,1985,0
6920,5,1,1760,0.1
6921,58,1,1326,0
6921,51,1,2916,0.15
6922,35,1,1942,0.05
6922,27,1,1579,0.05
6923,40,1,3255,0
6923,20,1,3438,0.05
6923,24,1,2262,0.05
6924,23,2,2336,0.05
6924,57,2,729,0
6925,18,1,778,0
6925,41,1,931,0.05
6926,32,1,126,0.2
6927,45,1,4975,0.05
6928,58,1,1326,0.05
6928,28,1,567,0.05
6929,20,1,3438,0
6930,37,1,667,0.15
6931,2,1,3850,0.05
6931,34,1,2437,0.1
6931,39,1,2235,0.1
6932,11,1,1744,0
6933,53,1,1286,0.2
6933,58,1,1326,0
6934,11,1,1744,0.1
6935,48,1,2972,0
6936,19,2,2193,0.15
6937,10,2,3487,0.05
6937,36,1,1580,0
6937,11,1,1744,0
6937,2,1,3850,0
6938,32,1,126,0
6939,39,1,2235,0.1
6940,53,1,1286,0.15
6941,42,1,3125,0
6941,15,1,860,0
6942,4,1,2293,0
6943,37,1,667,0.15
6943,59,1,2290,0.05
6943,55,1,4572,0.2
6944,9,1,4658,0.1
6944,13,2,3877,0.05
6945,26,1,4752,0.05
6945,6,1,529,0.1
6946,8,1,1791,0.2
6947,55,1,4572,0.05
6947,12,1,4627,0
6948,24,1,2262,0.05
6949,18,1,778,0
6950,43,1,4289,0
6951,35,1,1942,0
6952,29,1,2320,0
6953,58,2,1326,0
6954,48,1,2972,0
6955,42,1,3125,0
6956,39,1,2235,0.2
6956,30,1,4729,0
6957,40,1,3255,0.05
6958,47,1,1558,0.15
6958,17,2,2656,0.05
6959,49,1,1048,0.05
6959,2,2,3850,0
6959,37,1,667,0.2
6960,51,2,2916,0.1
6960,4,1,2293,0
6960,14,1,4075,0.05
6961,2,1,3850,0
6961,19,1,2193,0.05
6962,35,1,1942,0.05
6963,9,2,4658,0.15
6963,36,1,1580,0.15
6964,45,1,4975,0
6964,46,1,3785,0
6965,30,1,4729,0.05
6966,46,1,3785,0
6967,28,1,567,0.15
6967,18,1,778,0
6968,34,2,2437,0
6968,19,2,2193,0
6968,52,1,1957,0.2
6969,10,1,3487,0.05
6969,49,1,1048,0.2
6970,11,1,1744,0.1
6971,35,1,1942,0.1
6972,14,1,4075,0
6973,25,2,3410,0.15
6973,50,1,2033,0
6973,56,1,630,0.15
6974,57,1,729,0
6974,23,1,2336,0.05
6975,44,1,724,0.2
6975,59,1,2290,0
6976,50,1,2033,0
6976,24,1,2262,0.2
6976,34,2,2437,0
6977,40,1,3255,0.1
6977,36,1,1580,0.2
6978,38,1,3806,0
6978,45,1,4975,0
6979,49,1,1048,0
6980,7,1,1985,0
6980,52,1,1957,0.2
6980,10,1,3487,0.15
6980,30,3,4729,0
6981,31,1,3203,0
6981,35,1,1942,0.05
6982,47,1,1558,0.1
6983,16,2,1002,0.05
6983,18,1,778,0.05
6984,53,1,1286,0.05
6984,60,1,552,0.1
6984,44,1,724,0.05
6985,35,1,1942,0
6985,21,2,2746,0
6986,16,1,1002,0
6986,42,1,3125,0.05
6987,53,1,1286,0
6988,7,1,1985,0.15
6989,13,1,3877,0.05
6990,42,1,3125,0
6991,25,2,3410,0
6991,53,1,1286,0.05
6991,39,1,2235,0
6992,58,1,1326,0.1
6993,39,1,2235,0.15
6994,7,1,1985,0
6994,40,1,3255,0.05
6994,10,1,3487,0.15
6994,21,1,2746,0.1
6995,18,1,778,0.05
6996,34,1,2437,0
6996,2,2,3850,0.1
6997,14,1,4075,0.15
6997,30,1,4729,0.05
6997,27,2,1579,0.1
6998,18,1,778,0.1
6998,58,1,1326,0.15
6998,13,1,3877,0
6999,46,1,3785,0.05
6999,42,1,3125,0.1
7000,36,1,1580,0.1
7000,3,1,3713,0
7001,1,1,150,0.05
7001,54,1,3026,0
7001,18,1,778,0.05
7002,55,1,4572,0
7003,49,1,1048,0
7004,55,1,4572,0
7005,54,2,3026,0
7005,17,1,2656,0.1
7006,43,1,4289,0.1
7007,25,1,3410,0
7007,7,1,1985,0
7008,55,1,4572,0
7009,44,1,724,0.2
7009,32,2,126,0.15
7010,54,1,3026,0.1
7010,29,1,2320,0.2
7011,20,1,3438,0
7011,60,1,552,0.05
7011,23,1,2336,0
7011,37,1,667,0
7012,57,2,729,0
7012,49,1,1048,0.1
7013,58,1,1326,0.15
7014,40,2,3255,0.1
7015,49,1,1048,0.1
7016,13,1,3877,0.1
7017,41,2,931,0.15
7017,7,1,1985,0.1
7017,43,1,4289,0.2
7018,27,1,1579,0
7018,33,1,4175,0.05
7019,8,1,1791,0
7020,48,1,2972,0.15
7020,29,1,2320,0
7021,16,1,1002,0
7021,36,1,1580,0
7022,45,1,4975,0.15
7022,11,1,1744,0.05
7022,58,3,1326,0
7023,33,2,4175,0.15
7024,41,1,931,0
7025,23,1,2336,0
7026,56,1,630,0
7027,24,1,2262,0.05
7028,3,1,3713,0.1
7028,38,1,3806,0.1
7028,9,1,4658,0.1
7029,5,1,1760,0.1
7029,43,1,4289,0
7029,44,1,724,0.05
7030,41,1,931,0
7030,2,1,3850,0.05
7031,41,1,931,0.15
7031,60,1,552,0.1
7032,22,1,1574,0.05
7033,32,2,126,0.2
7033,40,2,3255,0.15
7033,4,1,2293,0
7034,44,1,724,0.2
7035,10,1,3487,0.05
7035,53,1,1286,0
7036,16,1,1002,0
7036,9,1,4658,0.15
7036,55,1,4572,0.1
7037,12,1,4627,0.05
7037,23,1,2336,0.2
7037,19,1,2193,0.15
7038,36,1,1580,0.1
7039,40,1,3255,0.15
7039,28,3,567,0
7040,56,1,630,0.05
7041,23,1,2336,0.1
7042,47,1,1558,0
7042,24,1,2262,0.1
7042,48,1,2972,0.1
7042,19,1,2193,0.15
7043,41,1,931,0.1
7043,54,1,3026,0.05
7043,44,1,724,0.05
7044,27,1,1579,0
7045,35,1,1942,0.1
7046,23,1,2336,0
7047,53,1,1286,0.05
7048,24,1,2262,0.15
7049,47,2,1558,0.05
7050,39,1,2235,0.1
7051,6,1,529,0
7052,42,1,3125,0.05
7052,19,2,2193,0.2
7052,32,1,126,0.05
7053,60,2,552,0.1
7054,5,1,1760,0
7055,13,1,3877,0.1
7056,39,1,2235,0
7056,54,3,3026,0.15
7057,40,1,3255,0
7058,23,1,2336,0.1
7058,14,1,4075,0
7059,39,2,2235,0.05
7059,32,1,126,0
7060,15,1,860,0
7061,12,1,4627,0.15
7062,23,1,2336,0
7062,13,1,3877,0
7063,18,1,778,0
7063,32,1,126,0.05
7064,24,1,2262,0.05
7064,26,1,4752,0
7065,15,1,860,0.15
7066,6,1,529,0.15
7066,24,1,2262,0.1
7067,60,1,552,0
7068,51,2,2916,0.05
7068,31,1,3203,0.15
7069,39,1,2235,0.05
7069,29,1,2320,0.05
7069,6,2,529,0.1
7070,8,1,1791,0
7070,26,1,4752,0.1
7071,4,1,2293,0.05
7072,37,1,667,0.05
7072,60,1,552,0
7073,41,1,931,0
7073,51,1,2916,0
7074,60,1,552,0
7074,5,1,1760,0.05
7075,4,1,2293,0.05
7076,14,1,4075,0
7077,49,2,1048,0.2
7078,6,1,529,0
7079,50,1,2033,0.1
7080,25,1,3410,0.1
7081,23,2,2336,0.05
7082,17,1,2656,0.15
7082,26,1,4752,0.05
7083,46,1,3785,0.1
7084,35,1,1942,0
7084,1,1,150,0.1
7084,26,1,4752,0.05
7084,25,1,3410,0.1
7085,32,1,126,0.15
7086,2,1,3850,0
7087,4,2,2293,0
7088,14,1,4075,0.05
7088,50,1,2033,0.05
7088,40,1,3255,0
7089,47,1,1558,0.1
7089,10,1,3487,0
7090,11,1,1744,0.1
7091,48,1,2972,0.15
7091,7,1,1985,0
7092,1,1,150,0.1
7092,2,2,3850,0.1
7093,49,1,1048,0.1
7093,13,1,3877,0
7093,12,1,4627,0
7094,57,1,729,0.05
7094,5,2,1760,0.2
7094,49,1,1048,0.2
7095,1,2,150,0.1
7095,17,1,2656,0.15
7096,9,1,4658,0
7097,16,1,1002,0.1
7098,34,1,2437,0.05
7099,48,1,2972,0.1
7099,48,1,2972,0.1
7100,10,1,3487,0.05
7100,24,1,2262,0.1
7101,14,3,4075,0
7101,8,2,1791,0
7101,1,1,150,0.05
7102,25,1,3410,0
7102,46,1,3785,0.05
7102,42,1,3125,0
7103,11,2,1744,0.15
7104,15,1,860,0
7105,41,2,931,0.15
7105,18,1,778,0
7105,36,2,1580,0.05
7106,35,1,1942,0.1
7106,12,2,4627,0.05
7106,13,1,3877,0.15
7107,26,1,4752,0
7108,44,2,724,0.1
7108,14,3,4075,0.05
7109,7,1,1985,0.05
7109,8,1,1791,0.05
7110,40,1,3255,0
7110,39,1,2235,0.15
7111,39,1,2235,0.1
7112,52,1,1957,0.15
7113,37,1,667,0
7113,11,1,1744,0.05
7114,37,1,667,0.15
7115,31,1,3203,0
7115,51,1,2916,0.2
7116,34,1,2437,0
7117,54,1,3026,0.15
7118,42,1,3125,0
7118,32,1,126,0
7118,51,1,2916,0
7118,42,1,3125,0.1
7119,59,1,2290,0
7119,33,1,4175,0.1
7120,57,1,729,0
7120,18,1,778,0.1
7121,34,1,2437,0.05
7121,24,1,2262,0
7122,8,1,1791,0.1
7122,34,1,2437,0.05
7122,35,1,1942,0
7123,51,1,2916,0
7124,49,1,1048,0.05
7125,29,1,2320,0
7125,44,1,724,0
7126,55,2,4572,0.15
7127,51,1,2916,0.05
7127,40,1,3255,0.1
7128,44,1,724,0.2
7129,50,1,2033,0.05
7129,7,2,1985,0
7129,36,1,1580,0
7130,25,1,3410,0
7131,5,1,1760,0.05
7131,30,1,4729,0.1
7131,5,3,1760,0.05
7132,11,1,1744,0.1
7133,38,1,3806,0.05
7133,32,1,126,0.15
7134,9,3,4658,0.05
7134,51,1,2916,0.05
7135,47,1,1558,0
7136,5,1,1760,0.05
7136,51,3,2916,0.05
7136,42,2,3125,0
7137,41,2,931,0
7138,9,1,4658,0.2
7139,24,1,2262,0.15
7139,31,2,3203,0.15
7140,47,2,1558,0.05
7141,13,1,3877,0
7142,27,2,1579,0.1
7143,30,1,4729,0.05
7144,8,1,1791,0.1
7145,58,1,1326,0
7146,4,1,2293,0.1
7146,25,1,3410,0
7147,59,1,2290,0
7148,8,1,1791,0.05
7148,59,1,2290,0
7148,18,2,778,0
7149,7,1,1985,0
7149,9,1,4658,0
7149,34,2,2437,0.1
7149,12,1,4627,0.05
7150,46,2,3785,0.1
7150,47,1,1558,0.05
7151,57,1,729,0.1
7151,2,1,3850,0
7151,49,1,1048,0.1
7151,4,1,2293,0.05
7152,12,1,4627,0
7153,6,1,529,0.05
7154,57,2,729,0.1
7155,59,1,2290,0.05
7156,58,1,1326,0
7157,1,1,150,0.1
7157,21,1,2746,0.05
7157,59,1,2290,0
7157,1,2,150,0
7158,10,1,3487,0
7158,41,1,931,0.15
7159,17,1,2656,0
7160,24,1,2262,0
7160,53,2,1286,0.1
7161,36,1,1580,0.1
7161,29,1,2320,0.1
7161,30,1,4729,0.15
7162,50,1,2033,0
7163,42,1,3125,0.1
7163,59,1,2290,0.05
7164,26,1,4752,0.15
7164,39,2,2235,0
7164,1,1,150,0
7165,56,1,630,0.1
7165,7,1,1985,0.05
7166,49,2,1048,0
7167,48,1,2972,0.1
7168,1,2,150,0.15
7168,30,1,4729,0.15
7169,15,1,860,0.15
7169,16,2,1002,0
7169,3,1,3713,0
7170,42,1,3125,0.05
7170,49,1,1048,0
7171,36,1,1580,0.15
7171,45,1,4975,0.1
7172,36,1,1580,0
7173,24,1,2262,0.15
7173,24,2,2262,0.15
7174,32,1,126,0
7175,27,3,1579,0
7175,13,1,3877,0.05
7176,11,1,1744,0.05
7177,22,1,1574,0
7177,11,1,1744,0
7177,52,2,1957,0
7178,6,1,529,0.1
7178,53,2,1286,0.15
7179,59,2,2290,0
7179,49,1,1048,0
7180,2,1,3850,0.15
7181,28,1,567,0
7182,12,1,4627,0.05
7182,3,1,3713,0.15
7182,11,1,1744,0
7183,18,2,778,0.15
7184,12,1,4627,0
7184,18,1,778,0
7184,44,1,724,0.15
7184,29,1,2320,0
7185,9,2,4658,0
7185,4,2,2293,0
7186,16,3,1002,0.05
7187,57,2,729,0
7188,45,1,4975,0
7188,50,1,2033,0.05
7188,23,1,2336,0.15
7189,24,1,2262,0
7190,29,1,2320,0
7191,44,2,724,0.05
7191,13,2,3877,0.05
7192,59,1,2290,0.1
7193,38,1,3806,0
7193,3,1,3713,0
7194,32,1,126,0.05
7195,16,1,1002,0.1
7196,10,1,3487,0
7196,42,1,3125,0.1
7196,11,1,1744,0
7197,33,1,4175,0.1
7198,37,1,667,0
7198,20,1,3438,0.1
7199,38,1,3806,0
7200,19,1,2193,0
7200,11,1,1744,0
7201,54,3,3026,0
7201,18,1,778,0
7202,34,1,2437,0
7203,49,1,1048,0
7203,10,1,3487,0.05
7203,38,1,3806,0
7204,31,1,3203,0.1
7205,37,1,667,0.2
7205,27,2,1579,0
7205,26,1,4752,0
7206,5,1,1760,0
7206,49,1,1048,0
7206,26,1,4752,0.1
7207,28,1,567,0.05
7207,12,2,4627,0.2
7207,8,2,1791,0.1
7207,35,2,1942,0
7208,9,2,4658,0
7208,32,1,126,0.05
7208,9,2,4658,0.1
7208,42,1,3125,0
7209,52,3,1957,0.05
7209,3,1,3713,0.05
7210,25,2,3410,0.05
7210,53,1,1286,0.15
7211,58,1,1326,0
7211,5,2,1760,0.05
7212,15,2,860,0.2
7213,25,1,3410,0.05
7213,9,1,4658,0
7214,59,2,2290,0
7214,54,1,3026,0
7215,7,1,1985,0
7216,47,2,1558,0.1
7216,9,1,4658,0
7217,18,1,778,0.15
7217,5,1,1760,0.1
7217,48,1,2972,0
7217,48,1,2972,0
7218,50,1,2033,0
7219,23,3,2336,0
7220,21,1,2746,0.1
7221,2,1,3850,0.05
7221,4,1,2293,0
7222,5,1,1760,0.05
7222,15,1,860,0
7223,28,1,567,0
7223,40,1,3255,0.1
7224,39,1,2235,0
7225,29,2,2320,0
7225,19,1,2193,0.1
7226,23,1,2336,0.1
7226,25,2,3410,0
7227,57,1,729,0.15
7228,23,2,2336,0
7228,42,1,3125,0
7229,22,2,1574,0.15
7230,13,3,3877,0.05
7231,53,2,1286,0.1
7232,56,2,630,0.05
7232,24,1,2262,0
7233,48,1,2972,0.15
7234,37,1,667,0.05
7234,33,2,4175,0.15
7234,47,2,1558,0.15
7235,52,3,1957,0.1
7235,11,1,1744,0.1
7236,24,1,2262,0
7236,31,1,3203,0
7236,51,1,2916,0
7237,55,1,4572,0.05
7237,24,1,2262,0
7238,8,2,1791,0
7238,17,1,2656,0
7238,24,1,2262,0.1
7239,9,1,4658,0
7240,47,1,1558,0
7240,57,1,729,0.1
7240,21,1,2746,0.15
7241,14,1,4075,0.15
7242,20,1,3438,0
7243,45,1,4975,0
7243,27,2,1579,0
7244,59,2,2290,0
7245,42,1,3125,0.05
7246,17,2,2656,0
7246,1,1,150,0
7246,28,1,567,0.2
7247,51,1,2916,0
7248,8,1,1791,0
7248,48,1,2972,0.05
7248,11,1,1744,0.05
7249,59,1,2290,0.1
7249,35,1,1942,0.1
7249,30,1,4729,0
7249,8,1,1791,0
7250,53,2,1286,0
7251,42,1,3125,0.15
7252,24,1,2262,0.15
7253,1,1,150,0
7254,46,1,3785,0
7254,51,2,2916,0
7255,13,1,3877,0.1
7256,18,1,778,0.05
7256,1,1,150,0.05
7257,43,1,4289,0.15
7258,8,2,1791,0
7259,52,1,1957,0.1
7259,36,1,1580,0.05
7260,32,1,126,0.05
7261,8,1,1791,0.1
7262,22,1,1574,0
7262,52,1,1957,0
7263,14,1,4075,0
7264,41,1,931,0.05
7265,13,1,3877,0
7265,43,1,4289,0.15
7266,57,1,729,0
7266,39,1,2235,0
7267,34,1,2437,0.1
7267,6,1,529,0.15
7268,47,2,1558,0.1
7269,14,1,4075,0.05
7270,4,2,2293,0.05
7271,24,2,2262,0.1
7271,39,3,2235,0.1
7271,18,1,778,0.1
7272,49,1,1048,0.05
7273,53,1,1286,0
7274,2,1,3850,0.1
7274,32,1,126,0.05
7275,6,1,529,0
7276,57,1,729,0.05
7276,55,1,4572,0.05
7277,7,1,1985,0.05
7278,41,1,931,0
7278,21,1,2746,0.05
7278,8,1,1791,0
7279,54,1,3026,0.15
7280,33,2,4175,0.05
7280,59,2,2290,0.1
7281,44,1,724,0
7281,5,1,1760,0
7282,39,1,2235,0.1
7282,51,1,2916,0
7283,25,2,3410,0.1
7283,49,1,1048,0.1
7284,41,2,931,0.2
7285,57,1,729,0.15
7285,52,1,1957,0.1
7285,11,2,1744,0.05
7286,14,1,4075,0
7287,24,1,2262,0
7287,16,1,1002,0
7287,53,1,1286,0.05
7288,42,1,3125,0.05
7289,2,1,3850,0
7290,31,1,3203,0.1
7290,7,1,1985,0.15
7290,11,1,1744,0
7291,15,2,860,0.15
7291,56,2,630,0
7292,52,2,1957,0.05
7292,41,1,931,0.1
7293,8,1,1791,0.1
7294,3,1,3713,0
7294,57,1,729,0
7295,40,1,3255,0
7295,30,1,4729,0.05
7296,20,1,3438,0
7296,48,2,2972,0.1
7297,31,3,3203,0
7298,7,1,1985,0
7298,40,1,3255,0
7299,27,1,1579,0.05
7299,47,2,1558,0.05
7299,41,1,931,0.2
7300,33,1,4175,0
7301,1,1,150,0
7301,35,1,1942,0
7302,22,1,1574,0.1
7302,46,1,3785,0.05
7303,37,1,667,0
7303,40,2,3255,0
7304,52,1,1957,0
7305,36,1,1580,0
7305,21,1,2746,0.2
7306,51,1,2916,0.1
7307,42,2,3125,0.1
7307,17,1,2656,0
7307,57,1,729,0.05
7308,25,1,3410,0.05
7308,32,1,126,0
7309,15,1,860,0
7309,18,1,778,0.05
7309,60,2,552,0.05
7310,31,1,3203,0
7311,47,2,1558,0.05
7312,8,1,1791,0
7312,19,1,2193,0.1
7313,10,2,3487,0
7314,56,1,630,0.1
7315,54,1,3026,0
7315,26,1,4752,0.15
7315,3,1,3713,0.05
7316,45,1,4975,0.05
7316,28,1,567,0.05
7317,19,1,2193,0.1
7318,55,1,4572,0
7319,60,2,552,0.1
7320,49,1,1048,0
7321,30,1,4729,0
7321,1,1,150,0
7321,20,3,3438,0
7321,14,1,4075,0
7322,3,2,3713,0.1
7322,54,1,3026,0.15
7323,32,2,126,0
7323,46,1,3785,0.1
7324,47,1,1558,0.1
7325,24,1,2262,0
7325,36,1,1580,0
7325,42,1,3125,0.1
7326,46,1,3785,0
7327,56,1,630,0
7327,12,2,4627,0.1
7328,59,1,2290,0
7328,56,1,630,0.05
7329,46,1,3785,0.05
7330,16,1,1002,0
7330,57,3,729,0.15
7330,29,1,2320,0
7331,39,2,2235,0.1
7332,22,1,1574,0.1
7332,52,1,1957,0.05
7333,30,1,4729,0.1
7334,3,1,3713,0.2
7335,6,1,529,0.1
7336,37,2,667,0.05
7337,58,1,1326,0
7338,28,2,567,0.1
7338,2,1,3850,0.15
7338,12,2,4627,0.1
7339,51,3,2916,0.1
7340,48,1,2972,0.05
7340,49,1,1048,0.05
7341,40,1,3255,0.15
7341,48,2,2972,0.05
7341,2,1,3850,0.05
7342,49,1,1048,0.1
7343,24,1,2262,0
7343,35,1,1942,0.1
7343,29,1,2320,0.1
7343,46,1,3785,0.05
7344,37,1,667,0.1
7344,2,1,3850,0.2
7345,43,1,4289,0
7346,50,1,2033,0.1
7346,17,1,2656,0
7347,39,1,2235,0
7348,47,2,1558,0
7349,2,1,3850,0
7349,46,1,3785,0
7349,59,2,2290,0.1
7350,40,1,3255,0.05
7350,5,1,1760,0
7351,54,1,3026,0.2
7351,30,1,4729,0.1
7352,1,1,150,0
7353,48,2,2972,0
7354,23,2,2336,0.1
7354,53,1,1286,0.05
7355,32,3,126,0.15
7356,3,1,3713,0.1
7357,44,1,724,0
7357,38,1,3806,0
7357,57,1,729,0.1
7357,52,1,1957,0
7358,54,1,3026,0.15
7359,49,2,1048,0
7359,51,2,2916,0.05
7359,31,1,3203,0
7360,9,2,4658,0.15
7361,34,1,2437,0
7361,51,1,2916,0
7362,43,1,4289,0
7362,56,3,630,0.15
7362,20,1,3438,0.15
7363,40,1,3255,0
7363,10,1,3487,0.05
7363,41,1,931,0.2
7364,20,1,3438,0
7365,54,2,3026,0.05
7365,16,1,1002,0.1
7365,52,1,1957,0.05
7365,58,1,1326,0
7366,48,2,2972,0.1
7367,30,1,4729,0.05
7368,27,2,1579,0.1
7369,31,1,3203,0
7369,24,1,2262,0.1
7369,13,1,3877,0.15
7370,54,1,3026,0.1
7370,43,1,4289,0.1
7370,54,1,3026,0
7371,25,1,3410,0.05
7372,39,2,2235,0.15
7372,17,2,2656,0
7372,31,1,3203,0.05
7373,54,1,3026,0.1
7374,34,1,2437,0
7375,23,1,2336,0.15
7375,39,1,2235,0.2
7376,20,1,3438,0.15
7376,19,2,2193,0
7377,14,1,4075,0
7377,4,1,2293,0.1
7378,58,1,1326,0
7378,59,1,2290,0
7379,27,2,1579,0
7380,59,1,2290,0
7380,41,2,931,0
7381,28,1,567,0.2
7382,53,2,1286,0
7382,20,1,3438,0.2
7383,12,2,4627,0.05
7383,16,1,1002,0
7383,51,1,2916,0.15
7384,9,1,4658,0
7384,2,1,3850,0.05
7385,46,1,3785,0.05
7385,26,2,4752,0.05
7385,47,1,1558,0
7386,40,3,3255,0.05
7386,12,1,4627,0
7386,43,1,4289,0.05
7387,46,1,3785,0
7387,13,2,3877,0
7388,27,1,1579,0.1
7388,5,1,1760,0
7389,47,1,1558,0.05
7389,26,1,4752,0.05
7389,59,1,2290,0.15
7390,17,2,2656,0.1
7390,23,1,2336,0.15
7391,24,2,2262,0
7391,37,1,667,0.2
7391,17,2,2656,0
7392,15,1,860,0
7393,5,1,1760,0.05
7394,25,1,3410,0.05
7395,16,1,1002,0.1
7395,47,2,1558,0
7395,34,2,2437,0.15
7396,28,1,567,0
7396,26,1,4752,0
7397,5,2,1760,0
7398,34,1,2437,0.1
7399,19,1,2193,0.1
7399,13,1,3877,0.05
7400,42,1,3125,0.05
7401,31,2,3203,0
7402,13,1,3877,0
7403,49,1,1048,0.1
7403,16,1,1002,0.05
7403,8,2,1791,0
7403,18,2,778,0
7404,15,1,860,0
7404,57,1,729,0.05
7404,52,2,1957,0
7404,8,1,1791,0.15
7405,24,1,2262,0.05
7406,48,1,2972,0.1
7407,26,1,4752,0.05
7408,21,1,2746,0.2
7409,46,2,3785,0.05
7410,11,2,1744,0
7410,30,2,4729,0.05
7411,28,1,567,0
7411,55,1,4572,0.1
7411,17,1,2656,0
7412,26,1,4752,0.05
7413,26,2,4752,0.05
7414,55,1,4572,0.05
7415,6,2,529,0.05
7416,4,1,2293,0
7416,13,1,3877,0.1
7417,39,1,2235,0.2
7417,36,2,1580,0.05
7418,27,1,1579,0.05
7418,54,1,3026,0.05
7419,19,1,2193,0
7420,11,1,1744,0
7420,26,1,4752,0
7421,38,2,3806,0
7421,28,1,567,0.05
7421,27,1,1579,0.2
7422,14,2,4075,0.15
7423,2,2,3850,0
7423,21,1,2746,0.1
7424,40,1,3255,0
7425,32,1,126,0
7426,32,1,126,0.15
7427,6,1,529,0.1
7427,30,1,4729,0.05
7428,42,1,3125,0
7429,46,1,3785,0
7429,59,1,2290,0
7429,56,1,630,0.1
7430,36,1,1580,0
7431,22,1,1574,0
7432,16,1,1002,0.15
7433,11,1,1744,0.05
7434,56,2,630,0.15
7434,55,1,4572,0
7435,48,1,2972,0
7435,19,1,2193,0
7436,46,1,3785,0
7436,11,1,1744,0.05
7437,44,1,724,0.1
7438,53,1,1286,0
7438,17,1,2656,0.05
7439,37,1,667,0
7440,26,2,4752,0
7440,26,1,4752,0.05
7441,51,1,2916,0.15
7442,33,1,4175,0
7443,28,1,567,0.2
7443,23,1,2336,0
7444,28,1,567,0.15
7445,21,1,2746,0
7446,4,3,2293,0.2
7446,27,2,1579,0
7447,39,1,2235,0
7447,35,1,1942,0.15
7447,15,1,860,0.1
7448,11,2,1744,0.1
7449,51,1,2916,0.05
7450,30,1,4729,0.05
7450,3,1,3713,0.1
7451,21,1,2746,0
7452,15,1,860,0
7452,42,1,3125,0.1
7453,4,1,2293,0.1
7454,19,3,2193,0.15
7454,24,1,2262,0.1
7455,47,1,1558,0
7456,35,1,1942,0
7457,45,1,4975,0.1
7457,25,1,3410,0.1
7457,21,1,2746,0
7457,4,1,2293,0
7458,52,1,1957,0.1
7459,42,1,3125,0
7459,49,1,1048,0.05
7460,14,1,4075,0
7461,19,2,2193,0.05
7461,39,1,2235,0
7461,54,2,3026,0.05
7461,17,1,2656,0.15
7462,47,1,1558,0
7463,24,1,2262,0
7463,39,1,2235,0.05
7463,34,1,2437,0.05
7464,55,1,4572,0.1
7464,11,1,1744,0.05
7465,36,1,1580,0
7465,37,3,667,0
7466,51,1,2916,0.05
7466,19,1,2193,0
7467,53,1,1286,0
7467,12,3,4627,0.05
7467,22,1,1574,0
7468,2,1,3850,0
7469,9,1,4658,0.15
7469,37,1,667,0
7470,13,1,3877,0
7471,33,1,4175,0
7471,3,2,3713,0
7472,31,1,3203,0.05
7472,36,1,1580,0
7473,51,2,2916,0
7474,31,1,3203,0.1
7475,2,1,3850,0.1
7475,7,1,1985,0
7476,19,1,2193,0.05
7477,41,1,931,0.1
7478,30,1,4729,0.1
7479,35,3,1942,0.1
7480,37,1,667,0
7481,54,1,3026,0.05
7481,28,1,567,0
7482,31,1,3203,0
7482,43,1,4289,0
7482,55,1,4572,0.05
7483,27,2,1579,0
7484,24,1,2262,0
7485,2,3,3850,0
7486,58,1,1326,0.1
7486,31,1,3203,0.05
7487,29,1,2320,0.1
7487,52,2,1957,0.1
7488,31,1,3203,0.15
7489,14,1,4075,0.1
7490,26,2,4752,0
7490,51,1,2916,0
7491,50,1,2033,0
7491,33,1,4175,0
7492,47,1,1558,0.1
7493,28,1,567,0.15
7494,25,1,3410,0.05
7495,37,1,667,0.1
7496,18,2,778,0.1
7496,58,1,1326,0.05
7497,36,1,1580,0
7498,41,1,931,0.05
7499,12,1,4627,0.2
7499,39,1,2235,0.15
7500,7,1,1985,0
7500,37,2,667,0
7500,53,2,1286,0
7501,32,1,126,0.05
7502,45,1,4975,0.05
7503,9,1,4658,0.05
7503,21,1,2746,0
7504,22,2,1574,0.1
7504,38,1,3806,0.05
7504,36,1,1580,0
7505,25,1,3410,0.2
7505,20,1,3438,0.2
7505,14,1,4075,0.05
7506,29,1,2320,0.1
7507,11,1,1744,0.05
7508,19,1,2193,0.05
7508,34,1,2437,0.15
7509,13,1,3877,0.1
7510,42,1,3125,0.1
7510,9,1,4658,0.05
7511,42,1,3125,0
7512,38,2,3806,0.1
7512,21,2,2746,0
7513,52,1,1957,0
7513,19,1,2193,0.05
7513,33,3,4175,0
7514,54,1,3026,0
7515,57,1,729,0
7516,25,1,3410,0.05
7517,18,1,778,0.05
7517,18,1,778,0.05
7518,52,1,1957,0.05
7519,14,1,4075,0.2
7519,58,1,1326,0
7520,9,2,4658,0.05
7520,48,1,2972,0
7520,54,1,3026,0.1
7521,4,1,2293,0.05
7522,28,1,567,0.15
7523,48,1,2972,0.1
7524,50,1,2033,0.1
7525,2,1,3850,0.15
7526,27,1,1579,0.15
7527,6,1,529,0
7527,7,1,1985,0.1
7527,60,1,552,0.15
7528,26,1,4752,0.1
7528,2,1,3850,0.05
7528,4,1,2293,0.1
7529,4,1,2293,0.1
7529,23,1,2336,0
7530,3,1,3713,0
7530,28,1,567,0
7531,60,1,552,0
7531,23,1,2336,0.1
7532,47,1,1558,0.1
7533,49,2,1048,0
7534,20,1,3438,0.1
7535,42,1,3125,0
7536,20,1,3438,0.1
7536,9,1,4658,0
7536,36,1,1580,0
7536,25,1,3410,0
7537,39,1,2235,0.1
7537,44,1,724,0
7537,15,1,860,0.15
7538,53,1,1286,0.15
7539,18,1,778,0.15
7540,49,1,1048,0
7540,7,1,1985,0
7540,28,1,567,0
7541,22,1,1574,0.2
7542,35,1,1942,0
7543,43,1,4289,0.05
7544,32,1,126,0.15
7545,27,1,1579,0.05
7545,46,1,3785,0.05
7546,17,1,2656,0
7547,59,1,2290,0
7547,43,1,4289,0.05
7548,27,1,1579,0
7549,12,1,4627,0.15
7549,47,2,1558,0.1
7549,40,1,3255,0.15
7550,9,1,4658,0.05
7550,12,1,4627,0.1
7550,24,2,2262,0
7551,1,1,150,0
7551,11,1,1744,0
7551,3,1,3713,0.1
7551,51,1,2916,0
7552,22,1,1574,0
7553,53,2,1286,0.05
7553,36,3,1580,0
7554,37,1,667,0.15
7555,40,1,3255,0
7555,21,1,2746,0.15
7556,36,2,1580,0.05
7556,6,1,529,0
7556,44,1,724,0
7557,13,2,3877,0
7558,2,1,3850,0.05
7559,16,1,1002,0.1
7560,50,1,2033,0.1
7560,7,1,1985,0
7560,47,2,1558,0.1
7561,26,1,4752,0
7562,51,1,2916,0.1
7562,19,2,2193,0.1
7563,16,1,1002,0.05
7563,19,1,2193,0
7564,49,1,1048,0.1
7564,29,1,2320,0.1
7565,3,1,3713,0
7565,16,1,1002,0
7566,47,1,1558,0
7567,35,1,1942,0.15
7568,39,1,2235,0
7568,17,1,2656,0.1
7568,27,2,1579,0.1
7569,55,1,4572,0.15
7570,44,3,724,0.1
7570,55,2,4572,0.05
7571,40,1,3255,0
7572,21,3,2746,0
7573,13,1,3877,0
7573,56,1,630,0
7574,6,1,529,0
7575,1,1,150,0.05
7576,17,1,2656,0.05
7577,26,1,4752,0.15
7577,57,2,729,0
7577,15,3,860,0
7577,31,1,3203,0.1
7578,52,1,1957,0
7579,28,1,567,0.05
7580,24,2,2262,0.15
7580,35,1,1942,0.1
7581,23,1,2336,0
7582,56,3,630,0
7583,21,2,2746,0.2
7583,32,1,126,0
7583,40,2,3255,0.05
7584,17,1,2656,0.05
7584,40,2,3255,0
7584,11,1,1744,0
7584,7,1,1985,0
7585,1,1,150,0
7586,31,1,3203,0.05
7587,45,1,4975,0.2
7588,59,1,2290,0.05
7588,34,1,2437,0
7589,1,2,150,0.15
7590,30,1,4729,0.1
7590,36,2,1580,0.05
7591,48,1,2972,0.2
7592,25,1,3410,0.05
7593,14,1,4075,0
7593,25,3,3410,0.05
7594,48,1,2972,0.1
7594,19,1,2193,0.05
7595,28,1,567,0
7595,4,1,2293,0
7595,6,1,529,0.1
7595,51,1,2916,0
7596,42,1,3125,0
7596,49,1,1048,0.1
7596,34,1,2437,0.15
7597,6,1,529,0.1
7597,51,1,2916,0
7598,42,1,3125,0
7599,45,1,4975,0
7600,48,2,2972,0
7600,26,1,4752,0.1
7601,44,1,724,0
7601,3,1,3713,0.1
7602,12,1,4627,0.1
7602,42,2,3125,0.1
7602,13,1,3877,0.05
7603,30,1,4729,0
7603,30,2,4729,0
7604,33,1,4175,0
7605,2,1,3850,0.15
7606,59,2,2290,0
7607,30,1,4729,0.15
7608,50,1,2033,0.05
7608,23,1,2336,0.2
7608,51,3,2916,0.1
7609,31,1,3203,0.1
7610,14,1,4075,0.1
7610,38,2,3806,0.05
7611,58,1,1326,0.15
7611,3,1,3713,0.1
7612,44,1,724,0.1
7612,17,1,2656,0.1
7613,34,2,2437,0.15
7614,22,1,1574,0.2
7614,41,1,931,0.2
7614,59,2,2290,0.05
7615,50,2,2033,0.05
7615,59,1,2290,0.15
7616,44,1,724,0.2
7616,36,2,1580,0.05
7616,30,1,4729,0.05
7617,42,3,3125,0.1
7617,9,1,4658,0
7618,30,1,4729,0.05
7619,39,1,2235,0
7620,5,1,1760,0
7620,19,1,2193,0
7620,27,2,1579,0.1
7621,58,2,1326,0
7621,12,1,4627,0.1
7621,3,1,3713,0
7621,6,1,529,0.1
7622,50,1,2033,0
7623,46,1,3785,0.1
7623,32,1,126,0
7623,4,1,2293,0.1
7623,35,1,1942,0
7624,8,1,1791,0
7624,43,1,4289,0.05
7625,21,2,2746,0
7625,60,1,552,0
7625,55,1,4572,0
7626,27,1,1579,0.1
7627,8,1,1791,0.1
7627,16,1,1002,0.1
7628,5,1,1760,0
7629,59,1,2290,0
7630,46,2,3785,0.05
7631,55,2,4572,0
7632,44,1,724,0.05
7633,38,1,3806,0.15
7633,49,1,1048,0
7633,55,1,4572,0
7634,48,1,2972,0
7634,23,1,2336,0.15
7635,48,1,2972,0.05
7636,60,2,552,0
7637,11,1,1744,0
7637,1,1,150,0.1
7638,58,1,1326,0.1
7639,36,1,1580,0
7639,3,1,3713,0.2
7640,8,1,1791,0
7640,56,1,630,0.15
7641,27,1,1579,0.05
7641,55,2,4572,0
7641,56,1,630,0.1
7641,45,1,4975,0
7642,40,1,3255,0
7642,31,1,3203,0.05
7643,22,1,1574,0.1
7644,42,1,3125,0.05
7644,18,1,778,0
7644,11,1,1744,0
7645,44,2,724,0
7645,11,1,1744,0
7646,42,1,3125,0
7646,40,3,3255,0
7646,32,2,126,0.05
7647,20,2,3438,0
7648,34,1,2437,0.1
7649,38,1,3806,0
7650,33,1,4175,0
7651,38,2,3806,0.1
7651,56,1,630,0.15
7652,49,1,1048,0
7653,49,1,1048,0
7653,30,1,4729,0.05
7653,58,1,1326,0
7654,14,3,4075,0
7655,45,2,4975,0.1
7655,39,2,2235,0.05
7656,45,1,4975,0
7656,29,2,2320,0
7656,16,1,1002,0.05
7657,47,2,1558,0.05
7657,43,1,4289,0.1
7657,51,1,2916,0.1
7658,21,1,2746,0
7658,5,2,1760,0.05
7659,33,1,4175,0.05
7659,8,1,1791,0
7660,9,1,4658,0.05
7661,7,2,1985,0
7661,24,1,2262,0.1
7662,1,3,150,0.05
7663,17,1,2656,0.1
7663,54,1,3026,0
7664,13,1,3877,0
7665,1,1,150,0
7666,12,3,4627,0.1
7666,34,1,2437,0.05
7666,32,1,126,0.1
7667,15,2,860,0.05
7668,9,1,4658,0.1
7669,12,2,4627,0
7670,57,1,729,0
7671,26,1,4752,0
7671,37,1,667,0.1
7672,31,2,3203,0
7673,54,2,3026,0.1
7674,53,1,1286,0.05
7675,33,1,4175,0.1
7676,11,1,1744,0.1
7677,10,1,3487,0
7678,12,1,4627,0.05
7679,5,1,1760,0.2
7680,53,1,1286,0.05
7680,57,1,729,0.1
7681,35,1,1942,0
7681,8,1,1791,0.05
7682,12,1,4627,0
7683,34,1,2437,0.05
7683,13,1,3877,0.2
7684,24,1,2262,0
7684,32,1,126,0
7685,55,1,4572,0.05
7686,39,1,2235,0
7687,10,1,3487,0.1
7687,14,1,4075,0.05
7687,39,1,2235,0
7688,18,1,778,0.05
7689,55,1,4572,0.05
7690,20,1,3438,0
7690,52,3,1957,0.05
7690,42,1,3125,0
7691,25,2,3410,0.15
7692,21,1,2746,0.1
7692,16,2,1002,0
7692,20,1,3438,0.1
7693,10,1,3487,0
7694,52,1,1957,0.15
7694,31,1,3203,0.2
7695,28,1,567,0.1
7695,2,1,3850,0.1
7695,9,1,4658,0
7696,47,1,1558,0
7697,28,1,567,0.05
7697,10,1,3487,0
7698,25,1,3410,0.05
7698,28,1,567,0.1
7699,33,1,4175,0
7699,53,1,1286,0.05
7700,4,1,2293,0
7700,21,1,2746,0
7700,23,1,2336,0.15
7701,16,1,1002,0
7702,51,1,2916,0
7702,27,2,1579,0
7703,47,2,1558,0
7703,16,1,1002,0.15
7703,42,1,3125,0.1
7704,53,1,1286,0.05
7704,34,1,2437,0
7705,7,1,1985,0
7706,51,1,2916,0.05
7706,41,1,931,0
7706,10,2,3487,0.05
7707,50,2,2033,0.15
7707,58,3,1326,0.05
7707,33,1,4175,0.1
7708,24,2,2262,0
7708,24,1,2262,0
7708,20,1,3438,0
7709,20,1,3438,0.15
7709,3,1,3713,0.2
7710,33,1,4175,0.05
7711,38,1,3806,0.1
7711,31,1,3203,0.2
7711,50,2,2033,0.05
7712,39,1,2235,0.1
7712,20,2,3438,0.15
7713,60,1,552,0.1
7714,48,2,2972,0
7715,58,1,1326,0
7715,43,2,4289,0
7716,28,1,567,0
7716,17,2,2656,0.05
7717,51,1,2916,0.05
7718,2,1,3850,0
7718,22,1,1574,0.05
7719,37,1,667,0.15
7720,21,1,2746,0.1
7721,10,1,3487,0.1
7722,33,1,4175,0.15
7723,35,1,1942,0.05
7723,43,1,4289,0
7724,37,1,667,0.15
7724,47,1,1558,0
7725,56,2,630,0.05
7725,7,1,1985,0
7726,19,2,2193,0
7727,49,1,1048,0
7727,9,1,4658,0
7728,54,2,3026,0.15
7728,45,1,4975,0
7729,6,1,529,0
7729,39,1,2235,0
7730,15,1,860,0.05
7730,51,1,2916,0
7730,19,1,2193,0.05
7731,2,1,3850,0
7732,52,1,1957,0.05
7733,27,2,1579,0
7733,47,1,1558,0.15
7733,52,2,1957,0
7733,10,1,3487,0.15
7734,24,1,2262,0.1
7735,47,1,1558,0.05
7735,5,1,1760,0.1
7736,19,1,2193,0.2
7736,9,2,4658,0
7736,53,2,1286,0
7736,52,1,1957,0
7737,50,1,2033,0.15
7738,42,1,3125,0
7739,10,1,3487,0.2
7739,19,1,2193,0.05
7739,24,1,2262,0.05
7740,20,2,3438,0.1
7740,55,1,4572,0.2
7741,57,1,729,0
7741,7,1,1985,0
7742,53,1,1286,0.05
7743,26,2,4752,0.1
7743,3,1,3713,0
7744,30,1,4729,0
7744,30,1,4729,0
7745,47,2,1558,0
7745,43,1,4289,0.05
7745,5,1,1760,0.1
7745,55,1,4572,0
7746,46,1,3785,0.1
7746,4,2,2293,0
7746,3,1,3713,0.15
7747,58,1,1326,0.05
7747,21,1,2746,0.15
7747,13,1,3877,0.1
7748,19,1,2193,0
7748,7,2,1985,0.05
7748,34,1,2437,0
7749,43,1,4289,0.1
7750,25,1,3410,0.05
7751,56,1,630,0.05
7751,30,1,4729,0
7751,21,1,2746,0
7752,35,1,1942,0.05
7753,58,1,1326,0
7754,9,1,4658,0
7754,51,1,2916,0
7755,25,1,3410,0.05
7755,32,1,126,0.05
7756,44,2,724,0.05
7757,50,1,2033,0
7758,28,1,567,0
7758,22,2,1574,0
7758,33,1,4175,0.2
7758,31,1,3203,0
7759,22,1,1574,0
7760,42,1,3125,0.15
7761,31,1,3203,0
7761,18,1,778,0.05
7762,43,1,4289,0.05
7762,50,1,2033,0.1
7762,49,1,1048,0
7762,42,1,3125,0
7763,51,1,2916,0.1
7764,36,1,1580,0
7764,7,1,1985,0
7765,52,2,1957,0.15
7765,25,1,3410,0
7765,34,2,2437,0.05
7766,20,1,3438,0.1
7767,29,1,2320,0.1
7767,14,1,4075,0.05
7768,38,1,3806,0
7769,52,2,1957,0
7769,4,1,2293,0.1
7769,38,1,3806,0.1
7770,56,1,630,0.05
7771,11,2,1744,0
7771,37,1,667,0.05
7771,23,2,2336,0
7771,27,2,1579,0
7772,28,1,567,0
7772,25,1,3410,0
7772,34,1,2437,0.1
7772,53,1,1286,0
7773,46,2,3785,0
7773,47,1,1558,0.2
7773,57,2,729,0
7774,56,1,630,0
7774,33,1,4175,0.15
7775,55,1,4572,0.1
7776,48,1,2972,0.05
7776,58,1,1326,0
7776,45,2,4975,0
7777,8,1,1791,0.2
7777,33,1,4175,0
7778,1,1,150,0
7778,32,1,126,0.05
7779,35,1,1942,0
7780,43,1,4289,0.05
7780,26,1,4752,0.1
7781,7,1,1985,0.05
7782,8,2,1791,0
7783,55,1,4572,0.05
7784,9,1,4658,0.1
7785,28,1,567,0.15
7785,3,1,3713,0.1
7785,39,1,2235,0
7786,47,1,1558,0
7787,6,2,529,0.1
7788,17,1,2656,0.05
7789,28,1,567,0.1
7789,11,2,1744,0.05
7789,23,1,2336,0
7790,59,1,2290,0.1
7791,11,1,1744,0
7791,58,1,1326,0.05
7791,33,1,4175,0
7791,37,1,667,0
7792,34,1,2437,0.2
7792,8,1,1791,0.15
7792,60,1,552,0.1
7793,54,1,3026,0.05
7794,21,1,2746,0.15
7794,48,1,2972,0
7795,38,1,3806,0.1
7795,11,1,1744,0.05
7795,44,1,724,0.2
7796,50,1,2033,0.1
7796,40,1,3255,0.15
7796,60,1,552,0
7797,11,1,1744,0
7797,60,1,552,0.15
7797,37,1,667,0
7798,10,1,3487,0
7798,48,1,2972,0.05
7799,29,1,2320,0
7799,36,1,1580,0.2
7800,36,1,1580,0.1
7800,19,1,2193,0.1
7801,22,3,1574,0.05
7802,37,2,667,0.15
7803,19,1,2193,0.15
7803,3,1,3713,0.15
7804,9,1,4658,0.15
7804,32,1,126,0
7805,24,1,2262,0.1
7805,33,1,4175,0
7805,1,1,150,0.05
7806,2,1,3850,0
7807,9,1,4658,0
7808,17,1,2656,0
7808,25,1,3410,0.05
7809,53,1,1286,0.05
7809,22,1,1574,0.05
7809,53,1,1286,0
7809,27,1,1579,0
7810,47,1,1558,0
7811,10,2,3487,0.05
7812,4,1,2293,0.1
7813,29,1,2320,0
7813,23,1,2336,0
7813,10,1,3487,0
7814,52,2,1957,0.05
7815,1,1,150,0.05
7815,6,1,529,0.05
7816,32,3,126,0
7817,60,1,552,0
7818,44,1,724,0.05
7819,10,1,3487,0.05
7819,49,1,1048,0.05
7820,19,1,2193,0
7820,32,2,126,0.05
7821,31,2,3203,0
7821,3,1,3713,0.05
7822,33,1,4175,0.1
7823,58,1,1326,0.05
7823,56,1,630,0.05
7824,32,1,126,0.1
7825,37,1,667,0.05
7826,48,2,2972,0
7826,44,1,724,0.15
7827,16,1,1002,0.15
7828,36,2,1580,0
7828,41,1,931,0.1
7828,23,1,2336,0.15
7829,42,1,3125,0
7830,25,2,3410,0.05
7831,12,1,4627,0.1
7831,46,2,3785,0
7831,34,2,2437,0.2
7832,52,2,1957,0
7833,4,1,2293,0.1
7834,14,1,4075,0
7835,44,1,724,0.05
7835,16,1,1002,0
7836,35,1,1942,0.2
7837,19,1,2193,0
7838,55,1,4572,0.2
7838,56,1,630,0.05
7839,25,2,3410,0
7840,35,2,1942,0
7841,33,1,4175,0
7842,7,1,1985,0.15
7843,42,1,3125,0.05
7844,24,1,2262,0.05
7845,51,1,2916,0
7845,31,1,3203,0
7845,6,1,529,0
7846,21,2,2746,0.15
7846,42,2,3125,0
7846,1,1,150,0.15
7847,30,2,4729,0
7848,18,1,778,0.1
7848,14,1,4075,0.1
7848,28,1,567,0.1
7849,57,1,729,0
7850,35,1,1942,0.15
7851,30,1,4729,0.05
7851,53,1,1286,0.1
7851,43,1,4289,0.1
7852,58,1,1326,0
7852,32,2,126,0
7852,10,1,3487,0
7853,54,1,3026,0.05
7853,58,2,1326,0.05
7853,21,1,2746,0
7853,57,1,729,0
7854,24,2,2262,0.15
7854,10,2,3487,0
7854,24,1,2262,0
7855,27,1,1579,0.1
7855,41,1,931,0.1
7856,47,1,1558,0.05
7857,57,2,729,0
7857,49,1,1048,0.05
7858,48,2,2972,0.1
7859,31,2,3203,0
7859,47,1,1558,0
7860,11,1,1744,0.15
7861,42,1,3125,0.15
7861,19,1,2193,0.1
7862,47,1,1558,0
7862,44,1,724,0.05
7863,58,1,1326,0.15
7863,17,1,2656,0
7863,15,1,860,0
7864,55,1,4572,0
7865,8,1,1791,0.1
7866,53,1,1286,0
7866,12,1,4627,0.05
7867,27,1,1579,0.1
7867,35,2,1942,0
7867,56,1,630,0
7868,32,1,126,0
7869,17,1,2656,0.05
7869,60,1,552,0.2
7869,57,2,729,0.15
7870,36,1,1580,0.05
7871,1,2,150,0
7872,52,1,1957,0.15
7873,29,1,2320,0
7873,45,1,4975,0
7874,35,2,1942,0
7874,56,1,630,0.2
7875,2,1,3850,0.15
7875,38,1,3806,0.05
7875,18,1,778,0.1
7876,38,1,3806,0
7877,41,1,931,0.15
7877,5,1,1760,0.1
7878,53,1,1286,0
7879,36,1,1580,0.15
7879,19,2,2193,0
7880,28,3,567,0.05
7880,49,1,1048,0.05
7881,45,2,4975,0
7882,44,2,724,0.05
7882,6,1,529,0.15
7883,35,3,1942,0
7884,48,1,2972,0.15
7885,30,1,4729,0.2
7885,55,1,4572,0.05
7886,49,1,1048,0
7887,15,2,860,0.1
7887,20,1,3438,0.1
7887,50,3,2033,0.05
7888,54,2,3026,0
7888,40,2,3255,0.2
7888,26,1,4752,0.1
7889,25,1,3410,0
7889,51,1,2916,0
7889,18,1,778,0.05
7890,15,1,860,0.15
7891,11,1,1744,0.05
7891,28,1,567,0
7892,60,1,552,0.05
7892,5,1,1760,0
7892,7,1,1985,0.05
7892,52,2,1957,0
7893,9,1,4658,0.05
7893,25,1,3410,0
7894,56,1,630,0.05
7894,9,1,4658,0.1
7895,44,1,724,0
7895,11,1,1744,0
7896,14,2,4075,0.05
7897,30,1,4729,0
7898,41,1,931,0
7899,9,1,4658,0.05
7900,23,2,2336,0.05
7901,33,1,4175,0
7901,16,1,1002,0
7902,16,1,1002,0.1
7903,13,1,3877,0
7903,7,1,1985,0
7904,20,2,3438,0.1
7904,16,1,1002,0.1
7905,14,1,4075,0
7905,44,1,724,0.1
7905,54,1,3026,0.2
7906,11,1,1744,0
7907,14,1,4075,0
7907,58,1,1326,0.1
7908,14,1,4075,0
7908,5,1,1760,0
7909,30,2,4729,0
7909,36,1,1580,0.15
7909,5,1,1760,0
7909,59,2,2290,0.05
7910,28,2,567,0.1
7911,12,2,4627,0
7911,46,1,3785,0.05
7912,1,1,150,0.05
7912,4,1,2293,0.1
7912,31,1,3203,0.1
7913,55,1,4572,0.05
7914,18,1,778,0.1
7915,2,2,3850,0
7915,12,1,4627,0.1
7915,20,1,3438,0
7916,32,1,126,0.05
7917,1,1,150,0.05
7917,15,1,860,0.05
7918,22,1,1574,0.05
7919,23,1,2336,0.05
7920,21,1,2746,0.1
7921,30,2,4729,0
7922,9,1,4658,0
7922,18,1,778,0.05
7923,1,1,150,0
7923,3,1,3713,0.1
7923,52,1,1957,0.1
7924,21,1,2746,0
7925,25,1,3410,0.05
7925,55,1,4572,0.05
7926,8,1,1791,0.05
7927,8,1,1791,0.1
7928,40,1,3255,0.05
7928,45,1,4975,0
7929,46,1,3785,0
7930,31,2,3203,0
7930,7,2,1985,0.05
7931,22,1,1574,0
7931,21,1,2746,0.05
7932,5,1,1760,0.15
7932,25,1,3410,0.1
7933,30,1,4729,0.15
7934,37,1,667,0.1
7934,22,1,1574,0
7935,1,1,150,0.1
7935,7,1,1985,0
7936,31,1,3203,0.2
7937,59,2,2290,0.05
7938,17,1,2656,0
7938,14,1,4075,0.15
7939,29,1,2320,0.1
7940,59,1,2290,0
7941,51,1,2916,0
7941,38,1,3806,0
7942,28,1,567,0
7942,6,1,529,0
7943,35,1,1942,0.2
7943,22,1,1574,0
7944,57,1,729,0.05
7945,17,1,2656,0
7946,9,1,4658,0.05
7947,37,1,667,0.05
7947,40,1,3255,0
7948,58,1,1326,0.1
7949,40,1,3255,0.1
7950,2,1,3850,0
7950,11,2,1744,0.1
7951,8,1,1791,0.2
7951,39,1,2235,0.05
7952,42,1,3125,0
7953,27,1,1579,0.2
7954,1,1,150,0.1
7954,45,1,4975,0.05
7955,21,1,2746,0.05
7955,33,1,4175,0.05
7955,12,1,4627,0.15
7955,59,1,2290,0.05
7956,2,1,3850,0.05
7956,48,1,2972,0.15
7957,48,2,2972,0.1
7958,30,1,4729,0
7959,58,1,1326,0.05
7960,17,1,2656,0.15
7960,59,1,2290,0.05
7961,55,1,4572,0
7962,35,1,1942,0
7962,7,1,1985,0
7963,57,1,729,0
7963,57,1,729,0
7964,43,1,4289,0.05
7965,35,1,1942,0.1
7966,14,2,4075,0.1
7966,33,1,4175,0.05
7967,35,1,1942,0.15
7967,15,1,860,0.05
7968,18,1,778,0
7969,32,1,126,0.15
7969,8,1,1791,0.1
7970,47,1,1558,0
7971,38,1,3806,0
7971,27,2,1579,0.15
7972,20,2,3438,0
7972,25,1,3410,0
7973,6,1,529,0.1
7973,7,1,1985,0.1
7974,59,1,2290,0.2
7975,31,1,3203,0
7975,44,1,724,0
7976,9,1,4658,0
7976,43,2,4289,0
7977,5,1,1760,0.1
7977,45,3,4975,0.05
7978,16,1,1002,0.1
7978,6,1,529,0.05
7979,4,1,2293,0
7980,26,2,4752,0.2
7980,12,1,4627,0
7981,20,1,3438,0
7982,32,1,126,0
7983,32,1,126,0.1
7984,37,1,667,0.05
7985,14,1,4075,0
7985,50,1,2033,0.1
7986,15,1,860,0
7986,8,2,1791,0
7987,23,1,2336,0
7987,1,2,150,0.1
7987,20,1,3438,0
7988,50,1,2033,0.05
7988,35,1,1942,0.05
7989,15,1,860,0.05
7989,23,1,2336,0
7990,12,1,4627,0.05
7990,58,2,1326,0
7991,33,3,4175,0.1
7991,3,1,3713,0
7992,55,3,4572,0.05
7992,21,2,2746,0.05
7993,45,1,4975,0.05
7994,15,1,860,0
7995,29,2,2320,0.1
7995,56,1,630,0.15
7996,18,1,778,0.05
7997,59,1,2290,0.05
7997,19,1,2193,0
7998,29,1,2320,0.2
7998,15,1,860,0.1
7999,25,1,3410,0.05
8000,11,1,1744,0.2
8000,35,1,1942,0.1
8000,10,1,3487,0.05
8001,42,1,3125,0.05
8002,59,1,2290,0.15
8002,34,1,2437,0.05
8003,39,1,2235,0
8004,56,1,630,0.15
8004,3,2,3713,0.15
8005,4,1,2293,0.15
8005,8,2,1791,0.1
8005,26,1,4752,0.2
8005,21,1,2746,0.2
8006,56,1,630,0
8006,21,1,2746,0.1
8006,2,1,3850,0
8006,41,1,931,0.05
8007,17,1,2656,0
8008,48,1,2972,0
8008,24,1,2262,0
8009,24,3,2262,0.05
8010,25,1,3410,0.1
8011,36,2,1580,0.05
8011,6,1,529,0.1
8011,14,2,4075,0.15
8012,20,1,3438,0.05
8013,3,1,3713,0.15
8014,15,1,860,0
8015,55,1,4572,0.05
8016,51,1,2916,0.1
8016,20,3,3438,0.15
8016,7,1,1985,0.1
8017,22,1,1574,0
8017,16,1,1002,0.05
8018,1,1,150,0.05
8019,18,1,778,0.1
8020,59,1,2290,0.15
8020,24,1,2262,0
8021,8,1,1791,0
8022,37,1,667,0.05
8022,28,1,567,0
8022,1,1,150,0
8023,20,1,3438,0
8024,6,1,529,0
8025,29,1,2320,0.1
8026,27,1,1579,0.05
8026,50,2,2033,0.05
8026,19,2,2193,0
8027,58,1,1326,0.05
8028,56,1,630,0.2
8029,49,1,1048,0
8029,2,2,3850,0
8029,14,1,4075,0.15
8030,37,1,667,0.05
8030,57,2,729,0.1
8031,18,1,778,0.1
8032,42,3,3125,0.1
8032,38,1,3806,0.05
8032,37,1,667,0.1
8033,4,1,2293,0.05
8033,52,1,1957,0.1
8033,26,1,4752,0.15
8034,16,1,1002,0
8035,42,1,3125,0.1
8035,38,2,3806,0.15
8036,37,1,667,0
8037,27,1,1579,0.15
8037,9,1,4658,0.1
8038,19,1,2193,0.15
8039,19,1,2193,0
8039,50,2,2033,0
8039,38,1,3806,0.15
8040,10,1,3487,0.05
8040,41,1,931,0
8040,27,1,1579,0.05
8041,42,1,3125,0
8041,50,1,2033,0
8041,5,1,1760,0
8042,30,1,4729,0
8043,51,1,2916,0
8043,6,1,529,0
8043,26,1,4752,0
8044,46,1,3785,0.2
8045,21,1,2746,0.2
8045,60,1,552,0
8046,12,1,4627,0.1
8046,52,1,1957,0.05
8046,50,1,2033,0.1
8047,56,1,630,0.1
8047,41,1,931,0.1
8048,35,1,1942,0
8048,34,1,2437,0
8049,21,1,2746,0.05
8050,11,1,1744,0.05
8050,33,1,4175,0
8051,44,2,724,0
8052,27,1,1579,0.05
8053,19,1,2193,0
8053,54,1,3026,0.1
8053,26,1,4752,0.05
8054,35,1,1942,0.05
8054,38,1,3806,0.05
8054,54,1,3026,0.05
8055,27,1,1579,0.05
8055,30,3,4729,0
8056,22,1,1574,0
8056,26,1,4752,0.2
8056,35,2,1942,0
8056,20,2,3438,0.15
8057,43,1,4289,0.05
8058,31,2,3203,0.05
8059,56,1,630,0
8060,38,1,3806,0
8061,11,1,1744,0.15
8062,59,1,2290,0.05
8063,10,1,3487,0.05
8063,48,1,2972,0.15
8064,19,1,2193,0
8064,1,1,150,0
8065,4,1,2293,0.05
8066,12,1,4627,0.15
8066,13,2,3877,0.1
8067,26,1,4752,0.2
8067,1,1,150,0
8068,22,1,1574,0.2
8068,49,1,1048,0
8069,54,2,3026,0
8069,40,1,3255,0.05
8069,32,1,126,0.1
8070,42,1,3125,0
8070,16,1,1002,0
8071,10,1,3487,0.1
8071,37,1,667,0
8071,42,1,3125,0.1
8071,57,1,729,0
8072,49,1,1048,0
8073,43,1,4289,0
8074,24,1,2262,0
8074,59,1,2290,0.1
8075,31,1,3203,0.05
8075,4,1,2293,0.05
8076,21,1,2746,0.05
8076,29,2,2320,0.05
8077,41,2,931,0
8078,37,2,667,0
8078,26,1,4752,0.2
8078,12,1,4627,0.05
8079,56,1,630,0.15
8079,14,1,4075,0.1
8079,44,1,724,0.05
8079,29,1,2320,0.15
8080,21,2,2746,0.05
8080,59,1,2290,0.1
8080,32,2,126,0.1
8081,48,1,2972,0.05
8082,2,2,3850,0.2
8082,41,1,931,0
8083,55,1,4572,0.05
8083,34,1,2437,0
8084,26,1,4752,0
8084,55,2,4572,0.1
8084,52,1,1957,0
8085,35,1,1942,0.2
8086,2,1,3850,0
8087,48,1,2972,0.1
8088,52,1,1957,0.1
8088,59,2,2290,0.1
8088,24,1,2262,0
8089,60,1,552,0
8090,56,1,630,0.05
8091,26,1,4752,0.2
8092,17,1,2656,0.05
8093,35,1,1942,0.05
8094,20,1,3438,0.05
8094,47,1,1558,0.05
8095,6,1,529,0.05
8095,51,1,2916,0
8095,5,1,1760,0
8095,28,1,567,0.1
8096,41,1,931,0.15
8097,52,1,1957,0.1
8098,55,1,4572,0
8098,40,3,3255,0
8099,40,2,3255,0.15
8099,27,2,1579,0.2
8100,35,1,1942,0.1
8101,24,1,2262,0.2
8102,34,1,2437,0.15
8103,9,1,4658,0
8104,6,1,529,0.15
8104,13,2,3877,0.1
8105,7,1,1985,0
8106,51,1,2916,0
8106,38,1,3806,0.05
8107,17,1,2656,0.1
8108,44,1,724,0.05
8108,42,1,3125,0.2
8109,22,1,1574,0.1
8110,59,1,2290,0
8111,3,1,3713,0
8112,44,2,724,0.05
8112,12,1,4627,0
8112,44,2,724,0
8113,20,1,3438,0
8114,52,1,1957,0.05
8115,4,1,2293,0
8115,48,3,2972,0
8116,46,3,3785,0
8116,4,1,2293,0.1
8117,2,1,3850,0
8117,32,1,126,0.05
8118,26,1,4752,0.05
8119,4,1,2293,0.15
8119,54,1,3026,0.1
8119,2,3,3850,0.05
8120,39,1,2235,0.05
8121,48,1,2972,0.15
8121,51,2,2916,0
8122,49,1,1048,0.05
8122,48,1,2972,0
8122,60,1,552,0.05
8123,10,1,3487,0
8124,12,1,4627,0
8125,21,1,2746,0.1
8125,46,1,3785,0.05
8126,20,3,3438,0.2
8127,13,1,3877,0.2
8128,58,1,1326,0
8129,43,1,4289,0.1
8130,29,1,2320,0.05
8131,31,1,3203,0
8131,45,1,4975,0
8131,42,1,3125,0.05
8132,33,1,4175,0.15
8132,44,1,724,0
8132,31,1,3203,0
8132,28,1,567,0
8133,26,1,4752,0.05
8134,30,1,4729,0.1
8134,18,1,778,0.15
8134,17,1,2656,0
8135,49,1,1048,0.1
8135,5,1,1760,0
8135,32,2,126,0.05
8135,8,1,1791,0.05
8136,52,1,1957,0
8137,52,2,1957,0
8138,26,1,4752,0.1
8139,21,1,2746,0.05
8139,53,2,1286,0
8140,45,1,4975,0.2
8140,49,1,1048,0.2
8141,54,1,3026,0.05
8141,22,1,1574,0.1
8142,32,1,126,0
8143,35,1,1942,0.1
8143,15,1,860,0.15
8144,35,1,1942,0.05
8145,36,1,1580,0.05
8145,54,1,3026,0.15
8146,49,1,1048,0
8146,14,1,4075,0.1
8147,15,1,860,0
8147,31,1,3203,0
8148,7,1,1985,0.05
8148,50,1,2033,0.15
8148,30,1,4729,0.15
8148,23,1,2336,0.05
8149,57,1,729,0.1
8150,34,1,2437,0.05
8151,50,1,2033,0
8152,41,1,931,0.2
8152,18,1,778,0
8152,13,1,3877,0.05
8153,40,2,3255,0.05
8153,49,1,1048,0.1
8153,1,1,150,0.05
8154,40,1,3255,0.1
8154,37,1,667,0.2
8154,32,1,126,0.1
8154,15,1,860,0
8155,21,1,2746,0
8155,40,2,3255,0
8155,58,1,1326,0
8156,8,2,1791,0.05
8156,8,1,1791,0
8157,2,1,3850,0.1
8157,51,1,2916,0.05
8157,24,1,2262,0
8157,33,1,4175,0
8158,34,1,2437,0.05
8158,32,3,126,0
8159,7,1,1985,0.1
8160,2,1,3850,0.2
8161,28,1,567,0.1
8162,12,2,4627,0
8162,1,1,150,0
8163,7,1,1985,0.05
8163,13,1,3877,0
8164,42,1,3125,0.05
8164,48,1,2972,0.2
8164,56,2,630,0
8164,18,1,778,0.05
8165,10,1,3487,0.1
8165,35,1,1942,0
8165,54,1,3026,0.1
8165,3,1,3713,0.1
8166,22,1,1574,0.15
8167,19,1,2193,0.05
8167,46,1,3785,0
8168,47,3,1558,0.05
8168,16,1,1002,0
8169,3,1,3713,0.1
8170,48,2,2972,0
8171,32,1,126,0.2
8171,4,2,2293,0.05
8172,58,1,1326,0.05
8172,39,1,2235,0.15
8172,54,1,3026,0.1
8173,4,1,2293,0.15
8174,27,1,1579,0.2
8175,50,1,2033,0
8175,1,1,150,0
8176,28,1,567,0
8177,4,1,2293,0.1
8178,1,2,150,0.1
8179,39,1,2235,0.05
8179,6,2,529,0.05
8180,48,1,2972,0.05
8180,19,1,2193,0.15
8180,27,1,1579,0
8181,54,1,3026,0.05
8182,17,1,2656,0.1
8182,7,1,1985,0.05
8183,26,1,4752,0.15
8183,19,1,2193,0.2
8184,53,1,1286,0.05
8185,42,1,3125,0.1
8185,37,1,667,0.15
8185,19,1,2193,0
8186,35,2,1942,0.05
8187,22,2,1574,0
8187,36,1,1580,0
8188,28,2,567,0
8188,29,1,2320,0.1
8189,59,2,2290,0
8189,40,2,3255,0.1
8190,55,1,4572,0.15
8190,22,1,1574,0
8190,58,3,1326,0.1
8191,41,2,931,0
8191,22,1,1574,0
8191,27,1,1579,0.15
8192,12,1,4627,0.05
8193,30,1,4729,0.1
8193,53,1,1286,0
8193,23,1,2336,0.1
8194,59,1,2290,0.1
8194,60,1,552,0.1
8195,30,2,4729,0.2
8196,54,1,3026,0
8196,51,1,2916,0
8196,8,1,1791,0.2
8196,36,2,1580,0
8197,37,1,667,0.2
8197,47,1,1558,0
8197,10,2,3487,0
8198,26,1,4752,0.1
8199,25,1,3410,0.1
8199,55,1,4572,0.05
8199,30,1,4729,0
8200,9,1,4658,0.1
8201,2,2,3850,0.05
8201,1,1,150,0
8201,44,1,724,0
8202,3,1,3713,0
8203,27,2,1579,0
8203,41,1,931,0
8204,41,1,931,0.1
8204,30,1,4729,0
8205,20,1,3438,0.1
8205,5,1,1760,0
8205,11,1,1744,0.1
8206,36,1,1580,0.1
8207,15,2,860,0.1
8207,60,1,552,0.1
8208,60,1,552,0
8209,25,1,3410,0
8209,16,1,1002,0.05
8210,25,1,3410,0
8210,38,1,3806,0
8210,57,1,729,0.05
8211,3,1,3713,0
8211,60,1,552,0.1
8211,45,1,4975,0.1
8212,58,1,1326,0
8213,19,1,2193,0.05
8213,30,2,4729,0.1
8213,15,2,860,0.05
8214,20,1,3438,0.1
8214,42,1,3125,0.1
8215,58,1,1326,0.2
8215,22,2,1574,0
8215,42,3,3125,0.1
8216,50,1,2033,0.1
8217,53,2,1286,0.05
8218,18,2,778,0.05
8219,31,1,3203,0.05
8219,30,3,4729,0.15
8220,39,1,2235,0.1
8220,22,1,1574,0.2
8221,5,1,1760,0
8221,54,1,3026,0.15
8222,59,1,2290,0.05
8223,32,1,126,0
8223,34,1,2437,0.05
8224,3,1,3713,0.1
8224,23,1,2336,0.05
8225,27,2,1579,0.2
8225,6,2,529,0.2
8226,29,1,2320,0
8227,1,1,150,0
8228,56,1,630,0.15
8228,15,1,860,0
8229,58,1,1326,0.1
8229,10,1,3487,0.05
8229,8,1,1791,0
8230,5,1,1760,0
8230,9,1,4658,0.1
8231,39,1,2235,0
8231,49,1,1048,0.1
8232,26,2,4752,0.2
8232,33,1,4175,0.1
8232,19,1,2193,0
8232,34,1,2437,0.15
8233,52,2,1957,0
8233,7,1,1985,0.05
8234,25,1,3410,0.05
8234,43,1,4289,0.15
8234,22,1,1574,0.05
8235,13,2,3877,0
8236,11,1,1744,0.1
8236,28,1,567,0.1
8237,55,1,4572,0.1
8237,3,1,3713,0.1
8238,54,2,3026,0
8238,3,1,3713,0.2
8238,42,1,3125,0
8239,34,1,2437,0.05
8240,13,2,3877,0.1
8240,14,1,4075,0.2
8241,51,1,2916,0
8242,10,1,3487,0.1
8242,22,1,1574,0
8243,29,1,2320,0.1
8243,16,1,1002,0.1
8244,18,1,778,0
8245,41,1,931,0.05
8246,46,2,3785,0
8246,17,1,2656,0.05
8247,32,1,126,0.05
8247,36,1,1580,0.2
8248,11,1,1744,0.05
8249,46,2,3785,0.15
8249,4,1,2293,0.1
8249,50,2,2033,0.05
8250,50,1,2033,0
8250,50,1,2033,0.1
8251,42,1,3125,0.2
8251,43,1,4289,0.15
8252,17,2,2656,0
8253,52,1,1957,0.2
8253,47,2,1558,0.05
8253,19,1,2193,0.1
8254,49,1,1048,0.05
8254,40,1,3255,0.15
8255,40,1,3255,0.1
8255,47,2,1558,0
8256,42,1,3125,0.05
8256,43,1,4289,0
8257,27,1,1579,0
8258,50,1,2033,0
8259,3,1,3713,0.15
8259,24,1,2262,0.1
8259,18,1,778,0.15
8260,37,1,667,0
8261,48,1,2972,0.1
8262,53,2,1286,0.05
8262,57,1,729,0
8263,51,1,2916,0.15
8263,23,1,2336,0
8264,54,1,3026,0.05
8264,43,1,4289,0.1
8264,15,1,860,0.1
8265,41,2,931,0.05
8265,55,1,4572,0.1
8265,48,1,2972,0.1
8266,55,1,4572,0
8267,35,1,1942,0
8268,29,1,2320,0.1
8268,55,2,4572,0.2
8269,13,1,3877,0
8269,37,1,667,0.1
8270,4,2,2293,0.15
8270,44,1,724,0.05
8271,47,1,1558,0.2
8271,60,1,552,0
8271,1,1,150,0.15
8272,51,2,2916,0
8273,15,1,860,0.05
8273,53,1,1286,0.2
8274,33,2,4175,0
8274,4,1,2293,0.1
8274,56,1,630,0.1
8275,18,1,778,0
8275,32,2,126,0
8276,22,2,1574,0
8276,15,1,860,0
8277,7,1,1985,0.05
8277,3,1,3713,0.1
8278,27,1,1579,0.1
8279,20,1,3438,0.05
8280,13,1,3877,0
8280,11,1,1744,0.05
8281,55,1,4572,0
8282,42,1,3125,0
8282,57,1,729,0
8283,47,1,1558,0.1
8284,9,1,4658,0.05
8284,57,1,729,0
8285,57,1,729,0
8285,12,1,4627,0
8285,59,1,2290,0
8286,11,1,1744,0
8287,13,2,3877,0.1
8287,2,1,3850,0
8287,39,1,2235,0
8288,29,1,2320,0.05
8289,37,1,667,0
8290,37,1,667,0.05
8290,22,1,1574,0.15
8290,14,1,4075,0.2
8290,41,1,931,0.1
8291,41,1,931,0.05
8292,56,2,630,0.05
8292,7,2,1985,0
8293,48,1,2972,0.15
8293,49,1,1048,0
8294,44,1,724,0.15
8294,35,1,1942,0.05
8294,10,1,3487,0
8295,53,1,1286,0.15
8295,24,2,2262,0.15
8296,51,1,2916,0.05
8296,30,1,4729,0
8297,7,1,1985,0
8298,10,1,3487,0
8298,37,1,667,0
8299,35,1,1942,0.2
8299,52,3,1957,0.1
8299,32,1,126,0.05
8300,20,1,3438,0.15
8300,36,1,1580,0
8301,48,1,2972,0.15
8302,22,1,1574,0.15
8303,43,1,4289,0.1
8304,20,1,3438,0.1
8305,36,1,1580,0.05
8306,59,1,2290,0.1
8306,50,1,2033,0
8306,45,1,4975,0.05
8307,9,1,4658,0
8307,51,1,2916,0.15
8308,1,1,150,0.1
8309,55,1,4572,0
8310,11,1,1744,0.1
8310,34,2,2437,0.1
8311,51,1,2916,0.05
8311,58,2,1326,0.05
8311,3,1,3713,0.05
8312,38,1,3806,0
8313,19,1,2193,0.1
8313,13,1,3877,0.05
8313,16,1,1002,0
8314,29,1,2320,0.05
8314,51,1,2916,0.2
8315,42,1,3125,0.15
8316,31,1,3203,0
8317,49,2,1048,0.1
8318,12,1,4627,0.15
8318,2,1,3850,0
8319,54,1,3026,0.1
8319,29,2,2320,0
8320,46,2,3785,0
8321,23,1,2336,0.05
8322,20,1,3438,0.05
8322,16,3,1002,0.1
8323,31,2,3203,0
8324,10,1,3487,0.05
8324,56,3,630,0.1
8325,56,1,630,0
8326,43,2,4289,0.1
8327,39,1,2235,0
8327,13,2,3877,0.05
8328,42,1,3125,0.05
8329,42,1,3125,0
8329,55,1,4572,0.1
8329,14,1,4075,0.2
8329,2,2,3850,0.1
8330,36,1,1580,0
8331,12,1,4627,0.1
8331,7,1,1985,0.05
8332,34,1,2437,0.05
8332,31,1,3203,0
8333,39,1,2235,0.05
8333,6,1,529,0
8334,54,1,3026,0.05
8334,29,1,2320,0
8334,35,2,1942,0
8335,21,2,2746,0.15
8336,23,1,2336,0
8336,40,1,3255,0.05
8337,8,1,1791,0
8337,41,1,931,0.1
8338,36,2,1580,0.1
8338,27,1,1579,0.1
8339,24,1,2262,0.05
8339,7,1,1985,0.05
8340,55,2,4572,0
8341,8,2,1791,0.15
8341,51,2,2916,0.05
8341,46,1,3785,0
8342,22,1,1574,0.05
8342,2,1,3850,0
8343,57,3,729,0.05
8344,49,1,1048,0.05
8345,34,1,2437,0.1
8346,39,2,2235,0.15
8346,36,1,1580,0.1
8347,47,1,1558,0.1
8347,33,1,4175,0
8347,18,2,778,0.15
8347,20,1,3438,0.1
8348,10,1,3487,0
8349,50,1,2033,0.2
8349,11,1,1744,0.1
8350,44,1,724,0.05
8350,6,2,529,0
8351,54,1,3026,0.05
8352,16,2,1002,0.1
8353,22,2,1574,0
8354,5,1,1760,0
8355,5,2,1760,0
8355,21,1,2746,0.2
8356,58,1,1326,0.15
8357,23,2,2336,0.2
8357,9,1,4658,0
8358,14,1,4075,0
8359,42,1,3125,0
8360,29,2,2320,0.2
8360,57,1,729,0
8360,29,2,2320,0
8361,8,1,1791,0.1
8362,12,1,4627,0
8362,54,1,3026,0.1
8363,23,1,2336,0.1
8364,7,1,1985,0
8364,19,1,2193,0.2
8364,27,2,1579,0
8365,55,3,4572,0.2
8365,1,1,150,0.05
8366,38,1,3806,0
8366,43,1,4289,0.2
8367,31,1,3203,0
8367,44,1,724,0.1
8368,36,1,1580,0.15
8368,36,1,1580,0.2
8368,31,1,3203,0.1
8369,50,1,2033,0
8369,58,1,1326,0
8370,55,1,4572,0.2
8371,9,1,4658,0.05
8372,45,1,4975,0
8373,17,1,2656,0.1
8374,52,1,1957,0.1
8374,55,1,4572,0.05
8375,29,2,2320,0
8375,54,1,3026,0
8375,28,3,567,0.1
8376,5,1,1760,0.1
8376,42,2,3125,0.05
8377,32,1,126,0.05
8377,10,1,3487,0
8378,6,1,529,0.1
8379,43,1,4289,0
8379,56,2,630,0
8380,26,1,4752,0.2
8380,2,1,3850,0.1
8380,18,1,778,0.1
8381,41,1,931,0.2
8382,26,2,4752,0.05
8382,48,1,2972,0
8383,40,2,3255,0
8383,41,2,931,0.15
8383,3,1,3713,0
8384,7,1,1985,0.1
8385,11,1,1744,0
8386,4,1,2293,0
8386,43,1,4289,0.1
8387,34,1,2437,0
8387,56,2,630,0
8387,36,1,1580,0.15
8388,4,1,2293,0.1
8388,37,1,667,0.05
8388,3,1,3713,0.05
8388,56,1,630,0.2
8389,22,1,1574,0.05
8390,32,1,126,0.1
8390,4,1,2293,0.2
8391,1,1,150,0.1
8392,32,3,126,0
8392,45,1,4975,0.05
8393,16,1,1002,0.1
8394,33,1,4175,0
8394,45,1,4975,0
8395,38,1,3806,0
8395,20,1,3438,0.05
8396,17,1,2656,0
8397,1,1,150,0.15
8397,38,3,3806,0.1
8397,20,1,3438,0
8397,50,1,2033,0
8398,55,1,4572,0
8399,48,1,2972,0.2
8400,33,2,4175,0
8401,52,2,1957,0.15
8401,49,1,1048,0
8402,44,2,724,0
8403,6,1,529,0
8404,1,1,150,0
8405,17,1,2656,0.05
8405,32,1,126,0
8405,4,1,2293,0
8405,56,1,630,0
8406,19,1,2193,0
8406,17,2,2656,0
8406,4,2,2293,0
8407,24,3,2262,0.1
8408,10,1,3487,0.05
8408,1,1,150,0.2
8409,32,2,126,0.15
8409,56,1,630,0
8409,21,1,2746,0.05
8410,34,1,2437,0.05
8410,16,1,1002,0.2
8410,31,1,3203,0
8411,10,1,3487,0.05
8412,47,1,1558,0.05
8413,13,1,3877,0
8413,45,2,4975,0.05
8414,2,1,3850,0.1
8414,48,1,2972,0.05
8415,23,1,2336,0.1
8415,43,1,4289,0.1
8416,15,1,860,0
8417,56,1,630,0
8418,46,1,3785,0.05
8418,14,1,4075,0.05
8418,31,2,3203,0
8418,11,2,1744,0.1
8419,55,2,4572,0.05
8419,26,1,4752,0.15
8419,48,1,2972,0
8419,17,2,2656,0
8420,45,2,4975,0
8420,48,1,2972,0
8420,43,1,4289,0.15
8421,38,1,3806,0.1
8421,51,1,2916,0.1
8422,57,1,729,0.1
8422,20,1,3438,0.15
8423,36,1,1580,0.05
8423,39,2,2235,0
8423,14,1,4075,0.15
8424,26,1,4752,0.05
8424,30,1,4729,0.1
8424,18,1,778,0
8425,4,1,2293,0
8425,45,1,4975,0.15
8426,15,1,860,0
8427,37,2,667,0.15
8427,57,1,729,0
8428,25,1,3410,0.2
8428,5,1,1760,0.05
8429,49,1,1048,0.1
8429,6,1,529,0
8429,17,1,2656,0
8430,13,1,3877,0.1
8430,11,2,1744,0.05
8431,16,1,1002,0
8431,58,1,1326,0
8431,26,2,4752,0
8432,39,1,2235,0
8433,44,2,724,0.1
8433,34,1,2437,0.05
8433,55,1,4572,0
8434,13,1,3877,0.1
8435,56,2,630,0.1
8436,13,1,3877,0
8436,28,1,567,0.2
8437,2,2,3850,0.05
8437,51,1,2916,0
8437,12,1,4627,0.1
8437,54,2,3026,0.15
8438,56,2,630,0
8438,49,1,1048,0.1
8439,12,1,4627,0
8440,14,2,4075,0.05
8441,39,1,2235,0.1
8441,8,1,1791,0.05
8441,36,1,1580,0
8441,14,3,4075,0.1
8442,28,1,567,0.15
8442,1,1,150,0
8442,28,1,567,0
8443,9,1,4658,0
8444,54,1,3026,0
8444,34,2,2437,0
8445,57,1,729,0.05
8446,41,1,931,0
8447,44,1,724,0.05
8447,33,1,4175,0.05
8448,41,1,931,0
8448,14,1,4075,0.05
8448,41,1,931,0
8448,46,1,3785,0
8449,49,1,1048,0.05
8449,3,2,3713,0
8450,9,2,4658,0
8450,40,1,3255,0.1
8451,42,1,3125,0
8452,44,1,724,0.15
8453,14,1,4075,0.05
8453,53,3,1286,0
8454,35,1,1942,0.05
8455,48,1,2972,0.05
8455,58,1,1326,0.15
8456,3,1,3713,0.15
8457,23,1,2336,0
8457,53,2,1286,0.1
8458,39,1,2235,0
8458,8,1,1791,0.15
8458,31,1,3203,0.1
8459,53,1,1286,0.05
8459,11,3,1744,0.05
8459,2,1,3850,0.1
8459,33,1,4175,0.2
8460,9,2,4658,0.15
8460,38,1,3806,0
8461,32,1,126,0.15
8461,53,1,1286,0.05
8462,24,2,2262,0.1
8462,25,1,3410,0
8463,42,1,3125,0
8463,27,1,1579,0
8464,37,1,667,0
8465,18,2,778,0
8466,3,1,3713,0
8466,48,1,2972,0
8467,28,1,567,0.1
8467,53,1,1286,0.05
8468,16,2,1002,0.2
8468,41,1,931,0.1
8469,3,1,3713,0.2
8469,18,2,778,0.1
8470,40,1,3255,0.1
8471,22,1,1574,0
8472,5,1,1760,0.1
8472,40,1,3255,0
8472,27,1,1579,0.05
8473,19,1,2193,0
8473,29,1,2320,0
8474,42,1,3125,0.2
8475,9,1,4658,0.05
8476,15,1,860,0.1
8477,57,1,729,0.15
8477,32,3,126,0.1
8477,55,3,4572,0.2
8478,33,1,4175,0.15
8479,12,1,4627,0.05
8479,13,3,3877,0
8479,46,1,3785,0
8480,28,1,567,0
8480,12,2,4627,0
8481,31,1,3203,0
8481,38,1,3806,0.05
8482,35,1,1942,0.1
8482,36,1,1580,0
8482,2,1,3850,0.05
8482,15,1,860,0.05
8483,27,1,1579,0
8483,23,1,2336,0.1
8484,16,1,1002,0
8484,18,1,778,0.05
8484,27,1,1579,0.1
8485,43,2,4289,0.15
8485,11,2,1744,0
8486,19,3,2193,0
8487,25,1,3410,0
8487,1,1,150,0.05
8487,47,2,1558,0.05
8488,15,1,860,0
8488,33,2,4175,0.05
8489,55,1,4572,0
8490,49,1,1048,0.05
8490,53,1,1286,0
8490,47,2,1558,0.05
8491,29,1,2320,0.05
8491,40,1,3255,0.1
8492,42,2,3125,0.05
8493,36,2,1580,0.2
8493,43,1,4289,0.15
8493,58,1,1326,0.15
8493,58,1,1326,0
8494,32,1,126,0
8495,19,2,2193,0
8496,23,1,2336,0.05
8496,31,1,3203,0.1
8497,1,1,150,0.05
8497,17,1,2656,0
8498,32,1,126,0
8499,56,1,630,0
8499,10,1,3487,0.1
8500,13,1,3877,0
8501,7,1,1985,0
8502,46,1,3785,0.15
8503,8,2,1791,0
8504,39,1,2235,0.1
8504,4,1,2293,0.1
8505,17,1,2656,0.1
8505,54,1,3026,0.15
8505,38,1,3806,0.05
8506,25,1,3410,0.05
8506,47,1,1558,0.05
8506,36,1,1580,0.05
8506,1,1,150,0.15
8507,29,1,2320,0.05
8508,37,1,667,0.1
8509,26,2,4752,0.1
8510,28,1,567,0.05
8511,17,2,2656,0.15
8512,37,1,667,0
8513,24,2,2262,0.05
8514,51,1,2916,0
8515,23,1,2336,0.05
8515,46,1,3785,0.05
8515,22,1,1574,0.1
8516,27,1,1579,0.1
8516,14,1,4075,0
8517,19,1,2193,0
8518,4,1,2293,0.1
8519,8,1,1791,0.1
8519,1,1,150,0
8520,38,1,3806,0
8520,40,1,3255,0
8520,48,1,2972,0.1
8521,14,1,4075,0.05
8522,2,2,3850,0
8522,53,2,1286,0.2
8523,27,1,1579,0.15
8523,25,1,3410,0.1
8523,32,1,126,0.2
8524,32,1,126,0
8524,29,2,2320,0.1
8525,50,1,2033,0
8525,51,3,2916,0.05
8525,44,1,724,0
8526,35,1,1942,0.15
8526,47,1,1558,0
8526,29,1,2320,0
8527,24,1,2262,0.1
8527,60,1,552,0.2
8527,27,1,1579,0.2
8527,52,1,1957,0.15
8528,20,3,3438,0.05
8528,18,1,778,0
8529,9,1,4658,0.2
8530,15,1,860,0
8530,54,1,3026,0.15
8530,16,1,1002,0
8531,41,3,931,0.1
8531,36,1,1580,0.1
8532,37,1,667,0
8532,19,1,2193,0.05
8533,27,2,1579,0
8533,25,1,3410,0.15
8533,60,1,552,0.1
8534,2,1,3850,0.05
8534,44,1,724,0.05
8534,34,1,2437,0.15
8535,34,2,2437,0
8535,33,1,4175,0.05
8536,50,1,2033,0
8536,52,2,1957,0
8537,46,1,3785,0
8538,47,1,1558,0.15
8538,32,1,126,0
8538,26,1,4752,0
8538,20,1,3438,0
8539,40,1,3255,0.05
8540,57,1,729,0
8540,43,1,4289,0
8541,6,1,529,0.1
8541,34,2,2437,0
8542,42,1,3125,0.15
8542,30,1,4729,0
8543,26,1,4752,0.1
8543,40,1,3255,0
8544,35,3,1942,0
8544,44,1,724,0.05
8544,13,1,3877,0
8545,49,1,1048,0.05
8546,6,1,529,0
8547,8,1,1791,0
8548,60,1,552,0.05
8548,27,1,1579,0.05
8548,2,1,3850,0.2
8548,38,1,3806,0.05
8549,30,1,4729,0
8549,29,1,2320,0
8550,58,1,1326,0.15
8551,49,2,1048,0
8551,28,2,567,0.05
8551,52,1,1957,0
8552,54,1,3026,0.05
8552,60,1,552,0.1
8553,30,2,4729,0
8553,44,1,724,0
8553,37,1,667,0.1
8554,12,1,4627,0
8555,52,1,1957,0
8555,40,1,3255,0.15
8556,17,2,2656,0.1
8557,14,1,4075,0.05
8558,20,1,3438,0.15
8559,23,1,2336,0.05
8559,54,2,3026,0.15
8559,3,1,3713,0
8560,13,1,3877,0.05
8560,18,1,778,0.15
8561,49,1,1048,0
8562,5,1,1760,0.05
8563,12,1,4627,0
8564,12,1,4627,0.1
8564,41,1,931,0.1
8565,2,1,3850,0.05
8565,59,1,2290,0
8566,43,1,4289,0
8567,3,1,3713,0
8568,43,2,4289,0.1
8568,3,1,3713,0
8568,31,1,3203,0
8569,30,1,4729,0
8570,42,1,3125,0
8570,47,1,1558,0.2
8570,46,1,3785,0.2
8571,1,1,150,0
8571,25,1,3410,0.1
8571,36,1,1580,0
8571,13,1,3877,0.1
8572,29,1,2320,0.05
8572,18,1,778,0.05
8573,53,1,1286,0.2
8573,26,1,4752,0.15
8574,26,1,4752,0
8575,57,1,729,0
8576,40,1,3255,0.05
8577,21,1,2746,0.05
8578,49,1,1048,0
8578,45,1,4975,0.05
8578,29,2,2320,0.15
8579,22,1,1574,0.2
8580,27,1,1579,0
8581,34,1,2437,0.05
8582,23,1,2336,0.05
8583,34,1,2437,0.05
8584,54,1,3026,0.05
8585,32,1,126,0.15
8586,18,1,778,0.05
8587,20,1,3438,0
8588,50,1,2033,0.15
8588,24,1,2262,0.1
8589,35,1,1942,0.15
8589,11,1,1744,0.05
8590,8,1,1791,0.1
8591,11,1,1744,0.1
8591,15,1,860,0.1
8592,31,1,3203,0
8593,30,1,4729,0
8593,11,1,1744,0.15
8594,3,1,3713,0
8595,40,1,3255,0
8595,33,1,4175,0.05
8595,33,2,4175,0
8596,58,1,1326,0.05
8597,46,1,3785,0.05
8597,34,1,2437,0
8597,33,1,4175,0.1
8597,36,1,1580,0.05
8598,39,1,2235,0.1
8598,47,2,1558,0
8598,8,2,1791,0.05
8598,59,1,2290,0.05
8599,8,1,1791,0.05
8599,33,2,4175,0.15
8600,20,3,3438,0
8601,39,1,2235,0.1
8601,60,1,552,0
8602,13,1,3877,0.05
8603,43,1,4289,0.1
8603,51,1,2916,0
8603,2,2,3850,0
8604,28,2,567,0.2
8605,47,1,1558,0
8605,42,1,3125,0.15
8605,30,1,4729,0
8606,51,1,2916,0
8606,19,1,2193,0.2
8606,41,1,931,0.05
8607,44,3,724,0.1
8607,26,1,4752,0.05
8607,59,1,2290,0.2
8607,10,1,3487,0.1
8608,38,1,3806,0.15
8608,12,1,4627,0.05
8609,22,2,1574,0.05
8610,55,1,4572,0
8610,45,1,4975,0.05
8611,3,1,3713,0.1
8611,42,1,3125,0.05
8611,2,1,3850,0
8612,43,1,4289,0.05
8613,56,2,630,0.15
8613,47,1,1558,0
8614,1,2,150,0
8614,39,1,2235,0.15
8615,16,1,1002,0.15
8616,18,1,778,0.05
8617,19,1,2193,0
8617,37,1,667,0.05
8618,52,1,1957,0.1
8618,47,1,1558,0.05
8619,2,2,3850,0
8619,5,1,1760,0
8620,34,1,2437,0.05
8620,19,1,2193,0
8620,48,1,2972,0.05
8621,31,2,3203,0.15
8621,42,2,3125,0.05
8621,32,1,126,0.05
8621,51,1,2916,0.05
8622,7,2,1985,0.05
8622,41,1,931,0
8622,28,1,567,0.05
8622,55,1,4572,0
8623,26,1,4752,0.05
8624,16,1,1002,0
8624,16,1,1002,0.15
8625,4,1,2293,0.1
8626,27,1,1579,0
8627,48,1,2972,0
8628,41,1,931,0.2
8628,31,1,3203,0
8629,38,1,3806,0.1
8629,36,2,1580,0.15
8630,60,1,552,0.1
8630,15,1,860,0.05
8630,50,2,2033,0
8631,32,1,126,0
8631,60,1,552,0.1
8632,23,1,2336,0
8632,38,1,3806,0.05
8633,44,1,724,0.1
8633,33,1,4175,0.05
8633,57,1,729,0
8634,1,1,150,0
8634,32,1,126,0.1
8635,43,1,4289,0.1
8636,55,1,4572,0.05
8637,4,1,2293,0.05
8638,42,1,3125,0.1
8638,3,1,3713,0
8639,54,1,3026,0
8639,16,1,1002,0.05
8640,18,2,778,0.05
8640,8,1,1791,0.1
8640,31,1,3203,0.05
8641,3,2,3713,0.05
8641,18,1,778,0.1
8642,32,2,126,0.05
8642,31,1,3203,0
8643,2,1,3850,0.05
8644,30,1,4729,0
8644,41,2,931,0
8644,36,1,1580,0
8645,57,1,729,0
8645,9,1,4658,0.15
8646,39,2,2235,0.1
8646,19,1,2193,0.1
8646,11,1,1744,0.1
8647,10,1,3487,0
8647,59,1,2290,0
8647,48,1,2972,0
8647,36,3,1580,0
8648,48,1,2972,0.05
8648,43,1,4289,0.1
8649,8,1,1791,0.05
8649,13,1,3877,0
8649,4,1,2293,0.05
8650,54,1,3026,0
8651,9,1,4658,0
8652,41,1,931,0.05
8652,3,1,3713,0
8652,16,1,1002,0.05
8653,30,1,4729,0
8654,56,1,630,0.1
8655,39,1,2235,0
8656,40,1,3255,0.05
8657,27,1,1579,0.05
8657,22,1,1574,0.1
8657,45,1,4975,0
8657,6,1,529,0
8658,3,1,3713,0.05
8659,21,2,2746,0.2
8659,29,1,2320,0
8660,42,1,3125,0.1
8661,59,1,2290,0.15
8662,25,1,3410,0
8662,6,1,529,0.05
8663,42,1,3125,0
8664,5,2,1760,0
8664,36,1,1580,0.05
8665,53,1,1286,0
8665,53,1,1286,0.15
8666,22,1,1574,0.1
8666,31,1,3203,0
8667,29,1,2320,0
8667,13,1,3877,0.1
8668,28,1,567,0
8668,29,1,2320,0
8669,11,1,1744,0.15
8669,42,1,3125,0.05
8670,54,2,3026,0
8670,17,1,2656,0
8670,26,1,4752,0.1
8671,26,1,4752,0
8671,49,1,1048,0.1
8672,1,1,150,0.15
8672,5,1,1760,0
8672,38,1,3806,0.05
8673,24,1,2262,0.1
8673,52,2,1957,0.1
8674,26,1,4752,0.15
8674,37,1,667,0.1
8675,42,2,3125,0.2
8675,4,1,2293,0.2
8675,40,3,3255,0
8676,41,1,931,0
8676,57,1,729,0.15
8677,21,1,2746,0
8678,40,1,3255,0.05
8679,22,1,1574,0.1
8679,35,1,1942,0.2
8680,16,1,1002,0
8680,16,1,1002,0.1
8680,36,1,1580,0
8681,4,1,2293,0.15
8681,14,1,4075,0.15
8682,21,1,2746,0.05
8683,15,1,860,0.1
8683,23,2,2336,0
8684,50,2,2033,0.1
8685,23,1,2336,0.15
8685,21,2,2746,0.1
8686,49,1,1048,0
8686,1,1,150,0.1
8686,13,1,3877,0.1
8686,32,1,126,0.1
8687,21,1,2746,0
8688,54,1,3026,0.05
8688,8,1,1791,0.15
8689,10,1,3487,0
8690,13,1,3877,0.05
8691,19,1,2193,0
8691,8,1,1791,0.15
8691,56,1,630,0.05
8691,58,1,1326,0.1
8692,44,1,724,0.05
8693,41,1,931,0.05
8694,22,2,1574,0
8694,57,1,729,0.05
8695,38,1,3806,0.05
8695,2,1,3850,0.2
8696,24,1,2262,0.05
8696,18,1,778,0
8697,49,2,1048,0
8698,18,1,778,0.1
8699,24,1,2262,0.15
8700,60,1,552,0.05
8701,33,1,4175,0.1
8701,12,1,4627,0
8701,22,1,1574,0.1
8702,34,2,2437,0.1
8702,6,1,529,0
8703,9,2,4658,0.05
8704,32,1,126,0
8705,44,1,724,0
8706,33,1,4175,0.1
8706,38,3,3806,0
8706,44,3,724,0.1
8707,55,1,4572,0.1
8707,49,3,1048,0
8707,28,1,567,0
8708,4,1,2293,0.1
8708,19,2,2193,0
8709,19,1,2193,0.05
8710,47,2,1558,0
8711,21,2,2746,0
8712,33,1,4175,0
8712,12,1,4627,0.05
8713,54,1,3026,0.1
8713,54,1,3026,0.1
8714,31,1,3203,0.15
8715,29,1,2320,0
8715,48,1,2972,0.2
8715,31,1,3203,0
8715,45,1,4975,0.05
8716,50,1,2033,0
8716,48,1,2972,0
8717,57,2,729,0.1
8718,2,1,3850,0.15
8719,17,1,2656,0.1
8720,20,1,3438,0.1
8720,59,1,2290,0.1
8720,36,1,1580,0.05
8721,9,2,4658,0
8722,57,1,729,0.1
8722,9,1,4658,0
8723,6,1,529,0.05
8724,59,1,2290,0.05
8724,18,1,778,0.1
8725,36,1,1580,0.05
8725,51,1,2916,0.1
8726,10,2,3487,0.1
8727,16,1,1002,0
8727,55,1,4572,0.15
8727,28,1,567,0.2
8728,17,2,2656,0.1
8729,4,1,2293,0.2
8730,9,1,4658,0.1
8731,53,1,1286,0.1
8732,47,1,1558,0
8733,55,1,4572,0
8734,11,1,1744,0.15
8735,4,1,2293,0.2
8736,8,1,1791,0
8736,14,1,4075,0
8737,32,1,126,0.05
8737,50,1,2033,0.15
8738,10,1,3487,0.1
8738,10,1,3487,0.2
8738,28,3,567,0.05
8739,13,1,3877,0.1
8740,44,1,724,0.05
8741,25,1,3410,0.05
8742,5,1,1760,0
8742,35,1,1942,0
8742,33,1,4175,0
8743,35,1,1942,0.1
8744,5,1,1760,0
8745,31,1,3203,0.05
8745,48,1,2972,0.1
8746,46,1,3785,0.05
8746,12,1,4627,0.1
8747,16,1,1002,0
8747,60,1,552,0.05
8748,1,1,150,0
8748,53,2,1286,0
8748,48,2,2972,0
8748,30,1,4729,0
8749,50,1,2033,0
8750,48,2,2972,0
8751,12,1,4627,0
8751,5,2,1760,0.1
8752,30,1,4729,0
8752,9,1,4658,0.05
8752,54,1,3026,0.05
8753,40,2,3255,0
8754,46,1,3785,0.05
8754,55,2,4572,0.1
8755,3,2,3713,0
8756,57,1,729,0.05
8757,2,1,3850,0
8758,58,1,1326,0.05
8758,4,1,2293,0.05
8758,47,1,1558,0
8758,46,1,3785,0
8759,16,2,1002,0
8759,16,1,1002,0
8760,54,1,3026,0.05
8760,46,2,3785,0
8760,33,1,4175,0
8760,46,1,3785,0
8761,38,1,3806,0.2
8761,48,2,2972,0.05
8761,57,1,729,0.05
8762,32,1,126,0.05
8762,22,1,1574,0.2
8763,44,1,724,0
8764,58,1,1326,0
8765,5,1,1760,0
8766,1,2,150,0.1
8766,17,1,2656,0.05
8767,23,2,2336,0
8767,22,1,1574,0
8768,56,1,630,0.05
8768,10,1,3487,0
8768,14,2,4075,0.15
8768,48,2,2972,0.1
8769,49,1,1048,0.1
8769,18,3,778,0
8770,40,1,3255,0.05
8771,58,1,1326,0
8771,24,2,2262,0.05
8772,29,1,2320,0.05
8772,58,1,1326,0.05
8773,12,2,4627,0
8774,41,2,931,0.05
8774,3,1,3713,0.05
8775,18,1,778,0.05
8776,21,2,2746,0
8776,54,1,3026,0.05
8777,54,1,3026,0.2
8778,27,2,1579,0
8778,17,1,2656,0.05
8779,19,1,2193,0.05
8780,55,1,4572,0
8780,59,2,2290,0.1
8781,14,2,4075,0.05
8782,53,1,1286,0.15
8782,42,1,3125,0
8782,21,2,2746,0.1
8783,8,2,1791,0.1
8784,22,1,1574,0.05
8784,20,1,3438,0
8785,33,1,4175,0
8785,14,1,4075,0.15
8785,30,1,4729,0.2
8786,55,1,4572,0.1
8787,50,1,2033,0
8787,3,1,3713,0
8788,12,1,4627,0.1
8788,44,2,724,0
8788,1,1,150,0.05
8788,47,2,1558,0
8789,21,1,2746,0
8790,19,1,2193,0
8790,33,1,4175,0
8791,47,1,1558,0.2
8792,15,1,860,0
8792,14,2,4075,0
8793,43,1,4289,0.1
8793,6,1,529,0.05
8794,34,1,2437,0
8795,4,1,2293,0.05
8796,55,1,4572,0.05
8796,28,1,567,0.05
8797,7,2,1985,0.05
8797,26,1,4752,0
8798,20,1,3438,0
8798,52,1,1957,0.05
8799,28,1,567,0.05
8800,1,2,150,0
8801,25,1,3410,0.1
8801,46,1,3785,0.05
8802,6,2,529,0.05
8802,1,1,150,0.2
8802,60,1,552,0.1
8803,59,1,2290,0
8804,35,1,1942,0.05
8805,45,1,4975,0
8806,21,1,2746,0
8807,8,1,1791,0.15
8807,19,1,2193,0
8808,38,1,3806,0
8808,6,2,529,0.05
8809,5,1,1760,0.1
8809,24,1,2262,0
8810,14,1,4075,0.05
8811,33,1,4175,0.1
8811,29,1,2320,0.05
8811,31,1,3203,0.1
8812,35,1,1942,0.05
8813,33,1,4175,0
8813,12,1,4627,0.05
8814,50,1,2033,0.1
8815,4,1,2293,0
8815,56,1,630,0
8816,16,1,1002,0.1
8817,48,1,2972,0
8818,44,1,724,0.1
8818,10,1,3487,0.1
8819,7,1,1985,0
8819,17,1,2656,0.05
8820,33,1,4175,0
8821,23,1,2336,0.1
8822,14,2,4075,0
8822,52,1,1957,0.1
8823,53,2,1286,0.05
8823,16,1,1002,0
8824,27,1,1579,0
8824,20,2,3438,0.15
8825,34,1,2437,0.1
8826,18,1,778,0.1
8826,18,1,778,0
8827,18,1,778,0
8827,58,1,1326,0.15
8828,22,1,1574,0.05
8829,27,1,1579,0
8829,33,1,4175,0
8830,54,1,3026,0.1
8830,35,1,1942,0
8830,37,1,667,0.15
8831,13,1,3877,0.1
8831,21,1,2746,0.15
8832,43,2,4289,0
8832,43,1,4289,0.1
8833,32,1,126,0.1
8834,46,1,3785,0
8834,46,1,3785,0.1
8834,51,1,2916,0
8835,13,1,3877,0
8836,7,1,1985,0.1
8837,43,1,4289,0.05
8838,28,1,567,0.1
8838,30,2,4729,0.05
8839,15,1,860,0.15
8840,42,1,3125,0.1
8840,18,1,778,0.05
8840,49,2,1048,0.05
8841,21,1,2746,0
8841,12,1,4627,0
8842,39,1,2235,0
8843,21,1,2746,0
8843,30,1,4729,0.05
8843,12,1,4627,0.1
8844,47,1,1558,0.05
8844,12,1,4627,0.15
8845,36,1,1580,0.05
8846,35,3,1942,0.15
8846,5,1,1760,0.2
8847,6,1,529,0
8847,30,1,4729,0.05
8848,15,1,860,0
8849,13,1,3877,0.05
8849,45,1,4975,0
8850,51,1,2916,0.05
8850,44,1,724,0
8851,22,1,1574,0.1
8852,48,2,2972,0.15
8852,58,1,1326,0.1
8852,15,1,860,0
8853,39,1,2235,0
8854,10,1,3487,0.05
8855,40,2,3255,0.1
8855,11,1,1744,0.05
8855,28,1,567,0.15
8856,54,1,3026,0.05
8857,40,2,3255,0.05
8858,59,2,2290,0.05
8859,48,1,2972,0
8859,4,1,2293,0
8860,48,1,2972,0.1
8860,50,1,2033,0.2
8860,4,1,2293,0.1
8860,48,1,2972,0.05
8861,28,1,567,0
8862,27,1,1579,0.1
8863,60,1,552,0.1
8863,8,1,1791,0.05
8864,22,1,1574,0.05
8865,14,2,4075,0.1
8865,17,2,2656,0
8866,19,1,2193,0
8866,4,1,2293,0.1
8867,10,2,3487,0.1
8867,25,1,3410,0.05
8867,5,1,1760,0.05
8867,36,2,1580,0
8868,7,1,1985,0
8869,29,1,2320,0
8870,54,1,3026,0
8870,31,1,3203,0.15
8871,47,2,1558,0
8871,50,1,2033,0
8872,49,1,1048,0.2
8873,48,1,2972,0.15
8874,36,1,1580,0.05
8875,26,1,4752,0.05
8875,3,1,3713,0.1
8876,48,1,2972,0.15
8876,14,1,4075,0.05
8877,40,1,3255,0
8877,18,1,778,0.05
8877,8,1,1791,0
8878,47,2,1558,0.1
8879,54,1,3026,0.05
8880,49,1,1048,0
8880,16,1,1002,0.1
8881,14,1,4075,0
8881,33,1,4175,0.2
8882,59,1,2290,0.1
8882,30,1,4729,0
8883,4,1,2293,0.1
8883,47,1,1558,0.1
8884,19,1,2193,0.05
8884,1,1,150,0
8884,19,1,2193,0.15
8885,36,1,1580,0
8886,57,1,729,0
8886,5,1,1760,0.05
8887,39,1,2235,0.1
8888,45,1,4975,0.1
8888,30,1,4729,0
8889,60,1,552,0.05
8890,55,1,4572,0.15
8890,45,1,4975,0.1
8891,23,1,2336,0.1
8892,13,1,3877,0.15
8893,17,2,2656,0
8893,21,2,2746,0.1
8894,28,2,567,0.15
8894,12,1,4627,0.05
8894,5,2,1760,0
8894,5,1,1760,0
8895,25,1,3410,0
8895,37,1,667,0.05
8895,12,1,4627,0
8896,40,2,3255,0.05
8897,9,1,4658,0
8897,57,1,729,0.15
8897,12,1,4627,0.05
8898,19,1,2193,0
8898,14,1,4075,0
8899,45,2,4975,0.1
8900,30,1,4729,0.1
8900,25,1,3410,0
8901,35,1,1942,0.15
8901,35,1,1942,0.15
8902,31,1,3203,0
8902,19,2,2193,0.05
8902,31,1,3203,0.05
8903,16,1,1002,0.05
8903,13,1,3877,0.2
8904,15,1,860,0
8905,40,2,3255,0
8906,45,1,4975,0
8906,57,1,729,0
8907,34,1,2437,0
8907,7,1,1985,0
8908,32,1,126,0
8909,35,1,1942,0.05
8910,53,1,1286,0.05
8910,37,1,667,0
8911,43,1,4289,0.2
8911,58,1,1326,0
8912,33,2,4175,0.1
8913,40,1,3255,0
8913,24,1,2262,0.1
8914,13,1,3877,0
8915,11,1,1744,0.05
8915,59,2,2290,0.05
8915,23,2,2336,0.15
8915,58,1,1326,0
8916,38,1,3806,0
8916,32,1,126,0.1
8917,4,1,2293,0.05
8917,10,1,3487,0.05
8918,56,1,630,0
8919,25,1,3410,0
8920,25,2,3410,0
8920,23,2,2336,0
8921,56,1,630,0.15
8922,53,2,1286,0.1
8922,46,1,3785,0.05
8922,56,1,630,0
8923,45,2,4975,0
8923,40,1,3255,0.05
8923,43,1,4289,0
8923,56,2,630,0.05
8924,51,1,2916,0.1
8924,12,2,4627,0.05
8924,1,1,150,0.05
8925,9,1,4658,0.05
8925,2,1,3850,0.05
8925,22,1,1574,0.05
8926,39,1,2235,0
8926,12,1,4627,0
8926,38,2,3806,0.05
8927,38,1,3806,0
8927,14,2,4075,0
8928,10,2,3487,0
8928,16,1,1002,0.05
8928,25,2,3410,0
8929,60,1,552,0.05
8929,26,1,4752,0.05
8929,32,1,126,0.05
8929,60,1,552,0.1
8930,33,1,4175,0.05
8930,27,1,1579,0.05
8931,48,1,2972,0
8932,36,1,1580,0.1
8932,31,2,3203,0
8933,30,1,4729,0.1
8933,1,1,150,0.05
8933,17,2,2656,0.1
8934,53,1,1286,0
8934,50,1,2033,0
8934,57,1,729,0.1
8935,14,1,4075,0.1
8935,36,2,1580,0.15
8935,31,2,3203,0.05
8935,10,1,3487,0
8936,39,1,2235,0.15
8937,22,1,1574,0
8938,28,1,567,0
8938,52,1,1957,0.1
8938,25,1,3410,0
8939,5,1,1760,0.05
8940,3,1,3713,0.15
8941,46,1,3785,0
8941,7,1,1985,0
8941,12,1,4627,0
8942,36,1,1580,0.1
8942,52,1,1957,0.1
8943,12,1,4627,0.15
8944,45,1,4975,0.1
8944,1,1,150,0.2
8945,9,1,4658,0.1
8946,35,1,1942,0.15
8946,20,2,3438,0.15
8947,37,1,667,0
8947,15,2,860,0
8948,27,1,1579,0.1
8948,30,1,4729,0.1
8948,39,1,2235,0
8949,26,1,4752,0.1
8950,55,1,4572,0.1
8950,23,1,2336,0
8950,39,1,2235,0
8950,36,2,1580,0
8951,20,2,3438,0.15
8952,54,1,3026,0.05
8952,7,1,1985,0.05
8953,56,2,630,0.05
8953,31,1,3203,0
8954,25,1,3410,0
8954,56,3,630,0.1
8954,19,1,2193,0.15
8955,47,1,1558,0
8956,41,1,931,0.05
8957,15,1,860,0.05
8958,39,1,2235,0.05
8959,41,1,931,0
8960,19,1,2193,0
8960,4,2,2293,0.15
8961,42,1,3125,0.1
8961,29,1,2320,0.05
8961,46,1,3785,0
8961,12,1,4627,0.05
8962,58,1,1326,0.05
8963,2,1,3850,0
8964,16,1,1002,0.05
8964,38,1,3806,0.15
8965,24,1,2262,0.05
8965,32,1,126,0.1
8966,35,1,1942,0.05
8966,57,1,729,0
8967,44,1,724,0.1
8967,36,2,1580,0
8967,55,1,4572,0.1
8967,42,1,3125,0.15
8968,4,1,2293,0.05
8968,50,2,2033,0.05
8969,24,1,2262,0.1
8969,32,1,126,0
8970,42,1,3125,0.15
8970,38,2,3806,0
8970,36,2,1580,0.05
8971,34,1,2437,0.2
8971,50,1,2033,0.15
8971,8,1,1791,0
8972,31,2,3203,0
8972,49,1,1048,0
8973,23,1,2336,0
8974,46,1,3785,0.05
8974,52,2,1957,0
8975,44,1,724,0
8975,24,1,2262,0
8975,24,1,2262,0
8976,51,2,2916,0.15
8976,28,1,567,0.05
8977,9,1,4658,0.05
8978,40,2,3255,0
8978,16,2,1002,0
8978,38,1,3806,0.05
8978,33,1,4175,0.1
8979,21,1,2746,0
8980,31,1,3203,0.05
8981,12,1,4627,0
8981,8,1,1791,0
8981,27,1,1579,0.05
8981,54,1,3026,0
8982,1,1,150,0
8983,46,1,3785,0.15
8983,31,1,3203,0
8984,60,1,552,0
8985,31,1,3203,0
8985,53,1,1286,0.05
8986,22,1,1574,0
8986,59,1,2290,0.05
8987,11,1,1744,0.1
8987,52,1,1957,0.15
8987,53,1,1286,0
8988,41,1,931,0
8988,59,1,2290,0
8989,3,2,3713,0.1
8990,54,2,3026,0.05
8990,54,1,3026,0.05
8991,49,1,1048,0
8992,34,2,2437,0
8992,31,2,3203,0.05
8992,42,1,3125,0.1
8993,55,1,4572,0
8993,37,1,667,0.15
8994,23,1,2336,0.05
8994,31,1,3203,0
8995,12,1,4627,0.05
8996,18,2,778,0
8997,58,1,1326,0.15
8997,36,3,1580,0
8998,10,1,3487,0.1
8998,6,1,529,0.05
8999,9,1,4658,0.2
8999,42,1,3125,0.05
8999,52,1,1957,0
9000,1,2,150,0
9000,15,1,860,0.2
9000,50,1,2033,0.05
9001,32,1,126,0.05
9001,36,1,1580,0
9001,51,1,2916,0
9002,51,2,2916,0.1
9002,13,1,3877,0
9002,43,1,4289,0
9003,36,1,1580,0.15
9004,35,1,1942,0.1
9004,39,1,2235,0
9005,51,1,2916,0.05
9005,1,1,150,0
9006,34,2,2437,0.1
9006,14,3,4075,0
9007,46,1,3785,0
9007,36,1,1580,0.05
9008,37,1,667,0.1
9008,5,1,1760,0.05
9008,59,1,2290,0
9009,38,1,3806,0.05
9010,36,2,1580,0.2
9011,11,2,1744,0.15
9011,55,1,4572,0
9012,27,1,1579,0.05
9013,55,1,4572,0
9013,56,2,630,0.15
9014,40,1,3255,0
9015,9,3,4658,0.05
9015,48,1,2972,0.05
9015,27,2,1579,0.05
9016,5,1,1760,0.05
9017,53,2,1286,0.15
9017,9,1,4658,0.05
9018,23,1,2336,0.1
9019,30,2,4729,0.15
9019,52,2,1957,0
9020,22,1,1574,0.05
9020,31,1,3203,0.05
9020,1,2,150,0.05
9021,6,1,529,0
9022,15,1,860,0
9022,37,2,667,0.2
9023,16,1,1002,0.05
9023,59,2,2290,0.1
9024,49,2,1048,0.05
9024,38,1,3806,0.15
9024,38,1,3806,0.05
9025,17,1,2656,0.15
9026,42,1,3125,0.1
9026,46,1,3785,0.1
9027,13,1,3877,0.05
9028,9,1,4658,0
9028,59,1,2290,0.05
9029,9,1,4658,0
9030,48,1,2972,0
9031,5,1,1760,0.05
9032,54,1,3026,0
9032,6,1,529,0.05
9033,50,1,2033,0.05
9033,31,1,3203,0.1
9034,54,1,3026,0.05
9034,48,1,2972,0
9035,47,1,1558,0.05
9036,37,3,667,0.05
9036,49,1,1048,0.05
9036,21,1,2746,0
9037,19,1,2193,0
9037,54,1,3026,0.2
9038,49,1,1048,0
9038,19,1,2193,0.05
9039,27,1,1579,0
9039,46,2,3785,0.05
9040,55,1,4572,0.1
9041,25,1,3410,0.05
9041,53,1,1286,0
9042,58,2,1326,0.2
9042,40,1,3255,0
9043,17,1,2656,0
9043,23,2,2336,0.05
9043,49,1,1048,0
9043,24,1,2262,0
9044,47,1,1558,0.15
9044,25,1,3410,0.15
9044,3,1,3713,0
9044,14,1,4075,0
9045,46,1,3785,0.15
9046,56,1,630,0.05
9046,31,1,3203,0.15
9047,2,1,3850,0
9047,31,1,3203,0.05
9048,51,1,2916,0
9049,5,1,1760,0.05
9049,5,2,1760,0
9049,3,1,3713,0
9049,10,1,3487,0.15
9050,37,1,667,0.05
9051,23,1,2336,0.05
9052,29,2,2320,0
9052,10,1,3487,0.1
9052,40,1,3255,0.1
9053,50,1,2033,0
9053,35,1,1942,0.1
9053,40,2,3255,0
9054,51,1,2916,0.2
9055,57,1,729,0.1
9056,30,1,4729,0
9056,6,1,529,0
9057,1,3,150,0
9058,52,1,1957,0.05
9059,23,2,2336,0
9060,31,2,3203,0
9061,30,1,4729,0.1
9061,10,1,3487,0.1
9061,50,1,2033,0
9062,51,1,2916,0
9062,34,1,2437,0
9062,29,2,2320,0.05
9063,55,1,4572,0
9064,56,1,630,0.05
9064,16,1,1002,0.05
9065,33,1,4175,0
9065,25,2,3410,0.1
9065,1,1,150,0.05
9066,14,2,4075,0
9066,39,1,2235,0.05
9067,60,2,552,0.15
9067,39,1,2235,0.2
9068,36,1,1580,0.05
9069,35,2,1942,0
9069,26,1,4752,0
9069,56,1,630,0.15
9069,10,2,3487,0.05
9070,24,3,2262,0
9070,13,1,3877,0.05
9071,17,1,2656,0
9071,13,1,3877,0
9072,11,1,1744,0.2
9072,57,1,729,0.15
9072,11,1,1744,0.05
9073,60,2,552,0.15
9073,40,2,3255,0.15
9073,11,1,1744,0.1
9074,9,1,4658,0
9075,43,1,4289,0
9075,4,1,2293,0
9076,32,1,126,0.1
9077,8,1,1791,0.05
9078,40,1,3255,0.15
9078,26,2,4752,0.05
9078,50,2,2033,0.15
9079,35,1,1942,0.05
9079,1,1,150,0
9079,42,1,3125,0
9079,42,1,3125,0.15
9080,49,1,1048,0
9081,56,1,630,0
9081,29,1,2320,0
9082,5,2,1760,0.1
9083,58,1,1326,0.2
9084,50,1,2033,0.1
9085,38,1,3806,0.05
9085,8,1,1791,0.1
9085,55,1,4572,0.1
9086,7,1,1985,0.15
9086,26,1,4752,0.05
9087,57,2,729,0.05
9087,16,1,1002,0.2
9087,41,1,931,0.15
9088,53,1,1286,0.15
9089,40,1,3255,0
9089,54,1,3026,0
9090,49,1,1048,0
9090,52,1,1957,0
9091,13,1,3877,0.1
9091,7,1,1985,0.15
9092,3,2,3713,0
9093,38,1,3806,0
9093,30,1,4729,0
9094,29,1,2320,0
9094,3,3,3713,0.1
9094,4,1,2293,0
9095,22,1,1574,0
9095,32,1,126,0
9096,13,1,3877,0
9097,43,1,4289,0
9097,27,1,1579,0.1
9098,1,1,150,0.05
9098,30,1,4729,0.05
9099,60,2,552,0
9100,5,3,1760,0.1
9100,28,1,567,0
9101,37,2,667,0.05
9102,27,1,1579,0.15
9102,53,1,1286,0.2
9102,54,1,3026,0.1
9102,50,1,2033,0.15
9103,12,1,4627,0.1
9103,58,1,1326,0.15
9104,46,1,3785,0.1
9104,16,1,1002,0.15
9105,42,1,3125,0
9106,21,1,2746,0.05
9106,2,1,3850,0.1
9107,8,1,1791,0.1
9107,15,1,860,0
9108,55,1,4572,0
9109,20,1,3438,0.15
9109,41,1,931,0
9110,42,1,3125,0
9111,2,1,3850,0.05
9111,58,1,1326,0
9112,14,1,4075,0
9112,46,2,3785,0
9112,7,2,1985,0.1
9113,56,1,630,0
9114,50,1,2033,0
9114,23,1,2336,0.1
9115,41,1,931,0.1
9116,16,1,1002,0.1
9117,29,2,2320,0
9117,21,1,2746,0.05
9118,59,1,2290,0.15
9119,10,1,3487,0
9119,42,1,3125,0
9120,8,1,1791,0.15
9120,12,2,4627,0
9120,55,1,4572,0.15
9121,56,1,630,0.05
9121,25,1,3410,0
9121,34,1,2437,0.15
9122,40,1,3255,0
9122,29,1,2320,0.05
9122,32,1,126,0
9123,10,2,3487,0
9123,48,1,2972,0
9123,28,1,567,0
9124,25,2,3410,0
9125,27,1,1579,0.05
9125,16,2,1002,0.1
9126,12,1,4627,0.1
9127,25,1,3410,0.05
9127,16,1,1002,0
9128,10,1,3487,0
9129,11,1,1744,0.05
9129,24,1,2262,0.1
9129,34,2,2437,0
9129,49,1,1048,0.05
9130,30,1,4729,0.05
9130,2,1,3850,0.1
9131,18,1,778,0.05
9132,7,1,1985,0
9132,33,1,4175,0
9133,26,1,4752,0
9134,7,2,1985,0.15
9134,56,1,630,0.15
9134,38,1,3806,0
9135,38,1,3806,0
9136,23,1,2336,0.05
9136,54,1,3026,0.15
9136,52,1,1957,0.05
9137,42,1,3125,0.05
9137,11,1,1744,0
9137,14,2,4075,0.2
9137,54,2,3026,0.1
9138,47,1,1558,0.05
9139,34,2,2437,0
9139,13,3,3877,0
9140,33,1,4175,0.1
9141,51,2,2916,0
9142,25,1,3410,0.1
9143,24,1,2262,0.05
9144,6,1,529,0.15
9144,8,1,1791,0
9144,42,1,3125,0.1
9145,34,1,2437,0
9145,6,1,529,0
9146,58,1,1326,0.1
9147,34,1,2437,0
9147,35,2,1942,0.1
9148,30,1,4729,0
9148,5,1,1760,0.15
9148,12,1,4627,0
9149,14,1,4075,0.1
9150,44,1,724,0
9151,41,1,931,0.1
9152,35,2,1942,0.05
9153,39,1,2235,0.15
9153,25,3,3410,0.15
9154,23,1,2336,0
9155,56,2,630,0.05
9156,31,1,3203,0
9156,40,1,3255,0
9157,4,2,2293,0
9158,30,1,4729,0
9158,48,1,2972,0.1
9159,12,1,4627,0.15
9160,3,1,3713,0.2
9160,29,2,2320,0
9160,58,1,1326,0.1
9160,42,1,3125,0.2
9161,49,1,1048,0.15
9162,27,1,1579,0.1
9163,48,1,2972,0
9163,1,1,150,0.15
9164,55,1,4572,0
9165,52,1,1957,0
9165,25,1,3410,0
9166,3,1,3713,0.05
9166,8,2,1791,0
9166,29,1,2320,0
9167,1,1,150,0
9168,10,1,3487,0.1
9168,59,1,2290,0.1
9169,26,1,4752,0.05
9169,19,2,2193,0
9169,21,1,2746,0
9170,27,1,1579,0.05
9170,16,1,1002,0
9171,1,1,150,0
9171,38,1,3806,0.05
9171,24,1,2262,0.05
9172,33,1,4175,0
9173,21,1,2746,0
9174,14,1,4075,0
9175,58,2,1326,0.1
9175,19,1,2193,0
9175,32,1,126,0.05
9176,52,2,1957,0
9176,26,1,4752,0
9176,52,1,1957,0.05
9177,5,1,1760,0
9178,49,1,1048,0.15
9178,7,1,1985,0.05
9178,25,1,3410,0.05
9179,50,2,2033,0.05
9180,24,1,2262,0.15
9180,35,1,1942,0.1
9181,52,1,1957,0.1
9181,16,1,1002,0.05
9182,39,1,2235,0
9183,20,2,3438,0.15
9183,11,1,1744,0
9183,9,2,4658,0.1
9184,29,1,2320,0
9184,23,1,2336,0.05
9184,7,1,1985,0.05
9185,42,1,3125,0
9185,38,1,3806,0.05
9186,53,2,1286,0.2
9186,30,2,4729,0.15
9187,21,1,2746,0
9187,17,1,2656,0.05
9188,38,2,3806,0.1
9188,16,1,1002,0.05
9188,5,1,1760,0
9189,43,1,4289,0.05
9189,29,1,2320,0
9189,52,1,1957,0.15
9190,41,1,931,0.1
9190,57,3,729,0
9191,27,1,1579,0.1
9191,37,1,667,0
9192,29,1,2320,0.05
9192,19,1,2193,0.15
9192,8,1,1791,0.15
9193,58,1,1326,0.05
9194,38,1,3806,0.1
9195,56,1,630,0.15
9196,21,1,2746,0.05
9197,31,1,3203,0
9198,59,2,2290,0.05
9199,58,1,1326,0.05
9200,42,1,3125,0.05
9200,52,1,1957,0
9201,4,1,2293,0
9202,34,1,2437,0.1
9202,26,1,4752,0
9203,58,1,1326,0.1
9204,31,2,3203,0.1
9205,47,1,1558,0.15
9206,40,1,3255,0.05
9206,60,2,552,0
9207,34,1,2437,0
9208,49,1,1048,0.1
9209,16,1,1002,0.15
9209,28,1,567,0
9209,25,2,3410,0.15
9210,37,1,667,0.1
9210,7,2,1985,0.15
9211,2,1,3850,0.1
9211,32,1,126,0.2
9211,13,1,3877,0.05
9212,28,1,567,0
9212,44,1,724,0
9213,41,1,931,0
9214,49,1,1048,0
9214,13,2,3877,0
9215,37,1,667,0.1
9215,6,1,529,0
9216,6,1,529,0.1
9217,54,1,3026,0
9217,58,1,1326,0.05
9217,31,1,3203,0
9217,26,2,4752,0.1
9218,57,1,729,0.05
9218,29,1,2320,0.05
9218,27,1,1579,0
9219,19,2,2193,0
9219,11,1,1744,0.1
9219,45,1,4975,0
9220,36,1,1580,0
9220,38,1,3806,0
9221,28,2,567,0.05
9222,33,1,4175,0.05
9223,29,1,2320,0.1
9223,56,1,630,0.05
9224,50,1,2033,0
9225,48,1,2972,0.05
9226,22,1,1574,0.1
9227,25,2,3410,0
9227,39,2,2235,0
9228,27,2,1579,0.1
9228,45,1,4975,0.05
9228,36,2,1580,0
9228,54,1,3026,0.05
9229,7,1,1985,0.05
9229,52,2,1957,0
9230,9,1,4658,0
9230,43,1,4289,0.05
9231,55,1,4572,0.15
9232,33,3,4175,0
9233,17,1,2656,0.05
9234,7,1,1985,0
9234,28,1,567,0.15
9235,37,1,667,0.1
9235,9,1,4658,0.15
9236,48,1,2972,0.05
9237,26,1,4752,0.05
9238,38,1,3806,0.1
9239,29,1,2320,0
9239,33,1,4175,0.05
9239,50,1,2033,0.05
9240,54,1,3026,0.05
9241,39,2,2235,0
9242,24,1,2262,0.05
9243,7,1,1985,0
9244,11,1,1744,0.2
9244,44,1,724,0.05
9244,58,2,1326,0.2
9245,42,1,3125,0.15
9245,51,1,2916,0.1
9245,26,1,4752,0
9246,10,2,3487,0.15
9247,58,1,1326,0.15
9247,3,1,3713,0.15
9247,48,1,2972,0.1
9248,35,1,1942,0.05
9248,54,1,3026,0.2
9248,16,1,1002,0
9249,44,1,724,0.05
9250,25,1,3410,0.1
9250,4,1,2293,0.1
9250,43,1,4289,0.05
9251,56,1,630,0.1
9251,29,1,2320,0
9252,18,1,778,0.05
9253,22,1,1574,0.05
9254,1,1,150,0
9254,40,1,3255,0
9255,44,1,724,0.15
9255,51,1,2916,0.1
9256,5,1,1760,0.15
9256,16,1,1002,0.05
9257,53,1,1286,0.05
9258,10,2,3487,0.05
9258,57,1,729,0
9259,19,1,2193,0.1
9260,31,1,3203,0.1
9261,56,2,630,0
9262,59,1,2290,0.15
9263,44,1,724,0
9263,26,1,4752,0.15
9263,9,1,4658,0
9263,58,2,1326,0
9264,38,1,3806,0.05
9265,3,1,3713,0
9266,5,1,1760,0
9267,10,1,3487,0.2
9268,34,2,2437,0.1
9268,34,1,2437,0.05
9269,12,1,4627,0.05
9269,6,1,529,0.05
9269,37,1,667,0
9269,6,1,529,0
9270,44,1,724,0
9271,7,1,1985,0.05
9271,51,2,2916,0
9271,58,1,1326,0
9272,48,1,2972,0.1
9273,58,1,1326,0
9273,51,1,2916,0.1
9274,14,2,4075,0
9275,45,1,4975,0.1
9275,27,1,1579,0.05
9276,30,1,4729,0.1
9277,10,1,3487,0
9277,2,1,3850,0
9278,42,1,3125,0
9278,28,1,567,0.05
9278,55,2,4572,0
9278,42,2,3125,0.1
9279,14,2,4075,0
9279,41,3,931,0.1
9280,38,1,3806,0.2
9281,45,1,4975,0.05
9282,55,1,4572,0.05
9282,8,1,1791,0.1
9283,8,1,1791,0
9283,25,1,3410,0
9284,31,1,3203,0.05
9284,36,1,1580,0.05
9284,12,1,4627,0.05
9285,33,1,4175,0.1
9286,16,1,1002,0.2
9286,39,1,2235,0
9286,27,1,1579,0.15
9286,37,1,667,0
9287,54,1,3026,0.1
9287,56,1,630,0.05
9288,50,1,2033,0
9289,28,1,567,0.1
9290,47,2,1558,0.05
9291,45,3,4975,0
9291,58,1,1326,0
9291,3,1,3713,0.1
9292,54,1,3026,0
9293,48,1,2972,0.1
9294,41,1,931,0
9294,24,1,2262,0.05
9295,45,2,4975,0
9296,33,1,4175,0
9297,43,1,4289,0.1
9298,23,1,2336,0.1
9298,51,1,2916,0
9299,16,1,1002,0.15
9299,2,1,3850,0
9299,30,1,4729,0
9300,34,1,2437,0.1
9300,51,1,2916,0.05
9300,1,1,150,0
9301,52,1,1957,0
9302,1,1,150,0.05
9302,56,2,630,0.1
9302,11,1,1744,0
9303,32,1,126,0
9303,41,1,931,0.05
9303,20,1,3438,0
9303,17,1,2656,0
9304,1,2,150,0.05
9305,11,1,1744,0
9306,41,1,931,0
9306,45,1,4975,0
9307,40,2,3255,0.05
9308,18,1,778,0
9309,9,1,4658,0
9309,5,1,1760,0
9310,11,1,1744,0.05
9311,35,2,1942,0.05
9311,30,1,4729,0.15
9312,32,2,126,0
9312,43,1,4289,0.1
9313,44,1,724,0
9313,49,2,1048,0.2
9313,12,1,4627,0
9314,6,1,529,0
9314,53,2,1286,0.05
9314,41,1,931,0.15
9315,35,2,1942,0
9316,37,1,667,0
9316,21,1,2746,0.05
9316,3,1,3713,0.05
9317,53,1,1286,0
9318,27,1,1579,0
9318,35,1,1942,0.05
9318,2,1,3850,0
9318,11,1,1744,0
9319,38,1,3806,0.2
9319,53,1,1286,0
9320,60,1,552,0.2
9321,42,1,3125,0.15
9322,29,1,2320,0.1
9322,15,2,860,0.1
9322,7,1,1985,0.15
9323,29,2,2320,0.05
9323,53,1,1286,0.2
9323,29,1,2320,0
9324,53,2,1286,0
9324,29,1,2320,0.15
9325,46,1,3785,0.1
9325,25,1,3410,0.05
9326,25,1,3410,0.15
9326,18,1,778,0
9327,39,1,2235,0
9327,32,2,126,0.05
9328,33,1,4175,0
9328,45,2,4975,0
9328,9,1,4658,0.15
9329,37,2,667,0.05
9329,39,1,2235,0
9329,44,1,724,0
9330,5,1,1760,0.1
9331,34,1,2437,0.05
9331,1,1,150,0.05
9332,8,2,1791,0
9332,26,1,4752,0.1
9333,18,1,778,0.05
9333,1,1,150,0.05
9334,8,1,1791,0.05
9335,24,1,2262,0
9335,46,1,3785,0.05
9335,32,2,126,0
9336,11,1,1744,0
9337,40,1,3255,0
9338,60,1,552,0
9338,43,3,4289,0
9339,60,1,552,0
9340,53,1,1286,0.05
9341,50,1,2033,0.05
9342,46,1,3785,0.1
9342,10,2,3487,0.05
9343,36,2,1580,0
9344,23,1,2336,0.1
9344,57,1,729,0.1
9345,32,1,126,0.05
9346,30,1,4729,0.15
9347,8,1,1791,0.1
9347,6,1,529,0
9348,7,1,1985,0.05
9349,25,1,3410,0.15
9350,34,1,2437,0
9350,60,1,552,0
9351,46,1,3785,0
9351,51,1,2916,0
9352,45,1,4975,0
9353,41,1,931,0.1
9354,41,1,931,0.15
9354,43,1,4289,0
9354,10,1,3487,0.15
9355,1,1,150,0.1
9355,8,1,1791,0
9356,10,1,3487,0
9357,47,1,1558,0.05
9357,49,1,1048,0
9357,43,1,4289,0.05
9358,16,2,1002,0
9359,12,1,4627,0.05
9359,46,1,3785,0
9359,44,1,724,0.1
9360,45,1,4975,0.1
9360,17,1,2656,0.05
9361,34,1,2437,0
9362,55,1,4572,0.05
9362,1,1,150,0
9362,53,2,1286,0
9363,28,2,567,0
9364,40,1,3255,0
9365,26,1,4752,0
9365,51,1,2916,0
9366,33,1,4175,0
9367,41,2,931,0.05
9367,40,1,3255,0
9367,39,1,2235,0.15
9367,31,1,3203,0
9368,35,1,1942,0.15
9368,33,1,4175,0.05
9369,53,1,1286,0.05
9370,5,1,1760,0
9371,57,2,729,0
9371,18,1,778,0.1
9372,9,1,4658,0
9373,8,1,1791,0.05
9374,24,1,2262,0
9375,31,1,3203,0
9376,60,1,552,0
9377,4,1,2293,0.1
9377,59,2,2290,0.1
9377,34,1,2437,0
9378,17,1,2656,0
9379,8,1,1791,0
9380,57,2,729,0.05
9380,9,1,4658,0.05
9381,57,1,729,0.2
9381,37,1,667,0
9382,53,1,1286,0
9382,32,1,126,0
9383,44,1,724,0
9383,51,1,2916,0
9384,52,1,1957,0
9385,58,2,1326,0.05
9385,22,2,1574,0.05
9385,23,1,2336,0.1
9385,27,1,1579,0.15
9386,24,1,2262,0.05
9387,52,1,1957,0
9388,31,1,3203,0.05
9389,16,1,1002,0.15
9390,51,1,2916,0
9390,29,1,2320,0
9390,53,2,1286,0.1
9391,28,1,567,0.15
9391,9,1,4658,0.05
9392,19,1,2193,0.15
9392,48,1,2972,0.15
9392,60,1,552,0
9392,54,1,3026,0.05
9393,3,1,3713,0.15
9394,31,1,3203,0.1
9395,25,1,3410,0
9395,3,1,3713,0
9396,18,1,778,0.1
9396,3,1,3713,0
9397,19,1,2193,0
9397,28,2,567,0
9398,58,1,1326,0.1
9399,24,1,2262,0.1
9399,1,1,150,0
9399,4,1,2293,0.1
9399,49,1,1048,0
9400,46,1,3785,0
9401,3,2,3713,0.1
9401,27,1,1579,0.05
9401,28,1,567,0.1
9402,20,1,3438,0.05
9402,13,1,3877,0
9403,60,1,552,0.2
9404,7,1,1985,0.1
9405,29,2,2320,0
9406,36,1,1580,0
9406,50,1,2033,0.05
9407,40,3,3255,0
9407,13,1,3877,0.05
9407,28,1,567,0.05
9408,37,1,667,0
9408,42,1,3125,0
9409,35,3,1942,0
9409,51,3,2916,0
9410,26,1,4752,0.1
9410,53,1,1286,0.1
9411,31,1,3203,0
9411,29,1,2320,0
9411,53,1,1286,0
9412,12,1,4627,0.05
9413,6,1,529,0.2
9414,53,1,1286,0.2
9414,20,3,3438,0.2
9415,37,1,667,0
9415,5,1,1760,0
9416,48,1,2972,0.05
9417,51,1,2916,0.05
9417,58,1,1326,0.1
9418,38,2,3806,0.05
9419,27,1,1579,0
9419,31,1,3203,0
9420,36,1,1580,0.15
9421,46,1,3785,0
9422,55,2,4572,0.05
9423,9,2,4658,0.1
9423,11,1,1744,0.05
9424,12,1,4627,0.1
9424,34,2,2437,0
9425,47,1,1558,0.1
9426,49,1,1048,0
9426,24,1,2262,0.05
9427,46,1,3785,0
9427,59,1,2290,0.05
9427,49,1,1048,0.1
9428,59,1,2290,0
9428,5,2,1760,0.1
9429,2,1,3850,0.2
9430,17,1,2656,0.05
9430,51,2,2916,0.1
9430,16,1,1002,0.05
9431,17,1,2656,0
9432,49,1,1048,0
9433,26,1,4752,0.05
9434,40,1,3255,0
9434,25,2,3410,0.05
9434,19,1,2193,0.1
9435,44,1,724,0
9436,17,1,2656,0
9436,44,1,724,0
9437,54,1,3026,0.1
9438,20,1,3438,0
9439,40,2,3255,0.05
9439,44,1,724,0.1
9439,46,1,3785,0
9440,44,1,724,0
9441,57,1,729,0.05
9441,26,1,4752,0.15
9441,12,1,4627,0
9442,47,1,1558,0
9443,27,1,1579,0
9443,35,1,1942,0
9444,38,1,3806,0.1
9445,25,1,3410,0.1
9446,4,2,2293,0.05
9446,30,1,4729,0.05
9447,15,2,860,0.05
9448,50,1,2033,0
9449,54,1,3026,0
9449,5,1,1760,0
9449,57,1,729,0
9450,41,1,931,0.2
9451,41,1,931,0
9452,43,1,4289,0
9452,7,1,1985,0
9452,49,2,1048,0.15
9453,18,1,778,0
9454,19,1,2193,0.05
9454,59,1,2290,0.1
9455,46,1,3785,0.1
9455,59,1,2290,0.15
9456,18,1,778,0.05
9456,20,1,3438,0.1
9456,59,1,2290,0
9457,22,1,1574,0.15
9457,52,1,1957,0.1
9458,29,1,2320,0
9458,47,1,1558,0.2
9458,33,1,4175,0.1
9458,36,2,1580,0.1
9459,58,2,1326,0.05
9459,39,1,2235,0.1
9460,60,1,552,0
9460,31,2,3203,0
9461,3,1,3713,0.1
9461,16,1,1002,0.15
9461,52,1,1957,0.05
9462,9,3,4658,0.1
9462,1,1,150,0
9463,35,1,1942,0
9463,9,1,4658,0.1
9464,12,1,4627,0.1
9465,34,1,2437,0.1
9465,29,1,2320,0
9465,34,1,2437,0.05
9466,46,1,3785,0
9467,6,2,529,0
9467,53,1,1286,0.05
9468,50,1,2033,0.15
9469,60,3,552,0.05
9470,46,3,3785,0
9470,5,1,1760,0.05
9470,45,1,4975,0.1
9471,34,2,2437,0.05
9471,9,1,4658,0.1
9472,59,1,2290,0.05
9473,26,2,4752,0.05
9473,54,1,3026,0
9473,36,1,1580,0
9473,28,1,567,0.1
9474,8,1,1791,0
9475,58,1,1326,0.1
9475,15,1,860,0.1
9475,29,1,2320,0
9476,33,1,4175,0.15
9477,35,1,1942,0.05
9478,32,2,126,0
9478,34,1,2437,0
9478,31,1,3203,0.15
9479,9,1,4658,0.1
9479,9,3,4658,0
9479,56,3,630,0.05
9479,44,1,724,0
9480,17,2,2656,0.1
9481,42,1,3125,0.05
9481,7,1,1985,0
9482,13,1,3877,0
9483,57,1,729,0.05
9483,38,1,3806,0.05
9484,11,1,1744,0.1
9484,6,1,529,0.05
9485,1,1,150,0
9485,29,3,2320,0.05
9485,10,1,3487,0
9486,10,2,3487,0.05
9486,50,2,2033,0.05
9487,12,1,4627,0
9487,52,1,1957,0
9487,33,1,4175,0
9488,14,1,4075,0.05
9489,33,1,4175,0.1
9490,43,1,4289,0.15
9490,50,1,2033,0
9491,20,1,3438,0.1
9491,26,1,4752,0.1
9491,1,3,150,0
9492,2,1,3850,0
9493,44,2,724,0.15
9493,25,1,3410,0.05
9494,19,1,2193,0
9495,5,1,1760,0.1
9495,50,1,2033,0
9496,18,1,778,0.05
9497,58,1,1326,0
9497,6,1,529,0
9497,40,1,3255,0
9498,13,1,3877,0.05
9498,50,1,2033,0
9499,18,1,778,0.05
9500,42,1,3125,0.1
9501,5,1,1760,0.05
9502,24,1,2262,0
9502,14,1,4075,0.1
9502,6,1,529,0
9502,37,1,667,0
9503,33,1,4175,0.05
9504,50,1,2033,0
9504,8,1,1791,0.1
9504,41,1,931,0.1
9505,27,1,1579,0
9505,34,2,2437,0.15
9505,36,1,1580,0
9505,22,1,1574,0.05
9506,35,1,1942,0.15
9506,48,2,2972,0
9507,41,1,931,0.05
9507,23,1,2336,0.05
9508,59,1,2290,0.05
9509,11,1,1744,0.05
9509,7,2,1985,0
9509,39,1,2235,0
9510,33,1,4175,0.15
9510,58,1,1326,0
9511,21,1,2746,0.05
9511,16,1,1002,0.1
9512,57,1,729,0.1
9512,49,1,1048,0.15
9513,41,1,931,0.1
9514,29,2,2320,0
9514,1,2,150,0.1
9515,5,1,1760,0.2
9516,54,2,3026,0
9516,13,1,3877,0
9516,48,1,2972,0
9517,26,2,4752,0.2
9518,26,1,4752,0.15
9519,6,1,529,0.1
9520,34,1,2437,0.05
9521,12,1,4627,0
9522,33,1,4175,0
9522,15,1,860,0
9523,15,1,860,0.2
9523,34,2,2437,0.05
9524,58,2,1326,0
9525,11,1,1744,0
9525,1,1,150,0
9525,4,1,2293,0.05
9526,35,2,1942,0.05
9526,11,1,1744,0.15
9527,8,3,1791,0.05
9527,51,1,2916,0
9527,10,2,3487,0
9528,6,2,529,0.1
9529,22,1,1574,0.1
9530,2,1,3850,0.15
9531,19,1,2193,0
9531,25,1,3410,0
9531,37,1,667,0.1
9532,56,1,630,0.05
9533,14,1,4075,0.1
9534,47,1,1558,0
9534,11,2,1744,0.05
9535,3,2,3713,0.05
9536,56,1,630,0.1
9536,55,2,4572,0
9537,20,1,3438,0.15
9538,22,2,1574,0
9539,14,1,4075,0.05
9539,24,1,2262,0
9540,55,1,4572,0
9540,40,1,3255,0
9541,3,1,3713,0
9541,52,1,1957,0.1
9542,6,1,529,0.15
9542,45,1,4975,0.05
9543,42,1,3125,0
9544,21,1,2746,0.05
9545,55,1,4572,0.15
9545,47,1,1558,0.05
9545,3,1,3713,0.05
9545,39,1,2235,0
9546,55,1,4572,0
9546,24,1,2262,0.15
9547,19,2,2193,0
9547,12,1,4627,0.05
9547,55,2,4572,0.05
9548,40,1,3255,0.15
9548,42,1,3125,0
9548,18,1,778,0
9548,25,1,3410,0
9549,59,1,2290,0.15
9549,22,1,1574,0
9550,37,2,667,0
9550,5,1,1760,0.05
9550,60,2,552,0
9551,46,1,3785,0.05
9552,24,1,2262,0
9553,31,1,3203,0.15
9553,27,1,1579,0
9554,53,1,1286,0
9554,17,1,2656,0.05
9555,24,1,2262,0.1
9556,17,3,2656,0.15
9557,16,1,1002,0
9558,29,1,2320,0
9558,29,1,2320,0.05
9558,20,3,3438,0.1
9559,20,1,3438,0.15
9560,5,1,1760,0
9561,30,1,4729,0
9561,57,1,729,0
9562,22,1,1574,0.05
9562,7,1,1985,0
9563,5,1,1760,0.1
9564,38,1,3806,0.05
9565,25,1,3410,0.05
9566,59,1,2290,0.2
9566,6,1,529,0.05
9566,26,2,4752,0
9567,12,1,4627,0
9567,35,1,1942,0.05
9568,29,1,2320,0.15
9569,50,2,2033,0.15
9569,30,1,4729,0
9570,42,1,3125,0.2
9570,49,1,1048,0
9571,29,2,2320,0.1
9571,45,1,4975,0.15
9571,4,1,2293,0.1
9572,13,1,3877,0
9573,29,1,2320,0
9573,45,1,4975,0
9574,29,1,2320,0.05
9575,50,1,2033,0
9576,27,1,1579,0
9577,9,1,4658,0
9577,12,1,4627,0
9578,10,1,3487,0.05
9578,34,3,2437,0.1
9579,49,1,1048,0.05
9579,52,1,1957,0.15
9579,39,2,2235,0
9580,6,1,529,0
9580,59,2,2290,0
9580,9,2,4658,0.05
9581,4,1,2293,0
9581,43,1,4289,0
9582,23,1,2336,0
9583,58,1,1326,0.05
9584,24,1,2262,0.05
9585,55,1,4572,0
9585,49,1,1048,0
9585,41,1,931,0
9585,19,1,2193,0.2
9586,53,1,1286,0
9586,60,1,552,0.2
9586,32,1,126,0.1
9587,19,1,2193,0
9588,59,1,2290,0
9589,36,1,1580,0.05
9590,25,1,3410,0.05
9590,41,1,931,0.05
9591,41,1,931,0
9591,40,1,3255,0.05
9592,43,1,4289,0.15
9593,21,1,2746,0.1
9593,52,2,1957,0
9594,50,1,2033,0
9594,34,1,2437,0.05
9594,28,1,567,0
9594,60,1,552,0.05
9595,16,1,1002,0
9595,48,1,2972,0.05
9596,59,1,2290,0
9596,30,2,4729,0
9596,38,1,3806,0.05
9597,35,1,1942,0.15
9598,42,1,3125,0
9598,29,1,2320,0.05
9599,48,1,2972,0
9599,47,1,1558,0.05
9600,9,1,4658,0.05
9601,42,1,3125,0.1
9602,4,1,2293,0.05
9603,30,1,4729,0.05
9603,30,1,4729,0.05
9603,33,2,4175,0
9604,14,3,4075,0.1
9605,20,1,3438,0.1
9605,22,1,1574,0.05
9606,32,1,126,0
9606,45,1,4975,0
9607,35,1,1942,0
9608,7,1,1985,0.1
9608,60,1,552,0.1
9609,36,1,1580,0.15
9610,11,1,1744,0
9610,14,1,4075,0.2
9610,25,2,3410,0
9611,16,1,1002,0
9611,31,1,3203,0.05
9611,59,1,2290,0
9612,57,1,729,0.05
9613,44,1,724,0.05
9614,32,2,126,0.15
9614,58,1,1326,0
9615,20,1,3438,0.05
9616,56,1,630,0.1
9616,41,1,931,0
9617,60,1,552,0.05
9617,2,1,3850,0
9617,43,1,4289,0.05
9618,28,1,567,0
9618,12,2,4627,0.05
9619,32,1,126,0.05
9619,15,1,860,0.15
9620,31,1,3203,0
9621,30,1,4729,0.1
9622,54,1,3026,0
9623,21,1,2746,0
9624,41,1,931,0
9625,60,1,552,0.1
9626,20,2,3438,0
9627,5,1,1760,0
9628,39,2,2235,0.1
9629,55,1,4572,0.05
9630,18,1,778,0.15
9630,42,3,3125,0
9631,51,1,2916,0.05
9631,9,1,4658,0.05
9631,12,2,4627,0
9632,58,2,1326,0.05
9632,59,1,2290,0.05
9632,50,2,2033,0
9633,58,2,1326,0.15
9633,19,1,2193,0
9634,31,1,3203,0.1
9634,8,1,1791,0.1
9635,27,1,1579,0
9636,6,1,529,0.05
9637,14,1,4075,0
9637,18,2,778,0
9638,28,1,567,0
9639,20,1,3438,0
9639,7,1,1985,0.05
9640,5,1,1760,0.1
9640,32,1,126,0.05
9640,8,2,1791,0.1
9641,23,1,2336,0.05
9641,15,2,860,0
9641,27,1,1579,0
9642,56,1,630,0.1
9642,1,1,150,0.05
9642,53,1,1286,0.1
9643,48,1,2972,0.1
9644,21,1,2746,0
9645,60,1,552,0
9646,23,1,2336,0.1
9646,4,1,2293,0
9647,11,1,1744,0
9648,58,1,1326,0
9649,24,1,2262,0.05
9649,47,1,1558,0.15
9650,9,1,4658,0.1
9650,42,1,3125,0.1
9650,24,1,2262,0.2
9651,56,1,630,0.1
9652,51,1,2916,0.15
9652,50,2,2033,0
9653,1,1,150,0
9653,12,2,4627,0
9653,53,1,1286,0.1
9654,59,1,2290,0.05
9654,44,1,724,0.1
9654,30,1,4729,0.05
9655,23,1,2336,0.1
9656,24,3,2262,0.15
9656,28,2,567,0.05
9657,50,1,2033,0.05
9658,41,1,931,0.05
9658,52,1,1957,0
9659,47,1,1558,0
9660,44,1,724,0
9660,41,1,931,0.05
9660,8,1,1791,0
9660,7,1,1985,0
9661,53,1,1286,0.05
9662,1,1,150,0.05
9663,33,1,4175,0
9663,22,1,1574,0.05
9663,53,1,1286,0.05
9664,20,1,3438,0.15
9664,10,2,3487,0.1
9664,15,1,860,0.1
9665,7,2,1985,0.1
9666,32,1,126,0.05
9667,35,2,1942,0
9667,10,1,3487,0.1
9668,59,1,2290,0.2
9668,21,1,2746,0.1
9669,28,1,567,0
9670,14,1,4075,0
9671,33,1,4175,0.05
9671,45,1,4975,0.1
9672,3,1,3713,0.1
9673,22,3,1574,0.05
9674,30,1,4729,0.1
9675,23,1,2336,0.05
9675,37,1,667,0
9675,32,1,126,0.1
9676,39,1,2235,0
9677,35,1,1942,0.05
9677,35,2,1942,0.1
9678,9,1,4658,0
9678,37,1,667,0.1
9678,27,1,1579,0.1
9679,49,1,1048,0.2
9680,40,1,3255,0
9681,50,1,2033,0
9682,55,1,4572,0.05
9682,18,2,778,0.2
9683,24,1,2262,0.15
9683,23,1,2336,0.05
9684,52,1,1957,0.1
9684,16,1,1002,0
9684,33,1,4175,0.1
9685,54,2,3026,0
9686,40,1,3255,0.15
9686,42,1,3125,0.05
9687,1,1,150,0.1
9688,34,1,2437,0
9689,22,1,1574,0.1
9690,28,1,567,0
9690,60,1,552,0
9691,18,1,778,0.05
9691,18,1,778,0
9692,32,2,126,0
9692,19,1,2193,0.1
9692,12,1,4627,0
9693,59,1,2290,0.1
9694,45,1,4975,0
9695,42,1,3125,0.15
9695,20,1,3438,0.1
9695,30,1,4729,0.15
9696,41,1,931,0.1
9697,21,2,2746,0
9697,1,1,150,0.15
9697,19,2,2193,0.05
9698,16,2,1002,0.1
9698,36,1,1580,0.15
9698,17,2,2656,0.1
9699,29,1,2320,0.05
9699,51,1,2916,0.05
9700,37,2,667,0
9700,42,1,3125,0
9700,50,1,2033,0.1
9700,36,1,1580,0.15
9701,25,1,3410,0.1
9701,18,1,778,0.1
9701,53,1,1286,0
9702,13,1,3877,0
9702,30,1,4729,0
9703,17,2,2656,0
9703,16,1,1002,0.05
9704,25,1,3410,0
9704,3,1,3713,0.05
9704,27,1,1579,0
9705,44,2,724,0
9705,2,1,3850,0.05
9706,49,1,1048,0
9706,14,1,4075,0
9706,29,1,2320,0
9707,32,1,126,0.1
9707,28,1,567,0.1
9708,24,1,2262,0.15
9708,21,1,2746,0.05
9709,9,1,4658,0
9709,32,1,126,0.15
9709,54,1,3026,0
9709,36,2,1580,0
9710,26,1,4752,0
9711,57,1,729,0.1
9712,20,1,3438,0.05
9713,4,1,2293,0.05
9714,7,1,1985,0
9714,53,1,1286,0.1
9715,22,1,1574,0.1
9715,37,1,667,0.15
9716,14,2,4075,0.05
9716,45,2,4975,0.1
9717,58,3,1326,0.05
9718,41,1,931,0.05
9718,14,3,4075,0.05
9719,31,1,3203,0.1
9720,23,1,2336,0
9721,29,1,2320,0
9722,37,1,667,0.05
9723,32,1,126,0.05
9723,57,2,729,0.1
9723,34,1,2437,0.05
9724,9,1,4658,0.1
9724,49,1,1048,0.05
9725,37,1,667,0.1
9725,22,1,1574,0
9726,46,1,3785,0.1
9726,1,1,150,0
9727,45,1,4975,0.15
9727,16,2,1002,0.15
9727,5,1,1760,0.05
9727,18,2,778,0.05
9728,15,1,860,0
9728,11,1,1744,0
9728,33,1,4175,0.2
9728,7,1,1985,0
9729,32,1,126,0.1
9729,39,1,2235,0.1
9729,9,1,4658,0.05
9730,44,2,724,0
9731,41,2,931,0.1
9731,30,2,4729,0
9731,4,2,2293,0.05
9732,11,1,1744,0.1
9733,13,1,3877,0
9733,53,1,1286,0.1
9734,18,1,778,0.15
9734,38,1,3806,0.05
9735,55,1,4572,0.1
9735,8,1,1791,0
9736,1,1,150,0
9737,19,1,2193,0.2
9737,46,1,3785,0.2
9737,44,1,724,0.05
9738,36,1,1580,0
9738,38,1,3806,0.1
9738,21,1,2746,0
9739,6,3,529,0.05
9740,33,1,4175,0
9741,49,3,1048,0.05
9742,31,3,3203,0
9742,25,1,3410,0.1
9742,21,1,2746,0.1
9742,22,1,1574,0.05
9743,4,1,2293,0.15
9743,36,2,1580,0
9744,57,2,729,0
9744,13,1,3877,0.05
9745,42,1,3125,0
9746,11,2,1744,0
9746,33,1,4175,0.1
9747,12,1,4627,0.1
9748,1,1,150,0.05
9748,38,1,3806,0.05
9748,38,2,3806,0.15
9749,56,1,630,0
9749,56,1,630,0.05
9750,54,1,3026,0.05
9750,47,2,1558,0
9751,53,2,1286,0.2
9752,40,1,3255,0
9752,18,1,778,0
9753,11,1,1744,0
9754,56,1,630,0.05
9754,49,1,1048,0.05
9754,15,1,860,0.1
9755,45,1,4975,0.05
9755,3,1,3713,0.05
9755,28,1,567,0.15
9756,29,1,2320,0.05
9757,34,1,2437,0
9757,56,1,630,0.1
9757,53,1,1286,0.05
9758,44,1,724,0
9758,40,1,3255,0
9758,42,1,3125,0.1
9758,37,1,667,0
9759,46,1,3785,0
9759,53,2,1286,0
9760,46,2,3785,0.05
9760,16,1,1002,0
9761,31,1,3203,0.1
9762,25,2,3410,0.05
9762,22,1,1574,0.15
9763,14,1,4075,0.2
9764,46,2,3785,0.2
9765,46,1,3785,0
9765,11,1,1744,0.05
9766,25,1,3410,0.15
9767,11,1,1744,0.05
9767,36,1,1580,0.2
9768,30,3,4729,0.1
9768,47,1,1558,0.2
9768,34,1,2437,0.05
9769,2,1,3850,0.15
9769,17,1,2656,0
9770,43,1,4289,0.1
9770,9,1,4658,0
9770,30,1,4729,0
9770,15,1,860,0.1
9771,10,1,3487,0
9771,6,1,529,0
9772,59,1,2290,0
9773,39,1,2235,0.15
9774,15,1,860,0.2
9775,48,1,2972,0.05
9775,29,1,2320,0.15
9775,3,1,3713,0.1
9776,41,2,931,0.05
9777,12,1,4627,0.05
9777,11,1,1744,0.1
9777,5,1,1760,0.05
9778,47,3,1558,0
9779,47,1,1558,0
9780,28,2,567,0
9780,38,1,3806,0.05
9781,52,1,1957,0
9781,18,2,778,0
9782,49,1,1048,0
9782,11,3,1744,0.1
9783,16,1,1002,0.15
9784,8,2,1791,0
9784,16,1,1002,0
9785,47,1,1558,0.05
9786,20,1,3438,0.05
9786,26,1,4752,0.1
9786,9,2,4658,0.05
9787,38,1,3806,0.05
9788,6,1,529,0.15
9789,8,1,1791,0.05
9790,36,1,1580,0
9790,41,1,931,0.15
9790,9,1,4658,0.15
9791,39,2,2235,0.2
9792,52,2,1957,0
9793,26,2,4752,0
9793,60,1,552,0
9793,8,1,1791,0
9794,44,1,724,0
9795,12,1,4627,0.05
9796,16,1,1002,0.1
9796,5,1,1760,0.05
9796,36,1,1580,0.05
9797,21,1,2746,0.05
9798,43,3,4289,0.05
9798,55,1,4572,0
9798,27,1,1579,0.05
9799,12,1,4627,0.1
9800,44,1,724,0
9800,31,2,3203,0
9801,24,1,2262,0
9802,58,1,1326,0
9803,29,2,2320,0.05
9803,15,1,860,0
9803,49,2,1048,0
9804,49,2,1048,0.05
9804,27,1,1579,0.15
9805,54,1,3026,0
9805,29,1,2320,0
9806,32,2,126,0.05
9807,53,1,1286,0.05
9807,55,1,4572,0.05
9808,34,2,2437,0
9808,56,1,630,0.1
9809,33,1,4175,0.05
9809,21,1,2746,0.05
9810,15,1,860,0
9811,11,1,1744,0.1
9812,32,1,126,0.05
9813,9,1,4658,0.15
9814,45,1,4975,0.1
9814,41,1,931,0
9815,2,1,3850,0.1
9815,49,1,1048,0.15
9815,13,1,3877,0.1
9816,46,1,3785,0.05
9816,20,1,3438,0
9817,10,1,3487,0.2
9818,10,3,3487,0.05
9818,15,1,860,0.15
9819,21,1,2746,0
9819,2,1,3850,0
9819,56,1,630,0.15
9820,19,1,2193,0.05
9821,6,1,529,0.2
9821,39,1,2235,0
9822,20,3,3438,0
9822,29,1,2320,0.1
9823,43,2,4289,0.15
9823,44,1,724,0.1
9823,26,1,4752,0.1
9823,20,1,3438,0.1
9824,2,2,3850,0.05
9824,57,2,729,0
9824,28,1,567,0.1
9824,53,1,1286,0.15
9825,15,2,860,0
9826,14,1,4075,0
9827,12,1,4627,0.05
9828,22,2,1574,0
9828,17,1,2656,0.15
9829,45,1,4975,0
9830,8,1,1791,0
9830,28,1,567,0
9830,5,1,1760,0.05
9831,39,1,2235,0.1
9831,25,1,3410,0.1
9832,51,1,2916,0.1
9832,4,2,2293,0.05
9832,36,1,1580,0.1
9833,15,2,860,0.05
9833,23,1,2336,0.15
9834,52,1,1957,0
9835,21,1,2746,0.1
9836,5,1,1760,0.1
9836,55,1,4572,0
9837,39,1,2235,0
9837,60,1,552,0
9838,29,1,2320,0.1
9838,6,1,529,0
9839,30,1,4729,0
9840,14,1,4075,0
9840,57,1,729,0.1
9840,30,1,4729,0.1
9841,40,1,3255,0.1
9842,36,1,1580,0
9842,5,2,1760,0.05
9843,5,2,1760,0.05
9844,13,1,3877,0.1
9845,32,1,126,0
9846,55,1,4572,0.15
9846,24,1,2262,0.05
9847,17,1,2656,0.05
9848,48,1,2972,0.1
9848,19,1,2193,0.15
9848,30,1,4729,0
9849,9,1,4658,0.05
9849,8,1,1791,0.05
9849,35,1,1942,0
9850,2,1,3850,0
9851,14,1,4075,0
9851,45,1,4975,0.1
9851,10,1,3487,0.2
9852,60,1,552,0
9853,47,1,1558,0.05
9853,9,1,4658,0.1
9854,12,2,4627,0
9855,52,1,1957,0
9855,17,1,2656,0
9856,47,1,1558,0
9856,41,1,931,0.2
9857,37,1,667,0
9857,52,1,1957,0
9857,4,1,2293,0.1
9858,7,1,1985,0.2
9859,13,1,3877,0
9859,55,1,4572,0
9859,20,1,3438,0
9859,31,1,3203,0.05
9860,33,2,4175,0.05
9860,3,3,3713,0.05
9861,44,1,724,0
9862,54,1,3026,0.2
9862,52,1,1957,0
9863,60,1,552,0
9863,18,1,778,0.1
9864,34,1,2437,0.1
9864,5,1,1760,0.2
9864,20,1,3438,0.05
9865,37,1,667,0.15
9866,8,1,1791,0
9866,13,1,3877,0.05
9867,10,1,3487,0.05
9868,48,2,2972,0
9869,28,1,567,0.1
9869,9,1,4658,0.05
9870,13,1,3877,0.1
9870,5,1,1760,0
9870,5,1,1760,0.05
9870,55,1,4572,0
9871,23,1,2336,0
9872,7,1,1985,0
9872,52,3,1957,0.1
9873,32,1,126,0.05
9874,41,1,931,0.1
9874,60,1,552,0.05
9874,28,1,567,0.1
9875,30,1,4729,0
9876,25,1,3410,0
9877,12,1,4627,0
9878,12,1,4627,0
9879,40,3,3255,0.1
9879,5,1,1760,0.1
9880,36,1,1580,0.05
9881,9,1,4658,0.05
9882,5,1,1760,0.15
9882,60,1,552,0.15
9883,13,1,3877,0.15
9883,54,1,3026,0.05
9884,8,1,1791,0
9885,27,1,1579,0.1
9885,42,2,3125,0
9886,35,1,1942,0.15
9887,2,1,3850,0
9887,17,1,2656,0
9888,41,2,931,0.05
9889,43,2,4289,0
9889,8,1,1791,0
9890,33,2,4175,0
9890,35,1,1942,0.05
9891,9,1,4658,0.05
9892,53,2,1286,0.1
9893,36,1,1580,0.05
9893,28,2,567,0.15
9893,1,1,150,0
9894,35,2,1942,0.15
9895,25,1,3410,0
9895,37,1,667,0
9896,27,1,1579,0
9897,14,1,4075,0
9897,10,1,3487,0
9898,18,1,778,0
9898,60,1,552,0
9899,14,1,4075,0
9900,47,1,1558,0.05
9900,16,1,1002,0
9901,17,1,2656,0
9902,59,2,2290,0
9903,18,1,778,0.1
9903,39,1,2235,0.1
9904,31,1,3203,0
9905,10,1,3487,0
9905,46,1,3785,0.15
9906,56,1,630,0
9906,29,1,2320,0.1
9906,50,2,2033,0.05
9907,12,1,4627,0.05
9908,50,1,2033,0.2
9909,17,1,2656,0.1
9909,33,1,4175,0
9909,33,1,4175,0.05
9910,27,1,1579,0.1
9911,48,1,2972,0.1
9911,45,1,4975,0
9912,13,1,3877,0.1
9912,11,1,1744,0.05
9913,6,1,529,0.05
9914,24,1,2262,0.05
9914,60,1,552,0
9915,42,1,3125,0.05
9916,42,1,3125,0
9916,52,1,1957,0.05
9917,30,1,4729,0.05
9918,47,2,1558,0
9919,49,1,1048,0.15
9920,20,1,3438,0.05
9920,16,1,1002,0.1
9921,45,1,4975,0
9922,17,1,2656,0
9922,3,1,3713,0.2
9922,58,1,1326,0
9923,49,2,1048,0
9924,11,1,1744,0
9925,42,1,3125,0.1
9925,3,1,3713,0.1
9926,16,1,1002,0.2
9926,31,1,3203,0.1
9926,56,2,630,0.05
9927,49,1,1048,0.1
9927,33,1,4175,0.05
9928,12,1,4627,0
9928,23,1,2336,0.1
9929,9,1,4658,0
9929,45,1,4975,0.05
9930,26,1,4752,0.2
9930,11,1,1744,0.05
9931,11,1,1744,0.15
9931,31,1,3203,0.15
9931,2,2,3850,0.05
9932,45,1,4975,0.1
9932,21,1,2746,0.05
9933,48,1,2972,0.2
9933,56,1,630,0
9934,7,1,1985,0
9934,43,2,4289,0
9934,45,2,4975,0.1
9934,24,1,2262,0
9935,1,2,150,0.1
9936,26,1,4752,0
9937,44,1,724,0.15
9938,19,2,2193,0
9938,29,1,2320,0.05
9939,44,1,724,0
9940,24,1,2262,0.15
9940,17,1,2656,0.05
9941,42,2,3125,0.05
9942,18,1,778,0.05
9943,23,1,2336,0.05
9943,3,1,3713,0.1
9943,1,1,150,0
9943,2,1,3850,0
9944,28,1,567,0
9944,42,1,3125,0
9944,28,1,567,0.1
9944,6,1,529,0.2
9945,35,1,1942,0.1
9945,39,1,2235,0
9946,29,1,2320,0.15
9946,18,1,778,0
9947,52,1,1957,0.05
9947,58,1,1326,0
9947,35,1,1942,0.05
9948,56,1,630,0.05
9948,2,1,3850,0.1
9948,26,2,4752,0.15
9949,23,1,2336,0.15
9950,45,1,4975,0.05
9950,14,1,4075,0
9950,1,2,150,0
9950,40,1,3255,0.1
9951,11,1,1744,0.05
9951,29,1,2320,0
9952,55,1,4572,0
9952,60,1,552,0
9953,17,1,2656,0
9954,1,2,150,0.1
9955,56,1,630,0.05
9955,28,1,567,0.1
9956,19,1,2193,0
9956,42,1,3125,0.1
9957,60,1,552,0.05
9958,21,1,2746,0.1
9958,27,1,1579,0
9959,22,3,1574,0
9960,56,1,630,0
9961,9,1,4658,0.15
9961,40,2,3255,0.05
9962,50,1,2033,0.1
9962,59,2,2290,0
9962,20,1,3438,0.1
9963,56,1,630,0.15
9964,2,1,3850,0
9964,16,1,1002,0.1
9964,18,1,778,0.15
9964,28,1,567,0.2
9965,31,2,3203,0
9966,54,1,3026,0
9967,59,1,2290,0.05
9968,41,1,931,0.1
9968,25,1,3410,0.1
9969,28,1,567,0.05
9969,27,1,1579,0
9970,15,1,860,0.05
9970,38,1,3806,0
9970,21,1,2746,0.05
9971,1,1,150,0.15
9971,42,1,3125,0
9972,27,1,1579,0.1
9973,58,1,1326,0.05
9974,35,1,1942,0
9975,36,1,1580,0.05
9975,43,1,4289,0
9975,36,1,1580,0.1
9976,39,2,2235,0
9976,17,1,2656,0.05
9977,42,2,3125,0.05
9978,49,1,1048,0
9978,53,1,1286,0.05
9979,32,2,126,0
9979,37,1,667,0
9980,33,1,4175,0.1
9980,18,1,778,0.05
9981,20,1,3438,0.05
9982,1,1,150,0
9982,36,1,1580,0.05
9983,52,1,1957,0.05
9984,47,1,1558,0.05
9984,49,2,1048,0
9984,56,1,630,0.1
9985,54,1,3026,0.05
9985,40,1,3255,0.2
9986,28,1,567,0.15
9987,19,1,2193,0.1
9987,17,2,2656,0
9988,60,1,552,0.1
9989,59,1,2290,0.1
9989,3,1,3713,0.1
9990,18,1,778,0
9991,9,2,4658,0
9992,36,1,1580,0
9993,4,1,2293,0.05
9994,31,1,3203,0
9995,3,1,3713,0
9996,51,1,2916,0.1
9996,5,2,1760,0.05
9997,24,1,2262,0
9998,2,1,3850,0
9998,26,2,4752,0
9998,19,2,2193,0
9998,5,1,1760,0.05
9999,46,1,3785,0.1
9999,51,1,2916,0.1
9999,2,1,3850,0
10000,45,2,4975,0
10000,21,2,2746,0.1
10000,16,1,1002,0.1
10001,60,1,552,0.05
10001,59,2,2290,0.05
10001,44,1,724,0
10002,57,1,729,0.05
10002,23,1,2336,0.05
10003,15,1,860,0
10004,13,1,3877,0.05
10004,23,1,2336,0
10005,10,1,3487,0
10005,58,1,1326,0.15
10005,16,1,1002,0.1
10006,49,2,1048,0
10007,30,1,4729,0.15
10007,32,3,126,0.05
10007,56,1,630,0.05
10008,51,1,2916,0.05
10009,44,3,724,0
10010,3,1,3713,0.05
10011,60,1,552,0.05
10011,57,1,729,0
10011,58,1,1326,0
10012,33,1,4175,0.05
10012,34,1,2437,0.1
10012,49,1,1048,0.05
10013,56,1,630,0.1
10013,1,1,150,0.05
10014,58,1,1326,0.2
10014,39,1,2235,0.05
10014,33,1,4175,0.1
10015,12,1,4627,0
10015,24,1,2262,0.05
10016,20,1,3438,0.1
10016,53,1,1286,0
10016,27,1,1579,0
10017,35,2,1942,0
10018,36,1,1580,0.05
10018,12,1,4627,0.2
10019,6,1,529,0
10019,20,2,3438,0.1
10020,7,1,1985,0.1
10021,20,1,3438,0.15
10022,43,1,4289,0.05
10023,1,1,150,0
10024,59,1,2290,0
10024,19,1,2193,0.05
10025,25,1,3410,0.15
10026,9,2,4658,0
10027,48,2,2972,0
10027,35,1,1942,0.1
10027,26,1,4752,0.1
10028,32,1,126,0
10028,3,1,3713,0.05
10029,46,1,3785,0.05
10029,9,1,4658,0.15
10029,44,1,724,0
10030,23,1,2336,0.05
10030,42,1,3125,0.1
10031,26,2,4752,0.15
10031,48,1,2972,0.15
10032,1,1,150,0.05
10032,56,2,630,0
10033,31,1,3203,0
10033,19,1,2193,0
10034,3,1,3713,0.1
10035,20,1,3438,0.2
10035,17,1,2656,0.15
10036,42,1,3125,0.15
10036,47,2,1558,0.15
10037,36,1,1580,0
10038,42,1,3125,0.15
10039,59,1,2290,0.05
10040,36,1,1580,0.05
10041,14,2,4075,0.15
10042,35,1,1942,0.05
10042,59,1,2290,0.15
10043,22,1,1574,0.1
10043,59,3,2290,0.2
10043,16,1,1002,0.05
10044,25,1,3410,0.05
10044,32,1,126,0.1
10045,48,2,2972,0.1
10045,42,1,3125,0.1
10045,33,1,4175,0.15
10046,57,1,729,0
10047,13,1,3877,0.15
10047,11,1,1744,0.15
10047,46,1,3785,0
10047,5,1,1760,0
10048,31,3,3203,0
10049,24,1,2262,0
10049,57,1,729,0
10050,10,1,3487,0
10050,8,1,1791,0
10050,49,1,1048,0.1
10051,50,1,2033,0.2
10051,59,1,2290,0
10051,23,2,2336,0
10052,60,1,552,0
10052,59,2,2290,0.05
10053,40,2,3255,0.15
10054,6,1,529,0.05
10054,4,1,2293,0.05
10055,57,1,729,0.15
10056,59,1,2290,0
10056,57,1,729,0
10056,35,1,1942,0.1
10057,54,1,3026,0.15
10057,37,3,667,0.1
10057,46,1,3785,0
10058,59,1,2290,0
10059,30,2,4729,0.05
10059,46,1,3785,0.1
10059,39,1,2235,0.1
10060,19,1,2193,0
10061,23,1,2336,0
10062,1,2,150,0.05
10063,46,1,3785,0
10063,53,1,1286,0.05
10063,36,1,1580,0.1
10063,6,1,529,0
10064,46,1,3785,0
10064,46,1,3785,0.05
10065,46,1,3785,0
10066,33,1,4175,0.15
10067,34,1,2437,0
10068,15,1,860,0
10069,13,1,3877,0
10069,47,1,1558,0.15
10070,6,1,529,0.05
10070,55,1,4572,0.1
10070,3,1,3713,0.2
10070,14,1,4075,0.05
10071,3,1,3713,0
10071,17,1,2656,0.05
10072,32,1,126,0
10073,51,1,2916,0
10073,26,1,4752,0.15
10074,10,2,3487,0.1
10074,12,1,4627,0.1
10074,16,1,1002,0
10075,13,1,3877,0
10075,42,2,3125,0.15
10076,22,1,1574,0
10077,56,1,630,0
10077,60,1,552,0.05
10078,37,1,667,0.05
10078,16,1,1002,0
10079,54,1,3026,0.15
10080,51,1,2916,0.1
10080,45,1,4975,0
10080,42,1,3125,0.05
10081,45,1,4975,0.1
10081,24,2,2262,0.1
10081,20,2,3438,0.05
10082,30,1,4729,0.1
10082,12,1,4627,0.2
10083,23,1,2336,0
10084,31,1,3203,0
10084,38,1,3806,0.1
10084,53,2,1286,0.1
10085,52,1,1957,0
10086,45,2,4975,0
10086,42,1,3125,0.05
10087,58,2,1326,0.05
10087,24,1,2262,0
10087,53,1,1286,0
10088,29,1,2320,0
10088,20,1,3438,0
10088,32,1,126,0.1
10089,49,1,1048,0.1
10089,49,1,1048,0.05
10089,60,1,552,0.2
10090,17,1,2656,0.1
10091,18,1,778,0
10091,51,1,2916,0.05
10092,58,1,1326,0.1
10093,39,1,2235,0.1
10093,47,1,1558,0.1
10094,37,1,667,0.15
10095,3,1,3713,0.1
10096,47,1,1558,0
10096,31,1,3203,0
10096,7,1,1985,0.1
10097,18,1,778,0
10097,36,1,1580,0.05
10098,31,1,3203,0
10099,57,1,729,0.05
10100,41,1,931,0.15
10100,35,1,1942,0.05
10100,55,1,4572,0
10101,54,1,3026,0.1
10101,29,2,2320,0.15
10101,41,1,931,0
10102,43,1,4289,0.1
10103,22,1,1574,0.15
10103,29,2,2320,0.15
10103,20,1,3438,0.05
10104,13,1,3877,0
10105,9,1,4658,0.2
10105,8,2,1791,0
10106,53,1,1286,0.1
10107,46,1,3785,0
10107,6,2,529,0.05
10107,9,1,4658,0.1
10108,39,1,2235,0
10108,52,3,1957,0
10109,42,1,3125,0.05
10109,9,1,4658,0
10109,23,1,2336,0.1
10110,42,1,3125,0.05
10111,57,2,729,0
10112,24,1,2262,0.05
10112,27,1,1579,0.1
10113,43,1,4289,0.1
10113,10,2,3487,0
10113,28,1,567,0
10114,4,1,2293,0
10115,56,1,630,0.1
10115,23,1,2336,0.1
10115,54,1,3026,0.1
10116,14,3,4075,0
10116,52,1,1957,0.1
10116,60,1,552,0
10117,41,1,931,0.1
10117,23,1,2336,0
10117,36,1,1580,0.05
10118,48,1,2972,0.05
10118,23,2,2336,0
10119,5,1,1760,0.1
10119,51,1,2916,0.05
10119,51,1,2916,0.2
10119,56,2,630,0
10120,15,1,860,0
10120,6,1,529,0.1
10121,7,1,1985,0.05
10121,56,1,630,0
10121,17,2,2656,0.1
10122,54,1,3026,0.05
10123,40,1,3255,0
10124,44,1,724,0
10124,11,1,1744,0
10125,11,3,1744,0.05
10126,58,2,1326,0.05
10127,56,1,630,0.05
10128,19,1,2193,0
10128,12,1,4627,0
10128,19,1,2193,0.05
10129,6,1,529,0
10129,32,1,126,0.15
10130,41,1,931,0.1
10131,39,1,2235,0
10131,54,1,3026,0
10132,38,1,3806,0
10132,46,1,3785,0
10133,38,1,3806,0
10134,42,1,3125,0.05
10134,9,1,4658,0.2
10135,36,2,1580,0.05
10135,2,1,3850,0.05
10135,22,1,1574,0.05
10136,28,1,567,0.1
10137,45,1,4975,0.1
10137,24,2,2262,0.2
10137,18,1,778,0.1
10137,35,1,1942,0.1
10138,50,1,2033,0.05
10138,42,2,3125,0.1
10138,37,2,667,0.1
10139,58,1,1326,0.15
10139,34,1,2437,0
10139,12,1,4627,0.1
10140,56,1,630,0
10141,1,1,150,0.05
10141,37,1,667,0
10142,11,1,1744,0.05
10142,55,1,4572,0.05
10142,51,1,2916,0.05
10142,56,2,630,0.05
10143,23,1,2336,0.05
10143,31,1,3203,0
10143,44,2,724,0.2
10144,16,1,1002,0.2
10145,2,1,3850,0
10146,55,1,4572,0.1
10147,13,1,3877,0
10147,34,1,2437,0.1
10148,12,1,4627,0
10149,47,1,1558,0
10149,51,1,2916,0.05
10150,23,2,2336,0.1
10151,43,1,4289,0.05
10152,45,1,4975,0.1
10152,15,1,860,0.15
10152,8,1,1791,0
10153,35,2,1942,0.05
10153,9,1,4658,0.05
10154,54,2,3026,0.05
10154,7,3,1985,0
10155,23,1,2336,0.15
10156,19,1,2193,0
10156,15,1,860,0
10156,16,2,1002,0.05
10157,7,1,1985,0
10158,15,2,860,0.1
10158,45,2,4975,0
10159,13,1,3877,0.05
10160,27,1,1579,0
10160,12,1,4627,0.05
10160,41,2,931,0.1
10160,4,1,2293,0.05
10161,59,1,2290,0.05
10162,11,1,1744,0
10162,24,1,2262,0.05
10163,45,1,4975,0.1
10164,10,1,3487,0
10164,13,2,3877,0.15
10165,30,1,4729,0.2
10166,15,1,860,0
10167,48,1,2972,0.1
10167,9,1,4658,0.1
10168,21,1,2746,0.05
10168,42,1,3125,0
10169,34,1,2437,0
10169,39,2,2235,0.1
10170,19,1,2193,0.1
10171,57,1,729,0.05
10171,24,1,2262,0.1
10172,47,1,1558,0
10173,31,1,3203,0.2
10173,52,1,1957,0.05
10174,1,1,150,0.1
10175,29,1,2320,0.1
10175,28,1,567,0
10175,42,1,3125,0
10176,7,2,1985,0.1
10176,28,1,567,0.15
10177,8,1,1791,0.05
10178,1,1,150,0.1
10179,23,1,2336,0.15
10180,59,1,2290,0.05
10181,33,1,4175,0.1
10182,48,2,2972,0.1
10182,51,2,2916,0
10182,12,1,4627,0.05
10182,31,1,3203,0.15
10183,23,1,2336,0.05
10183,56,1,630,0.05
10184,6,1,529,0.1
10185,13,1,3877,0.15
10186,24,1,2262,0
10186,48,1,2972,0.1
10186,11,1,1744,0.05
10187,54,1,3026,0.05
10188,33,2,4175,0.1
10189,59,1,2290,0
10189,1,2,150,0
10190,12,2,4627,0.1
10190,48,1,2972,0
10191,25,1,3410,0.05
10192,43,1,4289,0.1
10193,38,2,3806,0.05
10194,10,1,3487,0.15
10195,20,1,3438,0
10196,9,2,4658,0.1
10197,58,1,1326,0
10198,34,1,2437,0
10198,19,1,2193,0.15
10199,21,1,2746,0.1
10199,19,1,2193,0.1
10200,4,1,2293,0.05
10200,6,2,529,0
10201,8,1,1791,0.1
10202,45,2,4975,0.15
10203,32,1,126,0
10204,50,2,2033,0
10204,34,1,2437,0
10204,51,1,2916,0
10205,48,1,2972,0.05
10206,25,1,3410,0.05
10207,48,2,2972,0
10207,44,1,724,0.15
10207,36,1,1580,0.05
10208,60,1,552,0.1
10208,53,1,1286,0.15
10208,26,1,4752,0
10209,38,1,3806,0
10210,48,1,2972,0.15
10211,24,1,2262,0.1
10211,21,1,2746,0.05
10211,41,1,931,0.2
10211,28,1,567,0.1
10212,46,1,3785,0
10212,5,1,1760,0.05
10213,28,1,567,0
10213,10,1,3487,0.05
10214,11,1,1744,0.1
10214,26,1,4752,0
10215,28,1,567,0.05
10216,22,1,1574,0.05
10217,6,1,529,0.15
10217,30,1,4729,0.1
10217,25,2,3410,0.05
10218,57,1,729,0.1
10219,14,1,4075,0
10219,25,1,3410,0.05
10219,37,1,667,0.05
10220,56,1,630,0.1
10220,17,3,2656,0.1
10220,32,1,126,0
10221,13,1,3877,0
10222,26,1,4752,0
10223,50,1,2033,0.1
10223,47,3,1558,0
10224,19,1,2193,0.15
10225,35,2,1942,0.1
10226,17,1,2656,0.15
10226,14,1,4075,0.05
10227,45,1,4975,0.1
10227,13,2,3877,0.1
10228,58,1,1326,0.05
10228,33,1,4175,0.15
10229,46,1,3785,0
10230,37,2,667,0.05
10230,45,1,4975,0.1
10231,43,2,4289,0
10232,39,1,2235,0.15
10233,32,1,126,0
10233,1,1,150,0.15
10233,9,1,4658,0.2
10234,44,1,724,0.05
10235,6,2,529,0
10235,40,1,3255,0
10236,56,1,630,0
10236,58,1,1326,0.15
10237,25,2,3410,0.05
10238,41,1,931,0.1
10239,45,1,4975,0.2
10239,42,1,3125,0
10240,6,1,529,0.2
10241,44,2,724,0.1
10242,50,1,2033,0
10242,43,1,4289,0
10242,26,1,4752,0
10243,7,2,1985,0
10244,41,1,931,0
10245,13,1,3877,0.05
10246,11,3,1744,0
10246,56,2,630,0
10247,23,1,2336,0
10247,55,1,4572,0.15
10247,22,1,1574,0.05
10248,56,1,630,0.1
10249,34,1,2437,0
10249,27,1,1579,0.2
10250,17,1,2656,0
10250,11,1,1744,0.05
10250,37,1,667,0
10250,32,1,126,0.05
10251,22,1,1574,0.1
10251,51,1,2916,0.05
10251,13,1,3877,0.05
10251,53,1,1286,0.05
10252,53,2,1286,0.15
10253,56,1,630,0.15
10253,2,1,3850,0.1
10254,60,1,552,0
10254,57,1,729,0
10255,14,1,4075,0.05
10255,17,1,2656,0.05
10256,51,1,2916,0.05
10257,3,1,3713,0
10257,30,1,4729,0.05
10258,52,1,1957,0.15
10258,9,3,4658,0.1
10258,51,1,2916,0.05
10259,28,1,567,0.1
10260,43,1,4289,0
10261,59,1,2290,0
10261,14,1,4075,0
10261,59,2,2290,0.05
10262,42,1,3125,0
10262,46,1,3785,0.2
10263,40,1,3255,0.1
10264,56,1,630,0
10264,27,1,1579,0.1
10265,24,1,2262,0.1
10265,13,1,3877,0.05
10266,15,1,860,0
10266,10,1,3487,0
10266,45,1,4975,0
10267,57,1,729,0.1
10267,35,1,1942,0
10268,39,1,2235,0.2
10268,42,1,3125,0.05
10269,54,2,3026,0
10269,12,2,4627,0.05
10270,30,1,4729,0
10271,57,2,729,0.05
10272,38,1,3806,0.1
10272,41,1,931,0
10273,17,1,2656,0
10273,11,1,1744,0.1
10274,52,1,1957,0
10274,24,1,2262,0.1
10275,5,2,1760,0
10276,40,2,3255,0.05
10276,35,1,1942,0.05
10277,10,1,3487,0.05
10277,49,1,1048,0.05
10277,49,2,1048,0.1
10278,25,1,3410,0.1
10279,50,1,2033,0.1
10279,27,1,1579,0.15
10280,57,1,729,0
10281,16,2,1002,0.1
10281,6,1,529,0
10281,44,1,724,0
10282,16,2,1002,0.1
10282,3,1,3713,0.05
10283,41,1,931,0.1
10283,21,1,2746,0.05
10283,46,1,3785,0.1
10284,58,1,1326,0.2
10285,19,1,2193,0
10286,33,1,4175,0
10286,23,1,2336,0.05
10286,44,1,724,0.05
10287,34,1,2437,0.05
10288,5,1,1760,0.05
10288,24,3,2262,0
10289,33,2,4175,0
10290,43,1,4289,0
10290,35,2,1942,0.15
10291,37,1,667,0.15
10291,23,1,2336,0.05
10292,51,1,2916,0.05
10293,21,1,2746,0
10294,34,1,2437,0
10294,32,1,126,0
10295,27,2,1579,0.1
10295,38,2,3806,0.2
10296,18,1,778,0
10297,60,1,552,0
10297,41,2,931,0.15
10297,41,1,931,0
10297,36,1,1580,0.05
10298,44,1,724,0.1
10299,51,1,2916,0.15
10300,54,1,3026,0.1
10300,19,1,2193,0.05
10300,51,1,2916,0
10301,2,1,3850,0.1
10301,56,1,630,0.1
10301,43,1,4289,0.1
10301,48,1,2972,0.15
10302,6,1,529,0.05
10302,15,1,860,0.1
10302,55,2,4572,0
10303,1,1,150,0.05
10303,11,1,1744,0.1
10303,3,2,3713,0.1
10304,29,1,2320,0
10304,6,1,529,0
10304,31,1,3203,0
10304,36,1,1580,0.1
10305,57,1,729,0.05
10306,20,1,3438,0
10307,21,1,2746,0
10308,19,1,2193,0
10308,12,1,4627,0
10308,38,2,3806,0.05
10308,19,1,2193,0.1
10309,24,2,2262,0.05
10309,37,1,667,0
10309,35,2,1942,0
10309,32,1,126,0.05
10310,14,1,4075,0.1
10310,56,1,630,0.1
10311,18,1,778,0
10311,49,1,1048,0.05
10311,33,1,4175,0
10312,38,1,3806,0
10312,48,1,2972,0
10313,18,1,778,0
10313,58,1,1326,0.05
10314,59,1,2290,0
10315,53,2,1286,0.05
10316,45,2,4975,0.05
10317,56,1,630,0
10317,25,2,3410,0.1
10318,44,1,724,0
10319,37,1,667,0
10320,6,1,529,0.15
10321,19,1,2193,0
10321,19,1,2193,0
10321,51,1,2916,0
10322,33,1,4175,0
10322,26,1,4752,0
10323,50,1,2033,0
10323,13,1,3877,0
10323,14,1,4075,0.2
10324,1,1,150,0.1
10325,43,1,4289,0.1
10325,32,2,126,0
10326,24,1,2262,0.05
10327,55,2,4572,0
10328,28,1,567,0
10328,43,1,4289,0.15
10328,49,1,1048,0.1
10329,18,1,778,0
10329,13,1,3877,0
10330,8,1,1791,0.2
10330,37,1,667,0
10331,58,1,1326,0.05
10331,13,2,3877,0.2
10332,41,1,931,0
10333,38,1,3806,0
10333,34,1,2437,0
10334,38,1,3806,0.05
10334,43,1,4289,0.05
10334,5,1,1760,0
10334,22,1,1574,0.1
10335,51,1,2916,0.1
10335,58,1,1326,0.1
10336,7,1,1985,0.05
10336,31,1,3203,0
10337,5,1,1760,0.15
10337,3,1,3713,0
10337,6,3,529,0.05
10337,59,1,2290,0
10338,34,1,2437,0
10338,37,1,667,0.1
10338,8,1,1791,0.05
10338,34,1,2437,0.1
10339,60,2,552,0
10340,2,2,3850,0.15
10340,4,1,2293,0
10341,3,3,3713,0.1
10342,48,1,2972,0
10342,23,2,2336,0
10343,50,1,2033,0.15
10344,7,2,1985,0.05
10345,55,1,4572,0.2
10346,47,1,1558,0
10347,26,1,4752,0
10348,59,1,2290,0.05
10348,46,3,3785,0
10348,59,1,2290,0
10348,37,1,667,0.05
10349,58,1,1326,0.1
10350,20,1,3438,0
10351,34,1,2437,0
10352,2,1,3850,0.05
10352,43,2,4289,0.1
10353,53,1,1286,0.05
10353,44,1,724,0
10354,4,1,2293,0.1
10354,49,1,1048,0.1
10355,26,2,4752,0
10356,39,1,2235,0
10357,6,1,529,0
10357,38,1,3806,0
10358,57,1,729,0
10359,46,1,3785,0.1
10360,2,1,3850,0.2
10361,11,1,1744,0
10361,40,1,3255,0.15
10362,59,1,2290,0.05
10363,35,2,1942,0.15
10364,38,1,3806,0.05
10364,23,1,2336,0.05
10365,43,1,4289,0.1
10365,47,1,1558,0.15
10366,46,1,3785,0.1
10366,3,1,3713,0.05
10367,15,1,860,0
10367,59,2,2290,0.1
10367,18,1,778,0.1
10368,46,1,3785,0
10368,59,2,2290,0
10369,33,2,4175,0.05
10369,6,1,529,0.05
10370,40,1,3255,0.05
10371,5,3,1760,0.15
10371,58,1,1326,0.1
10371,57,1,729,0.1
10372,40,1,3255,0.05
10372,29,1,2320,0.15
10372,1,1,150,0.15
10373,58,1,1326,0.1
10373,42,1,3125,0.05
10374,52,1,1957,0.15
10374,37,1,667,0
10375,39,1,2235,0
10375,4,1,2293,0
10376,50,1,2033,0
10376,52,1,1957,0
10376,18,2,778,0
10377,44,1,724,0.05
10378,27,1,1579,0.2
10379,56,1,630,0.05
10379,5,1,1760,0
10380,33,1,4175,0
10381,32,1,126,0
10381,26,1,4752,0
10381,10,1,3487,0.1
10382,31,3,3203,0.15
10383,47,1,1558,0.05
10384,24,1,2262,0
10384,40,1,3255,0
10385,5,1,1760,0
10385,5,2,1760,0.1
10386,49,1,1048,0
10386,21,1,2746,0.1
10387,26,1,4752,0
10387,7,1,1985,0
10388,52,1,1957,0
10389,43,1,4289,0.2
10390,30,1,4729,0.1
10390,4,1,2293,0
10390,13,1,3877,0.05
10391,58,1,1326,0
10392,5,1,1760,0
10392,28,3,567,0.05
10392,60,2,552,0.1
10393,14,1,4075,0.1
10393,51,1,2916,0.15
10394,25,1,3410,0
10394,49,1,1048,0.1
10395,28,1,567,0
10396,38,1,3806,0.1
10397,18,1,778,0
10398,3,1,3713,0.1
10399,42,1,3125,0.05
10400,16,2,1002,0
10401,16,1,1002,0
10402,9,2,4658,0
10403,30,2,4729,0
10404,59,1,2290,0
10404,43,1,4289,0.15
10404,9,1,4658,0.05
10405,33,1,4175,0.05
10406,19,2,2193,0.1
10407,50,1,2033,0.1
10408,8,1,1791,0
10409,24,1,2262,0.1
10409,59,1,2290,0.1
10410,60,2,552,0.15
10411,45,1,4975,0
10411,50,1,2033,0.15
10412,15,1,860,0
10412,17,1,2656,0
10413,25,1,3410,0
10414,35,1,1942,0.05
10415,56,1,630,0.05
10415,35,2,1942,0.05
10415,53,1,1286,0
10415,18,1,778,0
10416,30,1,4729,0.1
10416,27,1,1579,0
10417,58,1,1326,0.1
10417,41,1,931,0.1
10417,17,1,2656,0
10418,26,1,4752,0.05
10418,16,1,1002,0.15
10418,48,1,2972,0.05
10419,59,1,2290,0
10419,20,2,3438,0.05
10420,31,1,3203,0.05
10421,1,1,150,0.05
10422,12,1,4627,0.05
10422,58,1,1326,0
10423,54,1,3026,0.1
10423,54,1,3026,0.1
10424,34,1,2437,0
10425,31,1,3203,0
10426,15,2,860,0.1
10427,22,1,1574,0.05
10428,5,1,1760,0.1
10429,9,1,4658,0.1
10429,28,1,567,0
10430,58,1,1326,0.2
10430,55,1,4572,0
10431,25,2,3410,0
10432,10,2,3487,0.1
10433,40,1,3255,0.2
10433,38,1,3806,0.05
10434,54,1,3026,0
10434,7,1,1985,0
10434,5,2,1760,0
10435,55,1,4572,0.1
10436,4,3,2293,0
10437,56,1,630,0.05
10437,4,2,2293,0.05
10438,45,1,4975,0
10438,37,1,667,0.1
10438,30,2,4729,0
10439,13,2,3877,0.05
10439,46,1,3785,0.05
10439,34,1,2437,0.15
10440,31,1,3203,0.2
10441,32,1,126,0.05
10442,28,1,567,0.1
10442,32,2,126,0.15
10443,46,1,3785,0
10443,56,1,630,0
10444,56,1,630,0.05
10445,48,1,2972,0.1
10446,52,2,1957,0.05
10446,18,3,778,0.05
10447,19,1,2193,0.2
10447,54,1,3026,0.1
10448,21,2,2746,0.1
10449,23,2,2336,0.05
10450,17,1,2656,0
10450,10,1,3487,0
10451,13,1,3877,0.1
10452,25,1,3410,0.1
10452,5,1,1760,0.05
10452,36,1,1580,0
10453,20,1,3438,0.15
10454,2,1,3850,0
10454,27,1,1579,0
10455,3,3,3713,0
10455,30,1,4729,0
10456,54,1,3026,0
10457,37,1,667,0.15
10458,17,1,2656,0.15
10459,36,1,1580,0.05
10460,59,1,2290,0
10460,38,1,3806,0.15
10461,5,2,1760,0.05
10462,8,1,1791,0.2
10463,6,1,529,0.05
10464,45,1,4975,0.2
10465,11,2,1744,0.05
10465,43,1,4289,0
10466,45,2,4975,0.15
10466,34,1,2437,0.05
10466,58,1,1326,0
10466,14,1,4075,0.05
10467,55,1,4572,0.1
10467,3,1,3713,0.1
10467,36,1,1580,0.1
10468,20,1,3438,0.1
10468,34,1,2437,0
10469,23,1,2336,0.15
10469,32,1,126,0.1
10470,19,3,2193,0.2
10471,37,1,667,0.05
10471,56,1,630,0
10471,41,1,931,0
10472,37,1,667,0.1
10472,19,1,2193,0.15
10473,37,1,667,0
10473,42,1,3125,0.1
10473,34,1,2437,0.15
10474,43,1,4289,0.1
10474,33,2,4175,0
10475,58,1,1326,0
10475,46,1,3785,0.05
10476,31,1,3203,0.05
10476,56,1,630,0.05
10477,36,1,1580,0
10477,4,1,2293,0.05
10477,39,1,2235,0.1
10478,38,1,3806,0
10479,15,1,860,0.05
10480,16,1,1002,0.05
10480,46,1,3785,0.2
10481,10,1,3487,0.15
10482,31,1,3203,0.05
10483,33,1,4175,0.15
10484,19,1,2193,0.1
10485,6,1,529,0.1
10485,50,2,2033,0
10486,9,2,4658,0
10486,35,1,1942,0.05
10487,29,1,2320,0.2
10488,2,1,3850,0.1
10489,31,1,3203,0.15
10490,19,2,2193,0.05
10491,56,1,630,0.05
10492,44,1,724,0
10493,14,1,4075,0.15
10494,1,1,150,0
10495,43,1,4289,0.15
10495,29,1,2320,0.15
10495,47,1,1558,0
10496,48,1,2972,0.15
10496,21,1,2746,0.05
10497,12,1,4627,0
10498,11,1,1744,0
10498,6,1,529,0.1
10499,28,1,567,0.15
10499,14,1,4075,0.05
10499,44,1,724,0.05
10499,39,2,2235,0
10500,32,1,126,0.05
10501,18,1,778,0
10502,57,2,729,0.1
10503,56,2,630,0
10503,6,1,529,0
10504,12,1,4627,0.05
10504,46,2,3785,0.1
10505,48,2,2972,0
10505,35,1,1942,0
10506,1,1,150,0
10507,60,1,552,0.05
10507,52,1,1957,0.05
10508,57,1,729,0
10509,52,1,1957,0
10509,11,1,1744,0.05
10510,34,1,2437,0.05
10510,58,1,1326,0
10511,5,1,1760,0.05
10511,51,2,2916,0
10512,5,1,1760,0.1
10512,35,2,1942,0
10513,46,1,3785,0
10513,54,1,3026,0
10513,31,1,3203,0.15
10513,20,1,3438,0.05
10514,3,1,3713,0.05
10514,5,1,1760,0.05
10515,35,2,1942,0.15
10515,14,1,4075,0.1
10516,42,2,3125,0.2
10517,12,1,4627,0
10518,32,1,126,0
10518,52,1,1957,0.15
10519,3,1,3713,0
10519,40,1,3255,0
10519,14,1,4075,0.05
10519,41,1,931,0.1
10520,14,1,4075,0.05
10521,39,1,2235,0.05
10522,19,1,2193,0
10522,44,1,724,0
10522,41,2,931,0
10522,57,1,729,0
10523,14,1,4075,0.05
10523,43,1,4289,0.1
10523,5,2,1760,0
10524,34,1,2437,0.05
10525,32,1,126,0.1
10525,36,2,1580,0.05
10525,8,2,1791,0.1
10525,18,1,778,0
10526,44,2,724,0
10526,24,1,2262,0.15
10526,39,1,2235,0
10527,45,1,4975,0.1
10528,2,1,3850,0.05
10529,8,1,1791,0.1
10529,59,1,2290,0
10530,4,1,2293,0
10531,33,1,4175,0
10531,20,2,3438,0
10532,41,1,931,0.05
10533,32,1,126,0
10533,13,1,3877,0
10533,27,1,1579,0.1
10534,29,1,2320,0
10534,5,1,1760,0.15
10535,38,2,3806,0.05
10535,15,1,860,0.05
10535,49,1,1048,0.05
10536,28,1,567,0.05
10536,48,1,2972,0
10536,17,1,2656,0
10537,57,1,729,0.15
10538,6,3,529,0.15
10539,48,1,2972,0.1
10540,36,1,1580,0.05
10541,44,1,724,0.2
10542,24,1,2262,0
10542,29,3,2320,0.05
10543,29,1,2320,0.05
10544,52,1,1957,0.1
10544,52,1,1957,0
10545,43,1,4289,0.05
10546,22,1,1574,0.05
10546,29,2,2320,0.1
10547,3,1,3713,0.2
10548,18,1,778,0.05
10548,12,1,4627,0.05
10548,49,2,1048,0.1
10549,60,1,552,0
10549,24,1,2262,0.1
10550,10,1,3487,0
10551,26,1,4752,0
10552,47,1,1558,0
10553,5,2,1760,0.05
10553,37,1,667,0.05
10554,25,1,3410,0.05
10554,9,1,4658,0.05
10555,45,3,4975,0.1
10555,10,1,3487,0.15
10556,43,1,4289,0.1
10557,8,1,1791,0
10558,29,1,2320,0
10558,19,1,2193,0
10559,15,1,860,0
10559,14,1,4075,0.1
10560,36,1,1580,0
10561,50,1,2033,0
10561,8,1,1791,0.05
10562,49,1,1048,0
10563,13,1,3877,0.15
10564,55,2,4572,0.05
10564,21,1,2746,0.1
10565,35,1,1942,0
10566,11,1,1744,0.05
10566,28,1,567,0.1
10567,13,1,3877,0.05
10568,1,1,150,0.1
10569,21,1,2746,0.05
10570,55,2,4572,0.1
10571,46,1,3785,0.05
10571,12,1,4627,0
10572,5,2,1760,0.1
10572,14,2,4075,0.05
10573,23,1,2336,0.05
10574,10,3,3487,0
10574,54,1,3026,0.1
10575,25,1,3410,0.1
10576,48,1,2972,0.05
10576,24,1,2262,0.1
10577,56,1,630,0.05
10578,36,1,1580,0.1
10578,32,1,126,0.1
10578,2,1,3850,0.1
10578,19,1,2193,0
10579,20,1,3438,0
10580,10,1,3487,0
10580,56,1,630,0.15
10581,5,1,1760,0
10581,40,2,3255,0.1
10582,22,1,1574,0.1
10583,56,3,630,0.1
10584,32,1,126,0
10584,4,2,2293,0.05
10585,5,1,1760,0
10585,42,2,3125,0.05
10586,7,1,1985,0
10586,29,1,2320,0.05
10587,48,1,2972,0.2
10587,6,1,529,0
10588,39,1,2235,0.15
10589,5,1,1760,0.05
10590,56,2,630,0
10591,1,1,150,0
10591,7,1,1985,0.2
10592,57,1,729,0
10593,28,1,567,0.1
10593,55,1,4572,0
10594,16,1,1002,0.2
10595,31,1,3203,0.1
10596,42,1,3125,0
10596,57,1,729,0.2
10597,37,1,667,0.2
10598,38,2,3806,0
10599,30,2,4729,0.05
10599,6,1,529,0
10600,35,1,1942,0
10601,54,1,3026,0.05
10602,58,1,1326,0
10603,15,1,860,0.05
10603,52,1,1957,0.15
10604,45,1,4975,0
10605,31,2,3203,0.05
10605,11,1,1744,0.05
10605,31,2,3203,0
10606,24,1,2262,0
10606,57,3,729,0.05
10607,54,1,3026,0.05
10608,14,1,4075,0
10609,4,1,2293,0
10609,55,2,4572,0.15
10610,59,1,2290,0.05
10611,28,1,567,0.15
10612,6,1,529,0.2
10612,32,1,126,0.05
10612,2,2,3850,0
10613,19,1,2193,0.1
10613,27,1,1579,0
10614,53,1,1286,0
10614,39,1,2235,0
10615,34,1,2437,0
10615,45,1,4975,0.05
10616,7,1,1985,0.1
10616,51,1,2916,0.15
10616,29,1,2320,0
10617,57,1,729,0
10617,55,1,4572,0.15
10618,28,1,567,0.05
10618,6,2,529,0.15
10619,16,2,1002,0
10619,15,1,860,0.15
10620,34,2,2437,0.05
10621,27,1,1579,0
10621,41,2,931,0.1
10622,7,1,1985,0
10622,3,2,3713,0
10623,49,1,1048,0.1
10624,55,1,4572,0
10624,16,1,1002,0
10625,5,2,1760,0.1
10625,43,1,4289,0
10625,10,1,3487,0.05
10626,46,2,3785,0
10626,16,1,1002,0.1
10627,12,1,4627,0
10627,31,1,3203,0.05
10628,57,1,729,0.05
10628,25,1,3410,0
10629,11,1,1744,0.2
10629,51,1,2916,0
10630,40,1,3255,0.1
10631,9,1,4658,0.15
10632,32,1,126,0.05
10633,25,3,3410,0.1
10633,12,1,4627,0.2
10634,46,1,3785,0
10635,40,1,3255,0.1
10636,36,1,1580,0
10636,53,1,1286,0.05
10636,36,1,1580,0.1
10637,60,1,552,0.05
10638,36,1,1580,0
10639,6,2,529,0.1
10639,44,1,724,0
10639,21,1,2746,0
10639,60,1,552,0
10640,59,3,2290,0.2
10641,51,1,2916,0
10642,60,1,552,0.15
10642,7,1,1985,0
10642,39,1,2235,0.05
10643,25,2,3410,0.1
10643,50,1,2033,0
10643,47,2,1558,0
10644,37,1,667,0.15
10644,17,1,2656,0.15
10644,6,2,529,0.05
10644,29,1,2320,0.1
10645,8,1,1791,0
10646,52,1,1957,0.1
10646,53,2,1286,0.05
10646,47,1,1558,0
10647,51,1,2916,0
10647,9,1,4658,0.1
10647,22,1,1574,0.15
10648,47,1,1558,0
10649,38,2,3806,0.1
10650,2,1,3850,0.2
10650,17,1,2656,0.1
10651,44,1,724,0.05
10651,41,1,931,0
10652,39,1,2235,0
10652,30,1,4729,0
10653,13,2,3877,0.2
10653,4,1,2293,0.1
10654,25,1,3410,0
10655,21,1,2746,0
10656,4,3,2293,0
10657,25,1,3410,0.15
10657,43,1,4289,0.1
10657,9,1,4658,0
10657,38,1,3806,0
10658,14,1,4075,0
10659,22,1,1574,0.05
10659,43,1,4289,0.1
10660,4,1,2293,0.05
10660,14,1,4075,0.1
10661,5,1,1760,0.1
10661,23,3,2336,0
10662,2,1,3850,0.05
10662,31,1,3203,0.15
10663,49,1,1048,0.1
10664,19,2,2193,0
10664,24,1,2262,0.05
10664,13,2,3877,0.1
10665,35,1,1942,0.05
10666,30,1,4729,0
10666,10,1,3487,0
10667,34,1,2437,0.05
10668,58,1,1326,0.05
10669,8,1,1791,0
10669,20,1,3438,0.2
10670,48,1,2972,0.05
10670,8,2,1791,0.2
10671,11,2,1744,0
10672,59,2,2290,0.1
10672,9,1,4658,0.05
10672,3,2,3713,0.05
10673,34,2,2437,0.2
10673,25,1,3410,0.15
10673,48,1,2972,0
10674,35,1,1942,0.05
10675,11,1,1744,0.2
10675,27,1,1579,0
10676,43,1,4289,0
10676,54,2,3026,0.15
10677,47,1,1558,0
10677,59,1,2290,0
10677,43,1,4289,0.1
10677,13,1,3877,0.05
10678,5,2,1760,0
10678,12,1,4627,0.1
10679,49,2,1048,0
10680,59,1,2290,0
10680,22,1,1574,0
10681,32,1,126,0.15
10681,55,1,4572,0.05
10681,26,2,4752,0
10681,44,2,724,0
10682,31,2,3203,0
10683,23,1,2336,0
10683,17,1,2656,0
10683,11,1,1744,0.1
10684,48,2,2972,0
10684,50,2,2033,0.1
10685,31,1,3203,0
10686,60,1,552,0
10687,16,1,1002,0
10688,45,1,4975,0
10689,37,1,667,0
10689,54,2,3026,0.05
10690,36,2,1580,0.05
10690,40,1,3255,0
10690,59,1,2290,0
10691,59,2,2290,0
10692,16,1,1002,0
10692,31,1,3203,0
10692,27,1,1579,0.05
10693,44,3,724,0.05
10694,5,1,1760,0
10694,57,1,729,0.05
10695,60,1,552,0
10695,30,1,4729,0
10695,57,1,729,0.2
10695,33,1,4175,0.1
10696,21,2,2746,0.15
10696,51,2,2916,0
10697,41,1,931,0.1
10698,10,1,3487,0.1
10699,35,1,1942,0.05
10700,30,2,4729,0
10701,57,1,729,0
10701,42,1,3125,0
10702,50,1,2033,0.05
10703,19,1,2193,0.1
10703,56,1,630,0.1
10704,17,1,2656,0.1
10704,45,1,4975,0.1
10704,54,1,3026,0.1
10704,41,2,931,0
10705,14,2,4075,0.05
10706,28,1,567,0.1
10707,37,1,667,0.15
10708,27,1,1579,0.1
10709,42,1,3125,0.15
10709,38,1,3806,0.1
10709,38,1,3806,0.05
10710,40,1,3255,0.05
10710,13,1,3877,0.1
10711,29,1,2320,0.05
10711,17,1,2656,0.2
10712,32,1,126,0
10712,32,1,126,0
10713,57,1,729,0.05
10714,21,1,2746,0.05
10715,6,1,529,0
10715,58,1,1326,0.05
10715,32,1,126,0.05
10716,35,1,1942,0.1
10716,43,1,4289,0.05
10716,59,1,2290,0.1
10716,39,1,2235,0.1
10717,18,1,778,0
10717,4,1,2293,0.1
10717,13,1,3877,0.05
10718,46,1,3785,0
10718,43,1,4289,0.1
10719,39,3,2235,0
10719,14,1,4075,0.05
10719,29,1,2320,0.15
10720,30,1,4729,0.05
10720,29,1,2320,0.1
10721,45,1,4975,0.2
10722,1,1,150,0
10722,25,1,3410,0
10722,5,1,1760,0.2
10723,31,1,3203,0.05
10723,20,3,3438,0.15
10723,26,3,4752,0
10724,31,1,3203,0.1
10725,6,1,529,0.2
10725,11,3,1744,0.05
10726,35,2,1942,0
10726,43,1,4289,0.05
10727,12,1,4627,0
10727,18,1,778,0
10727,51,1,2916,0
10727,15,1,860,0
10728,33,1,4175,0.05
10729,50,3,2033,0
10730,46,1,3785,0.1
10731,6,1,529,0.2
10732,36,2,1580,0
10732,33,1,4175,0
10733,13,2,3877,0
10734,36,2,1580,0.1
10734,48,3,2972,0.1
10735,2,1,3850,0
10735,23,1,2336,0.15
10736,51,1,2916,0.05
10736,26,1,4752,0.2
10737,15,1,860,0.15
10737,42,1,3125,0
10738,20,1,3438,0.1
10738,25,1,3410,0.2
10739,12,1,4627,0
10740,27,2,1579,0
10740,29,1,2320,0.05
10740,38,1,3806,0.1
10741,31,1,3203,0.2
10742,10,2,3487,0.05
10743,5,1,1760,0
10744,37,2,667,0
10744,45,1,4975,0.2
10745,47,1,1558,0
10745,48,1,2972,0
10745,23,1,2336,0
10746,39,1,2235,0.05
10746,41,1,931,0
10746,54,1,3026,0.05
10747,4,1,2293,0.1
10748,44,1,724,0.1
10748,30,2,4729,0.15
10749,44,1,724,0
10749,2,1,3850,0.1
10750,44,1,724,0
10751,19,3,2193,0.1
10751,1,1,150,0.1
10752,1,2,150,0
10753,15,1,860,0.1
10753,39,1,2235,0
10754,46,3,3785,0.1
10755,50,2,2033,0.2
10755,8,1,1791,0.15
10756,30,1,4729,0
10757,13,1,3877,0
10757,10,1,3487,0
10758,55,1,4572,0
10759,33,2,4175,0.05
10759,2,1,3850,0.1
10759,3,1,3713,0.1
10759,5,1,1760,0.15
10760,34,1,2437,0.05
10760,50,2,2033,0.15
10761,33,1,4175,0.1
10762,47,1,1558,0
10763,10,1,3487,0.05
10764,4,1,2293,0
10765,34,1,2437,0.15
10765,44,1,724,0.05
10766,33,1,4175,0.05
10767,18,1,778,0
10767,41,1,931,0.1
10768,60,1,552,0.15
10768,33,1,4175,0.1
10768,53,2,1286,0
10769,9,2,4658,0
10770,35,2,1942,0.1
10771,35,1,1942,0.05
10772,27,1,1579,0
10772,46,1,3785,0
10773,20,1,3438,0
10773,47,1,1558,0
10774,26,1,4752,0
10775,21,1,2746,0.05
10775,45,1,4975,0.1
10775,54,2,3026,0
10776,16,3,1002,0.2
10776,45,1,4975,0.05
10777,47,1,1558,0.05
10777,27,2,1579,0.05
10778,16,1,1002,0
10778,51,3,2916,0.1
10779,29,1,2320,0.05
10779,48,1,2972,0.05
10780,44,1,724,0
10781,29,1,2320,0.2
10781,2,1,3850,0.05
10782,23,1,2336,0.05
10782,45,3,4975,0
10782,18,1,778,0.05
10783,24,1,2262,0
10783,8,1,1791,0.1
10784,36,1,1580,0.2
10785,39,1,2235,0.15
10786,4,1,2293,0
10787,14,1,4075,0
10787,54,2,3026,0.1
10788,29,1,2320,0
10789,5,1,1760,0.1
10789,24,1,2262,0
10790,1,1,150,0.05
10790,29,1,2320,0
10791,19,1,2193,0
10791,5,1,1760,0
10792,19,1,2193,0.1
10792,34,1,2437,0
10792,40,1,3255,0
10792,24,1,2262,0
10793,39,1,2235,0
10793,25,1,3410,0.1
10794,10,2,3487,0.2
10795,21,1,2746,0
10796,20,1,3438,0.15
10797,45,1,4975,0.1
10798,9,1,4658,0.05
10799,57,2,729,0
10800,5,2,1760,0
10801,45,1,4975,0.05
10801,2,2,3850,0.05
10802,34,3,2437,0.05
10803,41,1,931,0.05
10803,15,1,860,0
10804,29,3,2320,0.05
10804,53,1,1286,0.2
10805,53,1,1286,0.15
10805,3,2,3713,0.1
10805,6,1,529,0.15
10806,5,1,1760,0.1
10807,4,1,2293,0
10807,50,1,2033,0.05
10807,48,1,2972,0.2
10808,31,1,3203,0
10808,30,1,4729,0
10809,50,2,2033,0.05
10809,8,1,1791,0.05
10809,52,1,1957,0.2
10810,38,2,3806,0
10810,37,1,667,0.15
10811,59,2,2290,0.15
10811,28,1,567,0.1
10812,19,1,2193,0.15
10812,28,1,567,0.1
10813,6,1,529,0.15
10813,13,2,3877,0.05
10814,1,1,150,0.05
10815,30,1,4729,0
10815,9,1,4658,0.05
10815,2,1,3850,0
10816,14,1,4075,0.1
10817,48,1,2972,0.15
10817,27,1,1579,0.1
10818,40,1,3255,0.05
10819,56,1,630,0.15
10820,5,1,1760,0.05
10821,42,1,3125,0.05
10821,47,1,1558,0
10822,49,1,1048,0.2
10823,60,1,552,0.05
10824,37,2,667,0.05
10824,22,2,1574,0
10825,51,1,2916,0
10826,49,1,1048,0.1
10826,59,2,2290,0
10827,49,1,1048,0.05
10828,10,1,3487,0
10828,54,1,3026,0.05
10829,48,2,2972,0
10830,58,1,1326,0.15
10830,45,2,4975,0
10831,15,1,860,0.05
10831,41,1,931,0
10832,38,1,3806,0
10833,52,3,1957,0
10834,13,1,3877,0.2
10834,28,1,567,0
10835,55,1,4572,0.05
10836,27,1,1579,0.05
10836,41,1,931,0.05
10837,56,1,630,0.05
10838,60,1,552,0
10838,29,1,2320,0.15
10838,38,3,3806,0.15
10839,31,1,3203,0.05
10840,42,1,3125,0
10841,5,1,1760,0
10841,35,2,1942,0.05
10842,42,1,3125,0.05
10843,7,1,1985,0
10844,38,1,3806,0.05
10845,24,1,2262,0.05
10846,4,1,2293,0.05
10847,12,1,4627,0
10848,49,1,1048,0.05
10848,52,2,1957,0
10849,53,3,1286,0
10849,48,1,2972,0.05
10850,19,1,2193,0.1
10851,60,2,552,0.05
10851,6,1,529,0.05
10852,11,1,1744,0.05
10852,9,1,4658,0.05
10852,33,2,4175,0
10853,16,2,1002,0
10854,2,1,3850,0
10855,9,1,4658,0.05
10856,47,1,1558,0.1
10856,26,1,4752,0.1
10856,52,1,1957,0.05
10857,3,1,3713,0.2
10857,44,2,724,0.05
10857,47,1,1558,0.05
10858,39,2,2235,0.1
10859,24,3,2262,0
10859,39,2,2235,0.05
10859,41,1,931,0.2
10859,9,1,4658,0.1
10860,35,3,1942,0.1
10860,1,2,150,0.1
10861,36,1,1580,0.05
10861,10,2,3487,0
10862,28,1,567,0.05
10862,12,1,4627,0
10862,20,2,3438,0.1
10863,20,2,3438,0
10864,20,1,3438,0
10864,11,1,1744,0.1
10864,15,1,860,0.1
10865,49,1,1048,0.05
10865,38,2,3806,0.05
10865,17,1,2656,0.05
10866,39,1,2235,0
10866,19,1,2193,0.2
10866,50,1,2033,0
10866,22,1,1574,0
10867,24,3,2262,0.1
10868,15,1,860,0.05
10869,6,2,529,0.1
10870,28,1,567,0.05
10871,50,1,2033,0
10871,29,1,2320,0
10872,33,1,4175,0
10873,29,1,2320,0
10874,28,1,567,0
10874,50,1,2033,0.1
10875,2,1,3850,0.05
10875,10,1,3487,0.05
10875,13,1,3877,0.05
10875,26,1,4752,0
10876,54,1,3026,0.05
10876,19,2,2193,0
10876,60,2,552,0.2
10877,11,1,1744,0.15
10877,45,1,4975,0
10878,23,1,2336,0.05
10879,28,1,567,0
10880,35,1,1942,0
10881,6,1,529,0.05
10881,16,2,1002,0.05
10881,36,1,1580,0.05
10881,4,2,2293,0.15
10882,32,1,126,0.05
10882,43,1,4289,0
10882,35,1,1942,0.1
10883,5,1,1760,0
10883,57,2,729,0.2
10883,35,1,1942,0
10883,28,1,567,0.05
10884,40,1,3255,0.05
10884,52,2,1957,0.15
10884,45,1,4975,0
10885,20,1,3438,0
10886,34,2,2437,0.15
10886,53,1,1286,0
10887,11,1,1744,0.05
10887,12,1,4627,0
10888,57,1,729,0.2
10889,51,1,2916,0.1
10890,1,1,150,0.1
10891,17,1,2656,0
10892,52,1,1957,0
10892,3,1,3713,0
10893,38,1,3806,0
10893,33,1,4175,0.05
10893,26,1,4752,0.15
10893,60,1,552,0.2
10894,45,1,4975,0.2
10895,8,1,1791,0
10895,34,1,2437,0
10895,44,1,724,0
10896,18,1,778,0
10896,51,1,2916,0.05
10897,18,1,778,0
10897,54,1,3026,0
10898,53,2,1286,0.1
10898,12,1,4627,0.15
10898,41,1,931,0.1
10899,54,1,3026,0
10899,21,1,2746,0
10900,18,1,778,0.15
10901,60,2,552,0
10901,53,1,1286,0.05
10902,18,1,778,0.1
10903,13,1,3877,0.15
10904,43,1,4289,0.05
10905,39,2,2235,0
10905,59,2,2290,0.1
10905,51,1,2916,0
10906,58,1,1326,0.1
10907,36,1,1580,0
10907,10,1,3487,0.05
10908,30,3,4729,0.1
10909,50,1,2033,0.05
10910,59,3,2290,0.1
10910,23,1,2336,0
10911,2,1,3850,0.05
10911,16,2,1002,0.1
10912,12,2,4627,0.15
10912,11,1,1744,0
10913,41,2,931,0
10914,58,1,1326,0.05
10914,51,1,2916,0.05
10915,54,1,3026,0.05
10915,28,1,567,0.05
10916,56,1,630,0
10917,24,1,2262,0.15
10917,27,1,1579,0.05
10917,29,1,2320,0.1
10918,60,1,552,0.1
10919,57,1,729,0.05
10919,32,1,126,0.15
10920,51,1,2916,0
10920,55,2,4572,0.05
10920,39,2,2235,0
10921,20,1,3438,0
10922,47,2,1558,0.1
10922,11,1,1744,0.05
10923,26,1,4752,0.2
10924,10,2,3487,0
10925,37,3,667,0.15
10925,28,1,567,0.05
10926,32,1,126,0.1
10926,34,1,2437,0
10926,8,1,1791,0.1
10926,54,1,3026,0.1
10927,56,1,630,0.15
10928,19,1,2193,0
10928,51,1,2916,0.05
10929,57,1,729,0.05
10929,53,2,1286,0.05
10929,6,1,529,0
10930,40,1,3255,0.15
10931,24,1,2262,0
10931,46,1,3785,0.1
10932,14,1,4075,0.1
10933,33,1,4175,0.1
10934,34,1,2437,0.15
10935,59,1,2290,0.05
10936,38,1,3806,0
10936,2,1,3850,0
10937,5,1,1760,0.1
10937,14,1,4075,0.1
10937,43,1,4289,0
10938,12,1,4627,0
10938,24,2,2262,0
10939,52,1,1957,0.05
10939,10,1,3487,0.2
10940,15,1,860,0
10940,16,1,1002,0
10941,41,1,931,0
10941,9,1,4658,0.1
10941,20,1,3438,0.1
10942,17,1,2656,0.15
10943,45,1,4975,0
10943,55,1,4572,0.05
10943,26,1,4752,0
10944,48,3,2972,0
10944,33,1,4175,0.15
10945,17,1,2656,0
10945,46,1,3785,0.15
10946,12,1,4627,0
10947,44,1,724,0
10948,56,1,630,0.05
10948,15,1,860,0.05
10948,17,1,2656,0.1
10948,18,3,778,0
10949,17,1,2656,0
10949,4,1,2293,0.1
10950,6,1,529,0.1
10950,58,1,1326,0.1
10950,57,1,729,0.2
10951,46,1,3785,0
10951,35,1,1942,0.05
10951,3,1,3713,0
10952,1,1,150,0.15
10953,28,1,567,0.15
10953,6,1,529,0.2
10953,12,2,4627,0.05
10954,55,1,4572,0.05
10955,37,1,667,0
10956,24,1,2262,0
10956,19,2,2193,0.2
10957,59,1,2290,0.1
10957,27,1,1579,0
10958,43,2,4289,0
10959,4,1,2293,0.05
10959,19,1,2193,0
10960,25,1,3410,0.1
10961,52,1,1957,0
10961,44,1,724,0.1
10962,13,2,3877,0.1
10962,39,1,2235,0.1
10962,35,1,1942,0.05
10963,7,1,1985,0.05
10963,18,2,778,0
10964,28,1,567,0.1
10965,16,1,1002,0.05
10965,15,1,860,0.05
10966,7,2,1985,0.05
10967,26,1,4752,0.1
10968,21,1,2746,0.05
10968,36,1,1580,0.15
10969,33,1,4175,0.05
10969,26,1,4752,0.05
10970,3,1,3713,0
10971,44,1,724,0
10971,11,1,1744,0.05
10972,23,1,2336,0.1
10972,54,1,3026,0.1
10973,19,1,2193,0
10974,16,1,1002,0.1
10975,29,1,2320,0.1
10976,28,1,567,0
10977,40,1,3255,0.05
10978,49,1,1048,0.1
10979,52,1,1957,0.05
10980,13,1,3877,0
10980,14,1,4075,0.1
10981,42,1,3125,0
10981,34,1,2437,0
10982,25,1,3410,0.05
10982,35,1,1942,0.2
10982,7,2,1985,0
10982,9,2,4658,0.05
10983,5,1,1760,0.1
10984,19,2,2193,0.05
10984,6,1,529,0
10985,58,1,1326,0
10986,24,1,2262,0
10986,9,2,4658,0
10987,50,1,2033,0
10987,8,2,1791,0
10988,16,1,1002,0.2
10989,5,3,1760,0.05
10990,49,1,1048,0.1
10990,10,1,3487,0
10990,27,1,1579,0.1
10991,59,1,2290,0.05
10992,25,1,3410,0.15
10993,33,2,4175,0
10994,38,1,3806,0.05
10995,12,1,4627,0
10995,32,1,126,0
10996,48,1,2972,0
10996,57,2,729,0
10997,14,1,4075,0.2
10997,57,1,729,0
10998,15,1,860,0.1
10999,24,1,2262,0.05
10999,18,2,778,0.15
10999,55,1,4572,0
11000,19,1,2193,0
11001,20,1,3438,0.05
11001,47,1,1558,0
11002,58,1,1326,0
11002,49,1,1048,0
11002,16,2,1002,0.05
11003,4,1,2293,0.15
11004,56,1,630,0.1
11005,2,1,3850,0.1
11006,25,1,3410,0.1
11006,36,3,1580,0.05
11006,1,1,150,0
11007,3,1,3713,0
11007,60,1,552,0
11007,46,1,3785,0
11007,36,1,1580,0
11008,56,1,630,0.2
11009,46,2,3785,0.15
11009,17,1,2656,0
11010,40,1,3255,0.05
11011,58,1,1326,0
11011,46,1,3785,0.05
11012,46,2,3785,0.1
11012,47,1,1558,0
11013,39,1,2235,0
11014,57,3,729,0.05
11015,31,1,3203,0
11015,54,1,3026,0.05
11016,15,1,860,0
11017,29,1,2320,0.05
11018,38,1,3806,0.05
11018,60,1,552,0
11019,53,1,1286,0.1
11019,43,1,4289,0.05
11019,58,2,1326,0.05
11020,8,1,1791,0.15
11020,19,1,2193,0.1
11020,48,1,2972,0.1
11021,23,1,2336,0.05
11021,26,2,4752,0
11022,45,1,4975,0
11022,50,2,2033,0.2
11023,15,1,860,0.1
11024,1,1,150,0.05
11024,23,1,2336,0.05
11025,14,1,4075,0
11026,56,1,630,0
11027,55,1,4572,0.1
11028,16,1,1002,0
11028,13,1,3877,0.1
11029,30,1,4729,0
11030,6,1,529,0.05
11031,36,1,1580,0.1
11032,4,1,2293,0.1
11032,4,1,2293,0.15
11033,53,1,1286,0
11033,39,1,2235,0.05
11033,29,1,2320,0.05
11034,20,2,3438,0.15
11035,54,1,3026,0
11036,20,3,3438,0
11037,30,2,4729,0
11038,9,1,4658,0.1
11038,29,1,2320,0.1
11038,39,1,2235,0.15
11038,6,1,529,0.05
11039,47,1,1558,0
11039,3,2,3713,0.15
11039,5,1,1760,0.05
11040,49,1,1048,0
11041,13,1,3877,0.1
11041,12,1,4627,0
11042,60,2,552,0.05
11042,27,1,1579,0
11043,56,1,630,0.05
11043,54,1,3026,0.05
11044,31,1,3203,0.05
11044,18,1,778,0
11045,6,1,529,0.1
11046,19,2,2193,0.15
11047,52,2,1957,0.2
11047,17,1,2656,0
11047,38,1,3806,0.15
11047,47,1,1558,0.05
11048,33,3,4175,0.1
11048,50,1,2033,0
11048,11,1,1744,0
11049,24,1,2262,0
11049,27,1,1579,0.05
11050,38,1,3806,0.05
11051,10,2,3487,0.05
11051,10,1,3487,0
11052,17,2,2656,0.05
11052,21,1,2746,0.1
11053,28,1,567,0
11053,2,1,3850,0.15
11053,5,1,1760,0.05
11054,21,1,2746,0
11054,16,1,1002,0
11054,36,1,1580,0.05
11055,9,1,4658,0.05
11055,7,1,1985,0
11055,18,1,778,0.1
11055,26,1,4752,0
11056,40,1,3255,0.05
11056,10,1,3487,0.1
11057,34,1,2437,0.05
11058,12,2,4627,0.05
11059,43,1,4289,0
11060,14,1,4075,0.05
11060,7,1,1985,0.05
11060,55,1,4572,0
11060,32,1,126,0.2
11061,27,1,1579,0
11062,47,1,1558,0.05
11063,32,1,126,0.1
11063,46,2,3785,0.1
11064,25,2,3410,0
11064,23,1,2336,0.05
11064,22,1,1574,0.15
11065,4,1,2293,0
11065,41,1,931,0
11065,19,1,2193,0.05
11066,58,1,1326,0
11066,14,1,4075,0.05
11067,48,1,2972,0.1
11068,26,1,4752,0
11069,7,1,1985,0.1
11070,32,1,126,0.1
11071,54,1,3026,0
11071,6,1,529,0.1
11071,35,1,1942,0.1
11072,29,1,2320,0.15
11073,14,1,4075,0
11074,15,1,860,0.05
11075,36,2,1580,0.1
11075,23,1,2336,0.1
11076,54,3,3026,0.05
11076,41,1,931,0
11077,5,1,1760,0
11077,31,1,3203,0
11077,58,2,1326,0
11078,10,1,3487,0
11079,6,1,529,0.05
11079,20,1,3438,0.15
11080,33,1,4175,0.15
11081,20,1,3438,0
11081,60,1,552,0.05
11081,18,1,778,0.1
11082,11,1,1744,0
11083,56,1,630,0.1
11083,35,1,1942,0
11084,36,1,1580,0.15
11084,32,1,126,0.15
11085,9,1,4658,0.05
11086,55,2,4572,0
11086,1,1,150,0
11087,40,1,3255,0.15
11087,2,2,3850,0.1
11088,50,1,2033,0.1
11088,16,2,1002,0
11088,9,1,4658,0
11088,57,1,729,0
11089,27,1,1579,0
11090,30,1,4729,0.15
11091,56,1,630,0.15
11091,58,1,1326,0.1
11091,37,1,667,0
11091,19,1,2193,0.05
11092,27,1,1579,0
11093,6,1,529,0.05
11094,17,1,2656,0.05
11094,37,1,667,0.2
11095,42,1,3125,0.05
11095,42,1,3125,0
11096,46,1,3785,0
11096,52,1,1957,0.05
11097,1,1,150,0.2
11097,30,1,4729,0.05
11098,27,2,1579,0.05
11098,14,1,4075,0.05
11099,8,1,1791,0
11100,10,1,3487,0.15
11101,10,1,3487,0.05
11101,22,1,1574,0
11102,55,1,4572,0.05
11102,22,1,1574,0.2
11103,41,1,931,0.2
11103,53,3,1286,0.05
11104,15,1,860,0
11105,1,1,150,0
11106,59,2,2290,0
11106,13,3,3877,0.2
11106,11,2,1744,0.05
11107,19,1,2193,0.05
11107,55,1,4572,0.2
11107,17,1,2656,0
11107,20,1,3438,0.1
11108,19,1,2193,0.1
11109,52,2,1957,0.05
11110,53,1,1286,0.05
11111,51,1,2916,0.1
11112,59,1,2290,0
11113,34,1,2437,0
11113,60,2,552,0
11114,59,1,2290,0.05
11115,38,2,3806,0.1
11116,31,1,3203,0.05
11116,50,1,2033,0.15
11116,49,1,1048,0
11117,51,1,2916,0
11117,57,1,729,0.05
11118,40,1,3255,0.15
11118,40,1,3255,0.05
11119,38,2,3806,0
11119,58,2,1326,0.05
11120,15,1,860,0
11121,12,1,4627,0.1
11122,41,1,931,0.15
11122,12,1,4627,0.1
11123,22,1,1574,0
11123,39,1,2235,0.05
11124,6,1,529,0.05
11124,1,1,150,0.05
11124,37,1,667,0.05
11125,28,1,567,0
11125,49,1,1048,0.1
11126,12,2,4627,0.05
11126,3,1,3713,0.05
11126,40,1,3255,0.05
11127,22,1,1574,0
11128,47,1,1558,0.05
11129,50,1,2033,0
11130,11,1,1744,0
11130,36,2,1580,0.05
11131,31,1,3203,0
11131,36,1,1580,0.05
11132,48,2,2972,0
11132,34,1,2437,0
11133,18,1,778,0
11133,42,1,3125,0
11134,48,1,2972,0.1
11134,21,1,2746,0
11134,4,2,2293,0.15
11135,17,1,2656,0.15
11136,10,1,3487,0
11136,12,1,4627,0.05
11137,22,1,1574,0
11137,33,1,4175,0
11137,33,1,4175,0
11138,38,1,3806,0.1
11138,54,1,3026,0.15
11138,49,1,1048,0.05
11139,15,1,860,0.2
11139,2,1,3850,0.2
11140,35,1,1942,0.1
11140,21,1,2746,0
11141,42,1,3125,0.1
11141,5,1,1760,0.15
11142,35,1,1942,0
11143,24,1,2262,0.1
11143,38,1,3806,0
11143,20,1,3438,0.05
11144,11,1,1744,0
11144,19,1,2193,0.1
11145,45,1,4975,0
11145,36,1,1580,0
11146,53,1,1286,0
11146,14,1,4075,0.05
11147,29,1,2320,0
11147,8,2,1791,0.1
11147,23,2,2336,0.15
11148,50,1,2033,0.15
11148,6,1,529,0
11148,37,1,667,0
11149,43,1,4289,0
11150,17,1,2656,0.1
11151,9,2,4658,0
11151,40,3,3255,0
11152,23,1,2336,0
11152,38,1,3806,0.15
11152,22,1,1574,0
11152,17,1,2656,0.15
11153,39,1,2235,0.1
11154,51,1,2916,0.15
11154,29,2,2320,0.15
11155,20,1,3438,0.05
11156,52,1,1957,0.1
11156,47,1,1558,0
11156,17,1,2656,0
11157,42,1,3125,0.2
11157,57,2,729,0
11157,11,1,1744,0
11158,50,1,2033,0
11158,21,3,2746,0.15
11159,28,1,567,0.05
11160,10,2,3487,0.05
11161,31,1,3203,0.1
11161,32,1,126,0
11162,57,1,729,0.05
11162,31,1,3203,0.05
11162,48,3,2972,0.05
11163,16,2,1002,0
11164,56,1,630,0.05
11165,49,1,1048,0.05
11165,54,1,3026,0
11165,60,2,552,0.1
11166,12,2,4627,0.05
11167,33,1,4175,0.05
11167,10,1,3487,0
11168,50,1,2033,0.05
11168,16,1,1002,0
11169,6,1,529,0
11170,47,1,1558,0.1
11171,56,2,630,0
11172,56,1,630,0.1
11172,17,1,2656,0.1
11173,44,2,724,0.15
11174,24,1,2262,0.05
11174,24,1,2262,0
11175,45,2,4975,0.1
11175,44,1,724,0.05
11176,53,1,1286,0
11176,10,1,3487,0
11177,1,3,150,0.05
11178,19,1,2193,0.05
11178,34,1,2437,0.1
11178,7,2,1985,0.15
11179,17,1,2656,0
11180,41,1,931,0
11181,41,1,931,0
11181,39,1,2235,0.05
11181,55,1,4572,0
11181,37,1,667,0
11182,21,1,2746,0.05
11183,25,1,3410,0
11183,52,1,1957,0.05
11184,46,1,3785,0
11184,39,1,2235,0.05
11184,48,1,2972,0
11185,7,1,1985,0.1
11185,2,1,3850,0
11186,18,1,778,0.05
11186,44,1,724,0
11186,41,1,931,0.1
11187,30,1,4729,0.15
11187,31,3,3203,0
11188,53,1,1286,0.2
11189,35,1,1942,0
11190,24,1,2262,0
11191,58,1,1326,0.2
11192,18,1,778,0.15
11193,59,1,2290,0.05
11194,2,1,3850,0
11195,41,1,931,0
11195,52,1,1957,0.05
11196,49,1,1048,0.05
11196,39,1,2235,0.2
11196,17,1,2656,0.15
11197,58,2,1326,0.15
11197,32,1,126,0.15
11197,53,1,1286,0.1
11198,23,1,2336,0.05
11198,22,2,1574,0.1
11198,49,2,1048,0
11199,9,1,4658,0.05
11199,19,1,2193,0
11200,48,1,2972,0.05
11201,51,2,2916,0
11202,29,1,2320,0.1
11202,27,1,1579,0
11202,57,1,729,0.2
11203,4,1,2293,0
11204,55,1,4572,0.2
11205,12,1,4627,0.1
11206,46,1,3785,0.1
11207,3,1,3713,0
11207,56,1,630,0
11208,13,1,3877,0.05
11208,49,1,1048,0.05
11209,51,1,2916,0.1
11209,33,1,4175,0
11209,19,1,2193,0.05
11210,15,2,860,0
11210,3,1,3713,0
11210,49,1,1048,0
11211,33,1,4175,0
11212,8,1,1791,0
11213,18,1,778,0.05
11214,44,1,724,0.05
11215,47,1,1558,0.1
11215,59,1,2290,0.05
11216,42,1,3125,0
11217,5,1,1760,0.1
11217,59,1,2290,0
11218,18,1,778,0
11218,26,1,4752,0
11219,4,1,2293,0
11220,50,1,2033,0
11221,38,3,3806,0.05
11221,29,1,2320,0.15
11222,30,1,4729,0
11222,12,1,4627,0
11223,20,1,3438,0
11223,27,1,1579,0
11224,45,2,4975,0.1
11225,40,2,3255,0.1
11225,59,1,2290,0
11226,4,1,2293,0.05
11226,21,1,2746,0
11226,10,1,3487,0
11227,58,1,1326,0
11227,23,1,2336,0.15
11227,1,1,150,0.15
11228,41,3,931,0.1
11228,32,1,126,0.1
11229,6,1,529,0
11230,12,1,4627,0.1
11231,6,1,529,0
11231,8,1,1791,0.1
11232,21,1,2746,0.1
11232,51,1,2916,0
11233,43,1,4289,0
11233,13,1,3877,0.05
11234,6,1,529,0.1
11235,15,1,860,0.15
11235,10,1,3487,0.05
11235,25,1,3410,0
11236,15,2,860,0.1
11236,13,1,3877,0.1
11236,57,1,729,0
11237,45,1,4975,0
11237,55,1,4572,0.05
11238,55,1,4572,0
11239,17,1,2656,0
11240,55,1,4572,0
11241,27,2,1579,0
11242,12,1,4627,0
11243,30,2,4729,0.1
11244,10,2,3487,0.1
11244,36,1,1580,0.05
11245,20,1,3438,0.15
11246,21,1,2746,0
11246,23,1,2336,0
11247,47,1,1558,0.05
11248,58,1,1326,0.1
11248,33,1,4175,0.1
11249,4,1,2293,0
11249,22,1,1574,0.1
11250,18,1,778,0.05
11250,34,1,2437,0.15
11250,57,1,729,0
11251,15,1,860,0.1
11251,27,1,1579,0
11251,8,2,1791,0.1
11252,56,1,630,0
11253,24,1,2262,0.05
11253,18,2,778,0.1
11254,46,1,3785,0.1
11254,39,1,2235,0.15
11255,59,1,2290,0
11256,24,1,2262,0
11257,44,1,724,0.1
11257,12,2,4627,0.05
11257,18,1,778,0
11257,3,1,3713,0.1
11258,58,2,1326,0.05
11259,9,2,4658,0.1
11259,26,1,4752,0.05
11260,54,1,3026,0.1
11261,44,1,724,0.05
11261,26,1,4752,0.05
11261,31,1,3203,0
11262,49,1,1048,0.1
11262,11,1,1744,0
11263,17,1,2656,0
11264,15,1,860,0
11265,49,2,1048,0
11266,19,1,2193,0.2
11266,55,1,4572,0
11267,49,1,1048,0.1
11267,44,1,724,0
11268,40,2,3255,0
11268,37,1,667,0
11269,53,2,1286,0
11269,47,1,1558,0
11270,38,1,3806,0.15
11271,26,1,4752,0
11271,22,1,1574,0
11272,4,2,2293,0
11272,33,1,4175,0.05
11273,4,1,2293,0
11273,51,1,2916,0
11274,51,1,2916,0.2
11274,12,1,4627,0
11274,35,1,1942,0
11275,1,1,150,0.05
11276,23,1,2336,0.05
11276,7,1,1985,0.1
11277,37,1,667,0
11278,8,1,1791,0.05
11278,12,1,4627,0
11279,48,1,2972,0.1
11280,39,1,2235,0.05
11281,59,1,2290,0
11281,17,1,2656,0.1
11282,46,1,3785,0.1
11283,13,1,3877,0
11284,37,3,667,0.05
11285,60,1,552,0.2
11286,49,1,1048,0
11287,14,2,4075,0
11287,36,1,1580,0.1
11288,6,1,529,0.05
11288,5,1,1760,0.1
11288,14,1,4075,0.1
11288,8,3,1791,0.1
11289,18,1,778,0.05
11289,18,1,778,0.05
11289,28,2,567,0.1
11290,58,3,1326,0
11290,21,1,2746,0.05
11291,40,1,3255,0
11291,60,1,552,0
11292,6,2,529,0.05
11292,43,1,4289,0.05
11292,47,1,1558,0.1
11293,33,3,4175,0.1
11293,41,2,931,0.05
11293,24,1,2262,0
11293,43,1,4289,0.1
11294,19,2,2193,0.05
11295,9,1,4658,0.1
11296,11,1,1744,0.05
11297,50,2,2033,0.1
11298,38,1,3806,0
11299,29,1,2320,0.1
11300,49,3,1048,0.05
11301,32,1,126,0.05
11301,12,1,4627,0
11302,59,1,2290,0
11302,34,1,2437,0
11302,43,1,4289,0.05
11303,20,1,3438,0.05
11304,35,1,1942,0
11304,42,1,3125,0.15
11304,3,1,3713,0
11305,53,2,1286,0
11306,53,2,1286,0
11306,3,1,3713,0.1
11307,3,1,3713,0.05
11307,44,2,724,0.15
11308,21,1,2746,0
11309,12,1,4627,0
11309,7,1,1985,0.1
11309,59,1,2290,0
11309,35,2,1942,0.05
11310,41,1,931,0.15
11310,30,1,4729,0.2
11310,59,1,2290,0
11310,51,1,2916,0.05
11311,21,1,2746,0.15
11311,15,1,860,0.2
11312,28,1,567,0.05
11312,56,1,630,0.15
11313,33,1,4175,0.2
11313,34,1,2437,0.05
11314,33,1,4175,0.15
11314,6,1,529,0
11315,33,1,4175,0
11315,16,1,1002,0
11316,59,1,2290,0
11316,47,1,1558,0.2
11317,6,1,529,0.15
11317,12,3,4627,0.05
11318,56,1,630,0
11319,21,1,2746,0
11320,28,1,567,0
11321,14,1,4075,0.05
11322,8,1,1791,0.15
11322,37,1,667,0.05
11323,12,2,4627,0.05
11324,27,1,1579,0
11325,31,2,3203,0.15
11325,21,1,2746,0.05
11326,24,1,2262,0.05
11326,6,1,529,0.05
11327,8,2,1791,0
11328,13,2,3877,0.1
11329,55,1,4572,0
11330,14,1,4075,0.2
11330,21,1,2746,0
11331,46,1,3785,0.2
11331,47,1,1558,0
11332,24,1,2262,0.1
11333,11,1,1744,0.1
11334,6,1,529,0.2
11335,32,2,126,0.05
11335,38,1,3806,0
11336,23,2,2336,0
11337,1,1,150,0
11338,7,1,1985,0.15
11339,15,1,860,0.05
11340,46,1,3785,0
11341,11,1,1744,0.05
11342,13,1,3877,0.1
11342,33,1,4175,0
11342,18,1,778,0
11343,60,1,552,0.05
11344,47,1,1558,0
11345,31,1,3203,0
11345,41,1,931,0.1
11346,49,1,1048,0.1
11347,18,1,778,0.15
11347,5,1,1760,0.05
11348,6,1,529,0.1
11348,41,1,931,0
11349,21,3,2746,0.15
11349,50,1,2033,0.1
11350,2,1,3850,0
11351,10,1,3487,0
11352,27,1,1579,0.05
11353,18,1,778,0
11354,49,1,1048,0.05
11354,19,1,2193,0
11354,19,1,2193,0.05
11355,57,1,729,0
11355,57,1,729,0.2
11356,9,2,4658,0.05
11356,12,1,4627,0
11357,8,1,1791,0
11357,45,1,4975,0.15
11358,54,1,3026,0
11358,12,1,4627,0
11359,19,1,2193,0
11359,41,1,931,0
11360,60,2,552,0
11360,32,1,126,0.05
11360,59,2,2290,0.1
11361,34,1,2437,0.1
11361,6,1,529,0.05
11362,41,1,931,0.15
11363,3,1,3713,0.15
11363,56,1,630,0
11364,46,2,3785,0
11364,20,1,3438,0
11365,1,1,150,0.05
11366,56,1,630,0.15
11366,24,1,2262,0.05
11366,33,1,4175,0
11367,39,2,2235,0.05
11367,59,1,2290,0
11368,22,1,1574,0
11368,11,1,1744,0.05
11369,17,1,2656,0.05
11370,24,1,2262,0.2
11371,55,1,4572,0.1
11372,22,1,1574,0.05
11372,21,3,2746,0.05
11373,40,1,3255,0
11374,38,1,3806,0.1
11375,34,1,2437,0.05
11375,35,1,1942,0
11376,2,1,3850,0.15
11376,26,1,4752,0
11377,9,1,4658,0.05
11378,36,2,1580,0
11379,19,1,2193,0
11379,12,1,4627,0.05
11380,44,1,724,0
11381,25,2,3410,0.1
11382,47,1,1558,0.05
11383,36,1,1580,0.1
11383,38,1,3806,0.05
11383,3,1,3713,0.1
11383,54,1,3026,0
11384,11,1,1744,0.2
11384,40,1,3255,0.15
11384,18,1,778,0
11385,49,1,1048,0
11385,35,2,1942,0.05
11385,31,1,3203,0
11385,56,1,630,0
11386,37,1,667,0
11387,21,1,2746,0.1
11388,21,1,2746,0
11388,20,1,3438,0.05
11389,40,3,3255,0.15
11389,50,1,2033,0.1
11390,1,2,150,0
11391,20,1,3438,0.15
11391,35,1,1942,0
11391,3,1,3713,0
11392,41,2,931,0.1
11392,56,1,630,0.05
11392,4,1,2293,0
11393,55,2,4572,0.05
11394,60,1,552,0.1
11394,16,1,1002,0.15
11395,12,2,4627,0.1
11396,35,1,1942,0
11397,41,1,931,0.05
11397,53,1,1286,0
11398,36,1,1580,0.05
11399,45,1,4975,0.1
11400,31,1,3203,0.05
11401,15,1,860,0.1
11401,10,1,3487,0.05
11402,19,1,2193,0.1
11402,44,1,724,0.05
11403,27,1,1579,0.1
11403,56,1,630,0
11403,41,1,931,0
11403,10,1,3487,0.1
11404,12,1,4627,0.05
11405,39,2,2235,0.05
11406,26,1,4752,0
11406,47,1,1558,0
11407,38,1,3806,0
11408,36,1,1580,0.05
11409,10,1,3487,0
11410,15,3,860,0.15
11410,43,1,4289,0
11411,39,1,2235,0
11411,39,2,2235,0.1
11411,33,1,4175,0
11412,39,1,2235,0
11412,55,1,4572,0
11413,24,1,2262,0
11414,53,1,1286,0.1
11414,45,2,4975,0.1
11414,42,1,3125,0
11414,40,1,3255,0.1
11415,25,1,3410,0
11416,8,1,1791,0.15
11417,39,1,2235,0.1
11417,6,1,529,0.15
11417,47,1,1558,0.1
11418,48,1,2972,0
11418,50,1,2033,0.1
11419,4,1,2293,0.1
11419,55,1,4572,0.1
11419,39,1,2235,0.1
11420,7,2,1985,0.05
11420,45,1,4975,0
11420,17,1,2656,0.15
11421,15,1,860,0
11422,6,1,529,0.15
11423,33,1,4175,0
11423,8,2,1791,0.1
11423,32,1,126,0.05
11424,44,1,724,0.2
11425,55,2,4572,0
11425,5,2,1760,0.15
11426,31,1,3203,0.15
11427,17,1,2656,0.2
11427,2,1,3850,0.05
11427,37,1,667,0.1
11428,4,1,2293,0
11429,39,1,2235,0.05
11430,30,1,4729,0.1
11431,56,1,630,0
11432,13,1,3877,0.15
11433,29,1,2320,0.2
11433,33,1,4175,0
11434,22,1,1574,0.05
11434,34,1,2437,0.1
11434,42,1,3125,0.1
11435,25,2,3410,0.2
11435,22,1,1574,0.1
11435,17,1,2656,0
11435,43,2,4289,0
11436,58,2,1326,0
11437,5,2,1760,0.1
11438,12,2,4627,0
11438,44,1,724,0.05
11438,11,1,1744,0.05
11439,18,3,778,0.15
11439,8,2,1791,0
11439,41,1,931,0.1
11440,31,1,3203,0
11440,59,1,2290,0
11441,35,1,1942,0.05
11442,58,1,1326,0
11442,25,1,3410,0
11443,60,1,552,0.05
11443,17,2,2656,0.05
11443,4,2,2293,0.05
11444,54,1,3026,0.05
11444,23,1,2336,0
11444,23,1,2336,0.2
11445,27,1,1579,0.05
11445,8,1,1791,0.2
11445,43,1,4289,0
11446,33,1,4175,0.05
11447,40,1,3255,0
11447,24,1,2262,0.1
11447,42,1,3125,0.2
11448,1,2,150,0
11448,45,1,4975,0
11449,4,1,2293,0.1
11450,15,1,860,0
11451,5,3,1760,0
11452,19,1,2193,0.05
11452,13,1,3877,0.05
11452,31,1,3203,0
11452,55,1,4572,0
11453,57,1,729,0.1
11454,10,1,3487,0.05
11455,52,1,1957,0.1
11455,42,1,3125,0
11456,56,1,630,0.05
11457,6,1,529,0
11457,11,3,1744,0.1
11458,21,1,2746,0.05
11458,36,1,1580,0.15
11459,25,1,3410,0.15
11460,28,1,567,0.1
11460,49,1,1048,0.1
11461,5,1,1760,0
11462,15,1,860,0
11462,45,3,4975,0
11463,18,2,778,0
11464,30,2,4729,0
11464,10,2,3487,0.15
11465,59,1,2290,0.05
11465,17,1,2656,0.1
11465,11,1,1744,0.1
11466,20,1,3438,0
11466,13,1,3877,0.1
11466,54,1,3026,0
11467,35,1,1942,0
11468,39,1,2235,0.05
11468,59,2,2290,0.1
11468,52,1,1957,0.05
11468,37,1,667,0.05
11469,58,2,1326,0.05
11469,55,1,4572,0.15
11469,45,1,4975,0
11470,37,1,667,0
11471,19,1,2193,0
11472,23,2,2336,0.1
11472,36,1,1580,0
11472,24,1,2262,0
11473,20,2,3438,0.1
11473,32,1,126,0.05
11474,53,1,1286,0.15
11475,43,1,4289,0
11476,31,1,3203,0.05
11476,47,1,1558,0.2
11476,3,1,3713,0
11477,1,1,150,0
11477,57,1,729,0.1
11478,55,1,4572,0.15
11478,30,2,4729,0.1
11479,60,1,552,0
11480,19,1,2193,0
11480,6,1,529,0.15
11481,14,2,4075,0
11482,16,2,1002,0.05
11482,35,1,1942,0.1
11482,44,1,724,0
11483,6,1,529,0.05
11484,16,1,1002,0.1
11484,55,1,4572,0.1
11485,10,1,3487,0.2
11485,14,1,4075,0
11486,54,1,3026,0
11486,20,1,3438,0
11486,58,1,1326,0.15
11487,25,1,3410,0.05
11487,51,1,2916,0.1
11487,3,1,3713,0
11488,43,2,4289,0
11488,40,1,3255,0.1
11489,58,1,1326,0.05
11490,20,2,3438,0.1
11491,7,1,1985,0.05
11492,11,1,1744,0
11493,52,1,1957,0.05
11494,60,1,552,0
11494,17,1,2656,0.05
11495,22,1,1574,0
11495,48,2,2972,0
11495,41,1,931,0.05
11496,41,1,931,0
11497,46,1,3785,0
11497,8,1,1791,0
11498,51,2,2916,0
11499,44,1,724,0.15
11499,22,1,1574,0.15
11500,25,1,3410,0
11501,38,2,3806,0
11501,38,1,3806,0
11502,23,1,2336,0.05
11502,48,1,2972,0.1
11503,42,1,3125,0.15
11503,7,1,1985,0
11503,50,1,2033,0
11504,53,1,1286,0.15
11505,32,1,126,0.15
11505,34,1,2437,0
11505,52,1,1957,0
11506,28,1,567,0.05
11506,59,1,2290,0
11507,46,3,3785,0
11507,27,1,1579,0
11507,7,1,1985,0.1
11508,56,1,630,0.15
11509,10,1,3487,0
11509,55,2,4572,0
11509,35,1,1942,0.1
11510,10,1,3487,0.1
11511,41,1,931,0.05
11512,27,2,1579,0
11512,45,1,4975,0.1
11512,43,3,4289,0.1
11512,8,2,1791,0.05
11513,2,1,3850,0.2
11513,54,1,3026,0
11513,12,1,4627,0
11513,27,1,1579,0.1
11514,10,1,3487,0
11515,10,1,3487,0
11516,14,1,4075,0.05
11516,33,2,4175,0
11516,40,2,3255,0
11516,9,1,4658,0.05
11517,31,1,3203,0.15
11518,10,1,3487,0.1
11519,49,1,1048,0
11520,2,2,3850,0.05
11520,52,1,1957,0
11520,5,2,1760,0.1
11521,58,1,1326,0.2
11521,13,1,3877,0.15
11521,15,1,860,0.15
11522,23,2,2336,0
11523,45,1,4975,0.1
11523,3,1,3713,0.1
11524,45,1,4975,0
11525,48,1,2972,0
11526,45,2,4975,0
11527,14,1,4075,0.2
11528,50,1,2033,0.15
11528,35,2,1942,0.15
11528,20,2,3438,0.1
11529,60,1,552,0.1
11530,51,1,2916,0.05
11530,9,1,4658,0
11530,43,1,4289,0
11530,4,1,2293,0.05
11531,30,1,4729,0
11532,3,1,3713,0
11533,43,2,4289,0
11534,50,1,2033,0.15
11534,10,2,3487,0
11535,57,1,729,0.1
11535,44,1,724,0
11535,55,1,4572,0
11536,21,2,2746,0
11536,10,2,3487,0.1
11537,15,1,860,0
11537,31,1,3203,0
11538,22,1,1574,0
11538,7,1,1985,0.1
11538,38,1,3806,0.1
11539,56,1,630,0.15
11539,57,2,729,0.2
11540,16,1,1002,0
11540,42,1,3125,0.1
11540,26,1,4752,0
11541,20,3,3438,0.2
11542,26,1,4752,0.1
11542,12,2,4627,0.2
11542,47,1,1558,0.05
11543,24,1,2262,0
11544,49,1,1048,0
11544,53,1,1286,0.1
11544,12,1,4627,0.2
11544,29,1,2320,0
11545,34,1,2437,0.05
11545,59,1,2290,0.05
11546,27,1,1579,0.05
11546,28,2,567,0
11547,1,1,150,0.1
11547,30,1,4729,0
11548,16,1,1002,0.1
11549,59,1,2290,0
11550,48,1,2972,0.05
11550,18,1,778,0.1
11550,11,1,1744,0.05
11551,45,1,4975,0
11551,51,1,2916,0.05
11552,15,1,860,0.15
11553,42,1,3125,0
11553,23,1,2336,0.05
11554,46,1,3785,0.15
11555,1,1,150,0.1
11555,56,1,630,0
11556,52,1,1957,0
11556,25,3,3410,0.1
11556,27,1,1579,0
11557,18,2,778,0.05
11557,54,1,3026,0
11558,54,1,3026,0
11558,58,1,1326,0
11558,25,1,3410,0.1
11559,28,1,567,0.15
11559,43,1,4289,0.05
11560,16,2,1002,0.05
11561,9,1,4658,0
11562,20,1,3438,0
11562,3,1,3713,0
11562,55,1,4572,0.05
11563,54,1,3026,0.15
11564,48,2,2972,0.05
11565,34,1,2437,0.1
11565,11,1,1744,0
11566,59,2,2290,0.15
11566,24,2,2262,0
11567,18,1,778,0
11568,20,1,3438,0.2
11569,46,1,3785,0
11569,48,1,2972,0
11570,6,1,529,0.05
11570,11,1,1744,0.1
11571,53,1,1286,0
11571,7,2,1985,0
11572,52,1,1957,0
11572,15,1,860,0.05
11572,7,2,1985,0.05
11573,33,1,4175,0.05
11573,50,2,2033,0.05
11574,32,1,126,0.1
11574,12,1,4627,0.05
11574,39,1,2235,0.05
11575,10,1,3487,0
11575,57,1,729,0
11576,36,1,1580,0
11577,33,1,4175,0.05
11578,39,1,2235,0
11579,19,2,2193,0.05
11580,55,1,4572,0.05
11581,8,1,1791,0
11581,51,1,2916,0.2
11582,8,1,1791,0.05
11583,8,1,1791,0.1
11584,33,3,4175,0
11585,20,1,3438,0
11585,34,1,2437,0.05
11585,60,1,552,0
11585,5,1,1760,0
11586,60,1,552,0.15
11586,34,1,2437,0.05
11587,21,1,2746,0.05
11588,47,1,1558,0.05
11588,25,1,3410,0.2
11588,41,1,931,0
11588,22,1,1574,0
11589,8,2,1791,0
11590,5,1,1760,0
11591,25,1,3410,0.1
11592,60,1,552,0.1
11593,8,1,1791,0.05
11593,54,1,3026,0.2
11594,40,1,3255,0
11595,59,1,2290,0.1
11595,42,1,3125,0
11596,10,3,3487,0.1
11597,3,1,3713,0.1
11598,25,1,3410,0
11598,34,2,2437,0
11599,26,1,4752,0.1
11600,43,1,4289,0.05
11601,26,1,4752,0.15
11601,4,1,2293,0.1
11601,15,1,860,0.1
11602,48,1,2972,0
11603,49,1,1048,0.05
11603,11,1,1744,0
11603,52,1,1957,0
11604,60,1,552,0.1
11604,22,1,1574,0.2
11604,12,1,4627,0.15
11605,57,1,729,0.05
11605,5,3,1760,0.15
11606,37,1,667,0
11606,6,1,529,0
11607,22,1,1574,0
11607,51,1,2916,0
11608,56,1,630,0
11608,30,1,4729,0.05
11609,54,1,3026,0
11609,13,1,3877,0.1
11609,56,2,630,0
11610,32,1,126,0
11611,23,1,2336,0.1
11611,42,2,3125,0.05
11612,13,1,3877,0
11612,59,2,2290,0.1
11612,60,1,552,0.1
11613,44,1,724,0
11614,59,1,2290,0
11615,34,1,2437,0.1
11616,30,1,4729,0
11617,51,1,2916,0.05
11618,60,1,552,0
11619,31,1,3203,0
11619,33,1,4175,0
11620,1,1,150,0.1
11621,39,1,2235,0.05
11621,16,2,1002,0
11621,30,1,4729,0.05
11622,25,1,3410,0.15
11623,34,1,2437,0.2
11624,21,1,2746,0.1
11624,1,1,150,0
11624,8,1,1791,0.1
11625,14,2,4075,0.05
11625,5,1,1760,0.1
11626,45,1,4975,0
11626,50,1,2033,0.2
11627,60,1,552,0
11628,26,1,4752,0.1
11628,47,1,1558,0.05
11629,40,1,3255,0.05
11629,14,1,4075,0.1
11630,35,1,1942,0.05
11631,17,2,2656,0
11632,24,2,2262,0
11633,31,1,3203,0.05
11633,3,1,3713,0.1
11634,33,1,4175,0
11634,3,1,3713,0
11635,33,1,4175,0
11635,39,1,2235,0.05
11635,30,1,4729,0
11636,43,1,4289,0.1
11636,34,1,2437,0
11636,40,1,3255,0.15
11637,19,1,2193,0.05
11638,17,2,2656,0.2
11639,16,2,1002,0.05
11639,7,2,1985,0.05
11639,48,1,2972,0.15
11640,53,1,1286,0.15
11641,35,1,1942,0
11642,25,1,3410,0
11642,5,1,1760,0
11642,52,1,1957,0
11643,19,1,2193,0
11643,12,1,4627,0.05
11644,56,1,630,0
11645,24,1,2262,0
11646,16,2,1002,0.1
11647,4,1,2293,0
11648,24,1,2262,0.2
11649,13,1,3877,0.1
11650,33,1,4175,0
11651,52,1,1957,0.1
11652,35,1,1942,0
11652,59,1,2290,0.05
11653,40,3,3255,0
11653,29,1,2320,0.1
11654,27,1,1579,0.1
11655,1,1,150,0
11656,59,1,2290,0.05
11657,49,1,1048,0.1
11658,51,2,2916,0.15
11658,42,1,3125,0.15
11659,47,1,1558,0.15
11660,58,2,1326,0
11660,2,1,3850,0
11661,22,2,1574,0
11661,49,1,1048,0.05
11662,59,1,2290,0.1
11663,20,2,3438,0
11663,30,1,4729,0.1
11664,24,1,2262,0.2
11664,55,1,4572,0
11665,13,1,3877,0.1
11665,57,1,729,0.1
11666,28,1,567,0.05
11667,29,1,2320,0.1
11667,53,3,1286,0
11668,48,1,2972,0
11668,25,1,3410,0.05
11669,38,1,3806,0
11669,5,1,1760,0.1
11669,20,1,3438,0.15
11670,18,1,778,0
11670,2,2,3850,0.1
11670,48,1,2972,0
11671,15,2,860,0.15
11672,28,1,567,0.05
11672,11,1,1744,0
11672,46,1,3785,0.05
11672,24,1,2262,0
11673,38,1,3806,0
11674,11,1,1744,0.05
11674,47,1,1558,0
11675,34,1,2437,0.2
11676,57,1,729,0
11676,24,2,2262,0.1
11677,25,1,3410,0
11677,60,1,552,0
11678,39,2,2235,0.05
11678,55,1,4572,0.15
11678,24,1,2262,0.05
11679,32,1,126,0.05
11679,19,2,2193,0.1
11679,8,1,1791,0.05
11680,48,1,2972,0.05
11681,9,1,4658,0.15
11681,11,1,1744,0
11681,9,1,4658,0
11682,2,1,3850,0
11682,15,3,860,0.05
11683,17,1,2656,0
11683,16,1,1002,0.1
11683,60,1,552,0
11684,50,1,2033,0
11684,39,1,2235,0.05
11684,30,1,4729,0
11685,26,1,4752,0.05
11686,7,2,1985,0
11687,30,1,4729,0
11687,59,1,2290,0.05
11687,44,1,724,0
11688,18,1,778,0.1
11689,57,2,729,0.2
11690,41,1,931,0
11691,28,1,567,0
11691,6,1,529,0.15
11691,15,1,860,0
11692,11,1,1744,0
11692,30,2,4729,0.2
11693,27,1,1579,0
11694,19,1,2193,0.05
11695,41,1,931,0.05
11696,47,1,1558,0
11696,60,1,552,0
11696,56,1,630,0
11697,58,1,1326,0
11697,19,1,2193,0.1
11698,11,1,1744,0.05
11698,46,1,3785,0
11699,57,1,729,0.2
11699,58,1,1326,0.15
11700,48,1,2972,0
11701,49,1,1048,0.05
11702,19,1,2193,0.05
11702,49,1,1048,0.1
11703,5,2,1760,0
11703,10,1,3487,0
11704,4,1,2293,0.05
11704,35,1,1942,0.1
11705,53,1,1286,0.05
11705,48,1,2972,0.15
11705,24,1,2262,0.05
11706,26,3,4752,0
11706,13,1,3877,0.15
11707,36,3,1580,0
11707,3,2,3713,0.2
11708,11,1,1744,0.1
11709,18,1,778,0.05
11709,3,1,3713,0.15
11710,51,1,2916,0.1
11711,6,1,529,0
11711,35,1,1942,0.05
11712,22,1,1574,0.05
11712,26,1,4752,0.15
11712,32,1,126,0.05
11713,55,1,4572,0
11714,57,1,729,0
11714,28,1,567,0.15
11715,35,1,1942,0
11715,27,1,1579,0.15
11715,14,1,4075,0.15
11716,9,2,4658,0
11717,19,1,2193,0.05
11718,27,1,1579,0
11718,50,2,2033,0.1
11719,15,1,860,0
11720,31,1,3203,0
11720,36,1,1580,0.1
11721,46,1,3785,0.1
11722,24,1,2262,0
11722,15,1,860,0.15
11723,9,1,4658,0
11724,22,2,1574,0.05
11725,17,1,2656,0
11726,59,1,2290,0.05
11727,21,1,2746,0.05
11727,7,1,1985,0.05
11728,27,1,1579,0.05
11728,5,2,1760,0.1
11729,44,1,724,0.1
11730,57,1,729,0
11730,16,2,1002,0.1
11731,48,1,2972,0.15
11731,13,2,3877,0
11731,58,1,1326,0
11732,13,1,3877,0.1
11732,30,2,4729,0.1
11732,53,2,1286,0
11733,6,1,529,0.1
11733,38,1,3806,0.05
11733,7,2,1985,0
11734,35,1,1942,0.05
11734,51,2,2916,0
11735,11,1,1744,0.1
11735,54,1,3026,0.05
11736,33,2,4175,0.2
11736,23,1,2336,0.05
11737,36,1,1580,0.05
11738,10,2,3487,0.1
11738,50,1,2033,0
11739,42,1,3125,0
11739,58,1,1326,0.1
11740,16,1,1002,0
11741,60,1,552,0
11742,46,1,3785,0.1
11742,38,1,3806,0.05
11742,36,1,1580,0.1
11742,17,1,2656,0
11743,22,2,1574,0.05
11743,16,1,1002,0
11744,29,1,2320,0
11745,33,1,4175,0.15
11745,24,1,2262,0
11746,59,1,2290,0
11746,40,1,3255,0.1
11747,39,1,2235,0.15
11747,46,2,3785,0.05
11748,55,1,4572,0.05
11748,12,1,4627,0
11749,45,1,4975,0.2
11749,8,1,1791,0.1
11750,24,1,2262,0.15
11750,59,2,2290,0.1
11751,4,1,2293,0.1
11751,56,1,630,0.05
11751,39,1,2235,0
11752,12,1,4627,0.05
11753,21,1,2746,0.05
11753,4,1,2293,0.05
11754,50,2,2033,0.05
11755,57,1,729,0
11755,7,2,1985,0.05
11756,17,1,2656,0
11756,52,1,1957,0.15
11757,37,1,667,0.1
11757,39,1,2235,0
11757,36,1,1580,0.05
11758,60,1,552,0
11758,54,1,3026,0
11759,37,1,667,0
11759,55,3,4572,0.1
11759,17,1,2656,0
11760,34,1,2437,0.05
11761,1,1,150,0
11761,15,2,860,0
11762,30,1,4729,0
11763,38,2,3806,0.05
11763,14,1,4075,0
11764,13,1,3877,0.05
11764,36,1,1580,0
11765,39,1,2235,0
11766,50,1,2033,0.1
11766,5,2,1760,0.15
11767,38,2,3806,0.05
11767,38,1,3806,0.1
11767,58,1,1326,0.15
11767,41,1,931,0
11768,1,1,150,0.1
11769,1,1,150,0
11770,18,2,778,0
11771,35,1,1942,0
11772,3,1,3713,0.15
11773,1,1,150,0.1
11773,5,1,1760,0.1
11774,59,2,2290,0
11775,22,1,1574,0
11775,34,1,2437,0.05
11775,23,1,2336,0.15
11776,48,1,2972,0
11776,24,1,2262,0.05
11777,53,1,1286,0.1
11777,45,1,4975,0
11777,25,2,3410,0.1
11777,27,1,1579,0
11778,28,2,567,0
11779,21,1,2746,0.1
11780,10,1,3487,0.15
11781,39,1,2235,0.1
11781,8,1,1791,0
11781,6,1,529,0.1
11782,38,1,3806,0.1
11782,45,1,4975,0.05
11782,55,1,4572,0
11783,25,1,3410,0
11784,49,1,1048,0.1
11785,38,1,3806,0
11786,12,1,4627,0
11787,16,3,1002,0.1
11788,47,1,1558,0
11789,4,1,2293,0
11790,51,1,2916,0
11791,27,2,1579,0
11792,53,3,1286,0
11793,8,1,1791,0.1
11793,29,1,2320,0.1
11794,34,1,2437,0
11794,54,1,3026,0.05
11794,38,1,3806,0
11795,28,1,567,0.1
11795,50,2,2033,0.05
11795,8,1,1791,0
11795,53,1,1286,0.1
11796,16,1,1002,0.05
11796,46,1,3785,0
11797,47,1,1558,0.15
11798,5,2,1760,0
11799,22,1,1574,0
11800,53,1,1286,0
11801,52,1,1957,0
11801,17,1,2656,0
11801,14,1,4075,0.05
11801,21,1,2746,0.05
11802,51,1,2916,0.05
11802,48,1,2972,0.05
11803,20,2,3438,0.05
11804,34,1,2437,0.1
11804,37,3,667,0
11805,44,2,724,0.05
11805,34,1,2437,0.1
11805,26,1,4752,0
11805,21,1,2746,0.1
11806,3,1,3713,0.2
11806,27,1,1579,0.05
11807,38,1,3806,0
11808,35,2,1942,0.15
11809,28,1,567,0
11809,12,1,4627,0.05
11810,42,1,3125,0.15
11810,22,1,1574,0
11810,37,1,667,0.15
11811,35,1,1942,0
11812,45,1,4975,0
11812,40,1,3255,0.05
11813,54,2,3026,0.15
11814,60,1,552,0.05
11815,58,2,1326,0
11815,10,1,3487,0
11816,38,1,3806,0
11817,27,1,1579,0.05
11817,60,1,552,0
11817,5,2,1760,0.1
11818,24,2,2262,0
11818,26,1,4752,0
11818,23,1,2336,0.15
11819,20,1,3438,0.1
11819,60,1,552,0.05
11820,15,1,860,0
11820,7,1,1985,0.1
11821,7,2,1985,0.15
11821,11,1,1744,0.15
11822,54,1,3026,0
11823,19,1,2193,0.1
11823,41,1,931,0
11824,47,1,1558,0.1
11825,5,1,1760,0
11825,30,1,4729,0
11826,36,1,1580,0
11827,19,2,2193,0.2
11828,24,1,2262,0.05
11828,27,1,1579,0
11829,40,1,3255,0.05
11829,24,2,2262,0.1
11830,24,3,2262,0.05
11831,13,1,3877,0.1
11832,60,2,552,0
11832,26,1,4752,0
11833,56,1,630,0
11833,12,1,4627,0.15
11834,37,2,667,0.2
11834,50,1,2033,0
11834,35,1,1942,0
11835,1,1,150,0.05
11836,38,2,3806,0.1
11837,16,1,1002,0
11838,6,1,529,0.05
11838,16,1,1002,0.05
11839,55,2,4572,0.1
11839,13,1,3877,0.15
11839,50,1,2033,0.05
11839,51,1,2916,0.05
11840,5,1,1760,0.05
11841,14,1,4075,0
11842,56,1,630,0.05
11842,11,1,1744,0
11843,34,1,2437,0
11843,51,1,2916,0.05
11844,24,1,2262,0.15
11845,35,1,1942,0
11845,54,1,3026,0
11846,16,1,1002,0
11846,17,1,2656,0.2
11847,37,1,667,0
11848,13,1,3877,0.15
11849,35,1,1942,0.15
11850,10,1,3487,0
11850,6,3,529,0.15
11850,17,1,2656,0
11851,17,1,2656,0
11852,55,2,4572,0
11852,24,1,2262,0.2
11852,36,1,1580,0
11852,14,1,4075,0
11853,2,1,3850,0.2
11853,31,1,3203,0.15
11853,4,1,2293,0.2
11853,8,1,1791,0
11854,3,2,3713,0
11854,37,1,667,0.1
11854,35,1,1942,0
11855,10,1,3487,0
11856,4,1,2293,0
11857,2,1,3850,0
11857,20,3,3438,0.05
11858,37,1,667,0
11859,56,1,630,0.1
11859,30,1,4729,0.05
11860,33,1,4175,0.05
11861,27,2,1579,0.1
11862,19,2,2193,0
11863,48,1,2972,0.15
11863,2,1,3850,0
11864,5,1,1760,0.05
11864,27,1,1579,0
11864,29,1,2320,0
11865,21,1,2746,0.05
11866,17,2,2656,0
11866,31,2,3203,0
11867,59,1,2290,0.05
11868,53,1,1286,0.15
11869,29,1,2320,0.1
11870,56,1,630,0.1
11871,33,1,4175,0.05
11872,9,2,4658,0.1
11872,3,1,3713,0
11872,3,1,3713,0
11872,17,1,2656,0
11873,55,1,4572,0
11874,15,1,860,0
11874,47,1,1558,0.15
11875,25,1,3410,0.1
11875,29,1,2320,0
11876,37,1,667,0
11876,56,1,630,0.1
11877,57,1,729,0.1
11877,25,1,3410,0
11877,27,1,1579,0
11878,34,1,2437,0.05
11879,8,1,1791,0.15
11879,60,1,552,0.05
11880,55,1,4572,0
11881,26,1,4752,0
11881,14,1,4075,0
11882,39,1,2235,0.1
11882,47,1,1558,0
11883,47,2,1558,0.1
11884,42,1,3125,0.1
11884,23,1,2336,0.1
11884,9,3,4658,0.05
11884,8,1,1791,0
11885,37,2,667,0
11885,43,1,4289,0.05
11886,45,1,4975,0
11887,20,2,3438,0.05
11888,46,1,3785,0.15
11888,31,2,3203,0.1
11889,50,1,2033,0.15
11890,26,2,4752,0.05
11890,41,1,931,0
11891,4,2,2293,0
11892,31,1,3203,0
11893,31,1,3203,0
11894,42,1,3125,0
11894,48,1,2972,0.2
11895,40,1,3255,0
11896,60,1,552,0
11896,11,2,1744,0.05
11896,46,1,3785,0
11897,25,3,3410,0.1
11897,58,1,1326,0.05
11898,37,1,667,0.1
11898,26,1,4752,0.05
11899,31,1,3203,0.05
11900,56,1,630,0.1
11900,16,2,1002,0
11901,4,2,2293,0.05
11902,50,2,2033,0.05
11903,13,1,3877,0.05
11903,25,1,3410,0.05
11904,47,1,1558,0.1
11905,25,1,3410,0
11905,30,1,4729,0.1
11906,5,1,1760,0.1
11907,50,1,2033,0.1
11907,22,1,1574,0.05
11907,25,1,3410,0.05
11907,17,1,2656,0.05
11908,50,1,2033,0.1
11908,36,1,1580,0.1
11909,17,2,2656,0
11909,28,1,567,0.15
11910,49,1,1048,0
11911,18,2,778,0.05
11912,47,1,1558,0.05
11912,39,1,2235,0.1
11912,35,1,1942,0.2
11913,14,1,4075,0.05
11913,26,1,4752,0
11914,45,1,4975,0.1
11914,26,1,4752,0
11914,33,1,4175,0.1
11914,13,1,3877,0
11915,54,1,3026,0
11916,21,1,2746,0.1
11916,53,2,1286,0.1
11917,30,1,4729,0.15
11918,21,2,2746,0
11918,59,2,2290,0.15
11918,25,2,3410,0
11919,48,1,2972,0
11919,29,1,2320,0.15
11919,56,1,630,0
11919,47,1,1558,0.05
11920,7,1,1985,0.05
11921,10,1,3487,0.1
11921,39,1,2235,0
11922,48,1,2972,0.05
11922,38,2,3806,0.05
11922,58,2,1326,0.05
11922,41,1,931,0.05
11923,40,1,3255,0.15
11923,31,1,3203,0
11924,48,1,2972,0.05
11924,2,1,3850,0
11924,59,1,2290,0.1
11924,23,1,2336,0
11925,39,1,2235,0
11926,57,1,729,0
11926,4,1,2293,0
11926,15,2,860,0.2
11927,60,1,552,0
11927,22,2,1574,0
11927,52,1,1957,0.05
11928,18,1,778,0
11928,42,1,3125,0.05
11929,31,1,3203,0.05
11930,36,1,1580,0.1
11931,46,1,3785,0
11931,52,1,1957,0
11932,39,2,2235,0
11932,7,1,1985,0
11932,36,1,1580,0.1
11932,24,1,2262,0.1
11933,42,1,3125,0.1
11934,52,1,1957,0.05
11934,25,1,3410,0
11935,10,1,3487,0
11935,17,1,2656,0.05
11936,60,1,552,0.1
11937,32,1,126,0.05
11938,42,2,3125,0.05
11938,44,2,724,0
11939,42,1,3125,0
11940,4,1,2293,0
11940,16,2,1002,0
11941,21,1,2746,0
11941,48,1,2972,0
11942,8,1,1791,0.05
11942,9,1,4658,0.05
11942,31,3,3203,0
11943,49,2,1048,0.05
11943,44,1,724,0.05
11943,33,1,4175,0
11943,56,1,630,0.1
11944,55,1,4572,0.2
11944,37,1,667,0
11944,6,2,529,0
11945,20,1,3438,0.1
11946,38,2,3806,0.1
11946,41,1,931,0.1
11946,41,1,931,0.05
11946,20,2,3438,0
11947,46,1,3785,0.15
11948,49,1,1048,0.05
11949,55,2,4572,0
11949,32,1,126,0
11950,33,1,4175,0
11950,40,1,3255,0.1
11951,54,1,3026,0
11952,4,1,2293,0.2
11952,8,2,1791,0
11953,58,1,1326,0.1
11954,45,1,4975,0
11954,53,1,1286,0.2
11955,40,1,3255,0
11956,30,1,4729,0.1
11956,8,1,1791,0
11956,5,1,1760,0
11957,19,1,2193,0.05
11958,28,1,567,0
11959,31,2,3203,0
11959,59,1,2290,0.15
11960,2,1,3850,0
11961,27,1,1579,0.2
11961,38,1,3806,0.05
11962,4,1,2293,0.05
11962,47,3,1558,0
11963,20,1,3438,0
11964,40,1,3255,0
11964,41,2,931,0.15
11964,14,2,4075,0.1
11965,41,1,931,0.05
11965,20,1,3438,0
11965,57,2,729,0
11965,50,1,2033,0.05
11966,32,1,126,0
11967,2,1,3850,0
11968,36,3,1580,0.05
11969,14,1,4075,0
11969,25,1,3410,0.1
11969,40,2,3255,0.05
11969,54,1,3026,0.15
11970,3,1,3713,0.1
11971,36,1,1580,0.1
11971,42,1,3125,0
11971,23,1,2336,0
11971,38,2,3806,0.05
11972,27,1,1579,0.1
11973,8,1,1791,0.05
11973,11,1,1744,0.15
11974,60,1,552,0
11975,4,2,2293,0.05
11976,49,3,1048,0
11977,20,1,3438,0.05
11978,39,1,2235,0.05
11978,46,1,3785,0
11979,60,2,552,0.15
11979,26,1,4752,0
11979,57,1,729,0.15
11980,57,1,729,0.2
11981,3,1,3713,0
11981,16,1,1002,0.2
11981,41,1,931,0
11982,29,1,2320,0.05
11982,49,1,1048,0
11983,30,1,4729,0.05
11983,49,1,1048,0.15
11983,40,1,3255,0.05
11983,60,1,552,0
11984,57,1,729,0.05
11985,54,1,3026,0
11986,22,2,1574,0.2
11987,7,1,1985,0
11987,40,1,3255,0
11988,3,2,3713,0.1
11988,19,1,2193,0
11989,15,1,860,0
11990,60,1,552,0
11991,29,1,2320,0
11991,15,3,860,0.15
11992,23,1,2336,0.1
11993,30,1,4729,0.1
11993,23,2,2336,0
11994,21,1,2746,0
11994,49,1,1048,0
11995,27,1,1579,0
11996,7,1,1985,0
11997,21,2,2746,0
11997,49,2,1048,0.05
11998,15,1,860,0
11998,31,1,3203,0
11998,8,1,1791,0
11999,10,1,3487,0.2
11999,11,1,1744,0.1
11999,38,1,3806,0.1
11999,44,1,724,0.1
12000,47,1,1558,0
12001,6,1,529,0
12002,60,2,552,0
12003,12,1,4627,0
12003,5,1,1760,0
12003,28,2,567,0.05
12004,25,2,3410,0.2
12005,35,2,1942,0.1
12006,27,2,1579,0.05
12007,39,3,2235,0
12008,20,1,3438,0.1
12008,49,1,1048,0
12009,42,2,3125,0.15
12010,59,1,2290,0
12010,6,1,529,0
12010,41,2,931,0.05
12011,54,1,3026,0
12011,12,1,4627,0.05
12011,10,2,3487,0.05
12012,58,1,1326,0.1
12013,20,2,3438,0.2
12014,12,1,4627,0.05
12015,29,1,2320,0.05
12016,44,1,724,0
12016,41,1,931,0.05
12017,15,1,860,0.15
12018,50,1,2033,0
12018,60,1,552,0.05
12019,5,1,1760,0
12020,53,1,1286,0
12021,9,1,4658,0
12021,37,1,667,0.2
12021,48,1,2972,0.15
12022,51,2,2916,0.15
12022,36,1,1580,0
12023,44,1,724,0.05
12024,31,1,3203,0.1
12024,6,1,529,0
12025,43,1,4289,0.1
12025,59,1,2290,0.1
12026,3,1,3713,0
12027,13,1,3877,0
12027,33,1,4175,0.15
12028,31,1,3203,0
12029,58,1,1326,0.05
12030,16,2,1002,0.1
12031,26,1,4752,0
12031,2,1,3850,0.2
12032,52,1,1957,0.05
12033,56,1,630,0.15
12033,4,1,2293,0.2
12033,57,1,729,0.1
12034,21,1,2746,0.15
12034,59,1,2290,0.05
12034,41,1,931,0.2
12035,16,2,1002,0.1
12036,9,1,4658,0
12036,41,1,931,0.15
12036,28,1,567,0
12037,41,1,931,0.1
12037,47,2,1558,0.1
12037,17,1,2656,0.1
12037,13,1,3877,0
12038,41,1,931,0.05
12038,51,2,2916,0
12039,33,2,4175,0.05
12039,10,1,3487,0.1
12040,22,1,1574,0.05
12041,7,1,1985,0.05
12041,15,1,860,0.1
12042,55,1,4572,0.05
12043,28,1,567,0.1
12044,31,1,3203,0
12045,9,1,4658,0.1
12045,52,1,1957,0.1
12046,32,1,126,0.05
12046,1,2,150,0
12047,52,1,1957,0.15
12048,35,1,1942,0
12048,7,1,1985,0.05
12048,54,1,3026,0
12049,52,1,1957,0.2
12049,51,2,2916,0.15
12049,11,1,1744,0.15
12050,13,3,3877,0
12050,3,1,3713,0.05
12051,21,1,2746,0.1
12051,56,1,630,0
12052,9,2,4658,0.05
12053,43,2,4289,0
12053,27,1,1579,0.2
12053,44,1,724,0.1
12054,9,1,4658,0
12054,12,2,4627,0.05
12055,3,1,3713,0.15
12055,25,1,3410,0
12056,46,1,3785,0.05
12056,32,1,126,0.1
12056,40,1,3255,0
12057,60,1,552,0
12058,45,1,4975,0
12058,22,2,1574,0.05
12059,58,2,1326,0
12059,47,1,1558,0.2
12060,28,1,567,0.05
12060,55,1,4572,0
12061,25,1,3410,0.1
12061,52,1,1957,0
12062,18,1,778,0
12063,41,1,931,0
12063,32,1,126,0
12064,50,1,2033,0.05
12064,56,1,630,0.15
12065,15,1,860,0
12065,27,1,1579,0
12066,17,1,2656,0
12066,26,1,4752,0.05
12067,32,1,126,0
12068,25,2,3410,0.1
12069,44,1,724,0.05
12069,32,1,126,0.1
12069,42,2,3125,0.2
12070,53,1,1286,0.1
12071,38,2,3806,0.05
12071,2,1,3850,0.05
12072,59,1,2290,0.1
12072,10,1,3487,0
12073,60,1,552,0.2
12073,14,2,4075,0
12074,9,1,4658,0.05
12074,60,1,552,0
12075,47,1,1558,0
12075,14,1,4075,0.1
12075,49,1,1048,0
12076,22,1,1574,0
12077,22,1,1574,0.05
12077,39,1,2235,0.05
12078,33,1,4175,0
12079,37,1,667,0
12079,35,3,1942,0.1
12080,35,2,1942,0
12080,34,1,2437,0.1
12081,8,1,1791,0
12082,48,1,2972,0.2
12082,27,2,1579,0.2
12082,46,1,3785,0.05
12083,41,1,931,0
12083,6,1,529,0.1
12083,5,1,1760,0.05
12083,7,2,1985,0.05
12084,34,1,2437,0
12084,20,1,3438,0.1
12085,24,1,2262,0.1
12086,1,1,150,0.1
12087,58,1,1326,0.15
12087,32,1,126,0.05
12087,22,2,1574,0.05
12088,46,1,3785,0.05
12089,39,1,2235,0
12089,59,1,2290,0
12090,29,1,2320,0.2
12091,26,1,4752,0.1
12091,50,1,2033,0
12092,26,1,4752,0
12092,48,1,2972,0.05
12093,5,1,1760,0.1
12094,5,1,1760,0
12094,31,1,3203,0.05
12094,8,1,1791,0.05
12095,33,1,4175,0
12096,40,1,3255,0.1
12097,47,1,1558,0
12097,53,1,1286,0.05
12098,27,1,1579,0.15
12098,44,1,724,0
12099,19,1,2193,0.1
12100,41,1,931,0
12101,29,1,2320,0.1
12102,8,1,1791,0.1
12103,20,1,3438,0.15
12103,55,1,4572,0
12103,26,2,4752,0
12104,9,1,4658,0.1
12104,10,1,3487,0.15
12105,49,1,1048,0.05
12106,9,1,4658,0.15
12107,9,2,4658,0
12108,30,1,4729,0.1
12108,34,1,2437,0
12108,41,1,931,0.1
12108,2,1,3850,0
12109,33,1,4175,0.05
12109,26,1,4752,0.05
12109,10,1,3487,0.05
12109,56,2,630,0
12110,6,2,529,0.05
12110,59,1,2290,0
12110,6,1,529,0.1
12111,27,1,1579,0.15
12111,32,1,126,0
12111,48,1,2972,0
12111,56,1,630,0
12112,34,1,2437,0
12113,16,3,1002,0
12114,44,1,724,0.1
12115,44,1,724,0
12116,5,1,1760,0.2
12116,37,1,667,0.05
12116,6,1,529,0
12117,34,1,2437,0
12118,19,1,2193,0
12118,29,2,2320,0.1
12119,14,3,4075,0.05
12119,7,2,1985,0.1
12120,9,2,4658,0.05
12120,49,3,1048,0
12121,35,1,1942,0.05
12122,38,1,3806,0.05
12123,38,1,3806,0.1
12124,52,1,1957,0
12124,31,1,3203,0.05
12125,27,1,1579,0
12125,2,1,3850,0.2
12126,7,2,1985,0
12126,11,1,1744,0.1
12127,52,1,1957,0.1
12128,49,2,1048,0.1
12128,38,1,3806,0.05
12128,22,1,1574,0.05
12128,28,1,567,0.05
12129,20,1,3438,0
12130,10,3,3487,0
12131,24,2,2262,0.15
12132,56,1,630,0.05
12133,37,1,667,0.05
12134,42,1,3125,0
12135,43,1,4289,0.05
12135,57,1,729,0.1
12136,37,1,667,0
12137,55,2,4572,0
12137,35,1,1942,0
12138,28,2,567,0
12139,22,2,1574,0
12140,28,1,567,0
12140,16,1,1002,0.05
12140,13,1,3877,0.05
12140,12,1,4627,0
12141,2,1,3850,0.05
12142,5,1,1760,0.1
12142,13,1,3877,0.1
12143,14,1,4075,0.05
12144,59,1,2290,0.15
12144,8,1,1791,0
12145,13,2,3877,0.05
12146,24,1,2262,0.05
12146,41,1,931,0.05
12147,54,1,3026,0.05
12148,10,1,3487,0.1
12148,23,1,2336,0
12148,46,1,3785,0.1
12149,34,1,2437,0
12150,52,1,1957,0.1
12150,18,1,778,0
12151,28,1,567,0.1
12151,32,1,126,0
12151,59,1,2290,0
12152,40,1,3255,0
12152,22,1,1574,0
12153,4,1,2293,0.1
12153,36,1,1580,0.15
12153,38,1,3806,0.1
12153,31,1,3203,0
12154,60,1,552,0.05
12155,8,1,1791,0
12155,11,1,1744,0
12156,44,1,724,0
12156,38,2,3806,0
12157,48,1,2972,0.05
12158,40,1,3255,0.2
12159,50,2,2033,0.05
12159,7,1,1985,0
12160,57,2,729,0
12160,47,1,1558,0.15
12161,30,1,4729,0
12162,52,1,1957,0.05
12163,44,1,724,0
12163,7,2,1985,0
12163,21,1,2746,0.05
12164,17,1,2656,0
12164,21,1,2746,0
12164,26,1,4752,0
12164,34,1,2437,0.15
12165,16,1,1002,0
12165,13,1,3877,0.05
12166,60,1,552,0
12167,9,1,4658,0
12168,21,1,2746,0.05
12168,43,1,4289,0.1
12168,7,1,1985,0
12168,23,1,2336,0.05
12169,43,1,4289,0.05
12170,26,1,4752,0.05
12170,53,2,1286,0
12171,40,1,3255,0.05
12171,30,1,4729,0
12172,25,1,3410,0.1
12173,23,2,2336,0.1
12173,46,2,3785,0
12174,6,1,529,0.15
12174,7,1,1985,0.05
12174,4,1,2293,0.05
12174,27,1,1579,0
12175,10,1,3487,0
12175,15,2,860,0.05
12176,46,1,3785,0.2
12176,55,1,4572,0
12177,10,1,3487,0
12178,6,1,529,0.15
12178,36,2,1580,0.15
12179,46,1,3785,0
12179,5,2,1760,0
12179,16,1,1002,0
12179,10,1,3487,0.1
12180,6,1,529,0.15
12180,13,1,3877,0
12181,34,1,2437,0.2
12182,46,1,3785,0.05
12182,11,2,1744,0.1
12183,55,1,4572,0
12184,27,2,1579,0.2
12184,44,1,724,0
12185,37,2,667,0
12186,25,1,3410,0
12186,2,1,3850,0
12187,17,1,2656,0.1
12187,13,1,3877,0
12187,4,2,2293,0.2
12188,34,1,2437,0
12188,35,1,1942,0
12189,11,1,1744,0
12189,1,2,150,0
12190,36,1,1580,0.15
12190,19,1,2193,0
12191,60,2,552,0.2
12191,20,1,3438,0.05
12191,24,1,2262,0
12191,56,1,630,0.05
12192,4,1,2293,0
12193,26,2,4752,0
12193,51,2,2916,0
12193,21,1,2746,0
12194,36,1,1580,0.05
12194,50,1,2033,0
12195,7,1,1985,0.05
12195,17,1,2656,0
12196,54,1,3026,0.05
12196,2,1,3850,0
12197,54,1,3026,0
12198,34,1,2437,0.1
12199,3,1,3713,0
12200,8,3,1791,0
12201,54,1,3026,0.05
12201,14,2,4075,0
12202,17,3,2656,0.05
12203,21,1,2746,0
12203,33,1,4175,0
12203,30,1,4729,0.05
12204,47,1,1558,0.05
12205,38,1,3806,0
12206,42,1,3125,0
12207,35,1,1942,0
12208,28,1,567,0.1
12209,26,3,4752,0.05
12210,32,2,126,0
12211,47,1,1558,0
12212,43,1,4289,0.05
12212,9,1,4658,0
12213,22,3,1574,0.15
12213,20,1,3438,0
12214,9,1,4658,0.1
12214,4,1,2293,0.1
12214,30,2,4729,0.2
12214,56,3,630,0.15
12215,34,1,2437,0
12216,2,1,3850,0
12216,30,1,4729,0.1
12216,44,1,724,0
12217,9,1,4658,0
12217,10,3,3487,0.1
12217,24,1,2262,0.1
12218,40,1,3255,0
12219,27,1,1579,0.05
12220,1,2,150,0
12221,37,1,667,0
12222,16,1,1002,0.05
12223,7,1,1985,0
12223,8,1,1791,0.05
12224,22,1,1574,0
12225,47,2,1558,0
12225,18,1,778,0
12225,19,1,2193,0
12226,38,1,3806,0.05
12226,45,1,4975,0
12226,9,1,4658,0
12226,53,1,1286,0.1
12227,33,1,4175,0.15
12227,47,1,1558,0
12227,54,1,3026,0.1
12228,26,1,4752,0.1
12229,7,1,1985,0
12230,36,1,1580,0.1
12231,4,1,2293,0
12231,12,3,4627,0.15
12232,37,2,667,0.05
12233,1,1,150,0.05
12233,55,1,4572,0.15
12234,56,1,630,0.05
12235,38,1,3806,0
12236,56,1,630,0.1
12237,35,1,1942,0
12237,12,1,4627,0
12238,27,1,1579,0
12239,5,1,1760,0.15
12239,35,1,1942,0.05
12239,33,1,4175,0.05
12239,18,2,778,0
12240,35,2,1942,0
12241,20,2,3438,0
12241,13,1,3877,0
12242,57,2,729,0
12242,34,1,2437,0.05
12243,3,3,3713,0
12243,6,1,529,0.1
12243,12,1,4627,0
12243,3,1,3713,0.15
12244,16,1,1002,0.05
12244,30,1,4729,0
12245,7,1,1985,0.05
12245,35,1,1942,0.1
12245,4,1,2293,0.05
12245,10,1,3487,0
12246,47,2,1558,0.05
12246,51,1,2916,0.15
12246,15,1,860,0.1
12247,60,3,552,0.1
12247,3,1,3713,0
12247,20,1,3438,0
12247,56,1,630,0
12248,59,1,2290,0
12248,60,1,552,0
12248,38,1,3806,0.1
12249,48,1,2972,0
12249,9,1,4658,0
12249,25,3,3410,0
12250,56,2,630,0
12250,60,2,552,0.2
12251,4,1,2293,0.05
12252,9,1,4658,0.05
12252,8,1,1791,0
12253,22,1,1574,0
12253,1,1,150,0.2
12254,30,1,4729,0.05
12255,34,1,2437,0
12256,18,1,778,0.1
12256,29,1,2320,0.05
12257,34,1,2437,0
12257,33,1,4175,0
12257,55,1,4572,0
12258,57,1,729,0.2
12259,45,1,4975,0.05
12259,6,1,529,0
12260,14,2,4075,0.05
12260,4,1,2293,0.05
12261,15,2,860,0.1
12261,5,1,1760,0
12261,57,1,729,0.2
12262,33,1,4175,0.2
12262,26,1,4752,0.05
12263,26,1,4752,0.15
12264,11,1,1744,0.1
12264,37,1,667,0
12265,25,2,3410,0.05
12265,56,1,630,0.1
12266,49,1,1048,0.2
12266,2,1,3850,0
12267,21,2,2746,0
12268,55,1,4572,0
12268,41,1,931,0.1
12268,7,1,1985,0
12269,20,1,3438,0
12270,30,1,4729,0.1
12271,23,1,2336,0
12272,38,2,3806,0.05
12272,37,2,667,0
12273,10,1,3487,0
12273,29,2,2320,0.05
12274,41,1,931,0.05
12274,33,2,4175,0
12275,51,1,2916,0
12276,41,2,931,0
12276,20,1,3438,0
12277,42,1,3125,0
12277,28,1,567,0.1
12278,59,1,2290,0.05
12278,41,1,931,0
12279,3,1,3713,0
12280,8,1,1791,0.05
12280,26,1,4752,0
12281,55,1,4572,0.15
12281,13,2,3877,0.15
12281,17,1,2656,0
12282,9,1,4658,0.05
12283,2,1,3850,0.05
12284,58,1,1326,0
12285,2,1,3850,0.1
12285,9,2,4658,0
12285,27,2,1579,0
12286,52,1,1957,0.05
12286,58,1,1326,0
12287,43,1,4289,0
12287,50,1,2033,0
12288,23,2,2336,0.1
12289,30,1,4729,0.05
12289,41,1,931,0
12290,14,2,4075,0.05
12291,35,3,1942,0
12292,35,1,1942,0
12293,43,1,4289,0.1
12293,1,1,150,0
12293,30,1,4729,0.1
12293,22,1,1574,0
12294,38,1,3806,0.05
12295,29,2,2320,0.05
12295,31,1,3203,0.05
12296,8,1,1791,0
12296,54,2,3026,0.15
12297,7,1,1985,0
12298,47,1,1558,0.15
12298,36,2,1580,0.05
12299,33,1,4175,0.05
12299,11,1,1744,0
12299,5,1,1760,0.1
12300,7,1,1985,0.15
12301,54,1,3026,0
12301,33,3,4175,0
12302,21,1,2746,0
12303,28,1,567,0.1
12303,47,1,1558,0
12304,55,1,4572,0
12305,18,2,778,0.05
12305,40,1,3255,0
12306,38,1,3806,0
12306,39,2,2235,0
12306,36,2,1580,0.1
12307,36,2,1580,0.15
12307,32,3,126,0
12307,3,1,3713,0.2
12307,31,1,3203,0.1
12308,57,1,729,0
12309,13,1,3877,0.15
12310,33,1,4175,0
12310,18,1,778,0.05
12311,54,2,3026,0.05
12312,36,1,1580,0.05
12313,33,1,4175,0.15
12314,38,1,3806,0
12314,58,1,1326,0.1
12315,56,1,630,0
12316,36,1,1580,0.05
12316,10,1,3487,0
12317,26,1,4752,0.1
12317,3,1,3713,0
12318,45,1,4975,0
12318,5,1,1760,0.2
12318,11,1,1744,0.05
12318,54,1,3026,0.15
12319,47,1,1558,0.05
12319,23,1,2336,0.1
12320,16,1,1002,0
12321,42,1,3125,0
12321,30,1,4729,0.05
12322,46,1,3785,0
12323,29,1,2320,0
12323,33,1,4175,0
12323,28,1,567,0.1
12324,60,1,552,0
12325,23,3,2336,0.1
12326,53,1,1286,0
12327,15,1,860,0.1
12327,36,1,1580,0.1
12328,6,2,529,0.2
12328,27,1,1579,0
12328,37,1,667,0.15
12329,16,1,1002,0.05
12330,18,1,778,0
12330,12,1,4627,0.1
12331,43,1,4289,0
12331,6,1,529,0
12332,1,1,150,0.1
12333,43,1,4289,0.05
12333,46,1,3785,0.15
12334,58,1,1326,0.15
12334,33,2,4175,0
12335,23,1,2336,0.1
12335,56,2,630,0
12336,24,1,2262,0
12336,12,1,4627,0.15
12337,20,1,3438,0.05
12338,38,1,3806,0.05
12338,39,1,2235,0.15
12339,9,1,4658,0.05
12339,18,1,778,0.1
12340,14,3,4075,0.05
12340,42,1,3125,0
12340,49,1,1048,0.1
12341,47,1,1558,0.2
12342,30,1,4729,0.05
12342,8,1,1791,0.05
12343,54,1,3026,0.05
12344,41,2,931,0.1
12345,55,1,4572,0.1
12346,8,1,1791,0
12347,2,1,3850,0.15
12347,47,1,1558,0.1
12348,7,1,1985,0
12348,14,1,4075,0.1
12349,35,1,1942,0.1
12350,60,1,552,0.05
12350,19,1,2193,0
12350,56,1,630,0
12351,41,1,931,0.2
12351,6,1,529,0
12352,27,1,1579,0.05
12352,3,1,3713,0.1
12352,21,1,2746,0.1
12353,55,1,4572,0.05
12354,16,1,1002,0.05
12354,33,1,4175,0.2
12355,36,1,1580,0.1
12355,49,1,1048,0
12356,22,2,1574,0
12356,36,2,1580,0.1
12357,15,1,860,0
12357,2,2,3850,0.15
12357,47,1,1558,0.15
12358,41,1,931,0.1
12358,60,2,552,0
12359,40,1,3255,0
12360,14,2,4075,0
12361,57,1,729,0
12361,46,1,3785,0.1
12362,19,2,2193,0
12363,15,1,860,0.05
12363,29,1,2320,0
12364,31,1,3203,0.05
12364,43,1,4289,0.1
12365,32,1,126,0
12365,52,1,1957,0.1
12366,42,2,3125,0
12366,51,1,2916,0
12367,43,2,4289,0
12368,30,1,4729,0
12369,3,1,3713,0
12369,12,1,4627,0.05
12370,17,1,2656,0
12371,44,1,724,0.1
12371,13,1,3877,0
12372,6,1,529,0
12372,30,1,4729,0.05
12372,14,1,4075,0
12373,20,2,3438,0
12373,52,1,1957,0
12373,4,2,2293,0
12374,32,1,126,0
12375,55,1,4572,0
12375,22,2,1574,0.15
12376,56,1,630,0
12377,36,1,1580,0.05
12378,3,1,3713,0.05
12378,9,1,4658,0
12379,45,1,4975,0.15
12380,2,1,3850,0.1
12381,11,1,1744,0.15
12382,19,1,2193,0.05
12383,28,2,567,0
12384,51,1,2916,0.1
12384,41,1,931,0
12384,46,1,3785,0.05
12384,6,1,529,0
12385,23,1,2336,0.1
12385,13,1,3877,0.1
12386,37,1,667,0.1
12386,10,2,3487,0
12387,9,1,4658,0
12387,22,1,1574,0.05
12388,24,1,2262,0.1
12389,2,1,3850,0.05
12389,18,1,778,0.05
12390,53,1,1286,0.05
12390,22,1,1574,0
12391,13,1,3877,0
12391,34,2,2437,0.15
12392,49,1,1048,0
12392,3,1,3713,0.05
12393,14,1,4075,0.1
12393,17,1,2656,0.2
12393,43,1,4289,0
12393,5,1,1760,0.05
12394,54,2,3026,0.05
12394,29,1,2320,0.05
12394,20,1,3438,0
12395,43,2,4289,0.05
12395,18,1,778,0
12396,14,1,4075,0
12397,4,1,2293,0
12398,33,3,4175,0.05
12399,22,1,1574,0.1
12400,11,1,1744,0.05
12401,60,1,552,0
12401,10,1,3487,0.05
12402,16,1,1002,0.1
12402,55,1,4572,0
12402,40,1,3255,0.15
12403,60,1,552,0
12403,2,1,3850,0
12403,51,1,2916,0
12404,42,1,3125,0
12404,4,1,2293,0.15
12405,53,1,1286,0.05
12406,13,2,3877,0
12406,20,2,3438,0
12406,21,1,2746,0.15
12407,17,1,2656,0
12407,45,1,4975,0.15
12408,37,2,667,0
12408,9,1,4658,0.1
12409,48,1,2972,0
12409,56,2,630,0.05
12410,12,3,4627,0
12411,42,1,3125,0.05
12412,39,1,2235,0.1
12413,32,1,126,0.15
12414,9,1,4658,0.05
12414,35,1,1942,0.05
12414,26,2,4752,0.1
12414,57,1,729,0.05
12415,56,1,630,0.15
12416,24,1,2262,0
12417,17,1,2656,0
12418,35,2,1942,0
12418,41,1,931,0.1
12419,17,1,2656,0.05
12419,19,2,2193,0.15
12420,30,1,4729,0.1
12421,15,1,860,0
12421,44,1,724,0
12422,44,1,724,0
12423,20,1,3438,0.05
12424,58,1,1326,0.1
12424,27,1,1579,0
12425,58,1,1326,0.05
12425,7,1,1985,0.05
12425,59,1,2290,0.15
12426,48,1,2972,0.15
12427,2,1,3850,0.05
12427,35,1,1942,0.05
12428,4,2,2293,0
12429,23,1,2336,0
12430,11,1,1744,0.05
12430,14,1,4075,0.05
12431,9,1,4658,0.05
12432,39,1,2235,0.15
12432,51,1,2916,0.05
12432,48,1,2972,0
12432,42,1,3125,0.1
12433,20,1,3438,0
12434,30,1,4729,0.1
12435,6,1,529,0.15
12435,4,2,2293,0
12435,33,1,4175,0
12436,39,1,2235,0.05
12436,36,1,1580,0.05
12436,40,2,3255,0.1
12437,45,1,4975,0
12438,20,1,3438,0.05
12439,32,1,126,0.15
12439,19,1,2193,0.2
12439,56,1,630,0.05
12440,58,1,1326,0
12440,10,2,3487,0
12441,57,1,729,0.15
12441,56,1,630,0.1
12441,34,2,2437,0.05
12441,20,1,3438,0.05
12442,44,2,724,0
12442,55,1,4572,0
12443,43,1,4289,0
12443,45,3,4975,0.05
12444,53,1,1286,0.15
12445,11,1,1744,0
12445,38,1,3806,0.05
12446,49,1,1048,0.1
12447,60,1,552,0.15
12448,41,1,931,0
12448,20,1,3438,0.1
12449,41,3,931,0.1
12450,23,1,2336,0
12450,40,1,3255,0.05
12451,8,1,1791,0.05
12452,55,1,4572,0.05
12453,20,1,3438,0
12453,16,1,1002,0
12454,51,1,2916,0.05
12454,20,1,3438,0.05
12455,4,1,2293,0
12456,42,1,3125,0
12456,42,1,3125,0
12457,43,2,4289,0
12457,12,1,4627,0
12458,54,1,3026,0
12458,60,2,552,0.05
12459,39,1,2235,0.05
12460,38,1,3806,0
12460,3,1,3713,0
12460,37,1,667,0
12461,7,2,1985,0.1
12461,22,1,1574,0
12462,8,1,1791,0.05
12462,19,1,2193,0.1
12462,28,1,567,0.2
12463,50,1,2033,0.1
12463,34,1,2437,0
12464,26,1,4752,0
12465,50,1,2033,0.05
12465,16,1,1002,0.05
12466,3,1,3713,0.05
12466,47,1,1558,0.05
12467,53,1,1286,0.1
12468,19,1,2193,0.05
12469,20,1,3438,0.05
12469,29,2,2320,0.05
12470,23,1,2336,0.1
12471,1,1,150,0.1
12472,1,1,150,0.1
12473,26,2,4752,0.1
12474,39,2,2235,0
12475,26,1,4752,0.05
12475,1,1,150,0
12476,18,1,778,0
12476,11,1,1744,0.05
12477,36,2,1580,0
12478,13,1,3877,0.05
12479,45,1,4975,0.15
12479,16,1,1002,0
12480,50,1,2033,0
12480,58,1,1326,0
12481,21,1,2746,0.05
12481,9,1,4658,0.1
12482,23,2,2336,0
12482,31,1,3203,0
12482,12,1,4627,0.05
12483,52,1,1957,0.1
12484,4,2,2293,0.05
12485,47,1,1558,0.05
12486,17,1,2656,0
12486,9,1,4658,0.05
12487,59,1,2290,0
12487,9,1,4658,0
12487,40,1,3255,0
12488,45,1,4975,0
12489,42,1,3125,0
12490,34,1,2437,0.05
12490,11,1,1744,0.05
12491,5,1,1760,0
12491,29,1,2320,0.05
12491,4,1,2293,0.1
12492,42,1,3125,0
12492,37,2,667,0.05
12493,52,1,1957,0.05
12494,5,1,1760,0.1
12495,46,1,3785,0.2
12496,35,1,1942,0.1
12497,58,2,1326,0
12497,31,2,3203,0.1
12497,18,1,778,0
12497,14,1,4075,0
12498,11,1,1744,0
12498,10,3,3487,0
12499,41,1,931,0
12499,28,1,567,0
12500,12,2,4627,0.15
12501,46,1,3785,0
12501,24,1,2262,0
12502,34,1,2437,0.1
12502,43,1,4289,0
12503,29,2,2320,0.05
12504,1,1,150,0
12504,18,1,778,0.2
12505,54,1,3026,0.1
12505,30,1,4729,0
12505,39,1,2235,0.1
12506,55,1,4572,0
12506,28,2,567,0.15
12506,26,1,4752,0.1
12507,28,1,567,0
12508,23,2,2336,0
12508,23,1,2336,0
12509,36,1,1580,0.05
12509,21,2,2746,0.15
12509,48,1,2972,0
12510,28,1,567,0.1
12511,4,1,2293,0
12511,25,1,3410,0.1
12512,59,1,2290,0
12513,20,1,3438,0.1
12514,27,1,1579,0.05
12515,36,1,1580,0.1
12515,5,2,1760,0.1
12516,4,2,2293,0
12516,18,1,778,0.15
12516,16,1,1002,0.05
12517,32,2,126,0.05
12517,33,1,4175,0
12518,38,1,3806,0.05
12518,14,1,4075,0
12519,55,2,4572,0.05
12520,53,1,1286,0.2
12520,28,3,567,0.1
12521,3,1,3713,0.05
12521,39,1,2235,0.05
12522,39,1,2235,0.1
12522,47,2,1558,0.15
12523,23,1,2336,0.2
12523,27,1,1579,0.2
12523,46,1,3785,0.1
12523,26,1,4752,0.05
12524,14,1,4075,0.05
12524,51,1,2916,0
12524,34,1,2437,0
12525,3,1,3713,0
12525,14,1,4075,0.1
12525,47,1,1558,0.05
12526,18,3,778,0.05
12527,37,1,667,0.1
12527,2,1,3850,0
12527,32,1,126,0
12528,45,3,4975,0.05
12529,18,2,778,0
12530,18,1,778,0.15
12530,8,1,1791,0.15
12531,23,1,2336,0.1
12531,58,1,1326,0.15
12531,17,1,2656,0
12532,39,1,2235,0.2
12533,8,1,1791,0.05
12534,6,1,529,0
12534,2,1,3850,0.05
12535,18,1,778,0
12535,48,1,2972,0
12536,23,3,2336,0.05
12536,15,2,860,0.05
12536,34,1,2437,0.15
12537,59,2,2290,0
12538,15,1,860,0.1
12539,3,1,3713,0.05
12540,33,1,4175,0.05
12540,51,2,2916,0.15
12540,29,2,2320,0
12540,47,1,1558,0.1
12541,57,1,729,0.1
12541,47,2,1558,0.1
12541,60,1,552,0.05
12542,26,1,4752,0
12542,26,1,4752,0.05
12543,44,2,724,0.1
12544,11,2,1744,0.1
12545,15,1,860,0.15
12546,50,1,2033,0.1
12546,50,1,2033,0
12547,53,3,1286,0
12548,25,1,3410,0.05
12548,58,1,1326,0.05
12549,11,1,1744,0
12549,6,1,529,0
12550,37,1,667,0
12550,54,1,3026,0
12550,30,1,4729,0
12551,15,2,860,0.05
12552,49,1,1048,0
12552,30,1,4729,0.15
12553,12,1,4627,0
12553,57,1,729,0
12553,13,1,3877,0.05
12554,46,1,3785,0
12554,13,2,3877,0
12555,23,1,2336,0
12556,12,1,4627,0
12557,37,1,667,0
12558,12,1,4627,0.15
12558,1,1,150,0.2
12558,4,2,2293,0
12559,17,1,2656,0.05
12560,4,1,2293,0.15
12560,19,1,2193,0
12561,14,1,4075,0.1
12561,20,3,3438,0
12562,16,1,1002,0
12562,33,3,4175,0.1
12562,20,3,3438,0.15
12563,25,1,3410,0.15
12563,8,1,1791,0.1
12564,1,1,150,0.15
12564,43,2,4289,0.05
12564,39,1,2235,0.1
12564,16,1,1002,0
12565,29,1,2320,0
12565,8,1,1791,0.1
12565,28,1,567,0.1
12566,1,2,150,0.05
12567,9,1,4658,0
12567,40,2,3255,0.05
12568,10,1,3487,0
12568,33,1,4175,0.1
12568,8,2,1791,0
12569,30,1,4729,0
12569,29,1,2320,0
12570,46,1,3785,0.05
12571,53,2,1286,0
12571,14,1,4075,0.15
12572,21,2,2746,0
12573,4,1,2293,0.2
12574,55,1,4572,0.1
12574,35,2,1942,0.05
12575,12,1,4627,0
12576,27,1,1579,0.05
12577,47,1,1558,0
12577,52,1,1957,0
12577,49,2,1048,0
12578,26,3,4752,0.1
12578,5,1,1760,0
12579,16,2,1002,0.05
12579,35,1,1942,0
12580,13,1,3877,0.15
12581,19,1,2193,0.05
12581,60,1,552,0.05
12582,23,1,2336,0.05
12582,1,1,150,0
12583,55,1,4572,0
12584,10,1,3487,0.05
12584,10,1,3487,0.05
12584,46,1,3785,0.05
12585,43,2,4289,0.05
12586,13,1,3877,0.15
12587,13,1,3877,0
12587,47,1,1558,0
12588,25,1,3410,0.1
12588,56,1,630,0.05
12589,2,2,3850,0
12590,46,2,3785,0
12591,9,1,4658,0.1
12592,57,1,729,0.1
12592,29,1,2320,0.05
12593,4,1,2293,0
12594,22,1,1574,0.1
12594,3,2,3713,0.1
12595,52,2,1957,0
12595,41,2,931,0.1
12596,12,1,4627,0.15
12596,56,2,630,0.2
12597,40,1,3255,0.05
12598,34,1,2437,0.05
12599,36,1,1580,0.2
12600,6,2,529,0.15
12600,25,1,3410,0.1
12600,2,1,3850,0.15
12600,10,1,3487,0.05
12601,42,1,3125,0.15
12601,49,1,1048,0
12601,2,1,3850,0
12602,17,1,2656,0.1
12602,21,1,2746,0.2
12602,36,2,1580,0.15
12602,59,2,2290,0.15
12603,5,1,1760,0.05
12603,53,1,1286,0.05
12604,34,2,2437,0.05
12605,49,1,1048,0
12605,39,1,2235,0.2
12605,22,2,1574,0
12606,12,2,4627,0
12607,55,1,4572,0.1
12607,48,1,2972,0.15
12608,32,1,126,0.05
12609,32,1,126,0
12610,39,1,2235,0.05
12611,21,1,2746,0.1
12611,24,2,2262,0.1
12612,21,1,2746,0
12613,34,1,2437,0
12613,53,1,1286,0.2
12613,55,1,4572,0.05
12614,50,1,2033,0
12614,50,1,2033,0.2
12615,7,1,1985,0
12615,33,2,4175,0
12615,42,1,3125,0.1
12616,21,1,2746,0
12616,36,1,1580,0.1
12616,12,1,4627,0.1
12616,23,1,2336,0.1
12617,58,1,1326,0.05
12618,60,1,552,0
12618,12,1,4627,0
12618,4,1,2293,0
12619,11,2,1744,0.05
12619,11,1,1744,0
12619,34,1,2437,0
12620,6,3,529,0
12621,25,2,3410,0
12621,1,1,150,0
12622,29,1,2320,0
12622,3,1,3713,0
12623,14,1,4075,0.05
12623,42,1,3125,0.1
12624,59,1,2290,0.1
12625,15,1,860,0.05
12626,45,1,4975,0
12627,32,2,126,0
12628,38,3,3806,0.15
12628,40,1,3255,0.1
12628,19,1,2193,0
12628,30,1,4729,0.05
12629,19,1,2193,0
12629,40,1,3255,0
12630,43,1,4289,0.05
12631,60,1,552,0.2
12631,14,1,4075,0.15
12632,55,2,4572,0.1
12632,31,1,3203,0.05
12632,28,3,567,0.05
12633,45,2,4975,0
12633,28,1,567,0.15
12634,55,1,4572,0
12634,52,1,1957,0.1
12635,23,1,2336,0.1
12635,30,2,4729,0
12635,42,1,3125,0.1
12636,17,1,2656,0.1
12636,12,1,4627,0.05
12637,26,1,4752,0.1
12638,29,1,2320,0.05
12639,40,1,3255,0
12640,12,3,4627,0.1
12640,9,1,4658,0.1
12641,22,1,1574,0
12641,59,1,2290,0.15
12642,56,1,630,0.1
12642,17,1,2656,0.05
12643,3,2,3713,0.05
12644,14,1,4075,0
12644,60,1,552,0.2
12645,32,1,126,0.05
12646,39,2,2235,0
12647,35,1,1942,0.05
12647,24,1,2262,0
12647,31,1,3203,0
12648,28,2,567,0.05
12648,25,2,3410,0.15
12649,40,1,3255,0
12649,4,2,2293,0.1
12650,56,1,630,0
12650,15,2,860,0.05
12650,46,1,3785,0
12651,14,1,4075,0
12652,40,1,3255,0.1
12652,12,2,4627,0
12652,7,1,1985,0.1
12653,28,3,567,0.05
12654,18,3,778,0.05
12654,41,1,931,0.05
12655,1,1,150,0.05
12656,18,1,778,0.05
12657,17,1,2656,0
12658,55,1,4572,0.1
12659,54,1,3026,0.1
12659,8,1,1791,0.1
12660,22,1,1574,0
12660,20,2,3438,0.05
12661,53,1,1286,0.05
12661,53,3,1286,0
12662,42,1,3125,0.1
12662,58,1,1326,0.05
12662,42,1,3125,0
12663,19,1,2193,0
12663,17,1,2656,0
12664,34,1,2437,0.15
12665,27,1,1579,0.05
12666,25,1,3410,0
12667,12,1,4627,0
12667,55,1,4572,0
12667,19,1,2193,0.15
12668,51,1,2916,0
12668,24,1,2262,0.1
12669,46,1,3785,0.1
12669,48,2,2972,0.05
12670,16,1,1002,0.05
12670,33,1,4175,0.2
12671,34,1,2437,0.1
12671,11,1,1744,0
12672,13,1,3877,0.05
12672,43,1,4289,0.15
12673,5,1,1760,0.1
12674,43,1,4289,0.05
12674,53,1,1286,0
12675,13,1,3877,0.15
12675,48,2,2972,0.1
12675,21,1,2746,0.05
12675,54,1,3026,0.05
12676,55,1,4572,0.1
12676,42,1,3125,0.1
12676,34,1,2437,0
12677,57,1,729,0.15
12678,1,1,150,0.05
12678,43,2,4289,0
12679,21,3,2746,0.2
12680,41,1,931,0.05
12681,18,2,778,0.05
12681,55,1,4572,0
12681,36,1,1580,0
12682,30,1,4729,0
12682,56,1,630,0.15
12683,4,1,2293,0
12684,17,1,2656,0.15
12684,54,1,3026,0
12685,53,1,1286,0.1
12686,18,1,778,0.15
12687,36,1,1580,0
12688,11,2,1744,0.1
12688,24,1,2262,0
12689,17,1,2656,0
12689,46,2,3785,0.1
12689,60,1,552,0
12689,32,1,126,0.1
12690,41,1,931,0.1
12690,14,2,4075,0.2
12690,14,1,4075,0.15
12691,39,2,2235,0.15
12691,30,1,4729,0.05
12691,53,1,1286,0
12692,10,1,3487,0.1
12692,55,2,4572,0.1
12692,15,1,860,0
12693,46,1,3785,0.05
12693,2,1,3850,0.1
12693,18,1,778,0.05
12694,39,1,2235,0.05
12695,25,2,3410,0.15
12695,14,1,4075,0
12695,47,1,1558,0
12695,20,1,3438,0
12696,35,1,1942,0.15
12696,46,1,3785,0.05
12697,2,1,3850,0
12697,22,1,1574,0
12698,7,1,1985,0
12699,22,1,1574,0.15
12700,41,1,931,0.15
12700,42,1,3125,0.1
12700,55,1,4572,0
12701,11,1,1744,0.05
12701,57,1,729,0.1
12702,48,1,2972,0.1
12702,19,1,2193,0.05
12702,59,2,2290,0
12703,13,1,3877,0.1
12703,16,1,1002,0.1
12703,33,1,4175,0
12704,24,2,2262,0.05
12704,49,1,1048,0
12704,32,2,126,0.15
12705,7,1,1985,0
12706,49,1,1048,0.1
12706,49,1,1048,0
12706,49,1,1048,0.05
12706,9,1,4658,0.1
12707,18,2,778,0.05
12707,17,1,2656,0
12708,32,1,126,0
12709,36,2,1580,0.1
12710,27,1,1579,0
12710,20,2,3438,0
12710,18,2,778,0
12710,42,2,3125,0.1
12711,1,1,150,0.15
12712,25,1,3410,0.05
12712,41,1,931,0
12713,7,2,1985,0
12714,32,1,126,0.05
12714,50,1,2033,0.1
12715,8,1,1791,0
12716,43,1,4289,0.15
12716,9,1,4658,0
12716,46,1,3785,0.1
12717,53,1,1286,0.1
12717,30,1,4729,0.1
12717,1,1,150,0.05
12718,39,1,2235,0.05
12718,21,1,2746,0
12718,7,1,1985,0.05
12719,21,1,2746,0.05
12719,36,1,1580,0
12720,33,1,4175,0.2
12721,20,1,3438,0.05
12721,8,1,1791,0.05
12722,42,2,3125,0.05
12723,10,1,3487,0.05
12724,8,1,1791,0.05
12725,3,1,3713,0.1
12725,38,1,3806,0
12726,13,1,3877,0
12727,50,1,2033,0.1
12727,38,1,3806,0
12728,40,2,3255,0.2
12728,43,2,4289,0.05
12728,18,2,778,0
12729,55,1,4572,0.05
12730,38,1,3806,0.1
12730,55,1,4572,0.05
12731,15,1,860,0.1
12732,59,1,2290,0.05
12732,60,1,552,0
12733,13,1,3877,0
12733,29,1,2320,0
12734,40,1,3255,0
12735,55,1,4572,0.1
12736,36,1,1580,0
12736,49,1,1048,0.1
12736,34,1,2437,0.1
12736,10,1,3487,0
12737,39,1,2235,0
12737,33,1,4175,0.1
12738,8,1,1791,0.15
12738,4,2,2293,0
12738,4,3,2293,0
12739,11,1,1744,0
12739,39,1,2235,0.1
12739,26,2,4752,0.05
12739,47,3,1558,0.05
12740,58,2,1326,0.1
12740,44,1,724,0
12740,55,1,4572,0.1
12741,12,1,4627,0.2
12742,41,1,931,0
12743,33,1,4175,0.15
12744,54,1,3026,0
12744,50,1,2033,0
12745,23,1,2336,0.05
12745,36,1,1580,0
12746,51,2,2916,0.05
12747,17,1,2656,0.1
12748,24,1,2262,0.2
12748,25,1,3410,0.1
12749,48,1,2972,0.05
12750,50,1,2033,0.05
12750,45,1,4975,0
12750,7,1,1985,0.05
12751,30,1,4729,0.05
12751,45,1,4975,0.05
12752,42,1,3125,0.05
12752,48,1,2972,0.05
12753,21,1,2746,0
12754,53,2,1286,0.1
12755,31,1,3203,0.2
12755,53,1,1286,0.15
12756,55,1,4572,0.1
12757,21,1,2746,0.1
12758,5,1,1760,0.2
12759,8,2,1791,0
12760,40,1,3255,0
12760,42,1,3125,0.05
12761,8,1,1791,0
12762,59,1,2290,0.1
12762,17,1,2656,0.1
12762,34,2,2437,0
12763,37,1,667,0
12764,33,1,4175,0.2
12764,16,1,1002,0.2
12764,24,1,2262,0.1
12765,1,2,150,0
12765,18,2,778,0.05
12766,50,1,2033,0
12767,46,2,3785,0
12767,12,1,4627,0.05
12768,1,1,150,0.05
12769,50,1,2033,0
12770,18,1,778,0.05
12770,54,1,3026,0
12770,45,1,4975,0
12770,19,1,2193,0.2
12771,44,1,724,0.1
12771,15,1,860,0
12772,54,1,3026,0.05
12772,1,1,150,0
12772,14,1,4075,0
12772,15,1,860,0.1
12773,29,1,2320,0.1
12774,10,1,3487,0.05
12774,6,1,529,0.05
12775,20,1,3438,0.05
12776,48,1,2972,0.1
12776,11,1,1744,0
12777,9,1,4658,0
12777,9,1,4658,0.05
12777,13,1,3877,0
12778,53,2,1286,0
12779,13,2,3877,0.05
12780,11,1,1744,0.05
12781,23,2,2336,0
12782,39,2,2235,0.05
12782,59,1,2290,0
12783,25,1,3410,0
12783,14,1,4075,0.1
12784,20,1,3438,0.15
12785,52,1,1957,0
12786,23,1,2336,0.05
12787,60,1,552,0.05
12787,58,1,1326,0.05
12787,7,1,1985,0.1
12788,57,1,729,0
12789,43,1,4289,0.1
12789,22,1,1574,0.05
12790,51,1,2916,0
12790,53,1,1286,0.1
12790,49,2,1048,0
12791,10,1,3487,0
12791,13,2,3877,0
12792,19,2,2193,0.1
12792,43,3,4289,0
12792,48,2,2972,0
12793,41,1,931,0.15
12793,24,1,2262,0
12794,10,1,3487,0
12794,46,1,3785,0.1
12795,34,1,2437,0.05
12795,30,2,4729,0
12796,48,1,2972,0
12796,1,1,150,0.15
12796,34,1,2437,0.1
12796,27,1,1579,0.1
12797,41,1,931,0.1
12797,49,1,1048,0.1
12798,7,2,1985,0
12798,3,2,3713,0
12798,20,1,3438,0
12799,3,1,3713,0.1
12800,30,1,4729,0.05
12801,18,2,778,0.05
12801,19,1,2193,0.1
12802,24,1,2262,0.05
12803,14,1,4075,0.1
12804,8,1,1791,0.05
12805,39,1,2235,0.15
12806,55,1,4572,0
12806,59,1,2290,0
12807,13,1,3877,0
12807,55,1,4572,0
12807,16,1,1002,0.15
12808,44,1,724,0
12808,25,1,3410,0.15
12809,22,1,1574,0.1
12809,44,1,724,0
12810,1,1,150,0.1
12811,11,2,1744,0.1
12812,51,1,2916,0.1
12812,37,1,667,0.1
12812,59,2,2290,0
12813,22,1,1574,0.05
12814,57,1,729,0.2
12815,32,1,126,0.05
12815,50,1,2033,0.05
12816,42,3,3125,0.05
12816,19,2,2193,0.05
12817,25,1,3410,0.15
12818,58,1,1326,0.05
12819,27,1,1579,0
12820,38,1,3806,0.15
12821,22,1,1574,0.1
12822,57,1,729,0.05
12822,15,1,860,0
12823,31,1,3203,0.2
12823,11,1,1744,0.05
12824,27,2,1579,0.05
12825,10,2,3487,0.05
12825,23,1,2336,0.05
12826,2,1,3850,0.1
12827,38,1,3806,0.05
12827,53,1,1286,0.05
12827,23,1,2336,0.05
12827,55,1,4572,0
12828,1,1,150,0.05
12828,60,1,552,0
12829,25,1,3410,0.1
12829,48,1,2972,0
12830,12,2,4627,0.1
12831,51,1,2916,0.1
12831,11,1,1744,0
12832,43,2,4289,0.15
12832,12,2,4627,0
12833,32,1,126,0.1
12833,30,1,4729,0.15
12834,57,1,729,0.1
12835,37,2,667,0.1
12836,41,1,931,0.05
12836,44,1,724,0
12837,8,1,1791,0.05
12837,18,1,778,0.15
12838,25,1,3410,0.15
12839,29,1,2320,0
12839,41,1,931,0
12840,19,2,2193,0.05
12841,59,1,2290,0
12841,23,2,2336,0
12841,2,1,3850,0
12842,39,1,2235,0
12843,26,1,4752,0
12844,1,1,150,0.1
12845,17,2,2656,0
12845,53,1,1286,0
12846,27,1,1579,0
12847,51,1,2916,0
12847,47,1,1558,0.15
12847,59,2,2290,0.05
12847,34,1,2437,0
12848,57,1,729,0.1
12848,12,1,4627,0.15
12849,27,1,1579,0.1
12850,48,1,2972,0.05
12851,52,1,1957,0.15
12851,27,1,1579,0.1
12852,44,2,724,0.05
12852,44,1,724,0
12852,54,1,3026,0.05
12853,29,1,2320,0
12854,41,2,931,0.05
12854,4,1,2293,0.1
12855,51,1,2916,0.05
12855,25,2,3410,0.05
12856,39,1,2235,0.05
12857,19,1,2193,0.1
12857,29,1,2320,0.05
12858,47,1,1558,0
12858,25,1,3410,0
12859,20,1,3438,0.15
12860,28,1,567,0.05
12861,29,1,2320,0
12861,15,3,860,0
12861,29,3,2320,0.15
12862,40,1,3255,0.05
12862,35,1,1942,0
12862,33,1,4175,0.15
12863,19,2,2193,0.1
12863,17,1,2656,0.2
12864,27,2,1579,0.05
12864,47,1,1558,0.05
12865,42,1,3125,0.1
12866,19,3,2193,0.15
12866,34,1,2437,0.1
12867,40,1,3255,0
12868,32,1,126,0.1
12869,39,1,2235,0.1
12869,50,2,2033,0
12870,11,3,1744,0
12870,59,1,2290,0.1
12871,38,1,3806,0.1
12872,60,1,552,0.2
12873,33,1,4175,0
12873,60,1,552,0
12874,41,1,931,0
12874,46,2,3785,0
12875,50,1,2033,0
12876,13,1,3877,0.1
12876,15,2,860,0
12877,55,1,4572,0.05
12877,46,1,3785,0.15
12878,11,1,1744,0.05
12879,3,1,3713,0.1
12879,49,2,1048,0
12879,49,1,1048,0.05
12880,37,1,667,0
12880,12,1,4627,0
12881,33,1,4175,0.1
12881,54,2,3026,0
12881,32,1,126,0
12882,8,1,1791,0
12882,38,1,3806,0.1
12883,12,1,4627,0
12884,57,1,729,0.2
12885,48,1,2972,0
12886,46,2,3785,0
12886,9,1,4658,0.1
12886,12,1,4627,0.05
12887,3,2,3713,0
12887,30,1,4729,0.05
12888,44,2,724,0.05
12888,49,2,1048,0
12888,6,2,529,0.05
12888,49,2,1048,0
12889,35,1,1942,0.05
12890,25,1,3410,0.1
12890,3,1,3713,0
12890,59,1,2290,0.05
12890,34,1,2437,0
12891,16,1,1002,0
12892,8,1,1791,0
12892,3,1,3713,0.2
12892,6,1,529,0.05
12893,24,1,2262,0
12893,30,2,4729,0
12893,24,1,2262,0
12893,10,1,3487,0.05
12894,52,1,1957,0.15
12895,41,1,931,0.1
12896,15,1,860,0.15
12897,56,1,630,0
12897,51,1,2916,0
12897,39,1,2235,0.05
12897,57,1,729,0.05
12898,58,1,1326,0.05
12899,5,1,1760,0.1
12899,8,2,1791,0.15
12899,11,1,1744,0.05
12900,48,1,2972,0.2
12901,43,1,4289,0
12901,58,1,1326,0.05
12901,57,2,729,0
12902,19,2,2193,0.05
12902,9,1,4658,0.15
12903,1,1,150,0
12904,20,1,3438,0.05
12904,54,1,3026,0.2
12905,49,2,1048,0.1
12906,44,1,724,0
12906,34,2,2437,0.05
12907,34,1,2437,0.1
12907,53,1,1286,0
12908,56,1,630,0
12908,27,1,1579,0.05
12909,1,1,150,0.1
12910,59,2,2290,0
12910,12,1,4627,0.15
12911,56,1,630,0
12912,51,2,2916,0
12912,32,1,126,0.05
12913,16,1,1002,0
12913,54,1,3026,0
12913,6,1,529,0.1
12914,39,1,2235,0
12914,23,2,2336,0.2
12915,23,1,2336,0.1
12916,48,1,2972,0.15
12916,3,1,3713,0.05
12916,49,2,1048,0
12917,47,2,1558,0.2
12918,58,1,1326,0.1
12918,10,1,3487,0
12918,37,1,667,0.15
12919,21,1,2746,0
12919,12,1,4627,0
12920,9,1,4658,0.05
12921,44,1,724,0
12921,53,1,1286,0.05
12921,59,1,2290,0.15
12922,52,2,1957,0
12923,2,2,3850,0
12924,32,1,126,0
12925,24,1,2262,0.15
12925,40,1,3255,0
12925,39,1,2235,0.05
12925,57,1,729,0.05
12926,19,1,2193,0
12927,26,1,4752,0
12928,7,1,1985,0.15
12929,43,1,4289,0.2
12929,4,1,2293,0.1
12930,40,1,3255,0.2
12930,12,1,4627,0.1
12931,40,1,3255,0.1
12931,12,2,4627,0.05
12932,18,1,778,0.15
12933,3,1,3713,0.1
12933,33,1,4175,0
12934,34,1,2437,0
12934,3,1,3713,0.05
12935,52,1,1957,0
12936,26,1,4752,0.1
12937,52,1,1957,0.05
12937,58,1,1326,0.2
12937,25,2,3410,0.1
12938,54,1,3026,0.1
12939,33,1,4175,0
12939,5,1,1760,0.05
12940,34,2,2437,0
12940,17,1,2656,0.15
12941,42,1,3125,0.1
12941,44,1,724,0
12942,16,1,1002,0.1
12942,1,1,150,0.05
12943,27,1,1579,0
12944,39,2,2235,0
12945,24,1,2262,0
12946,19,1,2193,0
12946,23,1,2336,0.2
12946,39,1,2235,0.1
12947,7,1,1985,0
12947,9,1,4658,0.1
12947,59,2,2290,0.15
12948,8,2,1791,0.1
12949,50,1,2033,0
12950,4,1,2293,0.1
12951,35,1,1942,0.1
12951,34,2,2437,0
12952,15,1,860,0
12953,32,1,126,0.2
12954,56,1,630,0.05
12955,14,1,4075,0.15
12956,39,1,2235,0.05
12957,2,1,3850,0.15
12958,52,1,1957,0
12959,25,1,3410,0.05
12960,47,1,1558,0
12960,49,2,1048,0
12961,11,1,1744,0.15
12961,2,2,3850,0
12961,5,3,1760,0.05
12961,31,1,3203,0.05
12962,59,1,2290,0.05
12963,60,1,552,0.05
12963,22,1,1574,0
12964,32,1,126,0.15
12964,60,1,552,0
12964,40,1,3255,0.2
12965,23,3,2336,0.1
12965,47,1,1558,0.1
12966,6,1,529,0.1
12966,25,1,3410,0.05
12966,23,1,2336,0.05
12967,31,2,3203,0
12967,38,2,3806,0
12968,38,1,3806,0.15
12968,34,1,2437,0.05
12968,28,1,567,0.05
12969,41,1,931,0.05
12970,39,2,2235,0
12971,27,1,1579,0.05
12972,36,1,1580,0.05
12973,31,1,3203,0
12974,11,1,1744,0.05
12975,41,2,931,0.15
12976,4,1,2293,0.15
12977,5,3,1760,0.1
12978,29,1,2320,0.05
12979,30,2,4729,0
12979,51,1,2916,0
12980,29,3,2320,0
12980,20,1,3438,0.15
12981,50,1,2033,0.1
12981,12,1,4627,0.1
12982,49,2,1048,0
12982,59,2,2290,0
12982,31,1,3203,0
12983,15,1,860,0
12983,20,1,3438,0
12984,11,1,1744,0
12985,45,1,4975,0.1
12985,48,1,2972,0
12986,45,1,4975,0
12987,3,2,3713,0.15
12987,53,1,1286,0
12987,50,1,2033,0.15
12987,8,1,1791,0.05
12988,48,1,2972,0.1
12988,41,1,931,0.1
12989,31,1,3203,0.15
12990,18,1,778,0
12991,58,1,1326,0
12991,27,2,1579,0.1
12991,32,1,126,0
12991,11,1,1744,0.2
12992,22,1,1574,0
12993,60,1,552,0.15
12993,6,1,529,0.1
12994,22,1,1574,0.05
12995,22,1,1574,0.1
12996,22,1,1574,0
12996,26,1,4752,0
12996,13,1,3877,0
12997,42,2,3125,0
12997,16,2,1002,0.05
12997,35,1,1942,0.15
12998,28,1,567,0.15
12999,55,1,4572,0
13000,13,1,3877,0.05
13000,12,1,4627,0.2
13001,28,1,567,0.05
13002,16,1,1002,0
13002,16,1,1002,0
13002,6,2,529,0.05
13003,41,1,931,0.2
13003,53,2,1286,0
13004,54,1,3026,0
13005,42,1,3125,0.15
13005,55,2,4572,0.15
13005,28,1,567,0
13005,58,1,1326,0.05
13006,5,1,1760,0.05
13007,42,1,3125,0.15
13008,50,1,2033,0.1
13008,14,1,4075,0
13009,9,1,4658,0.05
13009,56,1,630,0.1
13009,42,2,3125,0
13009,27,1,1579,0
13010,41,1,931,0
13010,54,1,3026,0.05
13011,57,1,729,0
13011,3,1,3713,0.15
13011,46,1,3785,0.15
13011,33,2,4175,0.15
13012,4,1,2293,0.1
13012,1,1,150,0
13013,12,1,4627,0
13014,16,3,1002,0.1
13014,6,1,529,0.1
13014,30,1,4729,0.1
13015,4,1,2293,0.05
13016,17,1,2656,0.05
13017,37,1,667,0
13017,38,1,3806,0
13018,15,2,860,0
13019,6,1,529,0
13019,14,2,4075,0
13020,8,3,1791,0
13021,33,2,4175,0.15
13022,45,1,4975,0.05
13022,46,1,3785,0
13023,18,1,778,0.05
13023,16,1,1002,0
13024,52,1,1957,0.15
13024,50,1,2033,0
13025,21,1,2746,0.05
13025,16,3,1002,0.1
13026,12,2,4627,0
13026,35,1,1942,0
13026,22,2,1574,0.05
13027,3,1,3713,0
13027,41,1,931,0
13028,60,2,552,0
13029,48,1,2972,0.1
13030,5,2,1760,0
13030,18,1,778,0
13031,2,1,3850,0.1
13031,56,1,630,0.1
13032,2,1,3850,0.1
13033,3,1,3713,0.15
13033,54,1,3026,0
13034,15,1,860,0
13034,5,2,1760,0.05
13034,5,1,1760,0.05
13035,22,3,1574,0.05
13035,27,1,1579,0
13036,14,1,4075,0.1
13037,17,1,2656,0.15
13038,46,1,3785,0.05
13039,41,1,931,0.1
13039,25,1,3410,0.1
13039,31,1,3203,0
13040,20,1,3438,0.15
13041,29,1,2320,0
13041,35,1,1942,0.15
13041,6,1,529,0.05
13042,60,2,552,0
13043,29,1,2320,0.05
13043,33,1,4175,0.1
13044,48,1,2972,0.05
13044,54,1,3026,0.05
13045,29,1,2320,0
13046,34,2,2437,0.1
13046,43,1,4289,0
13047,35,1,1942,0.05
13047,57,1,729,0.05
13047,26,1,4752,0.05
13048,31,2,3203,0
13048,18,1,778,0.2
13049,1,2,150,0.2
13050,23,1,2336,0.1
13050,26,1,4752,0.15
13050,26,1,4752,0.05
13051,14,1,4075,0
13051,18,1,778,0.05
13052,33,2,4175,0.1
13052,10,3,3487,0.05
13053,60,1,552,0
13054,5,1,1760,0.05
13055,39,1,2235,0.1
13056,20,2,3438,0
13056,19,1,2193,0
13057,6,2,529,0
13058,21,1,2746,0
13059,52,1,1957,0
13059,27,2,1579,0.05
13059,23,3,2336,0.15
13060,42,2,3125,0
13060,22,2,1574,0.15
13060,49,1,1048,0.05
13061,19,1,2193,0.15
13061,39,2,2235,0.05
13061,23,1,2336,0
13062,35,1,1942,0.1
13062,54,1,3026,0.05
13063,53,1,1286,0
13064,31,1,3203,0
13064,12,3,4627,0.05
13064,56,2,630,0.05
13065,23,1,2336,0.05
13065,43,2,4289,0
13065,2,1,3850,0.15
13066,12,1,4627,0.1
13067,26,2,4752,0.05
13068,40,1,3255,0
13069,10,1,3487,0
13069,25,1,3410,0
13069,1,1,150,0.1
13069,44,1,724,0
13070,1,1,150,0
13071,14,1,4075,0.1
13071,27,1,1579,0.1
13071,54,1,3026,0.05
13072,19,3,2193,0.05
13072,47,3,1558,0.05
13073,46,1,3785,0.1
13073,56,1,630,0.05
13074,8,1,1791,0
13074,60,1,552,0.05
13074,23,1,2336,0
13075,55,1,4572,0.15
13075,35,2,1942,0.2
13075,3,1,3713,0
13076,50,2,2033,0.05
13077,55,1,4572,0
13077,6,1,529,0.1
13078,17,1,2656,0.05
13078,37,1,667,0.05
13079,27,1,1579,0.05
13079,51,1,2916,0
13079,8,1,1791,0
13080,52,1,1957,0.05
13081,46,1,3785,0.1
13081,20,1,3438,0
13081,23,1,2336,0
13082,1,1,150,0.15
13082,35,1,1942,0
13082,24,1,2262,0.05
13083,22,1,1574,0.1
13083,26,1,4752,0.1
13084,13,1,3877,0.15
13084,5,1,1760,0.1
13084,17,1,2656,0.1
13084,60,1,552,0
13085,46,1,3785,0.1
13085,38,2,3806,0
13086,30,1,4729,0.1
13086,22,1,1574,0.05
13087,3,2,3713,0.1
13088,38,1,3806,0
13089,20,2,3438,0
13090,40,2,3255,0.2
13091,22,2,1574,0.05
13091,30,1,4729,0.05
13091,37,1,667,0
13092,34,1,2437,0.05
13092,13,1,3877,0.1
13092,60,1,552,0
13093,48,1,2972,0
13094,36,1,1580,0
13095,8,2,1791,0.1
13095,2,3,3850,0.15
13095,42,1,3125,0.1
13096,58,1,1326,0
13096,33,2,4175,0.05
13097,26,1,4752,0
13098,12,1,4627,0
13099,41,1,931,0
13100,11,1,1744,0
13101,48,1,2972,0.05
13101,52,1,1957,0
13102,31,1,3203,0.1
13102,53,2,1286,0.15
13102,52,2,1957,0
13103,7,1,1985,0
13104,4,1,2293,0
13104,26,3,4752,0.1
13104,3,1,3713,0.05
13105,24,1,2262,0
13106,14,1,4075,0
13107,15,1,860,0.1
13107,16,1,1002,0
13108,49,2,1048,0.1
13108,22,1,1574,0
13108,10,2,3487,0
13109,3,1,3713,0.15
13109,13,1,3877,0.2
13110,37,3,667,0.05
13111,36,2,1580,0.15
13111,16,1,1002,0
13112,19,1,2193,0.05
13113,32,1,126,0.15
13113,39,1,2235,0
13114,60,1,552,0
13114,60,1,552,0.05
13114,59,1,2290,0
13115,29,1,2320,0.1
13116,40,1,3255,0.1
13116,14,1,4075,0.1
13116,3,1,3713,0
13117,58,1,1326,0.05
13117,40,2,3255,0.05
13117,10,1,3487,0.1
13118,42,1,3125,0.1
13119,22,1,1574,0.1
13120,2,1,3850,0.05
13120,6,2,529,0.05
13120,26,1,4752,0.15
13121,50,1,2033,0
13121,10,1,3487,0.05
13122,13,1,3877,0
13122,5,1,1760,0
13123,42,2,3125,0.1
13124,37,1,667,0
13125,3,1,3713,0.1
13126,1,1,150,0
13126,51,1,2916,0.1
13127,1,1,150,0.15
13127,52,1,1957,0
13127,53,1,1286,0.2
13127,18,2,778,0.1
13128,34,1,2437,0.1
13128,28,1,567,0
13129,48,2,2972,0.1
13129,54,1,3026,0.1
13130,15,1,860,0.2
13131,42,1,3125,0
13131,12,1,4627,0.15
13132,48,1,2972,0.05
13132,33,1,4175,0.1
13132,39,3,2235,0
13133,46,1,3785,0
13134,31,1,3203,0.1
13134,29,1,2320,0
13134,30,1,4729,0.15
13135,34,1,2437,0
13136,48,1,2972,0.05
13137,48,1,2972,0.05
13137,60,3,552,0.2
13138,53,1,1286,0.05
13138,8,1,1791,0.1
13139,42,1,3125,0.2
13140,52,1,1957,0
13140,30,1,4729,0
13141,53,1,1286,0.05
13141,38,1,3806,0.1
13142,21,1,2746,0.05
13142,3,1,3713,0.05
13143,7,2,1985,0
13143,22,1,1574,0
13143,15,3,860,0
13144,28,1,567,0.05
13144,6,2,529,0.15
13145,5,1,1760,0
13146,37,1,667,0.15
13147,29,3,2320,0
13147,57,2,729,0.05
13148,50,1,2033,0.1
13148,44,1,724,0
13149,8,2,1791,0.1
13150,10,2,3487,0.1
13150,24,1,2262,0.2
13151,4,1,2293,0.15
13152,15,2,860,0.1
13153,57,1,729,0.05
13153,50,3,2033,0.2
13154,39,1,2235,0.1
13155,36,1,1580,0
13155,20,1,3438,0
13155,18,1,778,0
13155,4,1,2293,0.1
13156,57,1,729,0
13156,34,1,2437,0.1
13157,45,1,4975,0.15
13157,7,1,1985,0.2
13158,52,1,1957,0.1
13158,5,1,1760,0
13158,9,1,4658,0.05
13158,49,3,1048,0
13159,40,1,3255,0.05
13159,2,2,3850,0.05
13159,18,1,778,0
13160,46,1,3785,0.05
13161,60,1,552,0.05
13162,34,1,2437,0
13163,2,1,3850,0
13163,48,1,2972,0
13164,4,2,2293,0
13165,11,1,1744,0
13166,60,1,552,0
13167,39,1,2235,0.1
13167,13,2,3877,0
13167,14,2,4075,0.15
13168,40,1,3255,0.1
13169,42,1,3125,0
13170,8,1,1791,0
13170,36,1,1580,0
13171,55,1,4572,0
13171,23,1,2336,0
13172,49,2,1048,0.1
13172,54,1,3026,0
13172,28,1,567,0
13172,21,1,2746,0.2
13173,53,1,1286,0
13173,13,1,3877,0.05
13173,2,1,3850,0
13174,32,1,126,0.2
13174,21,1,2746,0
13175,31,1,3203,0
13175,20,1,3438,0.1
13176,48,1,2972,0.05
13176,2,2,3850,0.05
13176,32,2,126,0.05
13177,49,1,1048,0
13177,48,1,2972,0.1
13177,56,1,630,0
13178,52,1,1957,0.15
13179,29,1,2320,0
13180,11,1,1744,0.1
13181,52,1,1957,0.1
13181,58,1,1326,0.1
13182,27,2,1579,0.05
13183,22,1,1574,0
13184,24,1,2262,0
13184,43,2,4289,0.05
13184,19,1,2193,0
13185,51,1,2916,0.05
13185,56,1,630,0.05
13186,50,1,2033,0
13186,33,1,4175,0.05
13186,29,1,2320,0
13187,22,1,1574,0
13187,4,1,2293,0
13188,2,2,3850,0.1
13189,33,1,4175,0.1
13190,55,1,4572,0.05
13190,49,1,1048,0
13191,40,1,3255,0.05
13192,17,1,2656,0.2
13193,28,1,567,0.1
13193,44,1,724,0.1
13194,27,1,1579,0
13194,10,1,3487,0.15
13195,6,2,529,0.05
13195,44,1,724,0.05
13196,17,1,2656,0
13196,59,1,2290,0
13196,16,2,1002,0.1
13197,22,2,1574,0.05
13197,31,1,3203,0.15
13198,60,1,552,0
13199,52,1,1957,0
13199,25,1,3410,0.1
13200,17,1,2656,0
13201,30,2,4729,0.05
13202,19,1,2193,0.05
13202,24,1,2262,0
13203,53,2,1286,0.1
13204,28,1,567,0
13204,42,3,3125,0.2
13205,42,1,3125,0
13205,52,1,1957,0.05
13205,13,2,3877,0.05
13206,42,1,3125,0.05
13206,16,1,1002,0
13207,32,1,126,0.05
13207,52,1,1957,0.05
13208,33,1,4175,0
13209,47,1,1558,0.05
13210,17,1,2656,0
13211,50,1,2033,0.05
13211,20,2,3438,0
13212,47,1,1558,0
13212,50,1,2033,0
13212,13,1,3877,0.05
13213,43,1,4289,0.1
13213,60,1,552,0.15
13213,58,1,1326,0.05
13214,31,2,3203,0
13215,46,1,3785,0
13216,3,1,3713,0.1
13217,18,1,778,0.1
13217,10,1,3487,0
13217,4,1,2293,0.1
13218,19,1,2193,0.05
13219,1,1,150,0
13219,45,1,4975,0.05
13219,45,2,4975,0.05
13220,28,2,567,0
13221,41,1,931,0.05
13221,50,1,2033,0.05
13222,50,2,2033,0.05
13223,40,1,3255,0.1
13223,56,1,630,0
13223,12,1,4627,0.05
13224,56,1,630,0.1
13225,42,1,3125,0
13225,25,1,3410,0
13226,10,2,3487,0.1
13226,50,1,2033,0
13226,9,2,4658,0.1
13227,47,1,1558,0.1
13227,9,1,4658,0
13227,52,1,1957,0.05
13228,49,2,1048,0.1
13228,23,1,2336,0
13229,6,1,529,0
13230,19,1,2193,0
13231,22,1,1574,0.1
13232,34,1,2437,0.15
13232,11,1,1744,0.05
13233,48,1,2972,0.05
13234,9,1,4658,0.15
13234,11,1,1744,0.15
13234,25,1,3410,0
13235,39,1,2235,0.1
13236,55,2,4572,0
13236,49,1,1048,0
13237,2,1,3850,0
13238,39,1,2235,0
13239,30,1,4729,0.15
13240,57,1,729,0.1
13240,40,1,3255,0
13240,13,2,3877,0.15
13241,11,1,1744,0.05
13242,47,1,1558,0
13242,25,1,3410,0
13242,44,1,724,0.1
13243,59,1,2290,0.05
13243,29,1,2320,0.05
13243,47,1,1558,0.05
13244,24,1,2262,0.2
13244,23,1,2336,0
13244,27,1,1579,0.05
13245,46,1,3785,0
13245,52,1,1957,0.1
13246,41,1,931,0
13246,42,1,3125,0.15
13247,2,2,3850,0
13248,40,1,3255,0.05
13249,56,1,630,0.2
13250,1,1,150,0
13250,9,1,4658,0.1
13250,41,1,931,0
13251,33,1,4175,0.1
13251,4,1,2293,0
13252,55,1,4572,0
13252,44,1,724,0.05
13252,30,1,4729,0
13253,12,1,4627,0
13253,18,1,778,0.05
13254,18,1,778,0.1
13254,52,1,1957,0
13254,55,1,4572,0.2
13255,41,1,931,0.05
13255,37,1,667,0
13256,31,2,3203,0.15
13257,5,2,1760,0.15
13258,37,1,667,0.1
13259,40,1,3255,0
13259,41,1,931,0
13260,60,1,552,0.05
13261,38,1,3806,0.1
13262,25,1,3410,0.05
13262,54,1,3026,0
13263,38,1,3806,0.1
13263,42,2,3125,0
13264,51,1,2916,0
13265,16,1,1002,0.1
13265,6,1,529,0.1
13266,53,2,1286,0.05
13266,34,1,2437,0.2
13266,22,1,1574,0
13266,44,1,724,0
13267,17,1,2656,0
13267,46,3,3785,0
13267,5,2,1760,0.05
13268,16,1,1002,0.05
13268,10,1,3487,0.1
13268,15,1,860,0.1
13268,32,1,126,0.05
13269,57,1,729,0.15
13269,23,1,2336,0.05
13269,23,2,2336,0
13269,25,1,3410,0
13270,1,1,150,0
13270,34,1,2437,0.2
13271,35,1,1942,0.05
13271,45,1,4975,0.15
13272,22,1,1574,0.15
13273,3,1,3713,0.2
13274,10,1,3487,0.1
13275,28,1,567,0.1
13275,30,1,4729,0.05
13276,44,1,724,0
13276,17,1,2656,0.1
13277,27,2,1579,0.05
13278,17,1,2656,0
13279,3,1,3713,0
13280,4,2,2293,0
13281,14,1,4075,0
13282,58,1,1326,0
13282,11,1,1744,0.1
13282,23,1,2336,0
13282,13,2,3877,0.15
13283,58,1,1326,0.1
13284,30,2,4729,0.1
13284,22,1,1574,0.05
13285,58,2,1326,0
13285,7,1,1985,0.05
13286,8,1,1791,0
13287,50,1,2033,0.15
13288,2,1,3850,0
13289,22,1,1574,0.05
13290,18,1,778,0.05
13291,57,1,729,0.15
13291,12,2,4627,0.15
13292,8,1,1791,0
13293,26,1,4752,0
13293,57,1,729,0.05
13293,4,2,2293,0.1
13294,30,1,4729,0.05
13295,59,2,2290,0.05
13295,1,1,150,0.2
13296,47,1,1558,0.15
13296,3,1,3713,0.1
13297,30,1,4729,0.1
13297,42,1,3125,0.1
13297,33,2,4175,0
13298,37,2,667,0.1
13298,6,2,529,0
13298,19,1,2193,0.05
13299,39,1,2235,0.1
13300,14,1,4075,0.05
13300,25,1,3410,0
13300,40,1,3255,0.05
13301,11,2,1744,0.2
13302,19,2,2193,0
13303,31,1,3203,0.2
13303,24,1,2262,0
13303,32,1,126,0.05
13304,45,1,4975,0.15
13304,24,1,2262,0.05
13305,45,1,4975,0
13306,55,2,4572,0.1
13306,52,1,1957,0.1
13306,36,1,1580,0.05
13307,51,1,2916,0.05
13307,9,2,4658,0
13308,51,2,2916,0.05
13309,22,1,1574,0.15
13309,6,1,529,0.2
13310,19,2,2193,0.05
13310,39,1,2235,0
13311,14,1,4075,0
13311,34,3,2437,0
13311,10,1,3487,0.1
13311,52,1,1957,0.1
13312,35,1,1942,0.15
13313,36,2,1580,0
13313,56,1,630,0.15
13314,2,1,3850,0.05
13314,14,1,4075,0
13314,13,1,3877,0.15
13315,40,1,3255,0
13316,6,1,529,0
13317,16,1,1002,0
13317,2,1,3850,0.05
13318,33,1,4175,0
13319,33,1,4175,0.15
13320,17,1,2656,0.1
13320,45,1,4975,0
13320,8,1,1791,0.05
13321,5,1,1760,0
13322,47,1,1558,0.05
13323,7,1,1985,0.05
13323,36,1,1580,0
13323,3,1,3713,0.1
13323,1,1,150,0
13324,29,2,2320,0
13324,49,1,1048,0.15
13325,29,2,2320,0
13326,23,2,2336,0
13327,59,1,2290,0
13328,20,1,3438,0.1
13329,28,1,567,0.2
13330,1,1,150,0.1
13330,11,1,1744,0
13331,5,1,1760,0
13331,8,1,1791,0.15
13331,30,1,4729,0
13332,32,1,126,0.1
13332,37,2,667,0
13333,50,1,2033,0
13334,59,1,2290,0.1
13335,60,1,552,0.2
13335,54,1,3026,0.2
13336,30,2,4729,0
13336,41,1,931,0.05
13337,28,2,567,0
13337,14,1,4075,0.2
13337,4,1,2293,0
13338,47,1,1558,0.05
13338,6,1,529,0.1
13338,18,2,778,0
13339,12,1,4627,0.05
13339,43,1,4289,0.1
13339,39,1,2235,0
13339,20,1,3438,0.15
13340,35,1,1942,0
13340,55,1,4572,0
13340,8,1,1791,0.1
13341,51,1,2916,0
13342,7,1,1985,0.05
13342,16,1,1002,0.05
13343,34,1,2437,0
13343,35,1,1942,0.1
13343,42,2,3125,0
13344,5,1,1760,0
13344,19,3,2193,0.1
13345,3,1,3713,0
13345,10,1,3487,0
13345,59,1,2290,0
13346,24,1,2262,0
13346,19,1,2193,0.05
13346,5,1,1760,0.1
13347,28,1,567,0.05
13347,21,1,2746,0.2
13347,13,2,3877,0.1
13347,35,1,1942,0
13348,13,1,3877,0.05
13349,58,1,1326,0.15
13349,49,1,1048,0.15
13350,37,1,667,0.05
13350,49,1,1048,0.1
13351,15,1,860,0.05
13352,36,1,1580,0
13353,4,1,2293,0.1
13354,56,1,630,0.05
13354,58,1,1326,0
13355,40,1,3255,0.1
13355,58,2,1326,0.1
13356,48,1,2972,0.05
13357,35,1,1942,0
13358,11,1,1744,0.1
13359,39,1,2235,0.1
13359,2,2,3850,0
13360,26,1,4752,0.1
13360,10,2,3487,0.05
13361,45,1,4975,0
13361,10,2,3487,0.1
13362,59,1,2290,0.1
13363,44,1,724,0.1
13363,40,1,3255,0.05
13364,9,1,4658,0
13364,31,1,3203,0.2
13364,60,1,552,0.15
13365,31,2,3203,0
13366,42,1,3125,0.2
13366,8,1,1791,0.05
13367,26,1,4752,0
13368,33,1,4175,0.15
13369,45,2,4975,0
13369,11,2,1744,0.05
13370,50,1,2033,0.05
13370,35,2,1942,0.05
13371,17,2,2656,0.2
13371,27,2,1579,0
13372,60,1,552,0.15
13372,1,1,150,0.05
13372,60,3,552,0.1
13372,24,1,2262,0.15
13373,44,1,724,0.05
13373,17,2,2656,0.1
13374,23,2,2336,0.15
13375,59,2,2290,0.05
13375,57,1,729,0
13375,16,1,1002,0.2
13376,46,1,3785,0.05
13377,25,1,3410,0.05
13377,47,1,1558,0.1
13377,10,1,3487,0
13378,44,1,724,0.1
13379,45,1,4975,0.1
13380,38,1,3806,0
13380,60,1,552,0
13381,4,1,2293,0.05
13381,51,1,2916,0
13381,54,2,3026,0.05
13382,7,2,1985,0
13382,29,1,2320,0
13382,22,1,1574,0
13383,25,1,3410,0.1
13384,20,1,3438,0
13385,21,1,2746,0
13385,52,1,1957,0.1
13386,8,1,1791,0.1
13386,25,1,3410,0
13387,6,1,529,0.1
13387,4,1,2293,0.15
13388,46,1,3785,0
13388,52,1,1957,0.15
13388,17,2,2656,0.05
13389,9,1,4658,0.05
13389,60,1,552,0
13389,4,1,2293,0
13390,10,1,3487,0.05
13390,10,1,3487,0
13391,31,1,3203,0.1
13392,24,1,2262,0.1
13392,47,1,1558,0.1
13393,41,1,931,0.1
13393,10,1,3487,0.05
13394,8,1,1791,0
13395,17,1,2656,0
13395,43,1,4289,0.1
13395,13,1,3877,0
13395,4,1,2293,0
13396,56,1,630,0
13397,24,1,2262,0.1
13397,38,1,3806,0.05
13397,50,1,2033,0.1
13398,45,1,4975,0
13399,16,1,1002,0.05
13400,5,1,1760,0.1
13400,48,1,2972,0.15
13400,40,2,3255,0.1
13400,27,1,1579,0.1
13401,37,1,667,0
13401,31,2,3203,0
13401,18,1,778,0.15
13401,11,1,1744,0.05
13402,48,1,2972,0.15
13402,22,2,1574,0
13403,7,2,1985,0.1
13404,3,1,3713,0.1
13405,3,1,3713,0.1
13405,39,3,2235,0.1
13406,24,1,2262,0.15
13407,15,2,860,0
13407,49,1,1048,0
13408,53,1,1286,0.05
13408,42,1,3125,0.15
13409,58,1,1326,0.05
13410,28,1,567,0.05
13410,59,1,2290,0.1
13411,2,1,3850,0.1
13411,24,1,2262,0.1
13412,44,1,724,0
13413,38,1,3806,0
13414,39,1,2235,0.15
13414,2,1,3850,0.1
13415,42,1,3125,0.05
13416,3,1,3713,0.05
13417,31,1,3203,0
13417,48,1,2972,0
13418,26,1,4752,0
13418,11,2,1744,0
13419,55,2,4572,0.1
13420,40,1,3255,0.1
13421,16,1,1002,0
13421,18,1,778,0.15
13421,40,1,3255,0.05
13422,11,1,1744,0.1
13422,42,1,3125,0.1
13423,58,1,1326,0.1
13424,6,1,529,0.1
13425,28,1,567,0
13426,8,1,1791,0.15
13427,33,1,4175,0
13427,41,2,931,0.1
13427,47,1,1558,0
13427,22,2,1574,0.1
13428,32,2,126,0.2
13428,30,2,4729,0.1
13428,57,1,729,0.15
13429,39,1,2235,0.1
13430,37,2,667,0.05
13431,41,2,931,0.1
13432,53,1,1286,0.1
13433,26,1,4752,0.15
13433,36,1,1580,0.2
13434,39,2,2235,0.1
13434,15,1,860,0.1
13434,31,1,3203,0.05
13435,5,2,1760,0.1
13436,31,1,3203,0.15
13436,10,1,3487,0.1
13437,35,1,1942,0.1
13438,37,1,667,0
13438,5,1,1760,0.1
13439,34,1,2437,0.15
13439,16,1,1002,0.2
13440,59,1,2290,0.1
13441,39,1,2235,0
13442,4,3,2293,0.15
13442,48,1,2972,0
13443,26,3,4752,0.1
13443,48,1,2972,0
13444,37,1,667,0
13444,6,1,529,0.1
13445,57,1,729,0.05
13446,19,1,2193,0.05
13447,45,1,4975,0
13448,50,2,2033,0
13448,20,1,3438,0.15
13449,11,1,1744,0
13449,1,2,150,0.15
13450,56,1,630,0
13451,36,1,1580,0.2
13452,15,1,860,0.1
13453,33,1,4175,0.1
13453,57,1,729,0.05
13453,58,2,1326,0.1
13454,52,1,1957,0.05
13455,11,1,1744,0
13455,48,1,2972,0.1
13456,40,1,3255,0.1
13456,29,1,2320,0.05
13457,14,2,4075,0.05
13457,3,2,3713,0
13458,16,1,1002,0.15
13458,2,1,3850,0.05
13459,39,1,2235,0.05
13459,3,1,3713,0
13459,39,1,2235,0
13460,16,2,1002,0
13460,7,1,1985,0.1
13461,33,1,4175,0.05
13461,11,1,1744,0.1
13462,34,1,2437,0.15
13462,21,2,2746,0.1
13463,32,1,126,0.1
13464,20,1,3438,0.15
13465,20,2,3438,0.05
13465,17,1,2656,0.05
13466,22,1,1574,0
13467,55,1,4572,0.05
13467,40,2,3255,0.05
13467,12,1,4627,0
13467,26,1,4752,0
13468,42,1,3125,0.15
13469,49,1,1048,0.2
13470,14,2,4075,0.05
13470,1,2,150,0.1
13471,14,1,4075,0
13472,27,1,1579,0.1
13472,40,1,3255,0
13472,13,2,3877,0.1
13473,3,1,3713,0
13474,32,1,126,0.1
13475,15,1,860,0
13476,44,2,724,0.05
13477,4,1,2293,0.15
13478,43,2,4289,0.1
13479,42,1,3125,0
13480,45,1,4975,0.2
13481,6,1,529,0
13481,2,1,3850,0
13481,9,1,4658,0
13482,55,2,4572,0.05
13483,20,1,3438,0.1
13484,58,1,1326,0.1
13485,23,1,2336,0
13485,56,2,630,0
13485,39,1,2235,0
13486,39,2,2235,0.05
13487,54,1,3026,0.2
13488,28,1,567,0.2
13488,49,1,1048,0.1
13488,6,2,529,0
13489,53,3,1286,0.05
13490,23,1,2336,0.05
13490,38,1,3806,0
13490,31,2,3203,0.15
13491,52,2,1957,0.05
13491,32,1,126,0.15
13492,33,1,4175,0.05
13493,17,1,2656,0
13493,47,1,1558,0.05
13493,49,1,1048,0.1
13493,51,1,2916,0
13494,58,3,1326,0
13494,2,1,3850,0.15
13494,1,1,150,0
13494,41,1,931,0.05
13495,50,1,2033,0
13496,48,1,2972,0.05
13497,32,2,126,0.15
13497,16,1,1002,0
13498,9,1,4658,0.15
13499,57,2,729,0.1
13500,38,1,3806,0
13501,19,1,2193,0.15
13502,58,1,1326,0.05
13503,23,1,2336,0.05
13504,24,1,2262,0
13505,38,1,3806,0
13505,18,1,778,0.05
13505,49,1,1048,0.05
13506,7,2,1985,0.05
13507,42,1,3125,0
13508,36,1,1580,0
13508,19,3,2193,0.1
13509,15,1,860,0
13510,28,1,567,0.1
13510,17,1,2656,0.15
13511,22,1,1574,0.05
13511,28,1,567,0.2
13512,8,1,1791,0.05
13513,42,2,3125,0.2
13513,29,1,2320,0
13514,13,1,3877,0
13514,37,1,667,0.05
13514,21,1,2746,0.05
13515,40,1,3255,0
13516,57,1,729,0.2
13516,22,1,1574,0
13517,3,1,3713,0.1
13517,16,3,1002,0
13518,36,1,1580,0.15
13518,31,1,3203,0.15
13519,44,1,724,0.05
13519,3,1,3713,0.1
13519,60,1,552,0.2
13520,39,1,2235,0.15
13520,58,1,1326,0
13520,18,1,778,0.05
13521,49,1,1048,0.05
13521,40,1,3255,0.1
13521,20,1,3438,0.1
13522,11,1,1744,0
13522,21,1,2746,0.1
13523,8,1,1791,0
13523,9,1,4658,0.05
13524,31,3,3203,0
13525,47,1,1558,0.1
13525,32,1,126,0.1
13526,15,1,860,0
13527,28,1,567,0
13527,27,1,1579,0.05
13528,3,1,3713,0.1
13529,14,1,4075,0
13529,54,1,3026,0
13529,23,1,2336,0.1
13530,1,1,150,0.05
13531,13,1,3877,0.05
13532,24,2,2262,0.05
13533,47,1,1558,0.05
13534,39,1,2235,0.05
13534,32,1,126,0.1
13535,24,1,2262,0.2
13535,6,1,529,0
13535,12,1,4627,0.1
13536,29,2,2320,0.1
13536,5,1,1760,0.1
13537,16,2,1002,0.1
13537,45,1,4975,0
13537,37,1,667,0
13538,26,2,4752,0.05
13538,4,1,2293,0.1
13538,9,1,4658,0.15
13539,30,1,4729,0.05
13539,6,1,529,0.1
13540,11,1,1744,0.05
13541,1,3,150,0.1
13541,56,1,630,0.05
13541,23,1,2336,0.05
13542,14,1,4075,0.05
13543,53,1,1286,0
13544,18,2,778,0.05
13544,43,2,4289,0.15
13545,14,1,4075,0
13545,41,1,931,0
13546,32,2,126,0.05
13546,18,1,778,0
13547,29,1,2320,0.05
13547,33,1,4175,0.1
13547,33,1,4175,0.05
13548,5,1,1760,0
13548,26,1,4752,0.2
13549,32,1,126,0.2
13549,7,1,1985,0
13550,2,2,3850,0
13550,47,1,1558,0.1
13551,6,2,529,0
13552,37,1,667,0
13553,2,1,3850,0.15
13554,34,1,2437,0.05
13554,29,2,2320,0.1
13554,4,1,2293,0.05
13555,12,1,4627,0
13556,11,1,1744,0
13557,18,2,778,0.05
13557,52,1,1957,0.15
13558,29,1,2320,0
13559,17,2,2656,0.05
13560,53,2,1286,0.2
13560,49,1,1048,0.05
13561,18,1,778,0.05
13561,19,1,2193,0.1
13561,53,1,1286,0.05
13561,42,2,3125,0
13562,25,2,3410,0.1
13562,36,1,1580,0.05
13562,48,1,2972,0.05
13563,25,1,3410,0.05
13564,12,1,4627,0.1
13565,6,1,529,0
13565,25,1,3410,0
13566,21,1,2746,0.05
13566,4,1,2293,0
13567,3,1,3713,0.05
13567,20,1,3438,0.15
13568,9,2,4658,0
13568,2,1,3850,0
13568,60,2,552,0.05
13569,34,1,2437,0
13570,16,2,1002,0
13570,47,2,1558,0
13571,27,1,1579,0.05
13572,14,2,4075,0
13572,21,2,2746,0.1
13573,12,1,4627,0
13574,54,1,3026,0.05
13574,22,2,1574,0.1
13574,31,1,3203,0
13575,16,2,1002,0.1
13576,55,1,4572,0.05
13576,53,1,1286,0.2
13576,25,2,3410,0
13577,43,1,4289,0.15
13577,58,1,1326,0
13577,57,1,729,0.15
13578,29,1,2320,0.1
13579,41,1,931,0
13580,50,1,2033,0
13580,7,1,1985,0
13581,48,2,2972,0
13582,5,1,1760,0
13582,48,1,2972,0.1
13582,47,1,1558,0
13582,5,3,1760,0.2
13583,31,2,3203,0.05
13584,58,1,1326,0.1
13584,11,3,1744,0.05
13585,24,1,2262,0.05
13585,45,1,4975,0.15
13586,10,1,3487,0.15
13587,32,1,126,0.05
13588,37,1,667,0
13588,46,1,3785,0
13589,31,1,3203,0
13590,16,1,1002,0.1
13590,35,2,1942,0
13591,27,1,1579,0
13591,46,1,3785,0.05
13591,9,1,4658,0.05
13591,37,1,667,0
13592,52,1,1957,0.05
13593,30,1,4729,0
13594,8,1,1791,0.05
13594,25,1,3410,0.15
13595,56,1,630,0
13595,25,1,3410,0
13595,31,1,3203,0.1
13596,9,1,4658,0.15
13596,45,1,4975,0
13597,40,1,3255,0
13597,49,1,1048,0
13597,33,1,4175,0.15
13598,35,2,1942,0
13598,23,1,2336,0.15
13599,4,1,2293,0
13600,55,1,4572,0
13601,41,1,931,0.1
13602,18,1,778,0
13602,20,1,3438,0.2
13602,41,1,931,0.1
13603,11,1,1744,0
13603,40,2,3255,0
13604,41,1,931,0.05
13604,10,1,3487,0.05
13605,45,1,4975,0
13605,27,2,1579,0.05
13605,54,2,3026,0.1
13606,25,2,3410,0.05
13607,18,1,778,0.05
13608,54,1,3026,0.05
13609,40,1,3255,0.15
13609,13,1,3877,0
13609,45,1,4975,0
13610,23,1,2336,0
13611,36,1,1580,0
13612,4,1,2293,0.05
13612,49,1,1048,0
13613,51,1,2916,0
13613,58,1,1326,0
13614,25,2,3410,0.15
13614,20,1,3438,0.1
13615,10,1,3487,0.1
13616,31,1,3203,0.05
13617,38,1,3806,0.1
13617,43,1,4289,0
13617,24,1,2262,0.2
13618,58,1,1326,0
13619,30,1,4729,0.1
13619,8,1,1791,0
13620,60,1,552,0.15
13621,20,1,3438,0
13622,15,1,860,0
13622,56,2,630,0.1
13623,5,1,1760,0.1
13623,18,1,778,0.05
13624,43,1,4289,0.1
13624,47,3,1558,0
13624,46,1,3785,0.15
13624,35,1,1942,0.1
13625,29,2,2320,0
13625,40,1,3255,0.05
13626,46,1,3785,0
13627,7,1,1985,0.1
13627,34,1,2437,0
13627,34,1,2437,0.05
13628,32,1,126,0.15
13628,9,1,4658,0.1
13628,37,1,667,0
13629,24,1,2262,0.1
13630,25,2,3410,0.05
13631,36,1,1580,0.05
13631,26,2,4752,0.1
13631,6,1,529,0.1
13631,27,1,1579,0.05
13632,52,1,1957,0
13632,52,2,1957,0
13633,16,1,1002,0.05
13634,46,1,3785,0
13635,54,1,3026,0
13636,59,2,2290,0
13637,11,1,1744,0.1
13638,37,1,667,0.15
13638,39,1,2235,0.1
13639,51,1,2916,0
13639,45,1,4975,0.1
13639,51,3,2916,0
13640,3,1,3713,0.1
13641,18,1,778,0.05
13642,49,1,1048,0
13642,47,1,1558,0.1
13642,19,1,2193,0
13643,46,1,3785,0
13644,28,1,567,0
13644,38,1,3806,0.05
13645,47,1,1558,0.05
13646,7,1,1985,0.05
13646,51,3,2916,0
13646,25,1,3410,0.05
13646,57,1,729,0.05
13647,41,1,931,0.15
13647,16,1,1002,0.05
13648,38,1,3806,0.1
13649,16,1,1002,0
13650,31,1,3203,0.05
13651,54,1,3026,0.05
13651,26,1,4752,0
13651,2,1,3850,0
13652,3,1,3713,0.1
13652,26,1,4752,0
13653,23,1,2336,0.1
13653,34,2,2437,0.05
13654,23,1,2336,0.15
13655,10,1,3487,0
13656,41,1,931,0.05
13656,45,1,4975,0
13657,25,1,3410,0
13657,60,2,552,0
13658,20,1,3438,0.05
13659,41,1,931,0.05
13659,36,1,1580,0.05
13660,40,1,3255,0.05
13660,53,2,1286,0.15
13661,17,1,2656,0.05
13661,39,2,2235,0
13661,54,1,3026,0
13662,16,1,1002,0.05
13662,16,1,1002,0
13662,30,1,4729,0
13663,19,1,2193,0.1
13663,55,1,4572,0.2
13664,12,1,4627,0.15
13665,34,1,2437,0
13666,19,2,2193,0
13666,24,1,2262,0.1
13667,13,1,3877,0.15
13667,34,1,2437,0.15
13668,23,1,2336,0.1
13668,7,1,1985,0.15
13669,18,1,778,0
13670,40,1,3255,0.05
13670,5,1,1760,0
13670,33,1,4175,0
13671,10,1,3487,0
13671,3,1,3713,0.05
13671,8,1,1791,0.1
13672,24,2,2262,0.15
13673,49,1,1048,0.05
13674,7,1,1985,0.05
13674,13,1,3877,0
13674,11,1,1744,0.05
13675,42,1,3125,0.05
13675,8,1,1791,0.15
13676,16,1,1002,0
13677,27,1,1579,0.15
13677,33,1,4175,0.1
13677,40,2,3255,0
13678,9,1,4658,0.2
13678,38,2,3806,0
13678,12,1,4627,0.05
13679,44,1,724,0.05
13679,5,2,1760,0
13679,27,1,1579,0.05
13679,25,1,3410,0
13680,36,1,1580,0
13680,18,1,778,0.05
13681,46,1,3785,0.15
13682,30,1,4729,0.2
13682,3,1,3713,0
13682,58,1,1326,0.05
13682,36,3,1580,0.1
13683,37,1,667,0.15
13684,37,2,667,0.05
13685,52,1,1957,0.05
13686,22,1,1574,0
13686,16,1,1002,0
13687,34,1,2437,0.15
13688,38,2,3806,0.1
13688,19,1,2193,0
13689,55,1,4572,0.05
13689,48,1,2972,0
13689,22,1,1574,0
13690,10,1,3487,0
13691,8,1,1791,0.05
13691,40,3,3255,0
13691,51,1,2916,0.05
13692,16,1,1002,0.05
13693,52,1,1957,0.05
13693,49,1,1048,0.05
13694,36,1,1580,0.05
13694,3,3,3713,0
13695,38,1,3806,0.1
13696,53,1,1286,0
13697,36,1,1580,0.05
13698,56,1,630,0
13698,45,1,4975,0.05
13698,53,1,1286,0.1
13698,19,1,2193,0.2
13699,15,1,860,0
13700,52,1,1957,0.05
13700,44,2,724,0.05
13700,58,2,1326,0
13701,27,1,1579,0.1
13702,30,1,4729,0.1
13702,59,1,2290,0
13703,39,1,2235,0.1
13703,51,1,2916,0.1
13703,44,3,724,0.05
13704,1,1,150,0.1
13704,36,1,1580,0.05
13705,26,1,4752,0.1
13706,44,2,724,0.05
13706,57,1,729,0.1
13707,34,1,2437,0
13708,50,2,2033,0
13709,13,1,3877,0.2
13709,12,1,4627,0
13710,9,1,4658,0.1
13710,38,1,3806,0.15
13711,22,1,1574,0.05
13711,51,2,2916,0
13712,16,1,1002,0
13712,41,1,931,0.05
13713,54,3,3026,0.15
13713,17,1,2656,0.05
13714,24,1,2262,0.1
13715,58,1,1326,0.1
13716,51,1,2916,0.1
13716,5,1,1760,0
13716,26,2,4752,0.1
13717,4,1,2293,0.1
13717,32,1,126,0.05
13718,31,1,3203,0
13718,19,1,2193,0.1
13719,37,3,667,0.15
13719,56,1,630,0.1
13719,11,3,1744,0
13720,59,1,2290,0.05
13720,57,1,729,0
13721,38,1,3806,0.05
13721,4,1,2293,0.1
13721,46,1,3785,0.05
13722,17,2,2656,0
13722,48,1,2972,0
13722,8,1,1791,0
13723,60,1,552,0
13723,35,1,1942,0
13723,38,1,3806,0
13723,30,2,4729,0.15
13724,45,2,4975,0.1
13724,54,1,3026,0
13725,25,1,3410,0.05
13725,37,1,667,0.1
13725,13,1,3877,0.1
13726,19,1,2193,0.05
13726,30,2,4729,0
13727,6,1,529,0
13727,22,2,1574,0.05
13727,52,2,1957,0
13728,33,1,4175,0
13729,32,1,126,0
13730,38,1,3806,0
13730,7,1,1985,0.05
13730,59,1,2290,0
13731,54,2,3026,0
13731,5,1,1760,0
13732,33,1,4175,0.1
13732,9,1,4658,0
13733,48,1,2972,0
13734,56,2,630,0.1
13735,46,1,3785,0.05
13735,39,1,2235,0.1
13735,40,1,3255,0.1
13736,53,1,1286,0
13736,43,1,4289,0
13737,23,1,2336,0
13737,33,1,4175,0
13737,57,1,729,0
13737,20,1,3438,0.1
13738,10,1,3487,0.15
13738,56,1,630,0.05
13738,38,1,3806,0.1
13738,2,1,3850,0
13739,10,3,3487,0.05
13739,32,1,126,0
13740,8,1,1791,0.1
13741,37,1,667,0
13741,40,1,3255,0
13741,8,1,1791,0.1
13742,1,1,150,0
13742,31,1,3203,0
13742,22,3,1574,0
13743,58,1,1326,0.1
13744,54,1,3026,0.15
13744,53,2,1286,0.05
13745,55,1,4572,0.05
13745,38,1,3806,0.1
13746,59,1,2290,0.15
13746,14,1,4075,0
13747,20,1,3438,0.05
13748,3,1,3713,0.2
13748,2,1,3850,0
13749,29,1,2320,0
13750,42,1,3125,0.1
13750,48,3,2972,0.05
13751,47,1,1558,0.05
13751,10,1,3487,0.1
13751,54,1,3026,0
13752,22,1,1574,0
13752,21,1,2746,0
13753,38,1,3806,0
13754,14,1,4075,0.15
13754,51,2,2916,0.05
13755,30,1,4729,0.05
13756,30,1,4729,0.1
13757,53,1,1286,0.1
13758,26,1,4752,0.2
13759,30,1,4729,0.1
13759,47,1,1558,0
13759,21,1,2746,0
13760,38,1,3806,0.05
13761,5,1,1760,0
13761,15,1,860,0.05
13761,20,1,3438,0.1
13762,55,1,4572,0
13763,11,1,1744,0
13763,43,1,4289,0
13764,19,1,2193,0.1
13764,42,2,3125,0
13765,26,1,4752,0
13766,6,1,529,0.05
13766,5,1,1760,0
13767,41,1,931,0.15
13768,55,1,4572,0.1
13769,25,1,3410,0
13769,53,1,1286,0
13769,25,1,3410,0.2
13770,15,1,860,0
13770,5,1,1760,0.05
13771,28,1,567,0
13771,45,1,4975,0.2
13772,55,1,4572,0.1
13773,37,1,667,0
13773,48,1,2972,0.1
13774,45,1,4975,0
13775,40,1,3255,0.15
13776,19,1,2193,0
13776,12,2,4627,0
13777,12,2,4627,0
13778,31,1,3203,0.2
13778,24,1,2262,0.2
13778,7,2,1985,0.05
13779,46,1,3785,0
13779,14,1,4075,0.05
13779,52,1,1957,0
13780,52,1,1957,0.2
13780,32,1,126,0.05
13781,60,1,552,0.05
13781,24,3,2262,0
13781,5,1,1760,0.1
13782,46,1,3785,0
13782,30,1,4729,0
13783,6,2,529,0.05
13784,32,2,126,0
13784,26,1,4752,0
13785,30,2,4729,0
13786,58,1,1326,0
13786,15,2,860,0.2
13787,45,1,4975,0.15
13788,16,1,1002,0
13788,54,1,3026,0
13789,19,1,2193,0.1
13790,40,1,3255,0.2
13790,47,1,1558,0
13791,53,1,1286,0.15
13792,14,1,4075,0.1
13792,8,1,1791,0.1
13793,51,3,2916,0.05
13793,3,1,3713,0.05
13794,53,1,1286,0.15
13794,60,1,552,0.05
13794,1,1,150,0
13795,25,1,3410,0.1
13796,5,1,1760,0
13796,52,1,1957,0.05
13797,24,1,2262,0.15
13797,16,1,1002,0
13798,42,2,3125,0.15
13798,4,2,2293,0.15
13799,8,2,1791,0
13799,33,2,4175,0
13800,18,1,778,0.05
13800,56,1,630,0
13800,9,2,4658,0.1
13801,13,1,3877,0
13802,59,1,2290,0.15
13802,16,1,1002,0.05
13803,45,1,4975,0.1
13804,42,1,3125,0.2
13804,48,1,2972,0.15
13805,58,1,1326,0.15
13806,20,2,3438,0.1
13807,20,1,3438,0.15
13808,7,1,1985,0.2
13809,24,1,2262,0
13809,53,2,1286,0.1
13810,14,1,4075,0
13811,29,1,2320,0
13812,27,1,1579,0.05
13813,32,2,126,0
13813,14,2,4075,0.2
13813,20,1,3438,0.05
13814,6,1,529,0
13814,14,2,4075,0.1
13814,27,1,1579,0.2
13815,44,3,724,0
13816,17,1,2656,0
13817,25,1,3410,0.05
13817,44,1,724,0.1
13818,40,2,3255,0.05
13818,7,1,1985,0.1
13819,47,1,1558,0
13819,47,1,1558,0.05
13819,20,1,3438,0.05
13820,5,1,1760,0.05
13821,59,1,2290,0.15
13822,2,1,3850,0.05
13823,50,1,2033,0.05
13823,12,1,4627,0
13823,60,2,552,0
13824,54,1,3026,0.1
13825,41,1,931,0
13825,19,1,2193,0.05
13826,9,2,4658,0.1
13826,10,1,3487,0
13826,21,2,2746,0.1
13827,39,1,2235,0
13828,56,1,630,0.2
13829,43,1,4289,0.1
13830,27,1,1579,0.15
13830,50,1,2033,0.05
13831,38,1,3806,0.15
13832,56,1,630,0.2
13832,40,1,3255,0.1
13833,54,1,3026,0
13834,55,1,4572,0.15
13834,1,1,150,0
13835,51,1,2916,0
13835,23,2,2336,0.05
13836,13,2,3877,0.05
13837,35,1,1942,0.1
13837,48,1,2972,0
13838,54,1,3026,0.2
13838,20,2,3438,0
13838,58,1,1326,0.05
13839,37,1,667,0.05
13839,8,1,1791,0
13839,45,1,4975,0.15
13840,10,1,3487,0
13841,48,1,2972,0
13842,9,1,4658,0.05
13843,48,2,2972,0.15
13843,17,1,2656,0
13844,28,1,567,0.1
13844,12,2,4627,0.15
13845,2,1,3850,0.1
13845,16,1,1002,0
13846,42,1,3125,0.15
13847,34,2,2437,0.1
13847,6,1,529,0
13847,16,1,1002,0.15
13848,54,1,3026,0.1
13849,37,2,667,0
13850,51,1,2916,0.1
13851,2,2,3850,0.05
13851,15,1,860,0.2
13851,36,1,1580,0
13852,13,1,3877,0.05
13852,18,1,778,0.05
13852,46,1,3785,0.05
13853,4,1,2293,0.05
13853,34,1,2437,0.05
13853,35,1,1942,0.05
13853,9,1,4658,0.1
13854,38,1,3806,0.05
13854,38,1,3806,0
13854,53,1,1286,0.1
13855,11,2,1744,0
13855,18,2,778,0.05
13856,57,1,729,0.1
13857,49,1,1048,0.1
13857,24,1,2262,0.05
13857,57,1,729,0.1
13857,46,1,3785,0.05
13858,50,1,2033,0
13859,11,1,1744,0.1
13860,12,1,4627,0
13860,57,1,729,0.05
13861,55,1,4572,0
13861,35,1,1942,0
13861,34,2,2437,0
13862,44,1,724,0
13862,22,1,1574,0.15
13863,42,1,3125,0
13863,10,1,3487,0.1
13864,32,1,126,0.05
13864,15,1,860,0.05
13865,17,1,2656,0.15
13865,55,1,4572,0.15
13865,2,3,3850,0.1
13866,60,1,552,0.1
13866,49,2,1048,0.1
13867,20,1,3438,0.05
13868,35,1,1942,0.1
13869,8,1,1791,0
13869,31,2,3203,0.1
13869,10,1,3487,0
13870,3,1,3713,0.15
13871,7,1,1985,0.1
13872,33,3,4175,0
13872,15,1,860,0.05
13873,8,2,1791,0.1
13874,37,1,667,0.05
13874,36,1,1580,0
13874,32,1,126,0.05
13875,45,1,4975,0
13875,35,1,1942,0.05
13875,31,1,3203,0
13875,3,2,3713,0.05
13876,6,1,529,0
13877,46,1,3785,0
13877,20,1,3438,0.1
13878,6,1,529,0
13878,12,3,4627,0.1
13878,49,1,1048,0.05
13879,47,1,1558,0.1
13880,35,3,1942,0
13880,2,1,3850,0.1
13881,13,1,3877,0.15
13881,7,1,1985,0.05
13882,50,1,2033,0
13883,9,1,4658,0.05
13884,31,1,3203,0
13884,35,1,1942,0
13885,55,1,4572,0.05
13885,29,1,2320,0.05
13885,60,1,552,0
13886,24,1,2262,0
13887,16,1,1002,0.1
13888,2,1,3850,0.15
13889,31,1,3203,0
13890,55,1,4572,0.1
13890,16,1,1002,0
13890,56,2,630,0
13891,29,1,2320,0.05
13891,35,3,1942,0.05
13891,24,1,2262,0
13892,15,2,860,0
13892,1,2,150,0
13893,44,1,724,0.15
13893,56,3,630,0
13894,23,1,2336,0.15
13894,42,1,3125,0
13895,7,1,1985,0
13896,57,2,729,0.05
13896,35,1,1942,0.05
13897,30,1,4729,0
13897,26,2,4752,0.15
13898,53,1,1286,0.15
13899,12,1,4627,0
13899,4,1,2293,0
13899,4,1,2293,0
13900,3,2,3713,0.05
13900,16,1,1002,0.05
13900,5,1,1760,0.05
13900,36,3,1580,0.15
13901,24,2,2262,0
13902,4,2,2293,0.2
13902,24,1,2262,0
13903,18,2,778,0
13903,56,1,630,0.05
13904,8,1,1791,0.05
13905,5,1,1760,0
13905,50,1,2033,0.05
13906,60,1,552,0.1
13907,42,1,3125,0.05
13907,54,2,3026,0.15
13907,51,1,2916,0
13908,34,1,2437,0.05
13909,42,1,3125,0.05
13910,45,2,4975,0.2
13911,13,1,3877,0.1
13911,42,2,3125,0.15
13911,24,1,2262,0.15
13912,18,2,778,0
13912,59,1,2290,0
13913,33,1,4175,0.15
13913,25,1,3410,0.2
13914,51,1,2916,0.05
13914,60,1,552,0
13915,43,1,4289,0
13916,59,1,2290,0.05
13917,7,1,1985,0.05
13917,55,1,4572,0.05
13918,58,1,1326,0
13919,22,1,1574,0.05
13919,6,2,529,0.15
13920,18,2,778,0.15
13920,29,1,2320,0.05
13921,52,1,1957,0
13921,34,1,2437,0.1
13921,6,1,529,0.05
13922,13,1,3877,0.2
13922,31,1,3203,0.05
13923,27,1,1579,0
13924,7,1,1985,0.05
13925,27,1,1579,0
13926,8,1,1791,0
13926,34,3,2437,0.05
13927,25,1,3410,0
13928,3,1,3713,0.05
13929,36,1,1580,0.05
13930,3,1,3713,0.05
13931,49,1,1048,0
13931,48,1,2972,0.05
13932,7,1,1985,0
13933,10,1,3487,0.05
13933,49,3,1048,0
13934,26,1,4752,0.1
13934,10,1,3487,0
13934,32,1,126,0
13934,38,1,3806,0.05
13935,4,1,2293,0.05
13935,55,1,4572,0.1
13935,10,1,3487,0
13936,16,1,1002,0.1
13936,25,1,3410,0.15
13936,53,1,1286,0.05
13937,42,1,3125,0.2
13937,14,1,4075,0.2
13938,39,1,2235,0
13939,26,1,4752,0
13939,39,1,2235,0.1
13940,29,1,2320,0
13941,60,1,552,0.05
13942,18,1,778,0
13943,11,1,1744,0.2
13944,21,1,2746,0
13944,38,1,3806,0.05
13945,50,2,2033,0.1
13946,33,1,4175,0
13946,16,1,1002,0.05
13947,41,2,931,0
13947,59,1,2290,0.2
13947,50,1,2033,0.1
13947,49,1,1048,0
13948,22,1,1574,0.1
13948,36,1,1580,0
13948,17,3,2656,0.05
13949,20,1,3438,0.05
13949,58,1,1326,0.15
13950,55,1,4572,0.1
13951,54,1,3026,0
13952,49,1,1048,0.2
13953,11,2,1744,0.1
13954,26,1,4752,0
13954,30,2,4729,0
13954,6,1,529,0.1
13954,15,1,860,0.15
13955,41,1,931,0.05
13955,17,2,2656,0
13955,41,2,931,0
13956,49,2,1048,0
13957,51,1,2916,0
13957,20,2,3438,0.05
13957,48,1,2972,0.15
13958,57,1,729,0.1
13958,6,1,529,0
13959,32,1,126,0.05
13959,4,1,2293,0
13960,6,1,529,0
13960,10,2,3487,0.1
13961,29,1,2320,0.15
13961,11,2,1744,0.1
13961,56,1,630,0
13961,36,1,1580,0.1
13962,7,1,1985,0.05
13963,3,2,3713,0
13963,25,1,3410,0.2
13964,52,1,1957,0
13965,17,1,2656,0.05
13966,42,1,3125,0.05
13967,28,1,567,0.2
13968,32,1,126,0
13969,11,1,1744,0
13969,22,1,1574,0.15
13970,43,1,4289,0.05
13971,11,1,1744,0.15
13971,57,1,729,0
13971,50,1,2033,0.05
13972,12,1,4627,0.15
13972,4,1,2293,0
13972,43,1,4289,0.15
13973,21,2,2746,0.05
13973,18,1,778,0.1
13974,38,1,3806,0.05
13974,43,1,4289,0
13975,37,1,667,0
13975,56,2,630,0.1
13976,39,1,2235,0.1
13977,3,1,3713,0
13978,47,1,1558,0.2
13979,17,1,2656,0.1
13979,27,1,1579,0.15
13979,47,2,1558,0.15
13980,40,1,3255,0.1
13981,7,1,1985,0.05
13981,14,1,4075,0.2
13982,47,1,1558,0.05
13982,56,1,630,0.05
13983,42,1,3125,0.15
13984,3,1,3713,0.1
13985,22,1,1574,0.05
13986,6,1,529,0.15
13986,40,1,3255,0.1
13986,23,1,2336,0.05
13987,27,2,1579,0.1
13988,42,1,3125,0.05
13988,41,1,931,0
13988,46,1,3785,0
13989,25,1,3410,0
13990,6,1,529,0
13991,26,2,4752,0
13991,30,1,4729,0.1
13992,54,1,3026,0.1
13992,2,1,3850,0
13993,5,1,1760,0.15
13993,50,1,2033,0.05
13993,32,1,126,0.1
13993,51,2,2916,0.05
13994,31,2,3203,0.1
13994,42,2,3125,0
13995,43,1,4289,0
13995,37,1,667,0.2
13996,48,1,2972,0
13996,56,1,630,0.05
13996,12,2,4627,0.15
13997,58,2,1326,0
13997,60,1,552,0.1
13997,5,1,1760,0.1
13998,13,1,3877,0.1
13998,39,1,2235,0.05
13999,40,1,3255,0
13999,7,1,1985,0
14000,24,1,2262,0.2
14000,1,1,150,0
14001,28,1,567,0.05
14001,30,1,4729,0.15
14002,40,2,3255,0
14003,56,1,630,0
14003,10,1,3487,0.15
14004,23,1,2336,0
14004,35,1,1942,0
14005,1,1,150,0.05
14005,20,1,3438,0.05
14006,25,1,3410,0.2
14006,59,1,2290,0
14007,28,1,567,0.2
14007,53,1,1286,0
14007,8,1,1791,0.1
14007,3,2,3713,0
14008,42,2,3125,0
14008,56,1,630,0
14009,30,1,4729,0.1
14010,45,1,4975,0.05
14010,39,1,2235,0
14011,56,1,630,0.15
14011,4,2,2293,0
14012,40,2,3255,0.05
14013,33,1,4175,0
14014,44,1,724,0.15
14015,32,1,126,0.1
14015,14,1,4075,0.1
14016,21,1,2746,0.15
14017,14,2,4075,0
14018,34,1,2437,0.05
14018,6,1,529,0
14019,28,1,567,0
14020,6,1,529,0.05
14020,15,2,860,0.1
14020,59,1,2290,0.1
14020,54,1,3026,0
14021,60,1,552,0
14022,30,1,4729,0
14022,1,1,150,0
14023,36,1,1580,0
14023,10,1,3487,0.1
14023,56,1,630,0.05
14024,32,1,126,0
14025,38,1,3806,0
14025,18,3,778,0.1
14025,5,1,1760,0
14026,50,1,2033,0
14027,7,1,1985,0.05
14028,9,1,4658,0
14028,39,1,2235,0.15
14028,59,1,2290,0
14029,5,1,1760,0
14029,48,1,2972,0
14030,9,1,4658,0.1
14030,39,1,2235,0.15
14031,16,1,1002,0.05
14031,21,1,2746,0
14031,7,2,1985,0
14031,28,1,567,0.05
14032,39,1,2235,0.2
14032,39,1,2235,0.1
14032,1,1,150,0.2
14033,43,3,4289,0.15
14034,33,1,4175,0.2
14034,46,2,3785,0
14035,47,1,1558,0
14036,57,1,729,0.05
14036,57,1,729,0.05
14037,6,1,529,0
14038,32,1,126,0.05
14039,29,1,2320,0
14039,41,1,931,0
14040,30,1,4729,0.2
14040,40,1,3255,0.15
14040,46,1,3785,0
14041,48,2,2972,0
14042,39,1,2235,0
14043,46,2,3785,0.2
14043,40,1,3255,0.05
14044,19,1,2193,0.05
14044,55,1,4572,0.05
14045,31,1,3203,0
14045,38,1,3806,0.1
14045,53,1,1286,0
14046,19,1,2193,0
14047,23,1,2336,0
14047,58,1,1326,0.05
14047,56,1,630,0
14048,32,1,126,0
14049,10,1,3487,0
14050,30,1,4729,0
14051,24,1,2262,0
14051,54,1,3026,0
14052,43,1,4289,0
14053,16,1,1002,0.05
14054,2,1,3850,0
14054,36,3,1580,0.15
14055,58,1,1326,0
14056,15,1,860,0.1
14056,38,2,3806,0
14056,25,1,3410,0
14057,33,1,4175,0.05
14058,55,1,4572,0.05
14059,60,1,552,0.1
14060,15,1,860,0.15
14061,7,1,1985,0.05
14061,29,3,2320,0
14062,57,1,729,0.2
14062,56,1,630,0.1
14063,21,1,2746,0
14064,7,1,1985,0
14064,42,1,3125,0.2
14064,18,1,778,0.2
14064,60,1,552,0.05
14065,51,1,2916,0.15
14066,29,1,2320,0
14066,50,1,2033,0.1
14066,11,1,1744,0.05
14066,43,2,4289,0.15
14067,8,1,1791,0.05
14067,46,2,3785,0.05
14068,13,1,3877,0.1
14068,55,1,4572,0.1
14069,47,1,1558,0
14069,48,1,2972,0.15
14070,13,1,3877,0.05
14070,59,1,2290,0.1
14071,26,1,4752,0.05
14071,13,1,3877,0
14071,52,1,1957,0.15
14072,43,1,4289,0.05
14073,44,1,724,0.15
14073,54,1,3026,0.05
14074,60,1,552,0
14074,11,1,1744,0
14074,30,1,4729,0.1
14075,51,1,2916,0
14075,39,1,2235,0.15
14076,11,2,1744,0.1
14076,2,1,3850,0.05
14077,55,1,4572,0
14077,53,1,1286,0.2
14077,49,1,1048,0.1
14077,20,2,3438,0.2
14078,12,1,4627,0.15
14079,42,1,3125,0.05
14080,40,1,3255,0
14080,33,1,4175,0
14081,7,2,1985,0.1
14082,44,3,724,0.15
14082,55,1,4572,0
14083,29,1,2320,0
14084,8,2,1791,0.15
14084,28,1,567,0
14084,9,1,4658,0
14085,20,1,3438,0
14086,39,2,2235,0.1
14087,7,1,1985,0.1
14087,42,2,3125,0.05
14087,9,2,4658,0
14087,24,1,2262,0
14088,17,2,2656,0.2
14088,15,1,860,0.1
14089,11,1,1744,0
14089,17,1,2656,0.1
14090,33,1,4175,0.05
14091,29,1,2320,0.05
14091,1,2,150,0
14091,36,2,1580,0
14092,8,1,1791,0.2
14092,60,1,552,0
14093,48,1,2972,0.1
14093,16,1,1002,0.05
14094,30,1,4729,0
14094,2,1,3850,0.05
14095,44,1,724,0
14096,24,2,2262,0.1
14097,25,3,3410,0.15
14098,59,1,2290,0.15
14098,10,3,3487,0.05
14098,48,1,2972,0.15
14098,39,2,2235,0.1
14099,6,1,529,0
14099,38,1,3806,0.05
14099,2,2,3850,0.15
14100,55,1,4572,0
14100,42,1,3125,0.2
14100,6,1,529,0
14100,42,3,3125,0.1
14101,45,2,4975,0.05
14101,47,1,1558,0
14102,3,1,3713,0.15
14102,3,1,3713,0.05
14103,33,1,4175,0
14104,5,1,1760,0
14105,10,1,3487,0.1
14105,23,2,2336,0.15
14105,37,2,667,0.1
14106,12,2,4627,0
14106,33,1,4175,0
14107,16,1,1002,0.05
14108,56,1,630,0.2
14109,50,1,2033,0.05
14109,14,1,4075,0.15
14110,58,1,1326,0
14111,46,1,3785,0.15
14111,30,1,4729,0.1
14111,33,2,4175,0.2
14112,28,1,567,0.05
14112,40,1,3255,0.2
14113,9,1,4658,0.1
14113,43,2,4289,0.1
14113,48,1,2972,0
14114,23,1,2336,0.05
14114,23,2,2336,0.1
14115,39,1,2235,0.05
14115,54,1,3026,0.05
14115,49,1,1048,0.1
14116,6,2,529,0
14117,52,1,1957,0.05
14118,3,1,3713,0.05
14118,45,1,4975,0.2
14118,52,1,1957,0
14119,24,1,2262,0.1
14120,10,1,3487,0.05
14120,33,1,4175,0
14120,4,1,2293,0.05
14120,38,3,3806,0
14121,4,2,2293,0
14121,28,1,567,0.05
14122,51,1,2916,0.1
14122,9,1,4658,0.1
14122,26,2,4752,0.2
14123,17,1,2656,0
14123,50,1,2033,0
14124,45,1,4975,0
14124,37,1,667,0
14125,59,1,2290,0
14125,10,1,3487,0.05
14126,7,1,1985,0
14127,16,1,1002,0.1
14128,19,1,2193,0.1
14129,11,1,1744,0.05
14129,28,1,567,0.05
14130,50,1,2033,0
14131,49,2,1048,0.05
14131,45,1,4975,0.1
14131,59,1,2290,0.1
14131,9,1,4658,0.1
14132,1,1,150,0.05
14132,48,1,2972,0.05
14132,48,1,2972,0.15
14133,4,1,2293,0.05
14134,60,1,552,0.1
14134,58,1,1326,0
14134,14,2,4075,0.05
14135,55,2,4572,0.1
14136,13,1,3877,0.1
14137,50,1,2033,0.05
14138,48,1,2972,0.05
14139,33,2,4175,0.1
14139,35,1,1942,0.1
14140,6,1,529,0
14140,41,1,931,0
14141,24,1,2262,0
14142,3,1,3713,0
14142,50,1,2033,0
14143,14,1,4075,0.1
14143,36,2,1580,0.05
14144,28,1,567,0.05
14145,17,1,2656,0
14146,56,1,630,0
14147,1,1,150,0.05
14148,19,1,2193,0.05
14148,39,1,2235,0.1
14149,29,1,2320,0.1
14150,12,1,4627,0.05
14150,58,1,1326,0.1
14151,39,2,2235,0.05
14151,42,1,3125,0
14152,22,1,1574,0.1
14153,2,1,3850,0.05
14153,34,1,2437,0.2
14154,1,1,150,0.05
14154,3,1,3713,0.1
14155,21,1,2746,0.05
14155,3,1,3713,0.1
14156,28,1,567,0.05
14157,22,1,1574,0
14157,46,1,3785,0
14158,4,1,2293,0
14158,28,1,567,0
14159,60,1,552,0
14159,14,1,4075,0
14160,36,1,1580,0.1
14161,56,1,630,0.1
14162,49,1,1048,0
14162,58,1,1326,0
14163,6,2,529,0.05
14163,44,1,724,0.05
14163,60,1,552,0.15
14163,54,2,3026,0.1
14164,15,1,860,0.05
14165,43,1,4289,0
14166,47,2,1558,0.05
14166,15,1,860,0.1
14167,46,3,3785,0.05
14167,57,1,729,0
14168,11,1,1744,0
14169,2,1,3850,0
14169,48,1,2972,0.15
14169,31,2,3203,0.05
14170,37,1,667,0.1
14170,38,1,3806,0.05
14170,12,1,4627,0
14171,25,1,3410,0
14172,29,1,2320,0.05
14172,22,1,1574,0
14172,5,1,1760,0.05
14173,21,1,2746,0.1
14173,41,2,931,0.1
14174,48,1,2972,0.05
14174,50,3,2033,0.05
14175,55,2,4572,0
14176,6,1,529,0
14176,29,1,2320,0.05
14177,42,1,3125,0.05
14178,37,1,667,0
14179,25,2,3410,0
14180,23,1,2336,0.05
14181,30,1,4729,0.1
14182,21,1,2746,0.05
14183,53,1,1286,0
14183,15,1,860,0.2
14184,46,1,3785,0.05
14185,55,1,4572,0.1
14186,24,1,2262,0
14186,24,1,2262,0
14186,47,1,1558,0.2
14187,49,1,1048,0
14188,31,1,3203,0.1
14189,33,3,4175,0
14189,35,3,1942,0.1
14190,58,3,1326,0.1
14190,40,1,3255,0.05
14190,19,2,2193,0.05
14190,11,1,1744,0
14191,24,3,2262,0
14192,38,1,3806,0.05
14193,47,1,1558,0
14193,25,1,3410,0.05
14194,59,1,2290,0.15
14194,17,2,2656,0.05
14195,12,1,4627,0
14195,8,1,1791,0.05
14196,40,1,3255,0.15
14196,21,1,2746,0.1
14196,18,1,778,0.1
14196,59,1,2290,0.05
14197,12,2,4627,0
14198,34,2,2437,0
14199,2,1,3850,0.1
14200,47,2,1558,0.05
14201,34,1,2437,0.1
14201,5,1,1760,0
14201,56,1,630,0
14202,1,1,150,0
14203,54,2,3026,0
14204,10,2,3487,0
14205,17,2,2656,0.05
14205,5,3,1760,0
14205,27,1,1579,0.1
14206,2,1,3850,0
14207,6,1,529,0.1
14208,21,1,2746,0.1
14209,30,1,4729,0.1
14209,45,2,4975,0.05
14209,42,2,3125,0.15
14209,54,1,3026,0
14210,57,1,729,0.05
14210,31,1,3203,0.05
14210,1,1,150,0.1
14210,13,1,3877,0.15
14211,1,1,150,0.1
14211,18,1,778,0
14212,35,1,1942,0.05
14212,8,1,1791,0
14213,3,1,3713,0
14214,21,2,2746,0.1
14214,8,1,1791,0.2
14215,14,1,4075,0
14216,25,1,3410,0
14216,56,1,630,0
14216,5,1,1760,0.05
14217,54,2,3026,0.2
14217,2,1,3850,0.15
14217,32,1,126,0.05
14218,35,1,1942,0.1
14219,27,1,1579,0
14220,4,1,2293,0
14221,51,1,2916,0
14221,4,1,2293,0
14221,16,1,1002,0.05
14222,36,1,1580,0
14223,15,1,860,0
14223,2,2,3850,0.05
14224,33,1,4175,0
14224,56,2,630,0.1
14224,41,1,931,0.1
14224,15,1,860,0.05
14225,32,1,126,0.1
14225,4,1,2293,0
14226,31,1,3203,0.15
14226,24,1,2262,0.05
14226,29,1,2320,0.2
14227,16,1,1002,0.15
14228,44,1,724,0
14228,48,1,2972,0.1
14228,40,3,3255,0
14229,48,2,2972,0.05
14229,57,1,729,0.05
14230,27,1,1579,0
14231,30,1,4729,0.15
14231,60,1,552,0.2
14231,49,2,1048,0.05
14232,6,1,529,0.15
14233,18,2,778,0
14234,49,1,1048,0.05
14234,33,1,4175,0
14235,14,1,4075,0.1
14236,52,1,1957,0.1
14236,15,1,860,0
14236,25,2,3410,0
14237,17,1,2656,0.05
14237,13,1,3877,0
14238,56,1,630,0.15
14239,20,1,3438,0.15
14239,53,1,1286,0
14239,41,1,931,0.05
14240,24,1,2262,0
14241,10,1,3487,0
14241,42,1,3125,0.05
14242,53,1,1286,0.05
14243,48,1,2972,0.15
14244,5,1,1760,0
14245,10,1,3487,0.05
14245,48,1,2972,0
14246,10,2,3487,0
14247,58,1,1326,0
14247,40,1,3255,0.05
14248,57,1,729,0.1
14248,12,1,4627,0.1
14249,14,1,4075,0.05
14250,16,1,1002,0.1
14251,32,2,126,0.1
14251,59,1,2290,0.05
14252,45,1,4975,0.15
14253,4,2,2293,0.2
14253,11,1,1744,0.05
14253,49,1,1048,0
14254,10,1,3487,0.1
14255,57,1,729,0.15
14256,47,2,1558,0.05
14256,4,1,2293,0.05
14256,59,2,2290,0.1
14257,34,2,2437,0.2
14258,27,1,1579,0.1
14259,5,1,1760,0
14259,20,1,3438,0
14260,39,1,2235,0.2
14261,47,1,1558,0
14261,8,1,1791,0
14261,43,1,4289,0.2
14262,2,3,3850,0.1
14263,50,1,2033,0.1
14263,5,1,1760,0
14263,52,1,1957,0
14263,25,1,3410,0.05
14264,32,1,126,0.15
14264,11,1,1744,0.15
14265,13,1,3877,0.1
14266,47,1,1558,0
14266,35,1,1942,0.15
14266,50,1,2033,0
14267,53,1,1286,0
14268,16,1,1002,0
14269,32,1,126,0.1
14270,52,2,1957,0.05
14270,57,1,729,0
14271,35,1,1942,0.05
14272,26,1,4752,0
14273,23,1,2336,0
14274,30,1,4729,0
14275,54,1,3026,0.1
14276,18,2,778,0.1
14276,32,2,126,0
14276,3,1,3713,0.1
14276,45,1,4975,0.05
14277,43,1,4289,0
14277,21,2,2746,0
14278,56,1,630,0
14279,52,1,1957,0.05
14279,59,1,2290,0.05
14279,6,2,529,0.05
14280,22,2,1574,0
14280,29,1,2320,0.2
14280,32,1,126,0.05
14281,5,1,1760,0.15
14281,22,1,1574,0.1
14282,14,1,4075,0.15
14282,14,1,4075,0
14283,9,1,4658,0
14283,58,1,1326,0
14283,59,1,2290,0.1
14284,16,2,1002,0.1
14284,44,1,724,0
14285,11,1,1744,0.1
14286,31,1,3203,0.15
14287,25,1,3410,0.05
14288,23,2,2336,0.1
14289,12,2,4627,0
14290,1,1,150,0.1
14291,20,2,3438,0
14292,2,2,3850,0
14293,60,1,552,0
14294,25,1,3410,0.2
14295,40,1,3255,0.1
14295,2,1,3850,0
14295,21,1,2746,0
14296,25,1,3410,0.05
14296,33,2,4175,0.1
14297,9,2,4658,0.2
14297,48,1,2972,0
14298,28,1,567,0.2
14298,42,1,3125,0
14299,50,2,2033,0.2
14299,11,1,1744,0
14299,23,1,2336,0.1
14299,24,1,2262,0.05
14300,14,1,4075,0.15
14300,23,1,2336,0
14300,36,1,1580,0.1
14301,28,1,567,0.1
14301,7,1,1985,0.05
14301,7,2,1985,0
14302,57,1,729,0.1
14302,23,2,2336,0
14302,60,1,552,0
14303,50,2,2033,0.05
14303,27,2,1579,0
14304,25,1,3410,0
14305,34,1,2437,0
14305,28,1,567,0.1
14306,16,1,1002,0.1
14307,42,1,3125,0.15
14308,50,1,2033,0.2
14308,37,1,667,0
14309,7,1,1985,0
14309,40,1,3255,0.1
14309,18,2,778,0.2
14310,16,1,1002,0.05
14310,31,1,3203,0
14310,39,1,2235,0.15
14311,37,1,667,0.05
14311,53,1,1286,0.1
14311,35,1,1942,0.05
14312,49,2,1048,0.05
14312,17,1,2656,0.05
14312,38,2,3806,0.05
14312,7,1,1985,0.05
14313,52,1,1957,0
14313,4,1,2293,0.05
14314,24,1,2262,0.05
14314,57,1,729,0.05
14314,1,3,150,0.05
14314,45,1,4975,0.05
14315,45,1,4975,0.05
14315,53,2,1286,0.1
14316,9,1,4658,0.1
14316,27,1,1579,0.1
14317,41,1,931,0.05
14317,54,2,3026,0.2
14318,32,1,126,0.05
14318,3,3,3713,0.05
14318,11,2,1744,0
14319,42,1,3125,0.15
14319,14,1,4075,0.1
14320,8,1,1791,0.05
14320,51,1,2916,0
14320,38,1,3806,0.1
14320,8,1,1791,0.05
14321,16,1,1002,0
14322,45,1,4975,0
14323,16,1,1002,0
14324,55,1,4572,0.2
14324,41,1,931,0.1
14324,54,2,3026,0
14325,17,1,2656,0
14325,14,1,4075,0
14326,39,2,2235,0.05
14327,28,1,567,0
14328,8,1,1791,0
14329,52,1,1957,0.05
14330,44,1,724,0.1
14330,28,1,567,0.2
14330,14,1,4075,0.15
14330,26,1,4752,0.1
14331,50,3,2033,0.05
14332,6,1,529,0.05
14332,45,1,4975,0
14332,20,1,3438,0.05
14333,1,1,150,0
14333,51,2,2916,0.2
14333,4,2,2293,0
14334,44,1,724,0.05
14335,16,2,1002,0
14336,59,3,2290,0.1
14337,60,2,552,0
14337,14,1,4075,0
14337,1,1,150,0.05
14337,40,1,3255,0
14338,49,1,1048,0
14339,53,1,1286,0.05
14340,28,1,567,0.05
14341,17,1,2656,0.05
14342,28,1,567,0.05
14342,12,1,4627,0.05
14343,12,1,4627,0
14343,19,1,2193,0
14343,34,1,2437,0
14344,17,1,2656,0.1
14344,23,2,2336,0.05
14344,48,1,2972,0
14345,20,2,3438,0.05
14345,16,1,1002,0.1
14346,14,1,4075,0.05
14346,3,1,3713,0.05
14346,58,1,1326,0.05
14347,46,1,3785,0.15
14348,45,1,4975,0.05
14349,1,2,150,0.1
14349,41,2,931,0
14350,8,1,1791,0
14350,38,1,3806,0
14351,45,1,4975,0
14351,36,1,1580,0
14352,41,1,931,0.1
14352,40,1,3255,0.05
14353,42,1,3125,0
14354,9,1,4658,0
14354,28,1,567,0
14355,22,1,1574,0.15
14355,58,1,1326,0
14356,17,1,2656,0.1
14357,4,1,2293,0.05
14358,25,1,3410,0
14359,45,2,4975,0.05
14360,25,1,3410,0.1
14360,25,1,3410,0.1
14360,8,1,1791,0.2
14361,17,1,2656,0
14362,25,1,3410,0
14362,56,1,630,0.15
14362,56,1,630,0.05
14363,53,1,1286,0.1
14363,37,1,667,0.05
14364,47,1,1558,0.05
14364,40,1,3255,0.1
14364,44,2,724,0.15
14365,16,2,1002,0.05
14365,31,1,3203,0.05
14365,37,1,667,0.15
14366,42,1,3125,0.05
14366,24,1,2262,0
14367,26,1,4752,0
14368,3,1,3713,0.1
14369,37,2,667,0
14369,44,1,724,0.05
14369,6,1,529,0.15
14370,30,1,4729,0
14370,6,1,529,0
14371,41,1,931,0.05
14372,20,1,3438,0.1
14373,53,1,1286,0.15
14374,24,2,2262,0.05
14375,51,1,2916,0.1
14375,44,1,724,0.05
14375,8,2,1791,0.05
14376,10,1,3487,0.1
14377,28,1,567,0.15
14378,42,1,3125,0.05
14378,30,1,4729,0
14378,44,1,724,0.05
14379,20,2,3438,0
14380,27,1,1579,0
14380,40,1,3255,0.1
14381,50,1,2033,0.1
14381,50,1,2033,0
14381,29,1,2320,0.05
14382,17,2,2656,0
14382,39,1,2235,0
14383,15,1,860,0
14384,38,1,3806,0
14384,42,1,3125,0.1
14384,56,1,630,0.1
14384,50,1,2033,0
14385,12,1,4627,0.05
14385,22,2,1574,0
14386,42,1,3125,0.1
14387,4,2,2293,0.05
14387,51,2,2916,0.2
14387,11,1,1744,0
14388,19,1,2193,0
14388,49,1,1048,0
14389,22,1,1574,0.05
14389,29,1,2320,0
14390,34,1,2437,0
14390,58,1,1326,0
14390,26,1,4752,0.1
14391,28,1,567,0.05
14391,35,1,1942,0
14392,43,2,4289,0.05
14392,53,1,1286,0.1
14392,60,1,552,0
14392,4,2,2293,0.1
14393,18,2,778,0.05
14394,40,2,3255,0.1
14394,38,2,3806,0.05
14394,17,2,2656,0.1
14395,20,1,3438,0.2
14395,9,1,4658,0.1
14395,7,1,1985,0.1
14396,51,1,2916,0.1
14396,23,1,2336,0.05
14397,37,1,667,0.15
14397,43,2,4289,0
14397,57,1,729,0.05
14398,12,1,4627,0.1
14398,23,1,2336,0.15
14399,43,1,4289,0
14400,58,2,1326,0
14400,37,1,667,0
14401,54,1,3026,0.05
14401,54,2,3026,0
14401,55,1,4572,0.2
14402,36,1,1580,0.05
14403,43,1,4289,0.1
14403,30,1,4729,0.05
14404,52,1,1957,0.1
14405,20,1,3438,0
14406,44,1,724,0.2
14406,33,1,4175,0
14407,46,1,3785,0
14408,40,1,3255,0
14408,6,2,529,0.1
14409,26,1,4752,0
14409,48,1,2972,0.1
14410,59,1,2290,0.15
14410,18,1,778,0.1
14410,14,1,4075,0
14411,50,1,2033,0
14411,54,1,3026,0.1
14411,31,1,3203,0
14412,3,1,3713,0.1
14412,21,1,2746,0.05
14413,34,3,2437,0.05
14414,46,1,3785,0.05
14415,30,1,4729,0
14416,2,1,3850,0
14416,23,1,2336,0.05
14417,24,1,2262,0.05
14417,19,1,2193,0.05
14417,50,1,2033,0.15
14418,28,1,567,0
14419,6,1,529,0.1
14420,59,1,2290,0.1
14421,27,2,1579,0
14422,13,1,3877,0.1
14422,25,1,3410,0
14423,18,1,778,0.1
14424,30,1,4729,0.05
14424,7,2,1985,0.15
14425,28,1,567,0.05
14425,41,1,931,0
14426,47,3,1558,0
14427,51,2,2916,0.05
14427,25,1,3410,0.1
14427,17,2,2656,0.05
14428,22,1,1574,0
14428,51,1,2916,0.15
14428,32,2,126,0
14429,7,1,1985,0.05
14430,37,1,667,0.05
14431,16,1,1002,0.05
14431,37,1,667,0.05
14431,40,1,3255,0.1
14432,60,1,552,0.1
14433,35,2,1942,0.1
14433,4,1,2293,0.2
14434,39,1,2235,0.1
14435,37,2,667,0
14436,58,1,1326,0
14436,52,1,1957,0.1
14436,52,1,1957,0.1
14437,2,2,3850,0.1
14438,56,1,630,0
14439,18,1,778,0
14439,36,1,1580,0.1
14440,10,1,3487,0
14441,48,1,2972,0.15
14441,34,2,2437,0.05
14442,39,2,2235,0
14442,5,1,1760,0
14443,14,1,4075,0.05
14444,42,1,3125,0
14445,37,1,667,0.1
14445,60,1,552,0
14446,60,2,552,0.2
14446,17,1,2656,0
14446,8,1,1791,0
14447,20,2,3438,0
14448,52,1,1957,0.15
14448,44,1,724,0
14449,30,1,4729,0.05
14450,60,1,552,0
14450,20,2,3438,0.05
14451,24,1,2262,0
14452,7,2,1985,0.05
14452,38,1,3806,0.15
14453,58,2,1326,0
14453,22,2,1574,0.05
14453,59,1,2290,0.05
14453,21,1,2746,0.1
14454,41,1,931,0.1
14454,19,1,2193,0.05
14454,51,2,2916,0.2
14455,31,1,3203,0.1
14455,50,1,2033,0.1
14456,40,1,3255,0.05
14457,31,2,3203,0.1
14457,44,1,724,0.1
14458,32,1,126,0.1
14458,1,1,150,0.05
14459,30,1,4729,0.1
14460,42,1,3125,0.05
14460,1,2,150,0.05
14461,52,1,1957,0.05
14461,44,1,724,0
14462,23,1,2336,0.05
14463,7,1,1985,0.05
14464,44,1,724,0
14464,37,1,667,0
14465,6,1,529,0.15
14465,20,1,3438,0
14465,3,1,3713,0
14466,50,1,2033,0.15
14466,18,1,778,0.05
14466,38,1,3806,0.05
14467,48,1,2972,0.05
14467,6,1,529,0.05
14467,45,2,4975,0
14467,29,1,2320,0.2
14468,16,2,1002,0.1
14468,11,1,1744,0.05
14469,50,1,2033,0.05
14470,11,1,1744,0.05
14470,29,1,2320,0.05
14471,57,3,729,0
14471,47,1,1558,0.05
14472,23,1,2336,0.05
14472,48,1,2972,0.05
14472,28,1,567,0.1
14473,58,1,1326,0.2
14473,43,1,4289,0.1
14474,14,1,4075,0
14475,30,1,4729,0.05
14476,29,2,2320,0.15
14476,35,1,1942,0
14477,2,1,3850,0.1
14478,48,1,2972,0.1
14478,15,1,860,0
14478,20,1,3438,0
14478,59,1,2290,0.1
14479,16,2,1002,0.15
14479,7,1,1985,0.05
14479,23,1,2336,0
14480,13,1,3877,0
14480,60,1,552,0.1
14481,28,1,567,0.2
14481,49,1,1048,0.1
14482,3,1,3713,0.1
14483,23,1,2336,0
14484,8,1,1791,0
14485,13,2,3877,0.05
14485,3,2,3713,0
14486,53,2,1286,0
14487,21,2,2746,0
14487,23,1,2336,0
14487,4,1,2293,0
14487,56,1,630,0
14488,42,1,3125,0.1
14488,30,1,4729,0.1
14489,30,2,4729,0.1
14489,60,1,552,0.15
14490,49,3,1048,0
14490,45,1,4975,0.1
14491,9,2,4658,0.15
14492,60,1,552,0.05
14492,16,1,1002,0.15
14493,53,1,1286,0.1
14494,45,2,4975,0.1
14495,19,1,2193,0.15
14495,41,1,931,0.2
14496,24,1,2262,0.05
14497,30,1,4729,0
14497,40,1,3255,0
14498,5,1,1760,0
14499,23,1,2336,0
14499,22,1,1574,0.05
14500,60,1,552,0.05
14501,41,2,931,0.05
14502,8,1,1791,0.15
14502,13,1,3877,0
14502,55,1,4572,0
14503,12,1,4627,0.05
14504,6,1,529,0.2
14504,55,1,4572,0.1
14505,9,1,4658,0.1
14505,29,1,2320,0.05
14505,59,1,2290,0.1
14505,16,1,1002,0.15
14506,25,1,3410,0
14506,45,1,4975,0.05
14506,4,1,2293,0.05
14506,28,2,567,0.15
14507,21,1,2746,0
14508,26,1,4752,0.1
14508,15,1,860,0.15
14508,48,1,2972,0.1
14509,3,1,3713,0
14510,55,1,4572,0.05
14510,10,1,3487,0
14511,54,1,3026,0
14512,46,2,3785,0.1
14512,52,1,1957,0.15
14513,5,1,1760,0.15
14513,5,3,1760,0.05
14514,55,1,4572,0
14515,58,1,1326,0
14515,12,1,4627,0.05
14515,4,1,2293,0
14515,45,1,4975,0.15
14516,6,1,529,0.15
14516,4,1,2293,0
14516,57,2,729,0
14516,51,2,2916,0.2
14517,23,1,2336,0.05
14517,40,1,3255,0.1
14517,5,1,1760,0
14517,42,3,3125,0.05
14518,18,1,778,0.15
14518,12,1,4627,0.05
14518,29,1,2320,0.1
14519,32,1,126,0.05
14519,60,1,552,0
14520,12,2,4627,0
14520,32,1,126,0
14520,51,1,2916,0.15
14521,52,1,1957,0
14521,46,1,3785,0
14522,52,2,1957,0.1
14523,38,1,3806,0
14524,15,1,860,0.1
14524,33,1,4175,0.05
14525,19,1,2193,0
14526,49,1,1048,0
14526,52,1,1957,0
14526,55,2,4572,0
14527,29,1,2320,0
14527,53,2,1286,0.05
14528,31,1,3203,0
14528,49,1,1048,0.05
14528,3,1,3713,0.05
14528,25,1,3410,0.15
14529,60,1,552,0.1
14529,52,1,1957,0.2
14529,51,2,2916,0.1
14530,34,1,2437,0.1
14531,53,1,1286,0.1
14532,3,2,3713,0
14533,25,1,3410,0
14533,26,1,4752,0
14534,39,1,2235,0.05
14535,26,2,4752,0.1
14536,22,1,1574,0.1
14536,15,2,860,0.05
14537,20,1,3438,0
14537,25,1,3410,0.05
14538,24,1,2262,0.15
14538,16,1,1002,0
14539,57,1,729,0
14539,10,1,3487,0.1
14539,47,1,1558,0
14540,38,1,3806,0
14540,14,1,4075,0
14540,5,1,1760,0.1
14540,36,2,1580,0
14541,23,2,2336,0.1
14541,42,1,3125,0
14542,39,1,2235,0.1
14543,20,2,3438,0.05
14544,50,1,2033,0.1
14544,27,1,1579,0.15
14545,16,1,1002,0
14545,15,1,860,0
14545,48,1,2972,0.1
14546,57,1,729,0.05
14547,10,1,3487,0.2
14547,54,1,3026,0.2
14547,54,1,3026,0
14548,12,1,4627,0
14549,42,2,3125,0.05
14549,41,1,931,0.1
14550,20,1,3438,0.1
14550,49,1,1048,0
14550,50,1,2033,0
14551,60,1,552,0.1
14551,42,1,3125,0
14552,26,1,4752,0
14553,40,3,3255,0.1
14553,9,3,4658,0
14554,57,1,729,0
14554,5,2,1760,0
14555,9,1,4658,0.15
14555,57,1,729,0.05
14556,43,1,4289,0.05
14556,50,1,2033,0
14556,22,1,1574,0
14557,26,1,4752,0
14557,1,1,150,0.15
14557,36,1,1580,0.1
14558,10,1,3487,0
14559,1,1,150,0.05
14559,11,1,1744,0.1
14560,21,1,2746,0.1
14560,42,1,3125,0
14560,31,1,3203,0
14560,15,2,860,0
14561,52,1,1957,0.05
14562,48,1,2972,0
14562,42,1,3125,0
14563,4,1,2293,0
14564,1,1,150,0.1
14564,34,1,2437,0.05
14564,30,1,4729,0.1
14564,26,1,4752,0.2
14565,12,2,4627,0
14565,59,1,2290,0
14566,14,1,4075,0
14566,35,1,1942,0
14567,51,1,2916,0.05
14567,12,1,4627,0
14568,20,1,3438,0.1
14569,44,1,724,0
14570,59,1,2290,0.15
14571,23,1,2336,0
14572,51,2,2916,0.1
14573,23,1,2336,0
14573,56,1,630,0.15
14573,55,1,4572,0
14573,8,2,1791,0
14574,51,1,2916,0.1
14574,3,1,3713,0.15
14575,58,1,1326,0.05
14575,53,2,1286,0.05
14576,37,1,667,0.1
14576,24,2,2262,0.1
14577,34,1,2437,0
14577,50,1,2033,0.15
14577,18,2,778,0.1
14578,22,1,1574,0.1
14579,6,1,529,0
14580,22,2,1574,0.15
14581,54,1,3026,0.05
14581,10,1,3487,0.05
14582,12,1,4627,0
14583,35,1,1942,0.1
14584,8,1,1791,0
14584,36,1,1580,0.05
14585,6,1,529,0.05
14585,44,1,724,0
14586,60,1,552,0.2
14587,40,1,3255,0.1
14587,52,2,1957,0.1
14587,58,1,1326,0.05
14588,26,1,4752,0
14589,56,1,630,0
14590,46,1,3785,0.05
14590,36,1,1580,0.05
14590,58,2,1326,0.05
14591,19,1,2193,0.2
14592,36,1,1580,0.15
14592,49,1,1048,0.1
14593,51,2,2916,0.1
14594,49,1,1048,0.05
14594,3,1,3713,0.15
14595,55,1,4572,0.15
14595,3,1,3713,0
14596,44,1,724,0
14597,27,1,1579,0.05
14597,10,2,3487,0
14598,25,1,3410,0.1
14598,18,1,778,0.1
14599,19,1,2193,0.1
14600,29,1,2320,0
14601,53,1,1286,0
14601,25,2,3410,0
14602,6,1,529,0.1
14603,8,1,1791,0
14603,11,1,1744,0
14603,37,1,667,0
14604,24,1,2262,0
14604,32,1,126,0
14605,56,1,630,0.1
14605,59,1,2290,0
14605,26,1,4752,0.05
14606,43,1,4289,0.05
14606,8,1,1791,0.05
14606,1,1,150,0
14607,39,1,2235,0
14607,10,1,3487,0
14608,57,1,729,0
14609,45,1,4975,0.05
14609,13,1,3877,0.2
14610,47,1,1558,0
14611,25,1,3410,0
14612,28,1,567,0.15
14613,22,1,1574,0.05
14614,20,1,3438,0
14614,16,1,1002,0
14614,1,2,150,0.1
14615,26,1,4752,0
14615,1,1,150,0
14616,23,2,2336,0
14617,52,2,1957,0.05
14617,36,1,1580,0.05
14618,8,1,1791,0.1
14619,22,1,1574,0
14620,32,1,126,0
14621,4,1,2293,0
14622,54,1,3026,0
14622,49,1,1048,0
14622,16,1,1002,0.15
14623,40,1,3255,0.1
14623,17,1,2656,0.15
14623,22,1,1574,0.05
14624,13,3,3877,0.1
14625,40,2,3255,0
14626,58,1,1326,0.1
14626,5,1,1760,0.05
14627,53,1,1286,0
14628,42,1,3125,0.05
14628,13,1,3877,0.05
14628,7,1,1985,0
14629,33,1,4175,0.15
14629,26,1,4752,0.15
14630,54,1,3026,0
14631,55,1,4572,0
14631,20,1,3438,0.1
14632,17,1,2656,0
14633,45,1,4975,0
14633,33,1,4175,0.1
14634,39,1,2235,0
14635,30,1,4729,0.05
14635,27,2,1579,0
14636,20,1,3438,0.1
14637,39,1,2235,0.05
14637,48,1,2972,0
14638,38,1,3806,0.2
14639,12,1,4627,0.15
14640,59,1,2290,0
14640,33,2,4175,0.05
14641,34,2,2437,0.1
14641,43,1,4289,0
14642,6,1,529,0.1
14642,54,1,3026,0.05
14643,29,1,2320,0.1
14643,24,2,2262,0
14644,47,1,1558,0.05
14645,2,1,3850,0
14646,10,3,3487,0
14647,48,1,2972,0.05
14648,25,1,3410,0.1
14649,28,2,567,0.05
14650,41,1,931,0.05
14651,51,2,2916,0
14652,49,1,1048,0.05
14653,49,1,1048,0
14653,52,1,1957,0.05
14654,1,1,150,0.1
14655,38,1,3806,0.2
14656,45,1,4975,0.1
14657,51,1,2916,0
14657,56,1,630,0.05
14658,7,2,1985,0.05
14659,1,1,150,0
14660,3,1,3713,0.05
14661,31,1,3203,0.1
14662,39,1,2235,0
14662,56,1,630,0
14663,23,1,2336,0.05
14663,41,1,931,0.1
14664,15,1,860,0
14664,20,2,3438,0.05
14665,52,1,1957,0
14666,37,1,667,0
14666,28,1,567,0.1
14667,19,1,2193,0
14667,24,1,2262,0.15
14668,27,1,1579,0
14668,41,1,931,0.05
14668,15,1,860,0
14669,41,1,931,0.15
14669,1,1,150,0
14670,47,1,1558,0.1
14670,40,1,3255,0.05
14670,28,1,567,0.05
14671,38,1,3806,0.05
14672,26,2,4752,0
14673,8,1,1791,0
14674,10,1,3487,0.1
14674,21,1,2746,0.1
14675,28,1,567,0.1
14675,21,1,2746,0.1
14675,13,1,3877,0.2
14676,17,1,2656,0
14677,1,1,150,0.1
14677,28,2,567,0
14678,1,2,150,0
14678,14,1,4075,0
14679,59,1,2290,0.05
14680,29,1,2320,0
14680,35,2,1942,0.1
14680,15,1,860,0
14681,25,1,3410,0.05
14682,17,1,2656,0.1
14683,40,1,3255,0.1
14684,40,1,3255,0.05
14684,42,1,3125,0.2
14684,58,1,1326,0.1
14685,46,2,3785,0.1
14686,6,1,529,0
14687,10,1,3487,0.1
14688,8,1,1791,0.05
14689,8,3,1791,0
14690,18,1,778,0
14691,35,3,1942,0
14692,28,1,567,0.05
14692,50,1,2033,0.15
14692,30,1,4729,0
14692,9,1,4658,0.1
14693,47,1,1558,0.05
14693,42,1,3125,0
14693,13,1,3877,0.1
14693,41,1,931,0
14694,49,1,1048,0
14694,32,1,126,0
14694,56,2,630,0
14695,50,1,2033,0.1
14696,30,1,4729,0.1
14696,9,2,4658,0.05
14696,16,1,1002,0.1
14697,55,1,4572,0.15
14697,45,1,4975,0.1
14697,28,1,567,0.2
14698,2,1,3850,0
14699,52,1,1957,0
14699,54,1,3026,0
14700,33,1,4175,0.05
14700,42,2,3125,0.15
14700,7,1,1985,0.05
14701,26,2,4752,0
14702,50,1,2033,0.2
14702,26,2,4752,0
14703,3,1,3713,0.05
14704,59,2,2290,0.05
14704,48,1,2972,0
14705,12,1,4627,0.15
14705,45,1,4975,0
14706,28,1,567,0
14707,8,1,1791,0
14708,37,1,667,0.15
14708,44,1,724,0
14708,29,1,2320,0.1
14708,39,1,2235,0
14709,20,1,3438,0.15
14709,30,1,4729,0.05
14710,18,2,778,0
14710,52,1,1957,0.05
14711,45,1,4975,0.05
14711,54,2,3026,0.1
14711,20,1,3438,0.1
14712,22,1,1574,0.2
14712,53,1,1286,0.15
14713,60,1,552,0
14713,59,1,2290,0.05
14714,56,1,630,0.05
14714,11,1,1744,0.05
14714,2,1,3850,0
14715,24,1,2262,0.15
14715,21,1,2746,0.05
14716,38,1,3806,0.05
14716,52,1,1957,0
14717,35,1,1942,0.1
14717,59,1,2290,0.05
14718,51,2,2916,0.05
14719,1,1,150,0
14720,33,1,4175,0
14720,22,1,1574,0.05
14721,48,2,2972,0.2
14721,34,1,2437,0.1
14722,16,1,1002,0.05
14722,24,1,2262,0.1
14722,6,3,529,0.2
14723,5,1,1760,0.1
14724,25,1,3410,0.2
14725,42,1,3125,0.1
14725,55,1,4572,0.05
14726,54,1,3026,0.15
14727,40,1,3255,0.1
14727,22,1,1574,0
14728,36,1,1580,0.2
14729,36,1,1580,0.1
14730,42,1,3125,0.1
14730,17,1,2656,0
14730,14,1,4075,0.1
14731,58,1,1326,0.1
14731,16,1,1002,0.1
14732,1,1,150,0
14732,51,2,2916,0
14733,35,1,1942,0.1
14734,17,1,2656,0
14734,28,1,567,0
14735,38,1,3806,0
14735,30,1,4729,0.1
14735,16,1,1002,0
14736,34,2,2437,0.05
14737,23,1,2336,0.05
14738,30,2,4729,0.05
14739,24,1,2262,0.05
14739,29,1,2320,0
14739,47,2,1558,0.05
14740,49,1,1048,0.1
14741,14,1,4075,0
14742,37,1,667,0
14743,23,2,2336,0
14743,44,2,724,0.1
14744,53,1,1286,0.05
14744,40,1,3255,0.15
14744,29,1,2320,0.1
14745,44,2,724,0
14746,16,3,1002,0
14746,38,1,3806,0
14746,25,1,3410,0.1
14747,3,2,3713,0
14748,41,1,931,0
14749,40,1,3255,0.05
14749,24,2,2262,0
14750,17,1,2656,0
14750,30,1,4729,0
14750,39,1,2235,0
14751,45,1,4975,0.1
14751,51,2,2916,0
14752,25,1,3410,0
14753,60,1,552,0.05
14753,57,1,729,0.1
14754,57,1,729,0
14755,24,2,2262,0.05
14755,46,1,3785,0.1
14756,48,1,2972,0.1
14757,8,1,1791,0
14757,5,2,1760,0
14758,12,1,4627,0.05
14758,40,1,3255,0
14758,9,2,4658,0.15
14759,32,2,126,0.1
14759,35,1,1942,0
14760,33,1,4175,0.1
14760,25,1,3410,0.15
14760,53,1,1286,0.1
14761,49,1,1048,0.1
14762,41,1,931,0.05
14763,58,2,1326,0.1
14764,17,2,2656,0
14765,17,1,2656,0
14765,30,1,4729,0.05
14765,54,1,3026,0.1
14766,60,2,552,0.05
14766,3,1,3713,0
14766,5,1,1760,0.05
14767,17,1,2656,0.05
14768,14,1,4075,0
14768,22,1,1574,0
14768,1,1,150,0.05
14768,39,1,2235,0.15
14769,48,1,2972,0.1
14770,47,1,1558,0.1
14770,8,1,1791,0
14770,35,1,1942,0.2
14771,59,2,2290,0.2
14771,13,2,3877,0.05
14772,34,1,2437,0.1
14773,57,1,729,0.1
14774,14,1,4075,0.1
14774,48,1,2972,0
14775,49,2,1048,0
14775,17,1,2656,0.15
14776,21,2,2746,0
14776,54,3,3026,0
14777,60,1,552,0.05
14778,40,1,3255,0.05
14778,49,1,1048,0.05
14778,9,1,4658,0.05
14779,38,1,3806,0.1
14780,54,1,3026,0
14780,47,1,1558,0.1
14781,33,1,4175,0.15
14781,44,1,724,0.1
14782,60,1,552,0.15
14782,36,1,1580,0.05
14783,41,1,931,0
14783,10,1,3487,0.15
14784,15,1,860,0.15
14784,31,1,3203,0.1
14785,42,2,3125,0.1
14786,4,1,2293,0
14787,49,1,1048,0
14788,38,1,3806,0
14789,54,2,3026,0.05
14789,17,2,2656,0.2
14790,26,1,4752,0
14791,24,1,2262,0.05
14791,51,1,2916,0
14792,4,1,2293,0.2
14792,12,1,4627,0
14793,46,1,3785,0
14794,17,1,2656,0.05
14794,11,1,1744,0.1
14794,52,1,1957,0.1
14795,10,1,3487,0
14796,51,2,2916,0
14797,20,1,3438,0.05
14798,45,1,4975,0.1
14798,50,1,2033,0.15
14799,28,1,567,0
14799,49,1,1048,0
14800,50,1,2033,0
14801,51,1,2916,0.1
14802,57,1,729,0
14802,3,3,3713,0.1
14802,60,1,552,0.05
14802,31,1,3203,0.05
14803,15,1,860,0
14803,23,1,2336,0.05
14803,37,2,667,0.1
14804,6,1,529,0.1
14804,8,2,1791,0.1
14804,28,1,567,0.1
14804,8,1,1791,0.05
14805,7,1,1985,0
14806,49,1,1048,0.1
14807,31,1,3203,0.05
14808,1,1,150,0
14809,41,1,931,0.1
14809,23,1,2336,0.05
14809,30,1,4729,0
14810,9,1,4658,0.05
14810,20,1,3438,0.05
14811,35,2,1942,0.05
14811,59,1,2290,0.1
14812,13,2,3877,0.2
14812,10,2,3487,0.05
14812,7,1,1985,0.1
14812,58,1,1326,0.1
14813,51,1,2916,0
14813,22,2,1574,0.05
14813,23,2,2336,0.1
14813,17,2,2656,0
14814,53,1,1286,0.05
14814,28,1,567,0.1
14814,5,3,1760,0
14815,14,1,4075,0.05
14815,39,1,2235,0.05
14816,18,2,778,0.1
14816,46,2,3785,0
14816,53,1,1286,0.05
14816,1,1,150,0.2
14817,6,1,529,0
14818,8,2,1791,0.05
14818,48,1,2972,0.1
14819,15,1,860,0
14820,21,1,2746,0
14821,46,1,3785,0.05
14822,46,1,3785,0
14823,10,1,3487,0
14824,3,1,3713,0.05
14824,17,1,2656,0
14825,16,1,1002,0.05
14826,13,1,3877,0.05
14826,25,2,3410,0.05
14827,30,1,4729,0.1
14827,53,1,1286,0.05
14827,7,1,1985,0.1
14828,42,1,3125,0
14829,55,1,4572,0
14830,23,1,2336,0.15
14831,13,2,3877,0.05
14831,50,2,2033,0
14832,52,1,1957,0
14833,39,1,2235,0.1
14834,36,1,1580,0
14835,13,1,3877,0.15
14836,9,1,4658,0
14836,36,1,1580,0
14837,9,1,4658,0
14837,60,1,552,0
14838,57,2,729,0
14839,11,3,1744,0.1
14839,5,1,1760,0.1
14839,5,1,1760,0.1
14840,12,1,4627,0
14840,18,1,778,0.1
14841,34,1,2437,0
14841,16,1,1002,0
14842,40,2,3255,0.05
14842,24,1,2262,0.05
14843,8,1,1791,0.15
14844,52,1,1957,0
14844,43,1,4289,0
14844,32,1,126,0
14845,50,1,2033,0.2
14845,33,1,4175,0.05
14846,28,1,567,0.15
14846,38,1,3806,0.1
14847,45,1,4975,0
14847,55,1,4572,0.1
14848,20,1,3438,0.15
14848,45,1,4975,0.1
14849,57,1,729,0
14849,29,2,2320,0
14850,39,1,2235,0.05
14851,20,1,3438,0
14851,13,1,3877,0
14852,21,1,2746,0.05
14853,39,2,2235,0.05
14853,20,1,3438,0.05
14854,35,1,1942,0
14855,47,1,1558,0
14856,32,3,126,0
14857,12,1,4627,0.1
14858,43,1,4289,0
14859,51,1,2916,0.15
14860,50,2,2033,0
14861,41,1,931,0
14861,39,1,2235,0
14862,10,1,3487,0.1
14862,26,2,4752,0.05
14862,8,1,1791,0
14863,27,1,1579,0
14863,5,1,1760,0.15
14863,24,1,2262,0.1
14863,41,2,931,0
14864,27,1,1579,0.05
14864,10,1,3487,0
14865,55,1,4572,0
14865,23,1,2336,0
14866,17,1,2656,0.1
14867,48,2,2972,0.15
14867,14,1,4075,0.05
14868,36,2,1580,0.05
14869,51,2,2916,0.05
14869,13,2,3877,0.05
14870,21,2,2746,0.05
14870,9,1,4658,0.05
14871,42,1,3125,0
14872,28,1,567,0
14872,31,1,3203,0.05
14873,14,2,4075,0
14873,19,1,2193,0.05
14874,53,1,1286,0.05
14875,53,1,1286,0
14875,20,1,3438,0.05
14876,20,2,3438,0
14877,30,1,4729,0.05
14877,17,2,2656,0.1
14878,21,1,2746,0.1
14879,11,1,1744,0.05
14880,32,1,126,0
14880,33,1,4175,0.1
14880,55,1,4572,0
14881,6,1,529,0
14882,39,3,2235,0
14882,21,3,2746,0.1
14882,13,2,3877,0
14883,24,1,2262,0.2
14883,13,1,3877,0.1
14884,32,1,126,0.15
14884,25,1,3410,0.1
14885,14,2,4075,0.05
14886,59,1,2290,0.15
14886,57,1,729,0
14886,47,1,1558,0.05
14886,43,1,4289,0.05
14887,35,1,1942,0
14888,38,1,3806,0.1
14888,33,1,4175,0
14889,16,1,1002,0.1
14889,21,1,2746,0
14889,51,1,2916,0
14890,45,1,4975,0.05
14891,39,1,2235,0.15
14892,32,1,126,0
14893,51,1,2916,0.2
14894,38,2,3806,0
14894,29,1,2320,0
14895,29,1,2320,0
14896,40,1,3255,0
14896,23,2,2336,0
14897,33,1,4175,0
14897,26,2,4752,0.1
14898,36,1,1580,0.2
14899,2,1,3850,0
14900,24,1,2262,0.1
14900,6,1,529,0
14900,20,1,3438,0.1
14901,43,1,4289,0.1
14901,32,2,126,0.1
14902,12,1,4627,0.05
14903,44,1,724,0
14904,47,1,1558,0
14904,21,1,2746,0.05
14905,55,2,4572,0
14905,36,1,1580,0.2
14906,12,1,4627,0
14907,14,1,4075,0.05
14908,18,2,778,0.05
14909,6,1,529,0
14909,52,1,1957,0
14910,16,2,1002,0
14910,7,1,1985,0.05
14911,59,1,2290,0
14912,37,1,667,0.1
14913,38,2,3806,0.05
14913,15,1,860,0
14914,28,1,567,0.05
14914,21,1,2746,0
14914,34,1,2437,0
14915,42,1,3125,0.1
14916,39,1,2235,0.05
14916,55,1,4572,0
14916,34,1,2437,0.1
14917,14,2,4075,0
14917,58,1,1326,0.05
14918,11,1,1744,0.05
14918,44,1,724,0
14919,52,1,1957,0
14919,20,1,3438,0
14919,20,1,3438,0.1
14920,48,1,2972,0
14920,36,1,1580,0
14921,17,1,2656,0.1
14921,5,1,1760,0
14922,13,1,3877,0.1
14923,21,1,2746,0
14923,51,1,2916,0.05
14924,46,1,3785,0.1
14925,17,1,2656,0.15
14925,7,1,1985,0.05
14926,20,1,3438,0
14926,29,2,2320,0
14926,57,2,729,0
14927,1,1,150,0.05
14928,13,3,3877,0
14928,54,2,3026,0
14929,20,1,3438,0.05
14929,22,1,1574,0.1
14930,60,1,552,0.05
14931,8,1,1791,0.1
14931,1,2,150,0.15
14931,10,1,3487,0.15
14932,16,1,1002,0.2
14932,21,1,2746,0.05
14933,35,1,1942,0.2
14934,31,1,3203,0
14935,41,1,931,0.05
14936,59,1,2290,0
14937,24,1,2262,0.05
14938,23,2,2336,0
14938,48,1,2972,0.1
14938,47,1,1558,0
14939,27,1,1579,0
14939,38,1,3806,0.15
14940,33,1,4175,0.05
14941,31,2,3203,0.1
14941,37,2,667,0.1
14942,34,1,2437,0.15
14942,48,1,2972,0
14942,11,1,1744,0.1
14943,1,1,150,0
14944,25,1,3410,0.15
14945,57,1,729,0
14945,53,1,1286,0.1
14946,50,1,2033,0
14946,6,1,529,0.1
14947,1,1,150,0
14947,40,1,3255,0.1
14948,7,2,1985,0.1
14948,45,2,4975,0
14949,37,1,667,0.15
14950,32,1,126,0.05
14950,56,1,630,0
14951,34,1,2437,0
14951,47,1,1558,0
14952,58,1,1326,0
14953,17,1,2656,0.15
14954,29,1,2320,0
14954,33,1,4175,0
14954,59,2,2290,0.05
14955,32,1,126,0.2
14955,23,1,2336,0.05
14956,13,1,3877,0
14956,45,1,4975,0
14956,9,1,4658,0
14957,21,1,2746,0.1
14958,28,1,567,0.1
14958,31,1,3203,0.1
14959,30,1,4729,0.1
14959,31,2,3203,0.15
14960,40,1,3255,0
14961,24,1,2262,0.05
14962,43,1,4289,0.15
14963,38,1,3806,0
14963,23,2,2336,0
14963,57,1,729,0.15
14964,57,1,729,0
14964,3,2,3713,0.1
14964,12,1,4627,0.05
14965,42,1,3125,0.05
14965,57,1,729,0
14966,52,1,1957,0.2
14966,52,1,1957,0.15
14967,29,1,2320,0
14967,32,1,126,0
14968,5,1,1760,0.05
14969,30,1,4729,0.15
14970,40,2,3255,0.1
14970,55,1,4572,0.05
14970,23,1,2336,0.1
14970,30,2,4729,0.1
14971,57,1,729,0.05
14972,22,1,1574,0.1
14973,60,1,552,0.05
14973,9,1,4658,0.1
14974,29,1,2320,0.05
14975,8,1,1791,0.05
14975,42,1,3125,0.15
14976,37,1,667,0
14977,52,3,1957,0
14978,54,1,3026,0.05
14979,26,1,4752,0.15
14979,19,1,2193,0.05
14980,19,1,2193,0.05
14981,21,2,2746,0.1
14981,15,1,860,0.15
14982,55,1,4572,0.05
14983,17,1,2656,0.15
14984,48,1,2972,0.2
14984,53,2,1286,0.05
14985,55,1,4572,0
14985,52,1,1957,0
14986,5,1,1760,0.05
14987,21,1,2746,0.2
14987,9,2,4658,0
14988,47,1,1558,0
14989,10,2,3487,0
14990,28,1,567,0.1
14991,55,1,4572,0.2
14991,17,2,2656,0.05
14992,6,2,529,0
14992,9,1,4658,0
14993,34,1,2437,0
14993,8,1,1791,0
14993,35,1,1942,0
14994,59,1,2290,0.05
14994,37,1,667,0
14994,39,1,2235,0
14995,38,1,3806,0.1
14995,15,3,860,0.05
14995,35,1,1942,0.1
14996,29,1,2320,0.15
14996,10,1,3487,0.05
14996,54,1,3026,0.15
14996,60,1,552,0
14997,7,1,1985,0.2
14997,14,1,4075,0
14998,40,1,3255,0.05
14998,55,1,4572,0
14998,35,1,1942,0
14999,52,2,1957,0.05
15000,45,1,4975,0.15
15001,18,2,778,0.05
15001,9,1,4658,0.1
15002,44,1,724,0.05
15002,56,1,630,0
15003,19,1,2193,0
15003,51,1,2916,0.05
15004,42,2,3125,0.05
15005,40,1,3255,0.2
15005,28,3,567,0.05
15005,30,1,4729,0
15005,2,1,3850,0
15006,15,2,860,0.05
15006,26,1,4752,0.1
15007,7,1,1985,0
15008,41,1,931,0
15009,41,1,931,0
15010,21,1,2746,0.15
15010,28,1,567,0.05
15011,24,1,2262,0.1
15011,26,1,4752,0.05
15012,30,1,4729,0
15012,16,1,1002,0
15013,23,2,2336,0
15014,24,1,2262,0.05
15014,40,1,3255,0.1
15015,35,1,1942,0.05
15015,41,1,931,0
15016,20,1,3438,0.05
15016,10,1,3487,0.1
15017,15,1,860,0.15
15018,58,1,1326,0.15
15018,36,1,1580,0.15
15019,46,1,3785,0
15019,54,1,3026,0
15020,16,1,1002,0.1
15020,42,2,3125,0.05
15020,19,1,2193,0.1
15020,22,1,1574,0.15
15021,26,1,4752,0
15021,31,1,3203,0.1
15022,2,1,3850,0.05
15022,8,1,1791,0
15023,26,1,4752,0.1
15023,39,2,2235,0.15
15023,56,1,630,0
15024,19,1,2193,0
15025,60,1,552,0.1
15026,5,1,1760,0
15026,27,1,1579,0.05
15027,9,1,4658,0.05
15028,31,1,3203,0
15028,55,1,4572,0
15029,36,1,1580,0
15030,3,1,3713,0
15031,42,2,3125,0
15031,38,1,3806,0
15031,54,1,3026,0.05
15032,45,1,4975,0.1
15033,22,1,1574,0.05
15034,16,2,1002,0.05
15034,23,1,2336,0.1
15034,42,2,3125,0.1
15035,51,1,2916,0.05
15035,1,3,150,0.05
15036,2,1,3850,0
15036,31,1,3203,0.1
15037,2,1,3850,0.15
15037,44,1,724,0.1
15038,44,1,724,0.1
15039,23,1,2336,0.1
15040,52,1,1957,0
15040,48,1,2972,0
15040,17,1,2656,0.05
15041,59,1,2290,0.2
15041,23,1,2336,0.15
15041,57,1,729,0
15042,24,2,2262,0.15
15043,56,1,630,0.1
15044,46,1,3785,0
15045,30,1,4729,0
15045,10,1,3487,0
15046,1,1,150,0.05
15047,9,1,4658,0.05
15048,51,1,2916,0
15048,59,3,2290,0.05
15048,24,2,2262,0
15049,34,1,2437,0
15050,14,2,4075,0
15051,40,3,3255,0.1
15051,47,1,1558,0.05
15051,8,2,1791,0.1
15051,19,1,2193,0
15052,56,1,630,0
15053,37,1,667,0.15
15054,27,2,1579,0
15055,48,1,2972,0.1
15055,32,1,126,0.05
15056,6,1,529,0.1
15057,23,1,2336,0.05
15057,11,1,1744,0.15
15057,56,1,630,0.2
15057,20,1,3438,0.15
15058,40,2,3255,0.05
15059,49,1,1048,0
15060,25,1,3410,0.05
15061,22,1,1574,0
15061,28,1,567,0
15061,27,1,1579,0
15062,14,1,4075,0
15062,31,1,3203,0.05
15063,9,1,4658,0.05
15064,44,1,724,0.05
15064,44,2,724,0.05
15065,31,1,3203,0.05
15066,21,2,2746,0
15067,31,2,3203,0
15068,1,1,150,0.05
15068,54,1,3026,0.1
15069,42,2,3125,0.05
15069,54,1,3026,0
15070,25,1,3410,0.05
15071,48,1,2972,0.05
15071,10,1,3487,0.15
15072,17,1,2656,0
15073,26,2,4752,0.05
15073,1,1,150,0
15074,57,1,729,0.05
15075,54,1,3026,0.1
15076,45,2,4975,0.05
15076,33,1,4175,0
15076,10,2,3487,0.1
15077,50,1,2033,0
15077,21,1,2746,0.15
15077,56,1,630,0
15078,48,1,2972,0
15078,57,1,729,0
15079,35,1,1942,0.1
15080,21,2,2746,0.15
15081,40,2,3255,0
15082,23,1,2336,0.05
15083,39,1,2235,0
15083,45,1,4975,0
15084,16,2,1002,0.1
15084,57,1,729,0.15
15084,42,1,3125,0
15085,55,1,4572,0
15086,1,1,150,0.1
15086,54,1,3026,0.2
15086,10,2,3487,0.05
15086,56,2,630,0.05
15087,6,1,529,0.15
15088,20,1,3438,0.1
15088,45,1,4975,0
15089,45,1,4975,0.15
15090,15,1,860,0
15091,6,2,529,0.15
15092,40,1,3255,0.1
15092,42,1,3125,0.1
15092,49,1,1048,0.15
15093,18,1,778,0
15093,1,1,150,0
15094,35,1,1942,0
15094,36,1,1580,0
15095,29,1,2320,0.1
15096,21,1,2746,0
15096,38,1,3806,0.1
15097,55,1,4572,0
15098,21,1,2746,0.1
15098,43,1,4289,0.1
15098,33,1,4175,0
15099,12,1,4627,0.05
15100,18,1,778,0
15100,60,1,552,0
15101,17,2,2656,0.05
15102,55,1,4572,0.05
15102,57,2,729,0.05
15103,49,1,1048,0.1
15104,1,1,150,0
15105,10,1,3487,0
15105,32,1,126,0.15
15106,9,1,4658,0.1
15106,50,1,2033,0.1
15107,15,1,860,0
15107,50,1,2033,0.1
15108,43,1,4289,0.05
15108,50,1,2033,0
15108,9,1,4658,0
15109,39,2,2235,0
15110,31,1,3203,0.05
15111,37,1,667,0.1
15111,3,1,3713,0.15
15112,60,1,552,0.1
15113,57,1,729,0
15114,16,1,1002,0.2
15114,55,1,4572,0
15115,49,1,1048,0
15116,28,1,567,0.15
15116,17,1,2656,0.1
15117,6,2,529,0.15
15117,53,1,1286,0.05
15117,24,2,2262,0.05
15117,2,1,3850,0
15118,21,1,2746,0.1
15119,45,1,4975,0.05
15119,20,2,3438,0.05
15119,60,1,552,0.15
15120,5,1,1760,0
15120,33,2,4175,0.2
15121,48,1,2972,0.1
15121,8,1,1791,0.2
15122,14,2,4075,0
15123,50,1,2033,0
15123,7,1,1985,0
15123,43,2,4289,0
15124,43,1,4289,0
15125,5,2,1760,0.05
15126,11,1,1744,0
15126,16,1,1002,0.05
15127,25,2,3410,0.15
15128,44,1,724,0
15128,10,2,3487,0.05
15129,48,1,2972,0.05
15130,7,1,1985,0.2
15131,23,2,2336,0.05
15131,6,1,529,0.2
15132,3,1,3713,0.15
15132,18,1,778,0.15
15133,32,1,126,0.1
15134,42,1,3125,0.05
15135,50,1,2033,0.1
15135,17,1,2656,0.1
15136,38,1,3806,0.05
15137,23,2,2336,0.05
15137,33,1,4175,0.2
15138,55,2,4572,0.1
15139,2,1,3850,0.15
15139,26,1,4752,0
15140,3,1,3713,0.05
15140,18,1,778,0.2
15141,45,1,4975,0.1
15141,42,1,3125,0.15
15141,7,1,1985,0
15141,58,2,1326,0
15142,55,1,4572,0
15142,19,1,2193,0
15143,39,2,2235,0.05
15143,28,1,567,0
15144,41,1,931,0
15144,38,1,3806,0
15145,28,1,567,0
15145,37,1,667,0.1
15145,48,1,2972,0
15146,22,1,1574,0.1
15146,44,1,724,0
15147,51,2,2916,0.1
15147,43,2,4289,0.05
15147,55,1,4572,0
15148,6,2,529,0.05
15148,38,1,3806,0.05
15149,37,1,667,0.2
15149,23,1,2336,0
15150,20,1,3438,0
15150,36,2,1580,0
15150,33,1,4175,0
15151,47,1,1558,0.15
15151,23,1,2336,0.05
15151,37,1,667,0.05
15151,35,1,1942,0
15152,7,1,1985,0.1
15152,22,3,1574,0.1
15153,33,1,4175,0.1
15154,26,1,4752,0
15154,54,1,3026,0
15155,48,1,2972,0.1
15155,54,1,3026,0.05
15156,35,1,1942,0
15157,12,2,4627,0
15157,45,1,4975,0
15157,29,1,2320,0.15
15157,37,1,667,0.1
15158,39,1,2235,0
15159,27,1,1579,0
15159,51,1,2916,0.05
15159,9,1,4658,0.15
15160,33,1,4175,0
15160,30,2,4729,0
15160,20,1,3438,0
15161,41,2,931,0
15161,29,2,2320,0.15
15161,7,1,1985,0
15162,56,1,630,0
15163,44,1,724,0.1
15163,3,1,3713,0.05
15164,29,1,2320,0.05
15164,40,2,3255,0.05
15164,41,2,931,0.1
15164,59,2,2290,0.1
15165,14,1,4075,0.15
15165,20,1,3438,0
15165,40,1,3255,0
15166,20,2,3438,0.1
15166,40,3,3255,0
15166,25,1,3410,0
15167,59,1,2290,0.05
15168,23,2,2336,0
15168,5,1,1760,0.1
15169,28,2,567,0.05
15169,9,2,4658,0.1
15170,19,1,2193,0
15170,16,1,1002,0.1
15171,49,1,1048,0.1
15171,59,1,2290,0.1
15171,44,1,724,0.05
15172,34,1,2437,0.15
15172,17,1,2656,0.05
15172,38,1,3806,0.15
15173,54,1,3026,0
15173,19,1,2193,0
15173,10,1,3487,0.2
15174,36,2,1580,0
15174,30,1,4729,0.05
15174,3,1,3713,0
15175,39,2,2235,0.15
15176,5,1,1760,0.15
15176,52,2,1957,0
15177,41,3,931,0
15177,22,3,1574,0.1
15178,50,1,2033,0.1
15178,37,1,667,0.1
15178,44,1,724,0
15179,38,1,3806,0.05
15179,10,1,3487,0
15179,46,1,3785,0
15179,11,2,1744,0.1
15180,57,1,729,0
15181,40,1,3255,0.05
15181,13,1,3877,0
15182,13,1,3877,0
15182,46,1,3785,0
15183,57,1,729,0.1
15183,39,1,2235,0.15
15183,42,1,3125,0.05
15184,6,1,529,0.05
15185,26,1,4752,0.05
15186,4,1,2293,0.05
15187,21,1,2746,0.1
15188,2,1,3850,0
15189,48,1,2972,0
15189,43,2,4289,0.05
15190,7,1,1985,0
15190,6,2,529,0.1
15191,27,2,1579,0
15192,47,1,1558,0.05
15192,36,2,1580,0.05
15192,48,2,2972,0
15193,58,1,1326,0.05
15193,37,1,667,0
15194,25,1,3410,0.05
15194,16,1,1002,0
15194,8,1,1791,0
15195,38,1,3806,0
15195,29,2,2320,0.05
15196,38,2,3806,0.05
15196,21,1,2746,0.1
15197,57,1,729,0
15198,25,1,3410,0
15199,37,2,667,0
15199,57,1,729,0.05
15200,31,1,3203,0.05
15200,55,1,4572,0
15200,41,1,931,0
15201,36,1,1580,0.05
15201,55,1,4572,0
15202,52,2,1957,0.15
15202,34,1,2437,0.05
15203,35,2,1942,0.05
15204,28,1,567,0.05
15204,9,1,4658,0
15205,11,1,1744,0.05
15205,43,1,4289,0
15205,44,1,724,0
15206,32,1,126,0.05
15206,54,1,3026,0
15207,51,1,2916,0
15207,30,3,4729,0
15208,19,1,2193,0
15209,40,1,3255,0.05
15209,1,1,150,0.05
15209,10,1,3487,0.1
15209,28,1,567,0.05
15210,24,1,2262,0.05
15211,50,2,2033,0.2
15212,57,1,729,0.1
15213,29,2,2320,0
15213,24,1,2262,0
15213,19,2,2193,0.05
15213,16,1,1002,0.05
15214,30,1,4729,0.15
15214,43,1,4289,0
15214,15,1,860,0.05
15214,13,1,3877,0.1
15215,59,1,2290,0.05
15215,33,1,4175,0
15216,58,2,1326,0.2
15216,39,1,2235,0.15
15217,13,1,3877,0.1
15217,27,1,1579,0.05
15217,53,1,1286,0.05
15217,17,2,2656,0.2
15218,37,1,667,0.1
15218,4,1,2293,0.2
15219,53,1,1286,0.05
15220,51,1,2916,0
15220,54,1,3026,0.1
15220,40,2,3255,0.2
15221,32,1,126,0
15222,5,1,1760,0
15222,57,1,729,0.1
15222,37,1,667,0.1
15223,20,1,3438,0.15
15223,5,2,1760,0.05
15224,1,1,150,0.05
15224,49,1,1048,0
15225,24,1,2262,0
15226,32,1,126,0
15226,44,1,724,0
15227,56,1,630,0.1
15227,54,1,3026,0.1
15228,55,2,4572,0.15
15228,56,1,630,0
15229,60,1,552,0
15229,25,2,3410,0.1
15230,12,1,4627,0.05
15230,14,1,4075,0
15231,25,1,3410,0.05
15231,17,1,2656,0.05
15231,11,1,1744,0
15232,6,1,529,0
15232,31,1,3203,0.1
15232,25,1,3410,0.1
15233,50,1,2033,0.1
15233,22,1,1574,0.1
15234,58,1,1326,0
15235,46,1,3785,0.2
15236,52,2,1957,0
15236,30,1,4729,0.05
15237,35,1,1942,0.05
15238,2,1,3850,0.05
15238,2,2,3850,0.05
15239,40,1,3255,0
15239,19,1,2193,0
15240,17,1,2656,0
15241,55,1,4572,0.1
15242,58,1,1326,0.05
15242,2,1,3850,0.05
15243,24,1,2262,0
15243,3,1,3713,0
15243,2,3,3850,0
15243,39,2,2235,0.1
15244,55,1,4572,0.05
15244,58,1,1326,0
15245,7,1,1985,0.05
15246,2,3,3850,0
15247,53,1,1286,0
15247,39,1,2235,0.2
15248,57,1,729,0
15248,55,1,4572,0.05
15249,6,1,529,0
15249,23,1,2336,0.15
15250,16,1,1002,0.05
15250,6,1,529,0
15251,30,2,4729,0
15251,9,1,4658,0
15251,57,2,729,0.05
15252,2,2,3850,0.1
15252,27,1,1579,0
15253,16,1,1002,0.05
15254,60,2,552,0.1
15254,2,1,3850,0.15
15255,50,1,2033,0
15255,3,1,3713,0.05
15256,33,1,4175,0.2
15256,2,1,3850,0
15257,8,1,1791,0.05
15257,3,1,3713,0.05
15258,37,1,667,0
15259,41,1,931,0
15260,9,2,4658,0
15261,27,1,1579,0.05
15261,46,1,3785,0.05
15261,51,2,2916,0
15262,51,1,2916,0.2
15262,17,1,2656,0.05
15263,55,1,4572,0.1
15263,23,1,2336,0
15264,32,2,126,0.05
15264,16,2,1002,0.1
15265,49,1,1048,0.1
15266,33,1,4175,0.15
15267,45,1,4975,0.1
15268,10,3,3487,0.1
15268,50,1,2033,0.05
15269,48,1,2972,0.15
15269,37,1,667,0.05
15269,37,2,667,0.05
15270,37,1,667,0.05
15271,4,1,2293,0
15272,14,1,4075,0.1
15272,11,1,1744,0.05
15273,15,1,860,0
15273,32,1,126,0.1
15273,31,1,3203,0.2
15274,33,1,4175,0.05
15274,2,1,3850,0.05
15275,21,1,2746,0.1
15275,47,1,1558,0
15275,58,1,1326,0
15276,38,1,3806,0.15
15277,35,1,1942,0.05
15277,26,1,4752,0.1
15278,5,1,1760,0
15278,13,1,3877,0.05
15279,39,1,2235,0
15280,48,1,2972,0.05
15280,1,1,150,0
15280,9,1,4658,0.15
15281,22,1,1574,0
15281,59,2,2290,0
15281,13,1,3877,0.05
15282,54,1,3026,0.2
15283,46,1,3785,0.05
15283,7,2,1985,0.05
15284,49,2,1048,0.05
15285,22,1,1574,0.05
15285,51,2,2916,0
15285,9,1,4658,0.2
15286,58,1,1326,0
15286,50,1,2033,0
15287,1,1,150,0
15288,38,1,3806,0.05
15289,45,2,4975,0
15289,27,1,1579,0
15289,39,1,2235,0.05
15290,9,1,4658,0.05
15290,18,1,778,0.05
15291,14,1,4075,0.05
15292,59,1,2290,0.1
15292,5,2,1760,0.05
15293,17,1,2656,0.05
15293,36,1,1580,0.05
15294,25,1,3410,0.1
15295,54,1,3026,0.1
15296,14,1,4075,0
15296,47,1,1558,0.15
15297,58,2,1326,0.2
15297,58,1,1326,0
15298,13,1,3877,0.1
15298,44,1,724,0
15299,21,1,2746,0.1
15300,8,2,1791,0
15300,24,1,2262,0.1
15301,50,1,2033,0.1
15301,55,1,4572,0.1
15302,16,1,1002,0.05
15303,15,1,860,0
15304,54,1,3026,0.05
15305,34,1,2437,0
15306,60,1,552,0
15306,27,1,1579,0
15307,9,2,4658,0.2
15307,41,1,931,0.05
15308,9,1,4658,0.05
15309,1,1,150,0
15310,32,1,126,0.2
15310,10,3,3487,0
15311,46,1,3785,0.05
15312,50,2,2033,0.05
15313,55,1,4572,0
15314,37,1,667,0.05
15315,44,1,724,0
15315,6,1,529,0
15315,27,1,1579,0.2
15315,41,1,931,0.1
15316,17,2,2656,0
15316,58,1,1326,0.1
15317,38,1,3806,0
15317,60,1,552,0.05
15318,44,1,724,0.1
15318,5,1,1760,0.15
15318,54,1,3026,0.15
15318,3,1,3713,0
15319,15,3,860,0
15320,39,1,2235,0
15320,36,2,1580,0.1
15321,17,1,2656,0
15321,25,2,3410,0.05
15322,53,1,1286,0.15
15323,47,1,1558,0.2
15324,16,1,1002,0.05
15324,9,2,4658,0
15324,49,1,1048,0.15
15325,32,1,126,0
15326,10,1,3487,0.15
15327,5,1,1760,0
15327,41,1,931,0.1
15328,12,1,4627,0.15
15328,2,1,3850,0.05
15329,1,1,150,0.1
15330,13,1,3877,0.05
15331,12,1,4627,0.05
15331,17,1,2656,0.05
15331,34,1,2437,0.2
15331,33,1,4175,0
15332,8,1,1791,0.05
15332,50,1,2033,0
15333,59,1,2290,0.2
15334,6,1,529,0
15335,1,1,150,0
15336,24,3,2262,0
15336,6,2,529,0
15337,41,1,931,0.2
15338,28,2,567,0
15339,26,1,4752,0.1
15340,56,1,630,0.05
15340,27,1,1579,0
15341,28,1,567,0.1
15341,41,1,931,0.05
15342,2,1,3850,0.05
15342,14,1,4075,0.05
15342,19,1,2193,0
15342,49,1,1048,0
15343,59,1,2290,0.1
15344,19,1,2193,0.15
15344,12,1,4627,0.05
15345,1,1,150,0
15345,39,1,2235,0.1
15346,18,1,778,0.05
15346,39,2,2235,0.15
15347,36,2,1580,0
15347,48,1,2972,0.05
15348,44,1,724,0.1
15348,36,1,1580,0
15348,30,1,4729,0.2
15349,1,1,150,0.1
15350,29,1,2320,0.1
15350,32,1,126,0.1
15350,24,1,2262,0
15351,1,1,150,0.1
15351,46,1,3785,0
15352,13,1,3877,0
15353,3,1,3713,0.1
15354,23,1,2336,0.05
15354,3,1,3713,0.05
15354,60,2,552,0.15
15354,22,1,1574,0
15355,24,1,2262,0
15355,36,1,1580,0.05
15355,57,1,729,0.05
15355,30,1,4729,0.05
15356,39,2,2235,0
15356,44,1,724,0
15357,58,1,1326,0.05
15357,13,1,3877,0
15357,21,1,2746,0
15357,55,1,4572,0.15
15358,36,1,1580,0
15359,16,1,1002,0.1
15360,45,1,4975,0.1
15360,56,2,630,0.1
15361,49,1,1048,0.05
15361,21,1,2746,0
15361,52,1,1957,0.05
15362,35,1,1942,0
15362,58,2,1326,0.15
15363,47,1,1558,0
15363,15,1,860,0
15364,52,1,1957,0.05
15365,39,1,2235,0.05
15365,31,1,3203,0
15365,24,1,2262,0.05
15366,17,1,2656,0
15366,7,1,1985,0.1
15366,34,1,2437,0.05
15367,45,1,4975,0.05
15367,30,1,4729,0
15368,25,1,3410,0.15
15368,19,1,2193,0.05
15369,50,1,2033,0.15
15369,60,1,552,0.05
15369,41,1,931,0.1
15370,44,1,724,0.05
15370,6,1,529,0
15371,16,1,1002,0.1
15372,16,1,1002,0.1
15372,21,2,2746,0
15373,37,1,667,0.1
15373,39,1,2235,0.05
15373,30,2,4729,0.05
15374,21,1,2746,0
15374,29,2,2320,0.05
15374,13,1,3877,0.15
15375,36,1,1580,0.1
15376,38,1,3806,0
15377,13,1,3877,0
15378,35,1,1942,0.15
15378,44,1,724,0.05
15379,9,1,4658,0.15
15380,21,1,2746,0.1
15380,50,1,2033,0
15380,9,1,4658,0
15380,19,1,2193,0.05
15381,53,1,1286,0.1
15382,14,2,4075,0
15383,31,1,3203,0
15384,3,1,3713,0
15385,15,1,860,0.05
15386,32,2,126,0.15
15386,42,1,3125,0.15
15386,60,1,552,0.1
15386,29,1,2320,0
15387,52,1,1957,0.05
15388,50,1,2033,0
15388,36,1,1580,0
15389,57,1,729,0.05
15389,46,1,3785,0.1
15390,23,2,2336,0.05
15390,57,1,729,0
15391,57,3,729,0.05
15392,54,3,3026,0.05
15393,7,1,1985,0
15393,23,1,2336,0.15
15394,9,1,4658,0
15395,7,2,1985,0.2
15395,39,1,2235,0.05
15396,14,1,4075,0
15397,53,2,1286,0.1
15397,28,1,567,0.1
15398,26,1,4752,0
15399,10,2,3487,0.1
15400,12,2,4627,0
15400,4,1,2293,0
15400,52,1,1957,0.15
15400,7,1,1985,0
15401,7,1,1985,0.1
15401,34,1,2437,0.1
15401,20,2,3438,0.15
15402,42,1,3125,0.05
15403,30,1,4729,0
15403,27,1,1579,0.1
15404,39,2,2235,0.1
15404,25,1,3410,0.05
15405,21,1,2746,0.1
15406,38,1,3806,0
15406,27,2,1579,0
15407,28,1,567,0.1
15407,15,1,860,0.2
15408,4,1,2293,0
15408,23,1,2336,0.05
15409,25,2,3410,0
15410,14,2,4075,0.05
15411,52,1,1957,0.1
15412,53,1,1286,0
15412,58,1,1326,0
15412,27,1,1579,0
15413,36,1,1580,0
15414,38,1,3806,0.05
15415,11,1,1744,0.05
15415,12,1,4627,0.05
15416,18,1,778,0.2
15416,31,1,3203,0
15416,25,1,3410,0
15416,28,1,567,0
15417,36,1,1580,0.05
15418,16,1,1002,0
15419,46,1,3785,0
15420,44,1,724,0.15
15421,6,1,529,0.05
15422,21,2,2746,0
15422,23,1,2336,0
15423,53,1,1286,0.1
15423,52,1,1957,0
15424,38,1,3806,0
15425,40,2,3255,0.05
15425,4,1,2293,0.05
15425,47,2,1558,0.1
15426,42,2,3125,0.05
15427,31,2,3203,0.05
15427,13,1,3877,0
15428,57,1,729,0.05
15428,57,2,729,0.1
15429,26,1,4752,0.05
15429,17,2,2656,0.15
15430,34,1,2437,0.15
15431,14,1,4075,0
15432,22,2,1574,0
15432,13,2,3877,0.1
15433,29,1,2320,0.05
15433,6,1,529,0.2
15433,7,1,1985,0
15434,34,1,2437,0.2
15434,54,1,3026,0
15435,2,2,3850,0
15436,14,1,4075,0.05
15437,22,1,1574,0.2
15438,14,2,4075,0
15438,42,1,3125,0.15
15439,33,1,4175,0.05
15439,59,1,2290,0.1
15440,44,1,724,0
15441,48,1,2972,0.15
15441,54,1,3026,0.05
15442,20,1,3438,0.1
15442,5,1,1760,0.1
15443,46,1,3785,0.15
15444,22,1,1574,0.05
15444,53,1,1286,0.15
15445,7,1,1985,0
15445,26,1,4752,0
15446,35,1,1942,0.05
15446,26,1,4752,0
15447,10,1,3487,0.05
15447,3,2,3713,0
15447,11,1,1744,0.1
15448,36,1,1580,0.05
15448,7,1,1985,0
15448,34,1,2437,0.05
15449,20,1,3438,0
15449,19,1,2193,0
15449,44,1,724,0.15
15450,6,1,529,0
15451,8,1,1791,0.1
15451,55,1,4572,0
15452,31,2,3203,0.1
15452,39,1,2235,0
15453,36,1,1580,0
15454,9,1,4658,0.05
15455,38,1,3806,0
15455,45,1,4975,0.05
15456,30,1,4729,0.1
15456,2,1,3850,0
15457,12,1,4627,0.05
15457,56,1,630,0.15
15458,38,1,3806,0.15
15458,31,2,3203,0.05
15458,55,1,4572,0.1
15459,59,1,2290,0.2
15460,12,1,4627,0.05
15461,57,1,729,0.15
15462,42,1,3125,0
15462,21,1,2746,0.1
15463,35,2,1942,0.05
15464,23,1,2336,0.05
15464,7,1,1985,0
15465,60,1,552,0.05
15465,32,2,126,0.1
15465,7,1,1985,0
15466,4,1,2293,0.15
15466,39,1,2235,0.05
15466,19,1,2193,0
15466,2,2,3850,0.05
15467,28,1,567,0
15468,14,2,4075,0
15469,46,1,3785,0.15
15469,6,1,529,0.15
15470,42,1,3125,0
15471,23,1,2336,0.1
15472,2,2,3850,0.05
15473,9,2,4658,0.15
15473,57,1,729,0.05
15473,20,1,3438,0
15474,29,1,2320,0.05
15474,20,1,3438,0
15475,48,1,2972,0
15475,11,1,1744,0.05
15476,27,2,1579,0
15477,21,1,2746,0
15477,11,2,1744,0.1
15478,10,2,3487,0.05
15479,8,1,1791,0.1
15480,9,1,4658,0.1
15480,29,1,2320,0.05
15481,49,1,1048,0.1
15482,13,1,3877,0
15482,40,1,3255,0.05
15483,17,1,2656,0
15484,38,1,3806,0.1
15484,24,1,2262,0
15485,57,1,729,0
15485,28,1,567,0.05
15486,34,1,2437,0.1
15487,33,1,4175,0.05
15487,49,1,1048,0
15488,27,1,1579,0
15489,42,3,3125,0.15
15489,56,1,630,0.1
15490,57,2,729,0.15
15491,44,2,724,0
15491,23,1,2336,0
15491,28,2,567,0
15492,45,1,4975,0
15493,2,1,3850,0.05
15494,46,2,3785,0.1
15494,32,2,126,0
15494,49,1,1048,0.05
15495,26,1,4752,0
15495,26,2,4752,0
15496,35,1,1942,0
15497,48,1,2972,0.05
15497,10,1,3487,0
15497,34,1,2437,0.05
15498,17,2,2656,0.05
15498,46,1,3785,0
15498,1,1,150,0.05
15499,27,1,1579,0.2
15499,50,1,2033,0.05
15499,47,1,1558,0
15500,15,1,860,0.05
15501,28,1,567,0.05
15501,26,1,4752,0
15502,31,1,3203,0
15503,22,1,1574,0
15504,1,1,150,0.05
15505,40,3,3255,0.05
15505,55,1,4572,0.1
15506,58,3,1326,0.1
15506,2,1,3850,0.15
15506,34,1,2437,0
15506,27,1,1579,0
15507,36,1,1580,0.05
15507,36,1,1580,0
15507,5,1,1760,0
15508,20,1,3438,0.1
15508,43,1,4289,0
15509,38,1,3806,0.05
15510,4,1,2293,0
15510,6,1,529,0.1
15511,51,1,2916,0
15511,4,2,2293,0.05
15511,29,1,2320,0.15
15512,43,1,4289,0
15512,20,1,3438,0.1
15513,43,2,4289,0.15
15513,48,1,2972,0.2
15514,37,2,667,0
15514,57,2,729,0.05
15515,1,1,150,0.05
15515,47,1,1558,0
15516,31,2,3203,0
15517,13,2,3877,0.05
15518,45,2,4975,0
15519,40,1,3255,0.05
15519,32,1,126,0.05
15520,19,1,2193,0
15520,26,2,4752,0
15521,59,2,2290,0.2
15521,41,1,931,0.1
15521,46,1,3785,0.1
15522,15,1,860,0
15522,48,2,2972,0.1
15522,25,1,3410,0
15523,50,1,2033,0.1
15524,46,2,3785,0.1
15524,40,1,3255,0
15525,24,1,2262,0.05
15525,31,2,3203,0.05
15525,60,1,552,0.1
15526,1,3,150,0.2
15527,6,3,529,0
15528,37,1,667,0.05
15528,34,1,2437,0
15529,21,1,2746,0.1
15529,20,1,3438,0
15530,9,2,4658,0
15530,3,1,3713,0
15531,58,1,1326,0
15531,20,1,3438,0
15532,54,1,3026,0.1
15532,19,1,2193,0.05
15532,16,1,1002,0
15533,21,1,2746,0.1
15534,19,1,2193,0.2
15534,26,1,4752,0
15534,37,1,667,0.05
15535,43,1,4289,0
15535,39,1,2235,0.05
15536,46,1,3785,0.15
15536,24,2,2262,0
15537,1,2,150,0.05
15537,18,1,778,0.15
15538,54,1,3026,0
15538,57,1,729,0.15
15539,53,2,1286,0.05
15539,60,1,552,0.15
15540,22,1,1574,0.15
15541,32,1,126,0.05
15541,26,1,4752,0.15
15542,19,1,2193,0.05
15542,10,1,3487,0
15542,52,1,1957,0.15
15543,59,1,2290,0
15543,16,1,1002,0.05
15543,25,2,3410,0.15
15544,7,3,1985,0.05
15545,36,1,1580,0
15545,50,1,2033,0
15546,22,1,1574,0
15546,1,1,150,0.05
15547,28,2,567,0
15547,3,1,3713,0.05
15548,38,1,3806,0
15548,43,1,4289,0.1
15549,51,1,2916,0
15549,26,2,4752,0.1
15550,23,1,2336,0.1
15550,50,2,2033,0.05
15551,19,1,2193,0
15552,6,1,529,0.2
15552,44,1,724,0.1
15553,51,1,2916,0
15554,56,1,630,0.05
15554,60,1,552,0.1
15555,42,1,3125,0.15
15556,47,1,1558,0
15556,44,1,724,0
15557,44,2,724,0.1
15558,25,1,3410,0.1
15558,14,2,4075,0
15558,5,1,1760,0
15559,10,1,3487,0.1
15560,9,1,4658,0.2
15560,41,1,931,0
15560,8,1,1791,0.1
15561,52,1,1957,0.05
15562,51,3,2916,0
15563,47,1,1558,0.1
15564,42,1,3125,0.05
15564,4,1,2293,0
15565,40,1,3255,0.05
15566,58,2,1326,0.05
15566,1,1,150,0
15567,57,1,729,0.15
15567,9,2,4658,0.2
15568,37,2,667,0.15
15568,42,2,3125,0.1
15569,28,1,567,0
15569,10,1,3487,0.1
15570,16,1,1002,0
15571,25,1,3410,0.05
15571,45,1,4975,0
15572,57,1,729,0
15572,59,1,2290,0.15
15573,47,1,1558,0.05
15573,15,1,860,0
15574,11,3,1744,0.15
15575,50,2,2033,0.05
15576,21,1,2746,0.15
15577,42,1,3125,0.1
15577,39,2,2235,0
15577,12,1,4627,0.05
15578,60,2,552,0.05
15579,25,2,3410,0.15
15580,22,2,1574,0.1
15580,43,1,4289,0.05
15581,11,1,1744,0.15
15582,48,1,2972,0.05
15583,17,1,2656,0.05
15584,31,1,3203,0.05
15584,52,1,1957,0.1
15585,11,2,1744,0.15
15586,54,1,3026,0
15586,59,1,2290,0.15
15587,42,1,3125,0.05
15588,42,1,3125,0.1
15589,33,1,4175,0.05
15590,54,1,3026,0.05
15591,40,2,3255,0.05
15592,5,1,1760,0.05
15593,45,2,4975,0.1
15594,14,1,4075,0.05
15594,24,1,2262,0.1
15594,28,1,567,0
15595,25,2,3410,0
15596,56,1,630,0.2
15596,31,1,3203,0.05
15597,3,1,3713,0
15597,24,1,2262,0.05
15598,26,1,4752,0.05
15598,39,1,2235,0.1
15598,25,2,3410,0.05
15599,4,1,2293,0
15599,11,1,1744,0
15599,9,2,4658,0
15599,53,1,1286,0
15600,21,1,2746,0.2
15601,20,1,3438,0
15602,8,2,1791,0.2
15603,57,3,729,0.15
15603,8,1,1791,0.15
15603,53,2,1286,0.15
15603,6,1,529,0.15
15604,40,2,3255,0.1
15604,49,1,1048,0.1
15604,54,1,3026,0
15605,47,1,1558,0
15606,18,2,778,0.2
15607,4,1,2293,0
15607,47,1,1558,0.1
15608,39,1,2235,0.2
15609,18,2,778,0.1
15610,52,1,1957,0.15
15610,40,1,3255,0.1
15611,32,1,126,0.2
15611,32,1,126,0
15612,49,2,1048,0
15612,58,1,1326,0.15
15613,30,1,4729,0
15614,32,1,126,0.15
15615,55,1,4572,0.1
15616,43,1,4289,0
15617,39,1,2235,0.1
15618,47,2,1558,0
15618,57,1,729,0
15619,48,1,2972,0
15619,21,1,2746,0
15620,44,1,724,0
15620,39,1,2235,0.05
15621,31,3,3203,0.15
15622,23,1,2336,0.15
15622,39,1,2235,0
15622,11,1,1744,0
15623,23,2,2336,0.2
15623,23,1,2336,0.05
15623,16,1,1002,0
15624,49,1,1048,0.05
15625,23,1,2336,0.1
15625,25,1,3410,0.05
15626,57,1,729,0
15626,3,1,3713,0.1
15626,43,1,4289,0
15627,39,1,2235,0
15628,20,1,3438,0.05
15629,39,1,2235,0
15630,1,1,150,0.2
15630,45,1,4975,0.05
15631,2,1,3850,0
15632,23,1,2336,0.15
15632,15,1,860,0
15632,27,2,1579,0
15633,24,1,2262,0.15
15633,5,1,1760,0.05
15634,5,2,1760,0
15634,17,1,2656,0
15634,32,1,126,0.05
15635,43,1,4289,0
15636,15,3,860,0.05
15637,18,1,778,0.05
15637,57,1,729,0
15638,3,1,3713,0.1
15639,22,1,1574,0
15639,24,2,2262,0.05
15640,52,1,1957,0.05
15641,18,2,778,0.05
15641,7,1,1985,0
15641,18,2,778,0.1
15641,59,1,2290,0
15642,30,1,4729,0.1
15643,38,1,3806,0.05
15643,31,1,3203,0.15
15644,38,1,3806,0
15645,55,2,4572,0
15646,30,1,4729,0.05
15647,24,2,2262,0.05
15648,41,1,931,0.1
15649,33,1,4175,0.1
15649,24,1,2262,0.1
15650,34,1,2437,0.05
15650,55,1,4572,0
15650,37,1,667,0
15651,22,2,1574,0
15651,51,1,2916,0.05
15652,34,1,2437,0.1
15653,44,1,724,0.1
15654,7,1,1985,0.2
15654,21,1,2746,0.1
15655,40,1,3255,0.1
15655,19,3,2193,0.2
15655,53,1,1286,0
15655,21,1,2746,0
15656,20,1,3438,0
15656,39,1,2235,0
15657,35,1,1942,0.1
15658,20,1,3438,0
15659,41,1,931,0
15659,43,1,4289,0
15660,60,1,552,0.05
15660,56,1,630,0.2
15661,11,1,1744,0
15661,23,1,2336,0.15
15662,14,1,4075,0.1
15662,55,1,4572,0.15
15663,28,2,567,0.1
15663,12,1,4627,0.1
15664,14,1,4075,0.1
15665,11,1,1744,0
15666,57,1,729,0.05
15666,12,1,4627,0
15667,1,1,150,0
15667,3,1,3713,0.1
15668,39,1,2235,0.05
15669,32,1,126,0.15
15670,41,1,931,0.1
15671,21,1,2746,0.1
15671,23,2,2336,0
15672,58,1,1326,0.05
15672,48,2,2972,0
15673,31,1,3203,0.1
15673,50,1,2033,0.1
15674,58,2,1326,0.15
15674,5,1,1760,0.05
15675,54,1,3026,0.05
15676,21,1,2746,0
15676,22,1,1574,0.1
15676,2,1,3850,0
15677,33,3,4175,0.05
15677,2,1,3850,0.15
15678,10,1,3487,0.05
15679,7,1,1985,0.1
15679,13,2,3877,0
15680,20,1,3438,0.1
15680,50,1,2033,0.15
15680,33,1,4175,0.05
15681,12,1,4627,0
15682,58,1,1326,0.15
15683,24,1,2262,0
15683,16,1,1002,0
15684,34,2,2437,0
15685,48,1,2972,0
15686,38,1,3806,0.15
15686,18,1,778,0
15687,25,1,3410,0.05
15688,23,1,2336,0.15
15688,49,1,1048,0
15688,49,1,1048,0.2
15689,56,1,630,0.05
15689,15,1,860,0.05
15690,48,1,2972,0.1
15691,46,1,3785,0
15691,31,1,3203,0
15692,35,1,1942,0.05
15693,25,2,3410,0.1
15693,42,1,3125,0
15693,37,2,667,0.1
15693,52,1,1957,0
15694,27,1,1579,0.1
15695,13,1,3877,0.1
15696,20,2,3438,0.05
15696,25,1,3410,0
15696,19,1,2193,0
15697,60,1,552,0
15697,58,1,1326,0
15698,25,1,3410,0.05
15698,52,2,1957,0
15699,45,1,4975,0
15699,55,2,4572,0.1
15700,20,1,3438,0.05
15701,15,1,860,0.2
15701,19,1,2193,0.1
15702,2,1,3850,0.15
15702,31,1,3203,0
15702,18,1,778,0.1
15702,20,1,3438,0
15703,40,1,3255,0.05
15704,11,1,1744,0.1
15705,7,1,1985,0
15706,20,2,3438,0.05
15706,24,1,2262,0
15707,10,1,3487,0.1
15707,54,1,3026,0.05
15708,15,2,860,0
15709,7,3,1985,0
15710,45,1,4975,0.1
15710,45,1,4975,0
15710,32,1,126,0
15711,48,3,2972,0.05
15711,28,2,567,0
15711,18,3,778,0.1
15712,48,1,2972,0.05
15712,46,2,3785,0.15
15713,41,1,931,0.2
15713,1,1,150,0.1
15713,51,3,2916,0
15714,59,1,2290,0.1
15715,28,2,567,0
15716,38,1,3806,0.1
15716,52,1,1957,0
15716,32,1,126,0.1
15717,38,1,3806,0.1
15718,11,1,1744,0
15718,48,1,2972,0.05
15718,60,2,552,0
15718,26,1,4752,0.05
15719,44,1,724,0
15720,58,1,1326,0.05
15721,9,2,4658,0.05
15721,23,1,2336,0.1
15721,44,1,724,0
15722,49,1,1048,0.05
15722,48,1,2972,0.1
15723,50,1,2033,0
15723,30,1,4729,0
15724,60,1,552,0.05
15725,35,1,1942,0.1
15726,39,1,2235,0
15727,22,1,1574,0.1
15728,56,1,630,0.05
15729,1,1,150,0.1
15729,8,1,1791,0
15730,15,1,860,0
15730,17,1,2656,0
15731,59,1,2290,0
15732,18,1,778,0
15732,16,1,1002,0.2
15732,56,1,630,0.05
15733,10,1,3487,0.1
15734,49,1,1048,0.2
15734,41,1,931,0.05
15735,50,1,2033,0.2
15736,33,1,4175,0.1
15737,41,1,931,0
15737,60,1,552,0
15738,11,1,1744,0.15
15738,36,1,1580,0
15738,53,1,1286,0
15739,53,1,1286,0.05
15740,18,1,778,0.1
15740,29,1,2320,0.05
15741,5,1,1760,0.05
15742,32,1,126,0
15742,41,3,931,0
15743,49,1,1048,0.05
15743,17,1,2656,0.05
15744,4,1,2293,0.1
15745,58,1,1326,0
15745,36,1,1580,0
15745,14,1,4075,0.05
15746,7,1,1985,0.05
15747,1,1,150,0.1
15748,4,1,2293,0.05
15749,18,1,778,0
15750,60,1,552,0.15
15751,17,1,2656,0
15751,14,1,4075,0.1
15752,22,1,1574,0.05
15753,40,1,3255,0.1
15754,26,1,4752,0
15755,9,1,4658,0.05
15755,3,1,3713,0.15
15756,48,1,2972,0
15757,27,3,1579,0.2
15757,16,3,1002,0.05
15757,41,1,931,0.1
15758,30,2,4729,0.05
15758,53,1,1286,0.05
15759,9,1,4658,0
15760,7,1,1985,0.1
15761,42,1,3125,0
15761,4,1,2293,0.1
15761,46,2,3785,0
15761,34,2,2437,0.05
15762,40,1,3255,0
15763,29,1,2320,0.05
15764,59,2,2290,0.1
15765,21,1,2746,0
15766,25,1,3410,0.1
15766,39,2,2235,0
15766,40,1,3255,0
15766,47,1,1558,0.05
15767,59,1,2290,0.05
15767,58,2,1326,0
15767,47,1,1558,0.1
15768,43,1,4289,0
15769,13,1,3877,0.05
15769,39,1,2235,0.05
15769,17,1,2656,0
15769,50,1,2033,0
15770,14,1,4075,0.1
15770,46,2,3785,0
15771,22,1,1574,0.1
15772,31,1,3203,0
15773,55,1,4572,0
15774,24,1,2262,0.15
15775,57,1,729,0.1
15775,45,1,4975,0
15776,37,2,667,0.05
15776,28,2,567,0.2
15776,32,1,126,0.05
15777,22,1,1574,0
15777,25,1,3410,0.15
15778,25,1,3410,0.05
15779,44,1,724,0.15
15779,42,1,3125,0.15
15779,19,1,2193,0
15780,5,3,1760,0.05
15780,19,2,2193,0
15781,4,1,2293,0.15
15781,55,1,4572,0.05
15781,41,1,931,0.2
15782,51,2,2916,0.2
15783,53,1,1286,0
15783,47,1,1558,0.15
15783,30,2,4729,0
15784,30,1,4729,0
15784,10,1,3487,0
15784,49,1,1048,0
15784,22,1,1574,0.15
15785,15,1,860,0.05
15785,21,2,2746,0
15786,58,1,1326,0
15787,39,2,2235,0
15787,20,1,3438,0.1
15788,40,1,3255,0.05
15789,47,1,1558,0
15789,29,2,2320,0
15790,15,1,860,0.05
15790,21,3,2746,0
15790,46,1,3785,0
15790,5,1,1760,0.1
15791,18,1,778,0.1
15791,5,1,1760,0.05
15792,36,1,1580,0.05
15793,49,1,1048,0
15793,31,1,3203,0
15794,26,1,4752,0
15795,34,1,2437,0
15796,5,1,1760,0
15796,41,1,931,0
15796,40,3,3255,0
15797,57,2,729,0.05
15797,5,1,1760,0
15798,31,2,3203,0
15798,24,1,2262,0
15799,7,1,1985,0
15800,13,1,3877,0.1
15801,51,1,2916,0.1
15802,43,1,4289,0
15803,50,1,2033,0.1
15804,37,1,667,0
15804,51,1,2916,0
15805,1,1,150,0
15805,7,1,1985,0
15805,18,1,778,0.15
15805,11,1,1744,0
15806,39,1,2235,0.1
15806,55,1,4572,0.15
15807,16,1,1002,0
15808,12,2,4627,0
15808,23,1,2336,0.2
15808,16,2,1002,0
15809,36,2,1580,0.1
15809,34,1,2437,0.05
15809,10,1,3487,0.05
15810,33,1,4175,0
15811,35,1,1942,0
15812,22,1,1574,0.2
15813,28,1,567,0.05
15813,14,1,4075,0
15814,47,1,1558,0.05
15815,45,1,4975,0.15
15815,10,1,3487,0
15815,14,1,4075,0
15816,45,1,4975,0
15817,24,1,2262,0
15818,2,1,3850,0.05
15818,20,1,3438,0.1
15819,3,3,3713,0.05
15820,24,1,2262,0.15
15820,22,1,1574,0.05
15820,9,1,4658,0
15821,27,1,1579,0
15822,60,2,552,0
15823,59,1,2290,0.05
15823,28,1,567,0
15823,52,1,1957,0
15824,58,1,1326,0.1
15824,52,1,1957,0.1
15825,37,1,667,0.1
15825,48,1,2972,0
15825,4,3,2293,0
15826,1,1,150,0.05
15826,5,1,1760,0.05
15827,27,1,1579,0
15827,15,1,860,0.15
15828,60,1,552,0.15
15829,44,1,724,0
15829,22,1,1574,0
15830,18,2,778,0.05
15830,19,1,2193,0
15830,37,1,667,0
15831,39,1,2235,0
15831,36,1,1580,0
15831,8,1,1791,0
15831,43,1,4289,0.05
15832,30,1,4729,0.05
15833,42,1,3125,0.2
15833,55,2,4572,0.05
15834,15,1,860,0.05
15834,24,2,2262,0
15835,29,2,2320,0
15835,7,1,1985,0.2
15836,32,1,126,0.15
15836,16,1,1002,0.05
15836,13,1,3877,0.05
15837,2,1,3850,0.05
15837,48,1,2972,0.05
15838,39,1,2235,0.05
15838,29,1,2320,0
15839,30,1,4729,0.2
15840,52,1,1957,0
15840,16,2,1002,0.1
15841,27,1,1579,0.1
15842,27,1,1579,0.1
15843,33,1,4175,0.15
15844,33,1,4175,0.15
15844,10,1,3487,0.1
15845,43,1,4289,0
15845,53,1,1286,0
15846,25,1,3410,0.15
15846,13,1,3877,0.1
15847,54,1,3026,0.05
15847,7,1,1985,0.1
15847,51,2,2916,0.2
15848,2,1,3850,0.15
15849,36,2,1580,0.05
15850,7,2,1985,0
15851,43,1,4289,0
15851,60,1,552,0.05
15851,31,2,3203,0.2
15851,59,1,2290,0.1
15852,24,1,2262,0.1
15853,12,1,4627,0
15853,34,1,2437,0
15854,12,1,4627,0
15855,13,1,3877,0.15
15856,22,1,1574,0
15857,38,3,3806,0
15858,37,1,667,0
15859,34,1,2437,0.15
15860,33,1,4175,0.1
15861,40,1,3255,0.1
15862,29,1,2320,0.1
15862,8,1,1791,0
15863,42,1,3125,0.15
15863,51,2,2916,0.05
15863,54,2,3026,0.05
15864,18,1,778,0
15864,17,1,2656,0.1
15864,18,1,778,0
15865,38,1,3806,0
15865,36,1,1580,0
15866,15,1,860,0
15867,3,1,3713,0
15867,7,1,1985,0.05
15868,23,3,2336,0.1
15868,41,1,931,0.1
15868,30,1,4729,0
15869,17,2,2656,0
15869,14,2,4075,0.1
15870,14,1,4075,0.05
15870,11,1,1744,0
15870,24,1,2262,0.05
15871,37,1,667,0
15871,17,1,2656,0.1
15871,14,1,4075,0
15872,9,1,4658,0.05
15872,53,2,1286,0
15872,41,1,931,0.05
15873,45,1,4975,0
15874,32,1,126,0.15
15875,46,1,3785,0
15875,40,1,3255,0.05
15875,1,1,150,0.15
15875,26,1,4752,0
15876,4,1,2293,0.15
15876,8,1,1791,0
15876,15,1,860,0
15877,21,1,2746,0
15877,1,1,150,0.2
15877,40,1,3255,0
15877,42,1,3125,0.15
15878,38,1,3806,0.05
15879,51,1,2916,0.1
15879,44,2,724,0.1
15879,4,1,2293,0.05
15880,11,3,1744,0.15
15881,20,2,3438,0.05
15881,32,1,126,0.15
15882,4,2,2293,0
15882,31,3,3203,0.1
15882,5,1,1760,0.05
15883,14,2,4075,0.05
15883,13,3,3877,0
15884,51,2,2916,0.05
15884,51,1,2916,0
15884,17,1,2656,0.15
15885,40,1,3255,0.05
15885,21,1,2746,0.05
15886,23,3,2336,0
15886,22,1,1574,0.1
15886,53,1,1286,0.05
15887,16,1,1002,0
15888,57,2,729,0.05
15888,40,2,3255,0.1
15888,60,2,552,0.15
15889,30,1,4729,0
15889,25,1,3410,0.05
15890,51,2,2916,0
15891,35,1,1942,0.05
15892,39,1,2235,0.05
15892,26,1,4752,0.2
15892,29,1,2320,0
15892,49,2,1048,0.05
15893,36,1,1580,0
15894,45,2,4975,0
15894,19,2,2193,0
15894,33,1,4175,0
15895,22,3,1574,0
15896,4,1,2293,0.05
15896,19,1,2193,0.15
15897,41,1,931,0
15897,43,1,4289,0
15897,1,1,150,0
15897,28,1,567,0
15898,19,1,2193,0
15898,32,1,126,0.05
15898,35,1,1942,0
15899,10,1,3487,0.15
15900,4,1,2293,0
15900,1,1,150,0
15901,18,1,778,0
15902,32,1,126,0.1
15902,47,1,1558,0
15903,36,1,1580,0.1
15904,34,1,2437,0.1
15904,25,1,3410,0.05
15905,33,1,4175,0.2
15906,49,2,1048,0
15906,33,1,4175,0.05
15907,53,2,1286,0.2
15908,14,1,4075,0.15
15909,32,1,126,0.05
15909,23,1,2336,0.1
15910,10,1,3487,0.05
15910,25,1,3410,0
15911,36,1,1580,0.1
15912,33,2,4175,0.05
15912,20,2,3438,0.1
15913,29,1,2320,0
15913,23,1,2336,0.05
15914,43,1,4289,0.05
15915,46,3,3785,0
15915,35,2,1942,0
15915,38,1,3806,0.05
15916,49,1,1048,0.05
15916,58,2,1326,0
15916,47,1,1558,0
15916,31,2,3203,0.05
15917,20,1,3438,0
15918,55,2,4572,0
15918,40,2,3255,0.1
15918,26,1,4752,0.15
15919,57,2,729,0
15919,1,1,150,0.15
15920,1,1,150,0
15921,32,2,126,0
15921,16,3,1002,0.05
15922,18,1,778,0
15923,2,1,3850,0.2
15923,16,1,1002,0
15924,45,1,4975,0.1
15925,49,1,1048,0
15925,44,1,724,0.05
15925,42,1,3125,0
15926,56,2,630,0.1
15926,16,1,1002,0
15926,52,1,1957,0
15927,25,2,3410,0
15927,49,3,1048,0.15
15927,31,1,3203,0.1
15928,22,2,1574,0.05
15929,11,1,1744,0.05
15930,15,1,860,0.1
15930,56,1,630,0.05
15931,57,1,729,0.1
15932,4,2,2293,0
15932,52,1,1957,0.05
15933,18,3,778,0
15934,60,1,552,0.15
15935,37,2,667,0.05
15935,60,1,552,0
15936,55,1,4572,0.15
15936,49,1,1048,0.05
15936,18,2,778,0.05
15937,55,1,4572,0
15937,1,1,150,0
15937,4,1,2293,0
15938,36,1,1580,0
15938,30,1,4729,0.2
15939,60,1,552,0
15940,43,1,4289,0.05
15941,34,1,2437,0.05
15941,19,1,2193,0
15942,45,1,4975,0
15942,5,2,1760,0.15
15943,50,1,2033,0.05
15943,11,1,1744,0.05
15943,31,1,3203,0.1
15943,4,1,2293,0
15944,50,1,2033,0
15944,25,3,3410,0.05
15945,51,1,2916,0
15946,58,2,1326,0.1
15946,41,1,931,0.05
15947,37,1,667,0
15947,36,1,1580,0.05
15948,17,1,2656,0.1
15949,8,1,1791,0.05
15949,20,1,3438,0.05
15950,40,1,3255,0.05
15950,45,1,4975,0.1
15951,7,1,1985,0.1
15951,33,1,4175,0.05
15951,48,1,2972,0
15952,49,1,1048,0.1
15952,59,1,2290,0.05
15953,55,1,4572,0.1
15953,30,1,4729,0.1
15953,26,1,4752,0.1
15954,39,1,2235,0
15954,11,1,1744,0
15954,24,1,2262,0
15955,17,1,2656,0
15955,41,1,931,0.15
15956,32,2,126,0.1
15956,41,1,931,0.1
15956,7,1,1985,0.1
15957,38,3,3806,0
15958,20,1,3438,0.15
15958,3,1,3713,0.05
15959,1,1,150,0
15959,28,1,567,0
15959,57,1,729,0
15960,51,3,2916,0.1
15961,50,1,2033,0.05
15962,35,1,1942,0
15963,28,2,567,0
15964,43,1,4289,0.2
15964,38,2,3806,0.2
15964,41,1,931,0.05
15964,49,2,1048,0
15965,57,1,729,0.1
15965,54,1,3026,0
15965,5,1,1760,0.05
15965,52,1,1957,0.05
15966,49,1,1048,0.05
15967,55,1,4572,0
15967,46,1,3785,0
15968,24,1,2262,0
15968,27,3,1579,0.05
15968,13,1,3877,0
15968,9,1,4658,0.05
15969,23,1,2336,0.15
15970,24,1,2262,0.1
15971,14,1,4075,0
15971,49,1,1048,0
15971,1,2,150,0.05
15972,46,1,3785,0
15973,40,2,3255,0
15974,40,1,3255,0
15974,10,1,3487,0
15975,55,1,4572,0.05
15975,11,1,1744,0.05
15976,7,1,1985,0
15976,31,1,3203,0.05
15977,57,1,729,0.1
15977,10,1,3487,0.05
15978,58,1,1326,0.15
15979,34,1,2437,0
15979,24,1,2262,0.15
15979,39,2,2235,0.05
15979,12,1,4627,0
15980,56,1,630,0.05
15981,47,1,1558,0
15982,34,1,2437,0.15
15983,23,1,2336,0.05
15984,53,2,1286,0
15985,7,1,1985,0
15986,51,1,2916,0.15
15987,21,1,2746,0.1
15987,7,1,1985,0.1
15988,6,1,529,0
15988,13,1,3877,0
15989,26,1,4752,0.05
15989,56,1,630,0
15990,1,1,150,0.1
15990,57,1,729,0
15991,28,2,567,0.05
15992,8,1,1791,0.1
15992,39,1,2235,0
15993,26,1,4752,0
15993,54,1,3026,0.1
15993,52,2,1957,0
15994,34,1,2437,0
15995,25,1,3410,0.1
15996,41,1,931,0.1
15996,13,1,3877,0
15996,8,1,1791,0
15996,57,1,729,0
15997,36,1,1580,0.15
15998,8,1,1791,0.05
15998,54,3,3026,0.1
15998,53,2,1286,0.1
15999,4,1,2293,0
16000,4,1,2293,0
16000,22,1,1574,0
16001,2,1,3850,0.05
16002,26,2,4752,0.05
16002,26,1,4752,0.1
16003,24,1,2262,0
16003,49,1,1048,0
16004,29,1,2320,0.1
16004,26,1,4752,0.05
16005,16,1,1002,0.05
16006,8,1,1791,0
16006,43,1,4289,0.05
16007,55,1,4572,0
16008,18,1,778,0
16008,56,1,630,0.1
16009,22,1,1574,0
16009,42,1,3125,0
16009,24,1,2262,0.1
16010,42,1,3125,0.1
16011,22,3,1574,0.1
16011,41,3,931,0
16012,24,1,2262,0.05
16012,13,1,3877,0
16013,21,1,2746,0
16014,18,1,778,0.15
16015,25,1,3410,0.05
16015,37,1,667,0
16015,28,1,567,0
16016,20,1,3438,0.1
16016,19,1,2193,0.05
16016,40,1,3255,0.1
16016,21,1,2746,0.1
16017,9,1,4658,0.05
16017,55,1,4572,0.05
16018,49,3,1048,0.1
16018,26,1,4752,0
16019,52,1,1957,0.15
16019,5,1,1760,0.15
16020,31,1,3203,0
16021,58,1,1326,0.2
16022,4,2,2293,0.15
16023,15,1,860,0.1
16024,33,1,4175,0.1
16024,52,1,1957,0
16024,27,1,1579,0.1
16025,17,1,2656,0.05
16026,13,1,3877,0
16027,36,1,1580,0
16028,4,1,2293,0
16028,15,1,860,0
16028,40,1,3255,0.05
16029,30,1,4729,0.1
16029,44,1,724,0.05
16029,27,1,1579,0.1
16030,41,1,931,0
16031,38,1,3806,0.05
16031,32,2,126,0.2
16032,54,1,3026,0
16033,37,2,667,0
16033,6,1,529,0
16034,46,1,3785,0.2
16034,4,1,2293,0.05
16034,39,2,2235,0.1
16035,9,2,4658,0
16035,60,1,552,0.1
16036,26,1,4752,0.1
16036,43,1,4289,0
16036,16,1,1002,0
16036,59,1,2290,0.15
16037,53,1,1286,0
16037,57,1,729,0
16037,41,1,931,0
16038,27,1,1579,0.1
16038,56,1,630,0.05
16039,37,2,667,0
16040,40,1,3255,0
16040,17,1,2656,0.05
16040,27,1,1579,0
16041,53,1,1286,0.15
16041,56,1,630,0.05
16042,8,1,1791,0
16042,5,1,1760,0.1
16043,42,1,3125,0.05
16044,45,1,4975,0
16044,45,1,4975,0.05
16045,34,1,2437,0.05
16046,34,1,2437,0
16047,7,1,1985,0
16048,59,1,2290,0
16048,17,1,2656,0.2
16048,37,1,667,0.05
16048,30,1,4729,0.05
16049,59,1,2290,0.05
16049,14,1,4075,0.1
16050,48,1,2972,0.05
16051,29,1,2320,0.1
16051,35,1,1942,0.15
16052,32,2,126,0.05
16053,10,1,3487,0
16053,2,1,3850,0.1
16054,55,1,4572,0.05
16055,17,2,2656,0.05
16055,5,1,1760,0.15
16056,48,1,2972,0.05
16056,59,1,2290,0.1
16057,43,1,4289,0
16058,29,1,2320,0.05
16058,20,2,3438,0.15
16059,22,1,1574,0.1
16059,46,1,3785,0.05
16060,10,1,3487,0.15
16061,35,1,1942,0.1
16062,5,1,1760,0.1
16062,41,1,931,0
16063,59,2,2290,0.1
16063,56,1,630,0.1
16064,6,2,529,0.05
16065,6,1,529,0
16065,21,1,2746,0
16066,31,1,3203,0.1
16067,22,1,1574,0.1
16068,8,1,1791,0.05
16069,8,1,1791,0
16070,33,1,4175,0
16070,41,1,931,0.15
16071,55,1,4572,0
16072,45,1,4975,0.05
16072,27,1,1579,0.05
16073,57,1,729,0.05
16073,36,1,1580,0
16074,26,1,4752,0
16075,50,1,2033,0
16076,45,1,4975,0
16077,12,1,4627,0.1
16078,39,1,2235,0.1
16078,59,1,2290,0.05
16079,44,1,724,0.05
16080,16,2,1002,0.15
16080,6,1,529,0.15
16080,21,1,2746,0.1
16081,17,1,2656,0
16081,29,1,2320,0.1
16081,37,1,667,0
16082,35,1,1942,0
16082,32,2,126,0.1
16082,51,2,2916,0.1
16083,6,1,529,0
16084,59,1,2290,0
16085,42,1,3125,0
16085,46,1,3785,0.2
16086,20,1,3438,0
16086,37,1,667,0.05
16087,30,1,4729,0
16088,58,1,1326,0.1
16089,9,1,4658,0.05
16089,21,1,2746,0.05
16090,21,1,2746,0.2
16091,7,1,1985,0
16091,11,2,1744,0.2
16092,8,1,1791,0.1
16093,17,1,2656,0.05
16093,53,1,1286,0
16093,4,1,2293,0
16093,35,1,1942,0.1
16094,23,1,2336,0.15
16094,22,1,1574,0
16094,58,1,1326,0.05
16095,2,2,3850,0
16096,14,1,4075,0
16097,3,1,3713,0.05
16097,14,1,4075,0
16098,2,1,3850,0.05
16098,44,1,724,0
16098,27,1,1579,0.05
16099,57,1,729,0
16099,18,1,778,0
16099,29,1,2320,0.05
16100,25,1,3410,0
16100,14,1,4075,0.2
16101,10,1,3487,0.05
16101,56,1,630,0
16102,6,1,529,0.2
16102,30,1,4729,0.05
16102,21,1,2746,0.1
16102,1,1,150,0
16103,53,1,1286,0.1
16104,2,1,3850,0
16105,50,1,2033,0
16105,8,1,1791,0
16105,51,1,2916,0.1
16106,5,1,1760,0
16107,52,1,1957,0
16108,37,1,667,0.1
16108,29,2,2320,0
16108,40,1,3255,0.05
16109,21,1,2746,0
16109,46,1,3785,0
16110,14,1,4075,0.15
16111,24,1,2262,0
16112,52,2,1957,0.15
16113,50,3,2033,0.2
16113,29,2,2320,0.05
16114,5,1,1760,0
16115,57,2,729,0.05
16115,30,2,4729,0.15
16115,57,1,729,0.1
16116,36,1,1580,0
16116,34,1,2437,0
16116,28,1,567,0.1
16117,21,1,2746,0.05
16117,33,2,4175,0.1
16118,7,1,1985,0
16118,30,1,4729,0.15
16119,8,1,1791,0.05
16119,60,2,552,0
16120,22,1,1574,0
16120,11,2,1744,0
16120,20,1,3438,0.05
16121,16,2,1002,0
16122,5,1,1760,0
16122,60,1,552,0.05
16123,27,1,1579,0.1
16123,19,1,2193,0.1
16123,36,1,1580,0.1
16124,47,1,1558,0.2
16124,30,1,4729,0.1
16124,31,1,3203,0.05
16125,58,1,1326,0.05
16126,2,2,3850,0.15
16126,57,2,729,0
16127,10,1,3487,0.1
16127,39,1,2235,0
16127,5,2,1760,0
16128,55,1,4572,0
16129,14,1,4075,0.2
16130,40,1,3255,0.15
16130,31,1,3203,0
16130,52,1,1957,0.05
16131,22,1,1574,0
16131,57,1,729,0.15
16131,37,2,667,0.15
16131,52,1,1957,0
16132,40,1,3255,0
16133,30,1,4729,0
16134,44,2,724,0.05
16134,40,1,3255,0.2
16135,38,1,3806,0
16135,55,1,4572,0
16136,25,1,3410,0.05
16136,24,2,2262,0.15
16137,3,1,3713,0
16138,20,1,3438,0
16138,49,1,1048,0
16138,37,1,667,0.2
16138,55,1,4572,0
16139,5,1,1760,0
16140,17,1,2656,0
16140,45,2,4975,0.2
16140,54,1,3026,0
16141,22,2,1574,0.05
16142,47,1,1558,0
16142,38,3,3806,0.15
16143,43,1,4289,0
16143,28,1,567,0.05
16144,31,1,3203,0
16145,22,1,1574,0
16145,8,3,1791,0.05
16145,30,1,4729,0
16146,38,1,3806,0.05
16146,48,1,2972,0
16146,16,1,1002,0
16147,13,1,3877,0.05
16147,26,1,4752,0
16148,12,1,4627,0.2
16148,15,1,860,0
16149,44,1,724,0
16149,26,1,4752,0.05
16150,22,1,1574,0
16150,23,1,2336,0
16151,28,2,567,0
16151,58,1,1326,0
16152,51,1,2916,0.15
16153,42,1,3125,0.05
16154,21,1,2746,0
16154,4,1,2293,0.1
16154,51,1,2916,0.05
16155,1,1,150,0.05
16155,56,2,630,0.05
16155,4,1,2293,0.05
16156,46,1,3785,0
16157,48,1,2972,0.05
16157,10,2,3487,0
16157,5,1,1760,0
16158,32,1,126,0
16158,20,1,3438,0
16159,23,2,2336,0
16159,8,1,1791,0.05
16159,48,1,2972,0
16160,4,1,2293,0.15
16160,24,2,2262,0.1
16160,35,1,1942,0.05
16160,17,1,2656,0
16161,56,1,630,0.1
16161,30,1,4729,0.2
16162,36,2,1580,0.05
16162,26,1,4752,0.1
16163,22,1,1574,0.05
16163,48,1,2972,0
16164,15,2,860,0.15
16164,5,1,1760,0.05
16165,57,1,729,0.05
16165,53,1,1286,0.2
16165,10,1,3487,0.1
16166,21,1,2746,0.1
16166,29,1,2320,0.05
16167,59,1,2290,0.1
16167,7,1,1985,0.05
16168,16,2,1002,0.05
16169,53,1,1286,0
16170,42,1,3125,0.05
16171,38,1,3806,0
16171,47,1,1558,0.05
16172,31,1,3203,0.1
16172,30,1,4729,0.1
16172,28,1,567,0
16173,43,1,4289,0.05
16173,55,1,4572,0
16173,44,1,724,0.05
16174,45,1,4975,0
16175,18,1,778,0.05
16175,2,1,3850,0.2
16176,56,3,630,0.1
16177,42,1,3125,0.2
16178,20,1,3438,0.2
16178,56,1,630,0
16179,56,1,630,0.05
16180,49,3,1048,0
16180,36,1,1580,0.05
16181,12,1,4627,0
16181,8,1,1791,0
16182,43,1,4289,0
16183,59,1,2290,0.1
16184,33,1,4175,0
16184,43,1,4289,0.05
16185,28,1,567,0
16185,20,1,3438,0.2
16185,53,1,1286,0
16186,26,1,4752,0.1
16187,52,2,1957,0.05
16187,17,1,2656,0.05
16187,55,1,4572,0
16187,26,1,4752,0
16188,14,3,4075,0
16189,45,1,4975,0
16189,23,2,2336,0.1
16190,33,1,4175,0.1
16191,7,1,1985,0
16192,33,1,4175,0.2
16193,27,1,1579,0.15
16194,30,1,4729,0
16195,9,1,4658,0.05
16196,40,1,3255,0
16197,24,1,2262,0
16198,11,1,1744,0.05
16199,8,1,1791,0.05
16200,16,1,1002,0.1
16201,22,1,1574,0.2
16202,12,1,4627,0.15
16202,57,3,729,0
16202,56,1,630,0.1
16203,39,1,2235,0
16203,46,1,3785,0
16203,59,1,2290,0.2
16204,5,1,1760,0.15
16205,55,2,4572,0
16205,52,1,1957,0
16206,45,1,4975,0
16207,60,1,552,0
16208,46,1,3785,0
16208,52,1,1957,0
16208,55,1,4572,0
16209,57,1,729,0
16209,16,1,1002,0.1
16210,36,1,1580,0.05
16211,53,1,1286,0
16212,52,2,1957,0.15
16212,57,2,729,0
16212,23,1,2336,0.15
16213,28,1,567,0.05
16214,27,1,1579,0.1
16215,44,2,724,0
16215,31,3,3203,0
16216,4,1,2293,0
16216,11,1,1744,0.05
16217,26,1,4752,0
16217,20,1,3438,0.05
16217,9,1,4658,0.1
16217,14,1,4075,0
16218,8,2,1791,0.1
16218,56,1,630,0
16218,31,1,3203,0
16219,9,1,4658,0
16219,36,1,1580,0
16219,19,1,2193,0.15
16220,30,2,4729,0.1
16221,53,1,1286,0.1
16222,54,1,3026,0.1
16223,11,1,1744,0
16224,18,1,778,0.15
16224,58,1,1326,0
16224,53,1,1286,0
16225,43,2,4289,0.05
16225,48,3,2972,0.1
16225,52,1,1957,0.05
16226,47,1,1558,0.05
16226,51,1,2916,0.15
16226,21,1,2746,0.05
16227,7,2,1985,0.05
16228,3,1,3713,0.1
16228,41,1,931,0.05
16229,15,2,860,0.2
16229,60,1,552,0
16230,50,1,2033,0.05
16231,43,1,4289,0.2
16231,17,2,2656,0.2
16232,24,2,2262,0
16232,40,1,3255,0
16233,3,1,3713,0
16233,13,1,3877,0.15
16234,56,1,630,0
16234,7,1,1985,0
16235,32,1,126,0.2
16235,60,2,552,0
16235,7,1,1985,0
16236,41,1,931,0
16237,44,1,724,0
16238,35,1,1942,0
16239,9,3,4658,0
16239,49,1,1048,0
16239,14,1,4075,0
16239,29,1,2320,0
16240,42,2,3125,0
16240,41,1,931,0.1
16240,35,1,1942,0
16241,20,1,3438,0
16241,11,1,1744,0
16242,57,1,729,0
16243,29,1,2320,0
16244,53,1,1286,0
16244,45,1,4975,0
16244,14,1,4075,0.05
16245,54,1,3026,0.1
16245,12,2,4627,0.15
16245,12,1,4627,0
16246,58,1,1326,0.05
16246,22,1,1574,0.1
16247,59,1,2290,0
16248,36,1,1580,0.05
16249,60,1,552,0.05
16250,27,1,1579,0.05
16250,29,1,2320,0.2
16250,8,2,1791,0.15
16250,39,1,2235,0
16251,15,1,860,0
16252,10,1,3487,0
16252,16,1,1002,0.1
16253,24,1,2262,0.2
16254,57,1,729,0
16254,29,2,2320,0.1
16254,4,1,2293,0
16255,4,1,2293,0.15
16255,14,1,4075,0.2
16256,22,2,1574,0.1
16256,17,1,2656,0
16257,52,2,1957,0.15
16258,12,1,4627,0.1
16259,14,1,4075,0.15
16259,48,1,2972,0.05
16260,34,1,2437,0
16260,38,1,3806,0.05
16261,8,1,1791,0
16262,17,1,2656,0.1
16262,26,1,4752,0
16262,6,1,529,0.1
16263,53,1,1286,0.05
16264,29,1,2320,0.1
16264,16,1,1002,0.1
16265,34,1,2437,0.15
16265,22,1,1574,0.1
16266,56,1,630,0
16267,60,1,552,0
16268,22,1,1574,0
16269,55,2,4572,0
16269,39,1,2235,0.05
16270,9,1,4658,0.1
16271,27,1,1579,0.05
16271,23,2,2336,0.2
16271,37,2,667,0.1
16272,4,1,2293,0
16273,5,1,1760,0.05
16274,55,1,4572,0
16274,39,1,2235,0.1
16275,22,1,1574,0.05
16276,60,1,552,0.2
16277,12,1,4627,0
16278,20,2,3438,0.2
16278,42,1,3125,0.1
16279,58,3,1326,0
16279,58,1,1326,0
16280,8,1,1791,0.1
16280,31,1,3203,0
16281,3,1,3713,0.1
16282,60,1,552,0.05
16282,33,1,4175,0.05
16282,38,1,3806,0.05
16282,18,1,778,0.2
16283,16,1,1002,0.05
16284,59,2,2290,0.05
16284,50,1,2033,0
16284,50,1,2033,0.05
16285,55,2,4572,0.2
16286,6,1,529,0.1
16287,34,1,2437,0.1
16287,52,2,1957,0.05
16287,11,1,1744,0.05
16288,7,1,1985,0.2
16289,55,1,4572,0.1
16290,37,1,667,0.1
16291,20,2,3438,0.05
16292,51,1,2916,0.1
16292,30,1,4729,0
16292,4,1,2293,0
16293,25,1,3410,0
16293,59,2,2290,0
16293,49,2,1048,0.1
16294,54,1,3026,0.05
16295,54,1,3026,0
16295,4,1,2293,0.05
16296,40,2,3255,0
16297,55,1,4572,0
16297,9,1,4658,0
16298,15,1,860,0.15
16298,50,1,2033,0.05
16299,42,1,3125,0
16300,8,1,1791,0
16301,60,1,552,0
16301,2,1,3850,0.1
16302,35,1,1942,0.15
16302,53,1,1286,0
16302,20,1,3438,0.1
16303,1,1,150,0.1
16304,19,2,2193,0
16304,16,1,1002,0.15
16305,32,1,126,0.05
16306,4,1,2293,0.2
16306,40,1,3255,0.1
16307,53,1,1286,0
16308,51,1,2916,0.1
16308,19,1,2193,0.2
16308,6,1,529,0
16308,41,1,931,0.1
16309,22,2,1574,0.1
16310,12,1,4627,0
16310,30,1,4729,0
16311,60,1,552,0.2
16311,50,1,2033,0.1
16312,9,1,4658,0
16312,12,1,4627,0.2
16313,11,1,1744,0
16313,33,1,4175,0.1
16313,39,1,2235,0.05
16314,19,2,2193,0.1
16314,40,2,3255,0.05
16314,54,1,3026,0
16314,26,1,4752,0.05
16315,42,1,3125,0
16315,16,1,1002,0.1
16315,29,2,2320,0.05
16316,12,2,4627,0.1
16317,38,2,3806,0.05
16318,24,1,2262,0.15
16318,1,1,150,0.2
16318,34,1,2437,0.05
16319,49,1,1048,0
16320,44,3,724,0.1
16320,23,2,2336,0
16320,57,1,729,0.05
16321,49,2,1048,0.05
16322,25,1,3410,0.1
16323,30,1,4729,0
16324,20,1,3438,0
16325,7,1,1985,0
16325,6,1,529,0.05
16326,17,1,2656,0
16327,51,1,2916,0.05
16328,60,1,552,0
16329,10,1,3487,0
16329,35,1,1942,0
16330,58,1,1326,0
16330,51,1,2916,0
16330,33,3,4175,0.15
16331,26,1,4752,0
16332,58,1,1326,0
16332,47,1,1558,0.1
16333,50,1,2033,0.05
16334,60,1,552,0.05
16334,51,1,2916,0.05
16334,44,1,724,0.1
16335,3,2,3713,0.15
16335,10,1,3487,0.1
16336,12,2,4627,0.1
16336,10,1,3487,0
16337,33,1,4175,0
16337,16,1,1002,0
16337,40,1,3255,0
16338,14,2,4075,0.05
16339,38,1,3806,0
16340,37,1,667,0.15
16340,13,3,3877,0.1
16340,35,1,1942,0
16341,38,1,3806,0.1
16342,6,1,529,0
16342,39,1,2235,0.2
16343,20,1,3438,0.15
16343,6,1,529,0
16344,52,3,1957,0.15
16345,59,1,2290,0.15
16346,23,1,2336,0
16346,10,1,3487,0
16347,22,1,1574,0.05
16348,37,2,667,0.05
16348,10,1,3487,0.15
16349,18,1,778,0
16349,60,2,552,0.1
16349,23,1,2336,0.1
16349,48,1,2972,0
16350,45,1,4975,0
16350,12,2,4627,0
16351,47,1,1558,0.1
16352,31,1,3203,0.1
16352,14,1,4075,0.05
16353,27,2,1579,0
16353,1,1,150,0.2
16354,41,1,931,0.05
16355,26,1,4752,0.1
16356,58,1,1326,0.05
16356,16,1,1002,0.1
16357,32,1,126,0
16358,23,2,2336,0.15
16358,2,2,3850,0
16358,5,2,1760,0
16359,56,1,630,0.15
16360,27,1,1579,0.05
16360,28,1,567,0.05
16360,32,1,126,0
16361,41,1,931,0
16362,5,2,1760,0.1
16362,31,1,3203,0
16363,35,1,1942,0.05
16363,42,2,3125,0.05
16364,57,1,729,0
16364,2,1,3850,0.05
16364,10,1,3487,0
16365,27,1,1579,0.1
16366,7,1,1985,0.1
16366,9,1,4658,0.2
16367,43,1,4289,0
16368,24,1,2262,0.05
16368,58,1,1326,0.05
16368,42,1,3125,0.15
16369,45,1,4975,0.15
16369,2,1,3850,0.1
16370,28,1,567,0
16371,55,1,4572,0.05
16371,4,1,2293,0.05
16371,16,1,1002,0.05
16372,38,2,3806,0
16373,23,1,2336,0.15
16373,5,1,1760,0.2
16374,21,2,2746,0.05
16374,49,1,1048,0
16374,14,1,4075,0
16375,6,2,529,0
16375,19,1,2193,0
16376,46,1,3785,0.15
16376,29,1,2320,0.1
16376,29,1,2320,0
16377,43,2,4289,0.05
16377,25,1,3410,0.05
16377,17,2,2656,0.05
16378,4,1,2293,0.15
16378,7,1,1985,0
16378,3,1,3713,0.05
16379,39,1,2235,0.05
16379,33,1,4175,0.1
16380,36,2,1580,0
16380,39,2,2235,0.1
16380,50,1,2033,0.05
16380,8,1,1791,0
16381,33,1,4175,0
16381,37,2,667,0
16382,49,1,1048,0.15
16382,7,1,1985,0
16383,39,1,2235,0.1
16384,49,1,1048,0.05
16385,18,1,778,0.05
16386,27,1,1579,0
16387,22,1,1574,0.1
16388,2,2,3850,0.05
16388,55,1,4572,0.05
16389,32,2,126,0
16389,33,1,4175,0
16390,17,1,2656,0.05
16390,39,1,2235,0.1
16391,22,1,1574,0.05
16392,42,1,3125,0
16393,49,1,1048,0.15
16393,14,1,4075,0.1
16393,3,1,3713,0
16394,36,2,1580,0.1
16394,50,1,2033,0.1
16394,44,1,724,0.15
16394,44,1,724,0.05
16395,47,1,1558,0
16396,54,1,3026,0
16396,50,2,2033,0
16397,26,2,4752,0.05
16397,1,1,150,0.15
16397,51,1,2916,0
16397,33,1,4175,0.2
16398,7,1,1985,0
16398,51,1,2916,0.15
16399,16,1,1002,0.05
16400,40,1,3255,0
16400,22,1,1574,0
16401,58,1,1326,0
16401,26,1,4752,0.05
16402,26,2,4752,0
16402,4,2,2293,0.1
16403,59,1,2290,0.05
16403,2,2,3850,0.1
16404,7,2,1985,0
16405,9,1,4658,0
16406,12,1,4627,0.05
16406,54,2,3026,0
16407,50,3,2033,0
16408,52,2,1957,0
16408,2,1,3850,0.1
16409,33,3,4175,0.1
16410,26,1,4752,0.05
16411,19,1,2193,0.15
16411,31,1,3203,0
16411,48,1,2972,0.1
16412,59,1,2290,0.05
16413,44,1,724,0
16414,43,1,4289,0.1
16414,48,1,2972,0.05
16415,46,2,3785,0
16415,56,1,630,0
16416,50,1,2033,0
16417,41,1,931,0.05
16417,56,2,630,0.15
16418,29,1,2320,0.1
16419,45,1,4975,0.1
16420,22,1,1574,0.2
16421,15,1,860,0.15
16421,21,1,2746,0
16422,30,2,4729,0.15
16423,38,1,3806,0.2
16423,37,1,667,0
16424,40,1,3255,0
16425,30,1,4729,0.05
16425,8,3,1791,0.05
16426,4,1,2293,0.05
16427,59,1,2290,0
16428,33,1,4175,0.05
16428,56,1,630,0.05
16428,33,2,4175,0
16429,26,2,4752,0
16430,45,1,4975,0.1
16431,33,1,4175,0.1
16432,26,1,4752,0
16432,41,1,931,0.05
16433,9,2,4658,0.1
16434,10,1,3487,0
16434,3,1,3713,0
16434,59,1,2290,0
16435,18,1,778,0.1
16436,8,1,1791,0
16436,50,1,2033,0
16437,16,1,1002,0.1
16437,20,2,3438,0.05
16438,52,1,1957,0.05
16438,34,1,2437,0.05
16439,54,1,3026,0.05
16440,3,2,3713,0.1
16440,47,1,1558,0.05
16441,55,1,4572,0
16442,30,2,4729,0.15
16442,31,1,3203,0.2
16442,17,2,2656,0.05
16443,45,1,4975,0
16444,52,1,1957,0.1
16445,29,1,2320,0
16446,50,1,2033,0.05
16446,50,1,2033,0.05
16447,34,1,2437,0.1
16448,17,1,2656,0
16448,32,1,126,0.1
16449,10,1,3487,0.1
16449,27,1,1579,0.1
16449,32,1,126,0.15
16450,2,1,3850,0
16450,27,1,1579,0.15
16451,41,2,931,0.15
16451,5,1,1760,0.1
16452,5,1,1760,0.05
16452,57,2,729,0.05
16453,31,1,3203,0.05
16454,26,1,4752,0.05
16454,39,1,2235,0.05
16454,12,1,4627,0.2
16455,56,1,630,0
16455,47,2,1558,0.05
16455,21,1,2746,0.1
16456,14,1,4075,0
16456,41,2,931,0
16456,31,1,3203,0.1
16456,32,1,126,0
16457,7,1,1985,0
16457,48,1,2972,0
16458,1,1,150,0
16459,13,1,3877,0
16460,51,2,2916,0
16460,37,1,667,0.1
16460,43,1,4289,0
16460,27,1,1579,0
16461,51,1,2916,0
16461,1,2,150,0.05
16462,7,1,1985,0
16462,53,1,1286,0.15
16463,24,1,2262,0
16463,40,1,3255,0
16464,31,1,3203,0.2
16464,55,1,4572,0
16464,11,2,1744,0.15
16465,2,3,3850,0.05
16465,23,1,2336,0
16465,27,1,1579,0
16466,15,1,860,0.1
16466,11,2,1744,0.1
16466,41,1,931,0
16467,4,2,2293,0
16467,8,2,1791,0.1
16467,33,1,4175,0.05
16467,42,1,3125,0.1
16468,14,2,4075,0.05
16468,32,1,126,0
16468,44,1,724,0
16469,33,1,4175,0.1
16469,21,1,2746,0.1
16470,53,1,1286,0.05
16470,59,1,2290,0.1
16470,7,1,1985,0
16471,24,2,2262,0.1
16471,29,2,2320,0.2
16471,2,1,3850,0.1
16471,24,1,2262,0.05
16472,12,1,4627,0
16472,36,1,1580,0
16472,26,2,4752,0.05
16473,59,1,2290,0.05
16473,14,1,4075,0.05
16473,49,1,1048,0.2
16474,41,1,931,0.15
16475,28,1,567,0
16475,48,2,2972,0.2
16475,22,1,1574,0
16476,8,2,1791,0
16476,41,1,931,0.1
16477,46,2,3785,0.05
16477,9,2,4658,0.1
16478,33,2,4175,0.1
16478,60,2,552,0.15
16478,24,1,2262,0
16478,40,1,3255,0
16479,58,1,1326,0.05
16479,25,1,3410,0.05
16480,34,2,2437,0.1
16481,20,1,3438,0.1
16482,6,1,529,0.1
16482,3,1,3713,0
16483,54,2,3026,0.1
16484,3,1,3713,0.05
16484,7,1,1985,0
16484,56,1,630,0.05
16484,16,1,1002,0
16485,43,1,4289,0
16485,58,1,1326,0
16485,35,1,1942,0
16486,32,1,126,0.05
16487,49,1,1048,0
16488,2,1,3850,0
16489,25,1,3410,0.2
16489,31,1,3203,0
16490,44,1,724,0
16490,48,1,2972,0
16491,27,1,1579,0
16491,33,1,4175,0.1
16492,8,1,1791,0
16492,27,1,1579,0
16493,2,1,3850,0.1
16494,14,1,4075,0
16494,50,1,2033,0.1
16494,9,1,4658,0
16495,13,1,3877,0.2
16495,42,1,3125,0.05
16495,50,2,2033,0.05
16496,55,1,4572,0.1
16496,15,1,860,0
16497,53,1,1286,0.15
16497,33,1,4175,0.05
16498,46,1,3785,0.05
16499,9,1,4658,0.2
16499,18,1,778,0
16500,25,1,3410,0
16501,49,1,1048,0.05
16502,6,1,529,0
16502,54,1,3026,0.05
16502,22,3,1574,0.1
16503,44,1,724,0.05
16503,26,1,4752,0.05
16504,20,1,3438,0.1
16504,6,2,529,0.05
16504,32,1,126,0.05
16504,52,1,1957,0.2
16505,19,1,2193,0.15
16505,7,2,1985,0
16506,34,1,2437,0
16507,54,1,3026,0
16507,36,1,1580,0
16508,10,1,3487,0.05
16509,18,1,778,0
16510,11,1,1744,0.05
16510,50,1,2033,0.1
16511,52,1,1957,0.1
16512,27,2,1579,0.1
16513,4,1,2293,0.05
16514,38,1,3806,0.1
16514,46,1,3785,0.15
16514,20,1,3438,0.05
16514,2,1,3850,0.2
16515,17,1,2656,0.05
16516,58,1,1326,0.05
16517,26,1,4752,0.15
16518,56,3,630,0.1
16519,16,2,1002,0.2
16520,14,1,4075,0.05
16521,8,1,1791,0.2
16521,9,1,4658,0.05
16522,26,2,4752,0.1
16522,22,1,1574,0.05
16523,22,2,1574,0.15
16523,46,1,3785,0.15
16524,35,1,1942,0.05
16524,28,1,567,0.15
16524,25,1,3410,0
16525,52,1,1957,0.15
16526,54,1,3026,0.1
16527,3,3,3713,0
16527,8,1,1791,0.05
16528,9,1,4658,0.05
16528,50,1,2033,0.05
16528,4,1,2293,0
16528,26,1,4752,0.05
16529,6,1,529,0
16529,58,1,1326,0
16530,9,1,4658,0.05
16531,41,1,931,0
16531,26,1,4752,0
16531,13,2,3877,0
16532,36,1,1580,0.05
16532,15,1,860,0.1
16533,5,2,1760,0.15
16534,42,1,3125,0.1
16534,47,2,1558,0.05
16534,34,1,2437,0
16535,48,1,2972,0
16535,5,1,1760,0.2
16535,1,1,150,0.15
16536,14,1,4075,0.05
16537,15,1,860,0
16537,4,1,2293,0
16538,1,2,150,0
16538,54,1,3026,0.05
16538,6,1,529,0.15
16539,22,1,1574,0.1
16540,39,2,2235,0.05
16540,43,3,4289,0
16540,6,1,529,0
16541,37,1,667,0.05
16541,41,1,931,0
16542,6,1,529,0
16542,17,1,2656,0.05
16542,49,1,1048,0.15
16543,9,1,4658,0
16544,7,2,1985,0.1
16544,59,1,2290,0.1
16545,56,1,630,0
16545,18,1,778,0
16546,49,1,1048,0.1
16547,48,1,2972,0.2
16548,32,1,126,0
16548,12,1,4627,0.2
16549,57,1,729,0.05
16549,27,1,1579,0.05
16549,43,1,4289,0
16550,14,1,4075,0.05
16550,53,1,1286,0.15
16551,12,1,4627,0
16551,31,1,3203,0.2
16551,31,1,3203,0
16552,50,2,2033,0
16553,25,1,3410,0.05
16554,34,1,2437,0.15
16554,18,2,778,0
16554,51,1,2916,0.05
16555,38,1,3806,0
16556,59,1,2290,0
16556,31,1,3203,0
16556,54,1,3026,0.05
16557,52,1,1957,0.2
16558,18,1,778,0.05
16559,14,1,4075,0.05
16560,38,3,3806,0
16560,12,1,4627,0.1
16561,37,1,667,0.05
16561,7,1,1985,0.05
16562,1,1,150,0
16562,54,1,3026,0.05
16563,49,1,1048,0.05
16564,5,1,1760,0.05
16564,47,1,1558,0
16565,1,1,150,0
16566,29,1,2320,0
16567,46,1,3785,0.1
16567,25,1,3410,0
16568,57,1,729,0
16568,37,1,667,0
16569,2,1,3850,0.1
16570,19,1,2193,0
16571,50,1,2033,0.1
16571,43,2,4289,0.1
16571,22,1,1574,0
16571,29,2,2320,0
16572,35,1,1942,0.05
16573,2,2,3850,0.05
16574,18,1,778,0.15
16575,34,1,2437,0.2
16576,52,1,1957,0.2
16577,9,2,4658,0.05
16577,18,1,778,0.05
16577,55,2,4572,0
16578,14,1,4075,0.1
16578,50,1,2033,0.05
16578,2,2,3850,0.1
16579,9,1,4658,0
16580,7,1,1985,0
16580,41,1,931,0.2
16580,24,1,2262,0.05
16581,16,1,1002,0.1
16581,39,1,2235,0
16582,7,1,1985,0.05
16582,5,1,1760,0.1
16582,31,1,3203,0.1
16583,14,1,4075,0
16584,24,1,2262,0.1
16584,27,2,1579,0
16585,26,1,4752,0.05
16585,42,1,3125,0
16586,13,2,3877,0
16587,2,2,3850,0.2
16587,48,2,2972,0.05
16588,19,1,2193,0.1
16588,60,1,552,0.15
16589,55,1,4572,0.1
16589,23,1,2336,0.05
16590,53,1,1286,0
16591,11,1,1744,0.15
16591,54,1,3026,0
16592,44,3,724,0.05
16593,25,1,3410,0.1
16593,5,2,1760,0.05
16594,32,1,126,0.15
16594,37,2,667,0.1
16594,43,1,4289,0
16595,21,1,2746,0
16595,45,1,4975,0.05
16595,32,1,126,0
16596,39,2,2235,0.05
16596,13,1,3877,0.1
16597,45,1,4975,0.2
16597,13,1,3877,0.15
16598,21,1,2746,0
16598,53,1,1286,0.15
16598,33,1,4175,0
16598,8,3,1791,0.05
16599,49,1,1048,0.05
16599,28,1,567,0
16600,14,1,4075,0.2
16600,16,1,1002,0.2
16601,42,2,3125,0
16601,41,1,931,0
16601,58,1,1326,0
16602,31,1,3203,0.05
16603,32,1,126,0.1
16604,57,1,729,0.1
16605,7,1,1985,0.05
16605,2,1,3850,0
16606,26,2,4752,0.15
16606,54,1,3026,0
16607,37,1,667,0.05
16608,31,1,3203,0.1
16609,32,1,126,0.05
16610,14,2,4075,0.1
16611,8,1,1791,0
16612,1,1,150,0.05
16613,52,1,1957,0.1
16614,50,1,2033,0.05
16615,54,2,3026,0.05
16615,14,1,4075,0.05
16615,47,1,1558,0.1
16615,47,1,1558,0.15
16616,42,1,3125,0.05
16617,34,1,2437,0
16618,10,1,3487,0.15
16618,1,1,150,0.05
16619,53,1,1286,0.15
16619,42,1,3125,0.05
16620,7,1,1985,0.05
16620,51,1,2916,0.15
16621,51,1,2916,0
16622,40,1,3255,0.1
16623,13,1,3877,0
16623,12,1,4627,0
16623,26,2,4752,0.1
16624,20,1,3438,0
16625,4,1,2293,0.2
16626,29,1,2320,0
16627,8,2,1791,0.05
16627,30,2,4729,0
16627,59,2,2290,0.2
16628,44,2,724,0
16628,54,1,3026,0.05
16629,28,1,567,0
16630,45,1,4975,0.05
16631,46,1,3785,0.05
16632,50,1,2033,0.1
16633,18,1,778,0.1
16633,34,1,2437,0
16634,7,2,1985,0.05
16634,2,2,3850,0.05
16635,13,1,3877,0.1
16635,24,1,2262,0.15
16635,29,2,2320,0.05
16636,1,1,150,0.15
16636,35,1,1942,0
16637,42,2,3125,0
16638,10,1,3487,0.05
16638,29,1,2320,0
16638,44,1,724,0.1
16638,45,1,4975,0
16639,18,1,778,0.1
16639,19,1,2193,0.05
16639,41,2,931,0
16640,27,1,1579,0.1
16641,2,1,3850,0
16642,41,1,931,0.2
16642,22,1,1574,0.05
16643,46,1,3785,0.05
16644,8,2,1791,0
16644,55,1,4572,0.05
16645,43,1,4289,0.05
16646,15,1,860,0
16646,32,1,126,0
16646,49,3,1048,0.1
16646,5,1,1760,0
16647,32,1,126,0.15
16647,41,1,931,0.1
16647,5,1,1760,0.1
16648,60,1,552,0
16648,1,2,150,0.05
16649,23,3,2336,0.05
16650,19,1,2193,0
16650,13,2,3877,0
16650,8,1,1791,0
16651,7,1,1985,0.05
16652,19,1,2193,0.05
16652,55,1,4572,0
16652,60,2,552,0
16653,18,1,778,0.05
16654,11,1,1744,0.1
16654,16,1,1002,0.05
16654,57,2,729,0.05
16655,20,2,3438,0.05
16655,45,2,4975,0
16656,12,1,4627,0.05
16656,4,1,2293,0.1
16657,1,1,150,0
16657,23,1,2336,0
16657,25,3,3410,0.05
16657,39,2,2235,0.1
16658,19,1,2193,0.05
16659,24,2,2262,0.05
16659,6,1,529,0.05
16660,53,2,1286,0
16661,15,1,860,0.05
16662,19,1,2193,0
16663,45,1,4975,0.05
16663,49,1,1048,0
16664,43,2,4289,0.15
16665,55,2,4572,0
16666,59,1,2290,0.05
16666,25,1,3410,0.05
16667,30,1,4729,0.15
16668,50,1,2033,0.05
16668,59,1,2290,0.05
16669,56,1,630,0
16669,50,2,2033,0.2
16670,27,2,1579,0
16670,47,2,1558,0
16670,27,1,1579,0.05
16671,52,1,1957,0.1
16672,14,1,4075,0
16672,12,1,4627,0
16672,29,2,2320,0
16673,7,1,1985,0
16674,35,1,1942,0
16674,9,2,4658,0
16675,11,1,1744,0
16675,32,1,126,0.1
16676,48,3,2972,0.05
16677,35,1,1942,0.1
16678,12,2,4627,0.1
16678,24,1,2262,0.05
16679,47,1,1558,0
16680,40,1,3255,0.05
16680,42,1,3125,0
16681,16,1,1002,0.05
16681,2,1,3850,0.1
16682,13,1,3877,0.05
16682,42,2,3125,0.15
16683,2,1,3850,0.1
16684,47,1,1558,0.2
16684,41,2,931,0.15
16684,29,1,2320,0.05
16685,29,1,2320,0
16686,34,1,2437,0
16686,17,1,2656,0.05
16687,34,1,2437,0
16687,24,1,2262,0.05
16688,54,1,3026,0.05
16688,31,1,3203,0.1
16688,32,1,126,0
16689,22,1,1574,0.05
16690,58,1,1326,0.05
16691,32,3,126,0
16692,4,1,2293,0
16692,30,2,4729,0.1
16692,55,2,4572,0.1
16693,3,1,3713,0
16693,8,1,1791,0.1
16694,3,1,3713,0.1
16694,43,1,4289,0.1
16695,20,1,3438,0.05
16695,44,1,724,0.1
16696,4,2,2293,0.05
16696,20,1,3438,0
16697,49,1,1048,0.1
16697,60,1,552,0
16697,9,1,4658,0.05
16698,29,1,2320,0
16698,7,1,1985,0
16698,16,1,1002,0
16699,55,3,4572,0.1
16700,9,1,4658,0
16700,16,1,1002,0
16700,17,2,2656,0
16700,24,1,2262,0.05
16701,1,1,150,0.05
16702,33,3,4175,0.05
16702,36,1,1580,0
16703,41,1,931,0.05
16703,31,1,3203,0
16703,50,1,2033,0
16704,27,1,1579,0.1
16705,18,1,778,0
16705,13,1,3877,0.15
16706,44,1,724,0.1
16707,15,1,860,0.1
16708,11,1,1744,0.05
16709,10,2,3487,0.1
16709,17,1,2656,0
16709,58,1,1326,0
16710,29,1,2320,0.05
16711,31,1,3203,0.15
16711,59,1,2290,0
16712,45,3,4975,0
16713,11,1,1744,0
16713,47,1,1558,0.1
16713,34,1,2437,0.15
16713,9,1,4658,0.05
16714,39,1,2235,0
16715,49,2,1048,0.15
16716,39,1,2235,0.2
16717,55,2,4572,0.1
16718,25,1,3410,0.15
16719,40,2,3255,0.2
16720,7,1,1985,0
16720,34,1,2437,0
16720,30,1,4729,0.1
16721,35,1,1942,0
16721,20,1,3438,0.05
16722,37,1,667,0.1
16722,10,1,3487,0.05
16723,60,1,552,0
16724,39,1,2235,0.1
16725,11,1,1744,0.1
16726,32,1,126,0
16727,20,1,3438,0.1
16727,9,1,4658,0.05
16728,14,1,4075,0
16728,32,1,126,0
16729,17,2,2656,0
16730,25,2,3410,0.05
16731,4,2,2293,0.2
16731,14,1,4075,0.1
16732,14,2,4075,0
16733,19,1,2193,0
16734,32,1,126,0
16734,2,3,3850,0.05
16735,3,1,3713,0.1
16736,9,1,4658,0
16737,36,1,1580,0
16737,13,1,3877,0
16738,35,1,1942,0
16738,8,1,1791,0
16738,8,2,1791,0
16739,41,1,931,0
16739,39,1,2235,0.1
16740,49,1,1048,0.1
16740,6,1,529,0
16741,3,3,3713,0
16741,34,1,2437,0
16742,8,1,1791,0
16743,23,1,2336,0.1
16744,18,1,778,0
16744,20,1,3438,0.15
16745,39,1,2235,0.2
16746,4,1,2293,0.05
16746,58,1,1326,0.2
16746,53,1,1286,0.05
16747,18,2,778,0
16748,47,1,1558,0.1
16748,51,1,2916,0
16748,46,1,3785,0.05
16749,4,1,2293,0
16749,2,1,3850,0.05
16750,30,1,4729,0.1
16750,46,1,3785,0
16750,23,3,2336,0
16751,35,1,1942,0
16751,48,1,2972,0
16752,56,1,630,0
16753,53,1,1286,0
16753,11,1,1744,0
16754,45,1,4975,0
16754,11,1,1744,0
16754,28,1,567,0.1
16755,36,2,1580,0.15
16756,54,1,3026,0
16756,13,1,3877,0
16756,51,2,2916,0.2
16757,4,1,2293,0
16758,55,1,4572,0.05
16759,34,1,2437,0.05
16760,19,1,2193,0.05
16761,51,1,2916,0.1
16762,22,1,1574,0.2
16763,16,1,1002,0
16764,2,1,3850,0.05
16764,53,1,1286,0.05
16765,44,1,724,0
16765,37,1,667,0
16766,55,1,4572,0.1
16766,42,1,3125,0.1
16767,23,1,2336,0
16768,20,1,3438,0.15
16768,36,1,1580,0.1
16768,9,1,4658,0.1
16768,51,1,2916,0.1
16769,55,1,4572,0
16770,19,2,2193,0
16770,2,1,3850,0.1
16771,22,1,1574,0.05
16771,57,1,729,0.05
16771,33,2,4175,0.05
16772,42,2,3125,0.05
16772,31,1,3203,0
16773,51,3,2916,0.1
16773,45,1,4975,0.05
16773,51,1,2916,0.1
16774,10,1,3487,0
16775,47,1,1558,0
16775,49,3,1048,0
16776,54,2,3026,0
16777,32,1,126,0
16777,47,2,1558,0.1
16778,24,1,2262,0.05
16778,29,1,2320,0
16779,9,2,4658,0.1
16780,49,1,1048,0
16780,4,1,2293,0.2
16781,57,1,729,0
16782,59,1,2290,0.1
16782,21,1,2746,0.1
16783,15,1,860,0.05
16784,49,1,1048,0.05
16785,30,1,4729,0.1
16785,30,2,4729,0.15
16786,20,1,3438,0.05
16786,9,2,4658,0.05
16787,55,1,4572,0.2
16787,46,1,3785,0.05
16788,10,1,3487,0
16789,53,2,1286,0
16789,48,1,2972,0.05
16790,57,1,729,0.05
16791,27,1,1579,0
16791,16,1,1002,0
16792,44,2,724,0.1
16792,4,2,2293,0
16793,29,3,2320,0.05
16793,24,1,2262,0.1
16794,54,1,3026,0
16795,55,1,4572,0.1
16795,53,1,1286,0.05
16796,49,1,1048,0.1
16796,55,3,4572,0.1
16797,37,1,667,0
16797,14,3,4075,0.1
16797,37,1,667,0.05
16798,23,1,2336,0
16798,24,1,2262,0
16799,25,1,3410,0.05
16800,29,1,2320,0.05
16801,59,1,2290,0.1
16802,36,1,1580,0
16803,4,1,2293,0
16804,20,1,3438,0.1
16805,43,1,4289,0.1
16805,19,1,2193,0.1
16805,47,1,1558,0.05
16806,2,1,3850,0
16807,55,1,4572,0.05
16807,17,1,2656,0
16807,42,1,3125,0.05
16808,19,1,2193,0
16808,29,1,2320,0.05
16808,8,1,1791,0.1
16809,54,1,3026,0
16810,31,1,3203,0.1
16810,14,1,4075,0.15
16811,36,1,1580,0.1
16812,16,1,1002,0.15
16812,51,1,2916,0.15
16813,48,1,2972,0.15
16814,35,1,1942,0.1
16815,34,1,2437,0.1
16815,5,1,1760,0
16816,51,2,2916,0.1
16817,5,2,1760,0.05
16817,17,1,2656,0
16817,19,2,2193,0.05
16817,11,1,1744,0.1
16818,44,1,724,0.2
16819,34,1,2437,0
16819,47,1,1558,0
16820,37,1,667,0.1
16821,18,1,778,0
16822,52,1,1957,0.15
16822,5,1,1760,0
16823,25,1,3410,0.05
16824,23,2,2336,0
16824,33,2,4175,0.15
16825,56,1,630,0.05
16825,16,1,1002,0.05
16825,22,1,1574,0.05
16826,23,1,2336,0
16826,53,1,1286,0.05
16826,4,1,2293,0
16826,18,1,778,0.15
16827,26,1,4752,0.1
16827,17,1,2656,0.05
16827,15,1,860,0
16828,10,1,3487,0.05
16829,38,2,3806,0
16829,56,2,630,0
16829,50,1,2033,0.1
16830,19,1,2193,0
16831,43,1,4289,0
16831,7,1,1985,0
16832,45,1,4975,0
16833,32,1,126,0
16834,41,1,931,0
16834,4,1,2293,0.05
16834,40,1,3255,0.15
16835,15,2,860,0
16835,51,1,2916,0
16836,44,1,724,0.05
16836,30,1,4729,0.1
16836,4,1,2293,0.05
16836,23,3,2336,0.05
16837,4,1,2293,0.1
16837,42,2,3125,0.05
16837,15,1,860,0.1
16838,26,1,4752,0.1
16838,56,2,630,0.15
16838,30,2,4729,0.1
16839,6,2,529,0
16840,13,1,3877,0.05
16841,51,1,2916,0
16842,26,1,4752,0
16842,25,1,3410,0.05
16843,53,1,1286,0.05
16843,32,1,126,0.15
16843,15,1,860,0.1
16844,34,2,2437,0
16844,38,1,3806,0
16845,42,1,3125,0.1
16845,34,2,2437,0
16845,20,1,3438,0
16845,10,1,3487,0
16846,27,1,1579,0.2
16846,4,1,2293,0.1
16847,44,1,724,0.1
16848,59,1,2290,0.1
16848,16,1,1002,0
16848,50,1,2033,0.1
16849,2,1,3850,0.1
16850,55,1,4572,0.15
16850,1,2,150,0
16851,39,2,2235,0.05
16851,6,2,529,0.15
16852,12,1,4627,0.1
16852,56,1,630,0
16852,30,2,4729,0
16852,14,1,4075,0.1
16853,19,1,2193,0.1
16853,9,1,4658,0.2
16854,3,1,3713,0
16854,23,1,2336,0.05
16855,31,2,3203,0
16855,2,1,3850,0.05
16855,33,2,4175,0
16856,25,3,3410,0
16856,24,1,2262,0
16856,34,1,2437,0
16857,41,1,931,0.15
16858,6,1,529,0.05
16858,51,2,2916,0
16858,31,1,3203,0.05
16859,7,1,1985,0
16860,15,1,860,0
16861,36,2,1580,0.05
16861,25,1,3410,0.05
16862,16,1,1002,0.05
16862,38,1,3806,0
16863,52,1,1957,0.2
16864,50,1,2033,0.15
16864,50,1,2033,0
16864,33,1,4175,0.2
16865,5,1,1760,0
16865,18,1,778,0.05
16866,2,1,3850,0.1
16867,52,1,1957,0
16868,27,1,1579,0.05
16869,29,1,2320,0.1
16870,55,1,4572,0.05
16870,41,1,931,0.1
16871,46,1,3785,0
16872,11,1,1744,0.1
16873,18,1,778,0.1
16873,4,1,2293,0.05
16874,15,1,860,0
16875,41,1,931,0.1
16875,8,2,1791,0.1
16876,49,1,1048,0.1
16876,57,2,729,0
16876,13,1,3877,0
16877,59,1,2290,0.05
16878,19,2,2193,0
16878,50,1,2033,0
16879,43,1,4289,0.05
16880,4,1,2293,0.1
16881,54,1,3026,0
16882,35,2,1942,0.05
16883,47,2,1558,0.1
16883,16,1,1002,0.1
16883,15,1,860,0.15
16883,12,1,4627,0.05
16884,15,1,860,0
16885,48,1,2972,0.15
16886,49,1,1048,0
16886,34,1,2437,0.1
16887,24,2,2262,0.05
16887,60,1,552,0
16888,16,1,1002,0
16888,11,1,1744,0.05
16889,58,2,1326,0.05
16889,39,1,2235,0
16890,38,1,3806,0
16891,7,1,1985,0.05
16891,60,2,552,0.15
16892,15,1,860,0
16893,19,2,2193,0.15
16893,49,1,1048,0
16894,33,1,4175,0.1
16894,54,1,3026,0
16895,54,2,3026,0.05
16896,44,1,724,0.1
16896,11,1,1744,0
16897,22,1,1574,0.05
16897,22,2,1574,0.1
16898,14,1,4075,0.1
16899,12,1,4627,0
16899,31,2,3203,0.2
16900,12,2,4627,0.05
16901,55,1,4572,0.1
16901,7,1,1985,0
16901,29,3,2320,0.05
16902,48,1,2972,0.05
16903,26,1,4752,0.05
16904,10,1,3487,0.05
16905,52,2,1957,0.05
16906,1,1,150,0.1
16907,23,1,2336,0
16908,36,1,1580,0
16908,43,1,4289,0.15
16909,55,2,4572,0.15
16909,42,1,3125,0.15
16910,31,1,3203,0
16910,12,1,4627,0.05
16911,47,3,1558,0.05
16911,20,1,3438,0
16911,30,3,4729,0.15
16912,57,1,729,0.05
16913,45,1,4975,0.15
16914,59,1,2290,0
16914,27,1,1579,0
16914,48,1,2972,0
16914,44,1,724,0
16915,6,1,529,0.1
16915,6,1,529,0
16915,31,2,3203,0.15
16916,35,2,1942,0
16917,55,1,4572,0
16918,43,2,4289,0.05
16918,17,1,2656,0.1
16918,31,1,3203,0.15
16919,8,1,1791,0.05
16920,40,2,3255,0
16920,5,1,1760,0.1
16921,6,1,529,0
16922,47,1,1558,0
16923,14,1,4075,0.05
16924,1,1,150,0
16924,36,1,1580,0.05
16925,36,1,1580,0
16925,9,2,4658,0.05
16925,24,1,2262,0.05
16926,8,3,1791,0.05
16926,23,1,2336,0.1
16927,21,1,2746,0
16927,28,1,567,0
16928,38,1,3806,0.05
16929,27,1,1579,0
16930,28,2,567,0.15
16930,14,2,4075,0.1
16931,5,1,1760,0.05
16931,57,1,729,0.15
16932,37,1,667,0
16932,34,1,2437,0
16933,52,2,1957,0
16933,26,1,4752,0
16934,4,1,2293,0.05
16934,1,1,150,0
16935,58,1,1326,0.05
16936,22,1,1574,0.05
16936,41,1,931,0
16936,39,1,2235,0
16937,8,1,1791,0.1
16937,14,1,4075,0.05
16938,58,1,1326,0.1
16938,36,1,1580,0.05
16938,26,2,4752,0.05
16939,11,1,1744,0
16940,15,1,860,0.05
16940,11,1,1744,0.1
16940,49,1,1048,0.05
16941,24,1,2262,0.15
16941,17,1,2656,0.1
16942,27,2,1579,0.15
16943,9,3,4658,0.1
16943,22,1,1574,0
16943,23,1,2336,0
16944,48,1,2972,0.05
16945,29,1,2320,0
16945,41,1,931,0
16945,14,1,4075,0.1
16946,26,1,4752,0
16947,11,1,1744,0
16948,36,1,1580,0
16949,31,1,3203,0
16950,47,2,1558,0.1
16951,14,1,4075,0
16952,57,1,729,0
16952,53,1,1286,0
16952,50,1,2033,0.1
16953,49,1,1048,0.1
16954,13,1,3877,0.15
16955,37,1,667,0
16955,53,1,1286,0
16956,29,1,2320,0.05
16957,51,1,2916,0.1
16958,44,1,724,0
16959,16,1,1002,0.1
16959,29,2,2320,0
16960,52,1,1957,0.05
16961,16,1,1002,0.15
16962,17,1,2656,0.1
16962,35,2,1942,0.05
16963,11,1,1744,0.05
16963,17,1,2656,0.1
16964,21,1,2746,0
16965,55,1,4572,0.05
16966,43,1,4289,0.05
16966,16,1,1002,0.05
16967,29,1,2320,0.05
16967,15,1,860,0.15
16967,60,1,552,0.05
16968,54,1,3026,0.05
16969,6,1,529,0.1
16969,19,1,2193,0.2
16970,11,1,1744,0
16971,44,1,724,0
16971,21,1,2746,0.2
16971,33,1,4175,0
16972,43,1,4289,0
16973,35,1,1942,0.05
16974,40,1,3255,0.05
16975,37,1,667,0.1
16975,29,1,2320,0.05
16976,5,2,1760,0.15
16977,17,1,2656,0
16977,43,1,4289,0
16978,3,1,3713,0
16978,47,1,1558,0.05
16979,39,1,2235,0
16979,32,2,126,0.2
16979,11,1,1744,0
16980,34,1,2437,0.15
16981,23,2,2336,0
16981,21,2,2746,0
16982,57,1,729,0
16983,15,1,860,0.1
16983,1,1,150,0.1
16983,5,2,1760,0.1
16984,23,1,2336,0
16985,50,1,2033,0.05
16985,14,1,4075,0.15
16986,23,1,2336,0.05
16986,7,1,1985,0
16987,19,1,2193,0
16987,27,1,1579,0.05
16988,20,1,3438,0
16988,42,1,3125,0
16988,30,1,4729,0.05
16989,30,2,4729,0.1
16990,29,1,2320,0.05
16990,11,2,1744,0.05
16990,17,2,2656,0
16990,15,1,860,0.05
16991,52,1,1957,0
16992,40,1,3255,0.1
16993,37,1,667,0.1
16994,39,1,2235,0
16995,54,1,3026,0
16996,22,1,1574,0.2
16996,51,1,2916,0.2
16997,29,2,2320,0.05
16997,22,1,1574,0
16998,6,1,529,0.05
16998,34,1,2437,0.15
16999,60,1,552,0.1
16999,31,1,3203,0.1
16999,27,1,1579,0.1
17000,32,2,126,0
17000,15,1,860,0.15
17001,58,1,1326,0
17002,3,1,3713,0.1
17002,37,1,667,0.1
17003,30,2,4729,0.05
17004,29,2,2320,0
17005,28,1,567,0.05
17006,31,1,3203,0.15
17006,43,1,4289,0.05
17007,4,2,2293,0
17007,50,1,2033,0
17007,21,1,2746,0
17008,38,1,3806,0
17009,15,2,860,0
17009,20,1,3438,0.1
17010,28,1,567,0
17010,6,1,529,0
17011,51,1,2916,0
17011,9,1,4658,0.2
17011,56,1,630,0.2
17012,55,1,4572,0.05
17013,39,1,2235,0.05
17014,7,1,1985,0
17015,56,1,630,0.1
17016,16,1,1002,0
17016,31,1,3203,0.1
17017,3,1,3713,0
17017,22,1,1574,0
17018,60,1,552,0
17018,25,1,3410,0.15
17018,11,1,1744,0.05
17019,57,1,729,0.1
17019,40,2,3255,0.05
17020,59,2,2290,0
17021,36,1,1580,0
17022,36,1,1580,0.05
17022,29,1,2320,0.05
17023,6,1,529,0.1
17023,3,1,3713,0.05
17024,16,2,1002,0
17025,14,1,4075,0
17025,12,2,4627,0.1
17025,19,1,2193,0.2
17026,40,1,3255,0.1
17027,43,1,4289,0.05
17028,1,2,150,0
17029,30,1,4729,0
17030,17,1,2656,0.05
17031,50,1,2033,0.15
17032,13,1,3877,0.05
17032,20,1,3438,0
17032,16,1,1002,0.1
17033,47,1,1558,0
17033,57,1,729,0
17033,23,1,2336,0
17033,46,1,3785,0
17034,53,1,1286,0.1
17035,7,1,1985,0
17035,21,1,2746,0.15
17035,1,1,150,0.1
17036,20,1,3438,0.05
17036,1,1,150,0
17037,31,3,3203,0
17037,16,1,1002,0.05
17037,31,1,3203,0.1
17038,48,2,2972,0.1
17039,56,1,630,0.2
17039,22,2,1574,0.2
17040,10,2,3487,0.1
17040,12,1,4627,0
17041,59,1,2290,0.15
17041,23,1,2336,0.1
17041,48,1,2972,0
17042,16,1,1002,0
17043,33,1,4175,0
17043,13,2,3877,0
17043,15,1,860,0
17044,50,1,2033,0.2
17045,37,1,667,0.15
17046,44,2,724,0
17046,59,2,2290,0
17046,46,1,3785,0
17046,18,1,778,0.05
17047,9,1,4658,0.05
17047,6,2,529,0.05
17048,12,1,4627,0.05
17049,17,1,2656,0.15
17050,56,1,630,0.15
17051,23,1,2336,0.05
17052,12,1,4627,0
17052,23,2,2336,0.1
17052,53,1,1286,0.1
17052,38,1,3806,0.1
17053,41,1,931,0
17054,57,1,729,0
17054,10,1,3487,0.05
17055,18,3,778,0.15
17055,58,2,1326,0.1
17055,49,1,1048,0
17056,20,1,3438,0
17056,24,2,2262,0.1
17057,12,1,4627,0
17058,16,1,1002,0
17058,26,1,4752,0.1
17058,21,1,2746,0.05
17059,36,3,1580,0
17059,34,1,2437,0.05
17060,17,1,2656,0.05
17060,11,1,1744,0.05
17060,40,2,3255,0.1
17061,13,1,3877,0.05
17061,33,1,4175,0
17062,48,1,2972,0
17062,50,1,2033,0.1
17063,56,1,630,0.1
17063,14,1,4075,0.05
17064,31,3,3203,0.05
17065,56,1,630,0
17065,49,1,1048,0.15
17065,11,1,1744,0.05
17066,55,1,4572,0.1
17067,4,1,2293,0
17067,22,2,1574,0
17067,20,1,3438,0.1
17067,9,1,4658,0
17068,4,2,2293,0
17068,33,1,4175,0
17068,28,1,567,0.05
17069,53,3,1286,0
17069,18,1,778,0
17070,35,2,1942,0
17070,5,1,1760,0.05
17070,16,2,1002,0.1
17071,31,2,3203,0
17072,4,1,2293,0.1
17072,56,1,630,0.15
17073,4,1,2293,0.05
17074,40,1,3255,0.2
17075,53,1,1286,0
17076,25,1,3410,0.05
17076,8,1,1791,0.2
17077,7,1,1985,0.05
17078,19,1,2193,0.15
17078,12,1,4627,0.05
17078,29,1,2320,0.1
17079,5,1,1760,0
17079,6,1,529,0
17080,22,1,1574,0
17080,25,1,3410,0
17080,17,1,2656,0.05
17081,5,1,1760,0.2
17081,46,2,3785,0.2
17082,26,1,4752,0.05
17082,59,1,2290,0
17083,9,1,4658,0.05
17083,58,1,1326,0.1
17084,2,3,3850,0
17085,45,1,4975,0
17086,27,1,1579,0
17086,39,2,2235,0.05
17087,51,1,2916,0
17087,13,1,3877,0.2
17088,51,1,2916,0.05
17089,51,1,2916,0.05
17090,51,1,2916,0
17091,17,3,2656,0.1
17092,20,2,3438,0
17093,59,1,2290,0.05
17093,54,1,3026,0
17094,24,2,2262,0.2
17094,59,1,2290,0.15
17095,31,1,3203,0.05
17095,32,1,126,0.1
17096,33,1,4175,0.1
17097,22,1,1574,0.1
17098,43,2,4289,0.15
17098,48,3,2972,0
17098,43,1,4289,0.15
17099,53,1,1286,0
17099,60,1,552,0
17099,29,1,2320,0
17099,33,1,4175,0.05
17100,55,2,4572,0.05
17100,42,1,3125,0
17101,10,1,3487,0
17101,54,1,3026,0.15
17101,25,1,3410,0.1
17102,60,1,552,0.1
17103,23,1,2336,0.05
17103,33,2,4175,0.05
17104,13,2,3877,0
17104,18,1,778,0
17105,48,1,2972,0
17106,45,1,4975,0.05
17107,9,1,4658,0.05
17108,9,2,4658,0.05
17109,15,1,860,0
17110,60,2,552,0
17110,38,1,3806,0
17110,56,1,630,0.05
17111,9,1,4658,0.15
17111,22,1,1574,0
17112,18,1,778,0
17113,43,1,4289,0
17113,41,1,931,0
17114,28,1,567,0
17115,58,1,1326,0.05
17116,26,1,4752,0.2
17117,27,1,1579,0
17118,36,1,1580,0.05
17119,60,1,552,0.1
17120,3,3,3713,0
17121,30,1,4729,0.1
17121,23,1,2336,0.1
17121,12,1,4627,0.05
17122,40,1,3255,0.1
17123,30,1,4729,0.1
17123,9,2,4658,0
17124,29,1,2320,0
17125,38,1,3806,0.1
17126,50,2,2033,0.05
17127,15,1,860,0.15
17128,51,1,2916,0
17128,20,1,3438,0.15
17129,23,1,2336,0.05
17130,52,1,1957,0
17131,21,1,2746,0.05
17131,20,1,3438,0
17132,29,1,2320,0
17132,34,1,2437,0
17133,41,1,931,0.05
17133,22,1,1574,0.15
17133,36,1,1580,0.05
17134,56,2,630,0.1
17135,4,1,2293,0
17135,40,1,3255,0.1
17135,21,1,2746,0.2
17136,18,3,778,0.2
17137,18,1,778,0
17138,18,1,778,0.1
17138,15,1,860,0
17139,33,1,4175,0.1
17140,22,1,1574,0.05
17141,38,1,3806,0.1
17142,5,1,1760,0.05
17143,16,2,1002,0
17143,19,3,2193,0.15
17143,41,2,931,0
17144,15,1,860,0
17145,43,1,4289,0.1
17146,60,1,552,0
17146,22,2,1574,0.15
17147,55,1,4572,0.1
17147,48,1,2972,0.05
17147,37,1,667,0.15
17147,59,1,2290,0
17148,31,1,3203,0.05
17149,32,1,126,0.1
17150,13,1,3877,0
17150,35,1,1942,0
17151,33,1,4175,0.05
17151,48,1,2972,0.05
17152,3,1,3713,0.15
17152,54,1,3026,0.15
17152,19,1,2193,0
17152,35,1,1942,0.1
17153,47,1,1558,0.05
17153,23,1,2336,0.1
17153,14,1,4075,0
17154,14,1,4075,0.2
17155,20,1,3438,0
17155,23,2,2336,0.15
17156,20,1,3438,0
17156,30,2,4729,0.1
17157,37,1,667,0
17157,11,1,1744,0
17157,55,1,4572,0.1
17158,23,1,2336,0.1
17158,35,1,1942,0.1
17159,33,1,4175,0.1
17160,43,1,4289,0
17161,27,1,1579,0.05
17161,13,1,3877,0.1
17162,58,1,1326,0.1
17162,27,1,1579,0.05
17163,49,1,1048,0.05
17164,30,1,4729,0.1
17164,41,1,931,0.05
17165,37,1,667,0.1
17165,47,1,1558,0
17165,23,1,2336,0.05
17165,11,1,1744,0
17166,50,1,2033,0.05
17166,43,1,4289,0
17166,10,1,3487,0
17167,46,1,3785,0
17168,41,1,931,0.2
17168,47,1,1558,0.1
17169,5,1,1760,0.05
17169,23,1,2336,0
17170,44,1,724,0.05
17170,54,1,3026,0.1
17171,22,2,1574,0.05
17171,31,1,3203,0
17172,44,1,724,0
17172,29,1,2320,0.05
17173,41,1,931,0.05
17173,34,1,2437,0.05
17174,44,1,724,0
17175,29,1,2320,0
17175,2,1,3850,0.05
17176,42,2,3125,0.1
17176,31,1,3203,0
17177,51,1,2916,0.15
17177,33,1,4175,0.1
17177,10,1,3487,0.05
17178,43,2,4289,0
17178,44,1,724,0.2
17179,46,1,3785,0.05
17179,56,1,630,0
17180,13,1,3877,0.15
17180,41,1,931,0.1
17181,60,1,552,0.1
17181,59,1,2290,0.05
17182,24,1,2262,0.05
17183,4,1,2293,0
17183,39,2,2235,0.1
17184,47,1,1558,0
17184,4,1,2293,0
17185,42,1,3125,0
17185,21,2,2746,0.1
17186,28,1,567,0.05
17186,30,1,4729,0
17187,4,1,2293,0.1
17188,24,1,2262,0.15
17188,3,2,3713,0.05
17189,54,1,3026,0.1
17189,39,1,2235,0.05
17190,57,1,729,0.05
17191,46,1,3785,0.15
17191,1,1,150,0.1
17192,37,1,667,0.1
17192,34,1,2437,0
17192,17,2,2656,0.05
17192,5,1,1760,0.2
17193,40,1,3255,0
17193,3,1,3713,0.1
17194,51,1,2916,0
17195,55,2,4572,0.05
17196,29,1,2320,0.1
17196,38,1,3806,0
17196,10,1,3487,0.1
17196,56,1,630,0.05
17197,9,1,4658,0.05
17197,41,1,931,0.1
17198,33,2,4175,0
17198,7,1,1985,0.05
17199,7,1,1985,0.1
17199,33,1,4175,0
17200,6,2,529,0
17200,21,1,2746,0.1
17200,60,3,552,0.05
17201,21,2,2746,0.05
17202,58,2,1326,0.15
17203,59,2,2290,0.1
17203,30,1,4729,0.1
17204,19,1,2193,0
17204,13,1,3877,0.1
17205,42,1,3125,0.1
17205,43,1,4289,0
17206,23,1,2336,0.05
17207,12,2,4627,0
17207,37,2,667,0.2
17208,13,1,3877,0
17208,55,1,4572,0
17209,47,2,1558,0.05
17210,3,1,3713,0
17210,4,1,2293,0
17210,49,2,1048,0
17211,13,1,3877,0
17212,56,2,630,0
17212,10,1,3487,0.05
17213,43,1,4289,0
17214,10,1,3487,0
17214,6,1,529,0.2
17215,36,3,1580,0.05
17215,27,2,1579,0.15
17215,51,1,2916,0.05
17215,58,1,1326,0
17216,38,1,3806,0
17217,39,1,2235,0.15
17218,6,1,529,0.05
17218,3,1,3713,0.05
17218,41,2,931,0
17219,49,1,1048,0
17219,2,1,3850,0.1
17220,9,1,4658,0
17220,57,2,729,0.2
17221,40,1,3255,0
17221,27,2,1579,0.1
17221,12,1,4627,0.15
17222,15,1,860,0.1
17223,20,1,3438,0.05
17224,28,1,567,0.1
17224,25,1,3410,0
17225,46,2,3785,0
17225,47,3,1558,0
17225,45,1,4975,0.15
17226,37,1,667,0
17227,15,2,860,0
17227,54,1,3026,0.2
17227,39,2,2235,0
17228,33,1,4175,0.2
17228,38,1,3806,0
17228,7,1,1985,0.05
17229,35,1,1942,0
17230,13,1,3877,0
17230,8,1,1791,0
17230,58,1,1326,0.1
17231,58,1,1326,0
17232,1,1,150,0.15
17233,58,1,1326,0.05
17234,9,1,4658,0.05
17235,24,1,2262,0.05
17236,15,1,860,0
17237,19,2,2193,0
17237,41,1,931,0
17237,22,1,1574,0
17238,1,1,150,0.1
17238,27,1,1579,0
17239,26,2,4752,0
17239,36,1,1580,0
17239,41,1,931,0
17240,34,1,2437,0.1
17241,49,1,1048,0.05
17241,38,1,3806,0.05
17241,34,1,2437,0.1
17242,49,1,1048,0.1
17242,47,3,1558,0.1
17242,18,1,778,0.05
17243,37,1,667,0.15
17243,53,1,1286,0.05
17244,23,1,2336,0
17245,27,1,1579,0.1
17245,26,1,4752,0.1
17246,46,2,3785,0.05
17246,9,1,4658,0.05
17246,30,1,4729,0
17247,32,1,126,0
17248,58,1,1326,0
17249,17,1,2656,0.1
17250,31,1,3203,0
17250,49,2,1048,0
17250,22,1,1574,0.15
17251,27,1,1579,0.05
17251,59,2,2290,0
17251,2,1,3850,0
17251,6,1,529,0
17252,52,1,1957,0
17252,45,1,4975,0
17253,41,1,931,0.1
17254,41,1,931,0.05
17255,35,1,1942,0
17255,31,1,3203,0
17256,6,2,529,0.2
17256,48,2,2972,0.15
17257,20,1,3438,0
17258,54,3,3026,0.1
17259,40,1,3255,0.05
17259,33,1,4175,0.1
17260,28,1,567,0
17261,32,1,126,0
17261,13,1,3877,0.05
17262,13,2,3877,0
17263,42,2,3125,0
17264,8,1,1791,0
17264,59,1,2290,0.1
17265,19,1,2193,0
17266,41,1,931,0.05
17266,20,1,3438,0.1
17267,23,1,2336,0.1
17267,53,1,1286,0.1
17268,21,1,2746,0
17268,28,1,567,0.05
17269,2,2,3850,0
17269,10,1,3487,0.15
17270,44,1,724,0.1
17271,59,1,2290,0
17272,59,1,2290,0.1
17273,52,1,1957,0
17274,35,2,1942,0.15
17274,15,2,860,0.1
17274,40,1,3255,0.15
17275,56,1,630,0.05
17275,26,1,4752,0
17275,54,1,3026,0.1
17276,3,3,3713,0
17276,49,1,1048,0
17277,35,1,1942,0.1
17278,59,1,2290,0
17278,30,2,4729,0
17279,33,1,4175,0.1
17279,36,1,1580,0.05
17280,49,1,1048,0
17280,59,1,2290,0.1
17280,28,1,567,0.05
17281,22,1,1574,0
17282,18,2,778,0.05
17283,4,1,2293,0
17283,50,1,2033,0.1
17283,8,1,1791,0.15
17284,25,1,3410,0
17284,32,2,126,0.15
17285,50,1,2033,0.05
17285,2,1,3850,0
17286,10,1,3487,0
17287,5,1,1760,0
17287,21,1,2746,0
17288,59,2,2290,0.05
17289,51,1,2916,0.05
17290,49,1,1048,0.1
17291,42,1,3125,0
17291,44,1,724,0.1
17292,56,1,630,0.15
17292,9,2,4658,0.1
17293,50,1,2033,0.1
17294,59,1,2290,0.05
17294,6,1,529,0
17295,56,1,630,0
17295,59,1,2290,0.05
17296,41,1,931,0.2
17297,19,2,2193,0.1
17298,15,1,860,0.05
17298,30,1,4729,0.15
17299,30,1,4729,0.1
17299,41,1,931,0.1
17300,25,2,3410,0
17300,40,1,3255,0.05
17300,23,2,2336,0.05
17301,59,1,2290,0.05
17301,59,1,2290,0
17302,39,1,2235,0.1
17302,7,1,1985,0
17303,60,1,552,0
17303,58,1,1326,0
17304,40,1,3255,0.15
17304,32,1,126,0
17305,47,2,1558,0.1
17305,20,1,3438,0.1
17306,32,1,126,0.1
17307,16,1,1002,0.1
17308,13,2,3877,0
17309,7,1,1985,0.05
17310,47,1,1558,0.05
17311,12,1,4627,0.15
17311,57,2,729,0
17312,24,1,2262,0.15
17312,21,1,2746,0.05
17312,21,1,2746,0.05
17313,59,1,2290,0
17314,51,2,2916,0
17314,24,1,2262,0.1
17315,55,2,4572,0.2
17315,30,1,4729,0.1
17315,8,1,1791,0
17316,27,1,1579,0
17316,23,1,2336,0
17316,35,1,1942,0.1
17317,23,1,2336,0.2
17317,4,1,2293,0
17317,6,1,529,0.05
17318,10,1,3487,0.05
17318,31,1,3203,0.1
17319,5,1,1760,0
17320,3,1,3713,0.1
17321,36,1,1580,0
17322,10,1,3487,0.05
17322,2,1,3850,0.05
17323,30,2,4729,0
17324,26,2,4752,0
17324,4,1,2293,0.2
17324,31,1,3203,0.05
17325,29,1,2320,0.05
17326,60,1,552,0.05
17326,17,1,2656,0.2
17326,55,1,4572,0.1
17327,3,2,3713,0
17327,44,1,724,0
17327,40,1,3255,0
17327,48,3,2972,0
17328,51,1,2916,0
17328,24,1,2262,0.05
17328,57,3,729,0
17329,26,1,4752,0.1
17330,43,1,4289,0.2
17331,6,1,529,0.05
17331,41,2,931,0
17332,29,1,2320,0.1
17332,52,1,1957,0.15
17332,9,1,4658,0.05
17333,24,1,2262,0.05
17334,40,1,3255,0
17335,20,1,3438,0
17335,42,1,3125,0.1
17336,49,1,1048,0.1
17337,35,3,1942,0
17337,36,1,1580,0.2
17338,56,2,630,0.05
17339,24,1,2262,0.15
17339,32,1,126,0
17340,33,1,4175,0
17340,10,3,3487,0
17341,5,1,1760,0
17342,60,2,552,0.1
17343,29,1,2320,0.05
17344,29,1,2320,0
17344,9,3,4658,0
17345,48,2,2972,0.15
17346,2,1,3850,0
17347,30,1,4729,0.05
17347,50,2,2033,0.15
17348,12,1,4627,0.05
17348,44,1,724,0.05
17348,12,1,4627,0.2
17349,21,1,2746,0
17350,21,1,2746,0.05
17350,21,2,2746,0.05
17351,41,1,931,0.05
17351,28,1,567,0.05
17352,49,1,1048,0
17353,29,1,2320,0
17354,46,1,3785,0.2
17354,56,1,630,0.1
17355,21,1,2746,0
17356,13,1,3877,0.05
17356,14,1,4075,0
17357,22,1,1574,0
17358,39,1,2235,0
17358,57,1,729,0
17358,11,1,1744,0.15
17359,38,1,3806,0.05
17359,16,1,1002,0
17360,9,3,4658,0
17360,10,1,3487,0.05
17360,2,2,3850,0.15
17361,41,1,931,0.05
17362,33,1,4175,0.05
17363,10,1,3487,0.05
17363,40,1,3255,0.1
17363,26,1,4752,0.05
17364,44,1,724,0.1
17364,21,1,2746,0
17364,42,1,3125,0.1
17365,23,1,2336,0.05
17365,25,1,3410,0
17365,55,2,4572,0
17366,19,1,2193,0.05
17366,30,1,4729,0.15
17367,58,2,1326,0.1
17367,43,1,4289,0.05
17367,48,1,2972,0.1
17368,30,1,4729,0.1
17369,50,1,2033,0.15
17369,2,1,3850,0
17369,15,1,860,0
17369,26,1,4752,0.2
17370,59,1,2290,0
17370,24,2,2262,0
17371,26,1,4752,0.05
17371,17,1,2656,0
17372,36,1,1580,0
17373,38,1,3806,0.15
17373,9,1,4658,0
17373,38,1,3806,0.05
17374,9,1,4658,0
17374,26,1,4752,0
17375,40,1,3255,0.2
17376,29,2,2320,0.05
17376,3,1,3713,0.15
17377,22,2,1574,0
17378,20,1,3438,0
17379,3,1,3713,0.05
17379,26,1,4752,0.05
17380,58,1,1326,0.1
17380,9,1,4658,0.1
17381,60,2,552,0.05
17381,29,1,2320,0
17381,43,1,4289,0.05
17381,45,2,4975,0
17382,38,1,3806,0
17382,28,2,567,0.1
17383,7,3,1985,0.05
17383,16,1,1002,0.2
17384,16,1,1002,0
17384,24,1,2262,0
17384,46,2,3785,0.1
17385,49,1,1048,0.15
17385,50,1,2033,0
17386,41,1,931,0.05
17386,8,1,1791,0.1
17386,60,1,552,0
17387,9,1,4658,0.1
17387,59,1,2290,0
17388,5,1,1760,0
17389,54,1,3026,0.15
17389,9,2,4658,0
17390,19,1,2193,0.15
17390,6,1,529,0
17390,28,1,567,0
17391,60,1,552,0.05
17391,38,1,3806,0.05
17391,44,1,724,0
17391,44,1,724,0.1
17392,8,1,1791,0.05
17392,10,1,3487,0
17393,13,1,3877,0.05
17394,46,1,3785,0.2
17394,9,2,4658,0
17394,3,1,3713,0.2
17395,27,1,1579,0.1
17395,54,1,3026,0.05
17395,55,1,4572,0
17396,55,2,4572,0.15
17396,39,1,2235,0
17396,54,2,3026,0
17397,30,1,4729,0.05
17398,56,1,630,0
17398,22,2,1574,0
17399,14,1,4075,0.05
17400,7,1,1985,0.15
17400,18,1,778,0
17400,33,1,4175,0
17401,43,3,4289,0
17401,13,1,3877,0.15
17402,50,2,2033,0.05
17403,18,1,778,0
17404,17,1,2656,0
17405,42,1,3125,0.05
17406,41,1,931,0.05
17407,49,2,1048,0
17407,54,1,3026,0.2
17408,60,1,552,0
17409,52,1,1957,0.05
17410,37,1,667,0
17410,15,1,860,0.1
17411,55,1,4572,0
17411,55,1,4572,0.05
17412,45,1,4975,0
17413,42,1,3125,0
17414,18,1,778,0
17414,4,2,2293,0.2
17415,19,1,2193,0
17416,41,3,931,0
17416,44,1,724,0.15
17416,42,1,3125,0
17416,17,1,2656,0
17417,16,2,1002,0
17418,29,1,2320,0.05
17419,14,1,4075,0
17419,60,1,552,0
17420,6,1,529,0.05
17420,43,1,4289,0
17421,2,1,3850,0.15
17422,54,1,3026,0
17423,24,1,2262,0.05
17424,56,1,630,0.05
17425,31,1,3203,0
17426,21,1,2746,0.05
17426,42,1,3125,0
17426,18,1,778,0
17427,40,2,3255,0.05
17428,36,2,1580,0
17429,28,1,567,0.1
17429,30,1,4729,0.2
17430,28,2,567,0.1
17431,29,1,2320,0.05
17432,41,1,931,0.05
17432,25,1,3410,0
17432,20,1,3438,0
17433,51,1,2916,0
17434,5,1,1760,0
17435,12,1,4627,0
17435,48,1,2972,0
17435,43,1,4289,0
17435,31,1,3203,0
17436,55,1,4572,0.15
17437,40,1,3255,0
17438,6,1,529,0
17438,58,1,1326,0.05
17439,3,1,3713,0.15
17439,22,1,1574,0.05
17440,6,1,529,0
17440,11,1,1744,0
17441,37,1,667,0.05
17442,50,1,2033,0.1
17443,48,1,2972,0
17443,33,1,4175,0.2
17444,40,1,3255,0.1
17445,6,1,529,0.05
17445,10,1,3487,0.1
17446,27,1,1579,0
17447,13,1,3877,0.2
17447,7,1,1985,0.15
17448,17,1,2656,0.05
17449,24,1,2262,0
17449,19,1,2193,0.05
17450,50,1,2033,0
17450,29,1,2320,0.05
17450,2,2,3850,0.1
17451,29,1,2320,0
17451,1,2,150,0.05
17452,25,2,3410,0.05
17452,34,1,2437,0.2
17453,17,1,2656,0.15
17454,4,1,2293,0.1
17455,15,2,860,0
17455,13,1,3877,0
17456,3,1,3713,0.15
17457,7,1,1985,0
17457,53,2,1286,0
17458,59,1,2290,0.1
17459,12,1,4627,0
17459,23,1,2336,0.2
17459,39,1,2235,0
17460,42,1,3125,0.1
17460,49,1,1048,0.05
17460,11,1,1744,0.15
17461,4,1,2293,0.1
17461,32,1,126,0.2
17462,19,1,2193,0.05
17462,22,1,1574,0
17462,22,2,1574,0.15
17463,29,1,2320,0.05
17463,4,1,2293,0.15
17464,55,1,4572,0.05
17464,10,1,3487,0.1
17465,48,1,2972,0.1
17466,34,2,2437,0.05
17466,18,2,778,0
17467,23,1,2336,0.05
17467,42,1,3125,0.05
17467,16,1,1002,0
17467,46,1,3785,0.05
17468,37,1,667,0
17468,53,1,1286,0
17468,37,2,667,0.1
17469,52,1,1957,0.05
17469,10,1,3487,0
17470,24,1,2262,0.15
17470,22,1,1574,0.05
17470,22,1,1574,0.15
17471,34,1,2437,0.1
17471,51,1,2916,0
17471,49,1,1048,0
17472,36,1,1580,0
17472,31,1,3203,0
17472,5,2,1760,0.15
17473,38,1,3806,0
17474,50,1,2033,0
17475,49,2,1048,0.05
17476,48,1,2972,0.15
17477,25,2,3410,0
17478,44,1,724,0
17479,7,2,1985,0.2
17480,60,1,552,0.1
17481,34,1,2437,0
17482,49,1,1048,0.2
17482,10,1,3487,0
17483,35,1,1942,0
17483,19,1,2193,0.15
17484,31,1,3203,0.1
17484,34,1,2437,0
17485,12,1,4627,0
17485,14,1,4075,0.2
17486,55,1,4572,0.05
17486,33,1,4175,0.05
17487,10,1,3487,0
17487,36,1,1580,0.1
17487,36,1,1580,0
17487,24,1,2262,0.1
17488,16,2,1002,0
17489,29,1,2320,0
17490,11,3,1744,0.05
17491,5,1,1760,0.05
17492,33,1,4175,0.2
17492,60,1,552,0.05
17493,14,1,4075,0.1
17494,3,1,3713,0.05
17495,48,3,2972,0.15
17495,25,1,3410,0
17495,49,1,1048,0.2
17496,20,1,3438,0.1
17496,22,3,1574,0.1
17496,52,1,1957,0
17497,30,1,4729,0
17497,25,1,3410,0.1
17498,22,1,1574,0.05
17498,49,3,1048,0.05
17499,42,1,3125,0
17500,38,1,3806,0.05
17500,57,1,729,0
17500,43,1,4289,0.15
17501,6,1,529,0.1
17502,8,1,1791,0.05
17502,47,1,1558,0.2
17502,18,1,778,0
17503,10,1,3487,0.15
17504,39,1,2235,0.05
17504,6,1,529,0.15
17504,41,2,931,0.15
17505,1,1,150,0.1
17505,23,2,2336,0.05
17505,39,1,2235,0.05
17506,16,1,1002,0
17507,32,1,126,0
17508,26,1,4752,0.1
17509,6,1,529,0
17509,41,3,931,0.15
17510,41,1,931,0.15
17511,14,1,4075,0.1
17511,33,1,4175,0.15
17512,13,1,3877,0.1
17513,20,1,3438,0
17513,43,1,4289,0
17513,4,1,2293,0.2
17514,39,2,2235,0
17515,18,1,778,0.05
17515,14,1,4075,0.05
17515,38,1,3806,0
17516,45,2,4975,0.05
17517,7,1,1985,0.1
17517,19,1,2193,0.2
17517,23,1,2336,0
17518,9,1,4658,0
17519,60,1,552,0
17520,2,2,3850,0
17520,45,2,4975,0
17521,46,1,3785,0
17521,35,1,1942,0.1
17522,26,1,4752,0.1
17522,2,1,3850,0
17523,5,1,1760,0.05
17524,11,1,1744,0.05
17525,17,1,2656,0
17525,37,1,667,0.1
17525,60,1,552,0
17526,24,2,2262,0.05
17527,10,2,3487,0
17527,37,1,667,0.1
17528,20,1,3438,0.1
17529,7,1,1985,0
17529,55,1,4572,0.05
17530,50,2,2033,0
17530,6,1,529,0.05
17530,30,2,4729,0.05
17531,59,1,2290,0.05
17532,7,3,1985,0.15
17532,17,1,2656,0.1
17533,42,1,3125,0
17533,13,1,3877,0
17534,32,2,126,0
17534,48,1,2972,0.15
17534,59,1,2290,0.15
17534,32,1,126,0
17535,59,2,2290,0.1
17535,55,1,4572,0.1
17535,42,1,3125,0.1
17536,50,1,2033,0.05
17537,59,1,2290,0.15
17537,54,1,3026,0.05
17538,60,1,552,0.15
17538,32,1,126,0.05
17538,47,3,1558,0
17538,38,1,3806,0
17539,45,2,4975,0
17540,44,1,724,0.05
17540,36,1,1580,0.15
17540,21,1,2746,0.1
17541,14,1,4075,0.1
17541,56,1,630,0
17541,50,2,2033,0.05
17542,33,1,4175,0.05
17542,39,1,2235,0
17543,53,1,1286,0.15
17543,41,2,931,0.1
17543,59,1,2290,0.05
17544,17,2,2656,0.15
17545,40,1,3255,0.15
17545,15,1,860,0.05
17545,21,1,2746,0.1
17546,22,1,1574,0.15
17547,6,3,529,0.05
17548,37,1,667,0.1
17548,38,1,3806,0.1
17549,8,1,1791,0.05
17549,8,1,1791,0
17550,5,1,1760,0.1
17550,34,1,2437,0
17551,33,1,4175,0.05
17552,7,1,1985,0
17552,29,1,2320,0.1
17553,36,1,1580,0
17554,54,2,3026,0
17554,60,1,552,0
17554,31,1,3203,0.1
17555,54,1,3026,0.05
17555,13,1,3877,0.05
17556,46,1,3785,0.15
17556,17,1,2656,0.1
17557,41,1,931,0.1
17558,3,1,3713,0
17559,27,2,1579,0.05
17560,47,1,1558,0
17560,23,1,2336,0.05
17560,9,1,4658,0.05
17561,37,1,667,0.2
17561,53,1,1286,0.2
17561,43,1,4289,0
17561,9,1,4658,0.05
17562,21,2,2746,0
17563,52,1,1957,0.1
17564,7,1,1985,0.1
17565,26,1,4752,0.1
17565,15,1,860,0
17566,47,1,1558,0
17567,39,1,2235,0.05
17568,26,1,4752,0.1
17568,27,2,1579,0.1
17569,36,1,1580,0.15
17569,40,1,3255,0
17570,26,1,4752,0.2
17571,57,1,729,0
17572,45,1,4975,0
17572,29,1,2320,0.1
17573,57,1,729,0.1
17574,56,1,630,0.1
17575,3,1,3713,0.1
17575,53,1,1286,0
17576,53,1,1286,0.15
17576,18,1,778,0.2
17576,42,1,3125,0.1
17577,8,2,1791,0.1
17577,11,1,1744,0.2
17578,47,1,1558,0
17578,6,1,529,0.1
17579,17,2,2656,0
17579,41,1,931,0
17579,14,2,4075,0
17580,11,1,1744,0.1
17581,55,1,4572,0.05
17582,54,1,3026,0.2
17582,40,1,3255,0.05
17582,16,1,1002,0.1
17582,53,1,1286,0
17583,18,1,778,0
17583,11,1,1744,0.05
17584,15,1,860,0.2
17584,30,1,4729,0.1
17585,50,2,2033,0
17585,20,1,3438,0
17586,29,1,2320,0.05
17587,29,1,2320,0
17587,31,1,3203,0
17587,38,1,3806,0.2
17588,58,1,1326,0.1
17588,42,1,3125,0
17588,20,1,3438,0
17589,41,1,931,0.1
17590,8,1,1791,0
17590,21,1,2746,0
17591,48,1,2972,0.1
17591,18,1,778,0.05
17591,51,1,2916,0.05
17592,28,1,567,0
17592,39,2,2235,0
17593,55,1,4572,0
17594,40,1,3255,0.05
17595,24,1,2262,0
17596,30,1,4729,0
17596,7,1,1985,0.1
17597,5,1,1760,0
17598,7,1,1985,0.05
17598,14,1,4075,0.15
17599,37,2,667,0.15
17600,47,2,1558,0.1
17600,46,1,3785,0.1
17601,50,1,2033,0.2
17602,23,1,2336,0.05
17602,60,1,552,0
17603,10,1,3487,0.1
17604,55,1,4572,0
17605,56,1,630,0
17606,17,1,2656,0.05
17606,58,1,1326,0.1
17607,18,1,778,0.2
17607,39,1,2235,0.1
17607,42,2,3125,0.15
17608,34,1,2437,0.15
17608,32,1,126,0.1
17609,21,1,2746,0
17609,53,1,1286,0.2
17609,42,1,3125,0.15
17610,17,1,2656,0
17611,40,1,3255,0.05
17612,39,1,2235,0.15
17613,37,1,667,0.15
17613,35,2,1942,0.05
17614,59,1,2290,0
17614,7,2,1985,0
17615,40,1,3255,0.05
17615,43,1,4289,0.05
17616,3,1,3713,0
17616,4,1,2293,0
17617,8,1,1791,0.2
17618,3,1,3713,0.1
17619,45,1,4975,0.15
17619,14,1,4075,0.1
17620,5,1,1760,0.15
17621,9,1,4658,0.2
17621,56,2,630,0.15
17622,27,2,1579,0.1
17623,44,1,724,0
17624,40,2,3255,0
17624,27,1,1579,0
17624,35,2,1942,0.1
17624,30,1,4729,0.15
17625,4,1,2293,0.1
17625,5,2,1760,0.05
17626,53,1,1286,0.05
17627,4,1,2293,0
17628,17,1,2656,0
17629,28,1,567,0.05
17629,38,1,3806,0
17629,15,1,860,0
17629,38,1,3806,0
17630,48,1,2972,0
17631,20,1,3438,0
17632,29,1,2320,0.05
17633,9,2,4658,0
17633,29,2,2320,0.05
17634,41,1,931,0.05
17635,6,1,529,0.05
17636,38,2,3806,0
17636,59,3,2290,0
17637,18,1,778,0
17637,40,2,3255,0.1
17638,42,1,3125,0.2
17638,52,2,1957,0
17638,30,2,4729,0.15
17639,45,1,4975,0
17640,56,1,630,0
17640,21,1,2746,0
17641,54,1,3026,0.05
17642,20,2,3438,0
17643,43,1,4289,0.2
17643,39,1,2235,0.15
17643,31,1,3203,0
17644,29,1,2320,0
17644,13,1,3877,0.1
17645,17,2,2656,0.1
17645,43,2,4289,0.1
17645,15,1,860,0.05
17646,51,1,2916,0
17646,25,2,3410,0
17647,41,1,931,0.2
17647,48,1,2972,0.1
17648,51,1,2916,0.05
17648,43,1,4289,0
17649,55,1,4572,0.05
17650,17,1,2656,0
17651,3,2,3713,0.1
17652,37,2,667,0
17652,50,1,2033,0.05
17652,59,1,2290,0.05
17653,25,1,3410,0.15
17653,42,1,3125,0
17654,29,1,2320,0.05
17654,55,1,4572,0
17655,23,1,2336,0
17656,60,2,552,0.05
17657,13,1,3877,0.05
17658,4,1,2293,0.05
17658,39,1,2235,0.1
17659,11,1,1744,0.05
17659,49,1,1048,0
17659,38,1,3806,0
17660,26,1,4752,0
17660,25,1,3410,0.05
17660,14,1,4075,0.1
17660,5,1,1760,0.05
17661,43,1,4289,0.05
17662,24,1,2262,0
17662,17,2,2656,0
17662,22,1,1574,0.2
17662,15,1,860,0
17663,46,2,3785,0.05
17663,48,1,2972,0.05
17664,37,1,667,0.1
17665,24,1,2262,0.05
17665,54,1,3026,0.15
17665,33,1,4175,0.2
17665,1,1,150,0.05
17666,2,1,3850,0.05
17666,14,1,4075,0.15
17667,45,1,4975,0
17667,34,1,2437,0.05
17668,46,2,3785,0
17669,59,1,2290,0.05
17669,57,2,729,0
17670,3,1,3713,0.15
17671,19,1,2193,0.05
17671,10,1,3487,0
17671,24,2,2262,0.05
17671,7,2,1985,0.1
17672,60,1,552,0
17672,50,1,2033,0
17673,51,1,2916,0.1
17674,1,1,150,0
17675,37,2,667,0
17675,19,1,2193,0
17675,7,1,1985,0
17675,34,1,2437,0.05
17676,45,1,4975,0.05
17677,59,1,2290,0
17677,55,3,4572,0.1
17677,39,1,2235,0
17678,58,1,1326,0
17679,5,1,1760,0
17680,18,1,778,0
17681,22,1,1574,0.15
17682,38,1,3806,0.1
17682,27,1,1579,0.1
17683,27,1,1579,0.1
17683,14,2,4075,0
17684,13,1,3877,0
17685,18,2,778,0.1
17685,10,2,3487,0
17686,28,2,567,0.05
17687,14,1,4075,0
17687,41,1,931,0
17688,27,1,1579,0.1
17688,33,3,4175,0.05
17689,45,1,4975,0
17690,56,1,630,0
17690,17,1,2656,0.15
17690,17,1,2656,0.1
17691,11,1,1744,0
17692,54,2,3026,0
17692,18,1,778,0
17693,21,1,2746,0.1
17694,50,1,2033,0.15
17694,5,1,1760,0.05
17695,36,1,1580,0.1
17696,1,1,150,0.15
17696,3,1,3713,0
17697,57,1,729,0.1
17697,32,1,126,0.05
17697,32,1,126,0
17697,7,1,1985,0
17698,4,1,2293,0.1
17698,26,2,4752,0
17699,31,1,3203,0.05
17700,55,2,4572,0
17701,52,1,1957,0.1
17701,34,2,2437,0.1
17702,51,2,2916,0
17703,55,1,4572,0.05
17703,22,1,1574,0.1
17704,10,1,3487,0
17704,45,1,4975,0.05
17705,39,2,2235,0
17705,48,2,2972,0
17705,58,1,1326,0
17706,1,1,150,0
17707,17,1,2656,0.05
17707,55,1,4572,0.1
17707,41,1,931,0.05
17708,10,1,3487,0.2
17709,18,1,778,0
17709,8,1,1791,0.1
17709,24,1,2262,0.1
17710,6,1,529,0.05
17711,6,1,529,0.05
17711,23,1,2336,0
17711,43,2,4289,0
17712,6,1,529,0
17713,7,1,1985,0
17713,11,1,1744,0
17713,46,1,3785,0.1
17714,28,1,567,0.05
17715,54,2,3026,0.05
17716,16,2,1002,0.2
17716,27,2,1579,0
17716,31,1,3203,0
17717,55,1,4572,0.05
17717,39,1,2235,0.1
17717,8,1,1791,0
17718,37,2,667,0
17718,6,1,529,0
17719,20,1,3438,0.15
17719,6,1,529,0.1
17719,52,2,1957,0
17720,5,2,1760,0.15
17720,2,1,3850,0.05
17721,29,1,2320,0.1
17721,15,1,860,0
17722,49,1,1048,0
17723,28,1,567,0
17724,54,1,3026,0
17724,28,1,567,0
17725,2,1,3850,0
17726,8,1,1791,0
17726,39,1,2235,0.2
17727,17,1,2656,0.05
17728,29,1,2320,0.1
17729,49,1,1048,0
17729,23,1,2336,0
17730,10,1,3487,0.15
17730,8,2,1791,0.1
17730,3,1,3713,0.05
17731,11,2,1744,0.15
17731,23,1,2336,0.2
17732,21,1,2746,0
17732,35,1,1942,0
17732,31,1,3203,0.1
17733,27,2,1579,0
17733,55,1,4572,0.05
17734,2,1,3850,0
17735,30,1,4729,0
17735,13,1,3877,0.2
17736,8,1,1791,0.05
17736,43,1,4289,0
17736,59,1,2290,0
17736,31,1,3203,0
17737,24,1,2262,0
17738,37,1,667,0
17739,26,1,4752,0.05
17739,60,1,552,0
17740,1,2,150,0.15
17740,59,1,2290,0.05
17741,18,3,778,0.1
17742,26,1,4752,0.05
17742,2,1,3850,0
17743,47,1,1558,0.15
17744,2,2,3850,0.05
17745,53,1,1286,0.2
17746,39,1,2235,0.05
17746,48,1,2972,0.05
17747,26,1,4752,0
17748,5,1,1760,0.05
17749,46,1,3785,0
17749,10,1,3487,0.1
17750,50,1,2033,0
17750,11,1,1744,0
17751,38,1,3806,0.15
17751,8,1,1791,0.05
17752,35,2,1942,0
17753,7,1,1985,0.05
17754,27,1,1579,0.15
17755,39,2,2235,0.1
17756,32,1,126,0
17756,3,1,3713,0
17757,33,1,4175,0
17757,36,1,1580,0.05
17758,47,1,1558,0.1
17758,44,2,724,0
17759,58,1,1326,0.05
17759,56,1,630,0.1
17759,37,1,667,0.1
17760,29,1,2320,0.05
17761,13,1,3877,0.1
17761,1,1,150,0
17762,4,2,2293,0.1
17762,28,1,567,0
17763,31,1,3203,0.1
17763,51,1,2916,0.05
17764,2,1,3850,0
17765,13,1,3877,0.05
17765,57,1,729,0.1
17766,17,2,2656,0
17766,51,1,2916,0.15
17766,32,2,126,0.05
17767,23,1,2336,0.05
17767,57,1,729,0.1
17767,60,1,552,0
17768,5,1,1760,0
17768,23,1,2336,0.1
17769,26,1,4752,0.1
17769,49,2,1048,0
17769,51,1,2916,0.1
17770,8,1,1791,0
17771,53,1,1286,0.1
17772,49,1,1048,0.05
17772,40,1,3255,0.1
17773,39,2,2235,0.15
17773,48,1,2972,0
17774,57,1,729,0
17774,10,2,3487,0.05
17775,9,1,4658,0.1
17776,49,1,1048,0
17776,27,1,1579,0.05
17776,21,1,2746,0.1
17776,23,1,2336,0.1
17777,37,1,667,0.15
17778,17,1,2656,0.1
17779,47,1,1558,0
17779,38,1,3806,0.05
17780,14,2,4075,0.15
17780,4,1,2293,0.05
17780,37,1,667,0.1
17781,48,3,2972,0.15
17781,27,1,1579,0.05
17782,30,1,4729,0
17783,37,1,667,0.2
17783,26,1,4752,0
17783,35,1,1942,0
17783,41,1,931,0
17784,55,1,4572,0.2
17785,6,2,529,0
17786,26,1,4752,0
17787,50,1,2033,0.2
17788,6,1,529,0.2
17788,39,1,2235,0
17789,31,1,3203,0.1
17789,23,1,2336,0.05
17789,7,2,1985,0
17790,44,2,724,0.1
17790,53,2,1286,0
17790,26,1,4752,0.2
17791,39,2,2235,0
17792,58,1,1326,0.1
17793,42,1,3125,0
17793,51,2,2916,0.05
17794,59,1,2290,0.05
17794,29,2,2320,0.15
17794,11,1,1744,0.1
17794,39,1,2235,0.05
17795,35,1,1942,0.05
17796,55,1,4572,0.1
17797,22,1,1574,0
17797,11,1,1744,0.05
17797,17,1,2656,0.1
17797,38,1,3806,0
17798,40,1,3255,0
17799,11,2,1744,0.1
17799,27,2,1579,0.05
17799,6,2,529,0.1
17800,14,1,4075,0.1
17801,44,1,724,0
17801,32,1,126,0.1
17801,20,1,3438,0.15
17802,47,1,1558,0
17803,15,1,860,0.05
17803,42,1,3125,0
17804,17,1,2656,0.05
17804,49,1,1048,0.2
17804,55,1,4572,0.05
17805,32,1,126,0.1
17806,39,1,2235,0
17806,35,1,1942,0
17806,54,1,3026,0
17806,56,1,630,0
17807,46,1,3785,0
17807,26,1,4752,0.15
17808,43,1,4289,0.15
17808,32,1,126,0.1
17809,29,1,2320,0
17810,56,1,630,0
17811,12,2,4627,0.05
17812,27,1,1579,0.1
17813,22,1,1574,0.05
17813,12,2,4627,0
17813,57,2,729,0.15
17814,1,2,150,0.1
17815,15,1,860,0.15
17815,60,1,552,0
17816,11,1,1744,0.05
17817,21,1,2746,0.05
17818,31,1,3203,0.2
17818,59,1,2290,0
17819,35,2,1942,0.2
17820,54,1,3026,0
17820,18,1,778,0
17820,55,1,4572,0
17820,40,1,3255,0.05
17821,31,1,3203,0.05
17821,45,3,4975,0.1
17821,53,2,1286,0
17822,55,3,4572,0.05
17822,14,2,4075,0
17823,51,1,2916,0.15
17824,60,2,552,0
17824,3,2,3713,0
17825,37,1,667,0
17826,52,1,1957,0.1
17827,46,2,3785,0
17828,13,1,3877,0.05
17829,16,1,1002,0.05
17829,18,1,778,0.05
17830,32,1,126,0
17830,26,1,4752,0.05
17831,43,1,4289,0.05
17832,30,1,4729,0.05
17832,8,1,1791,0.15
17832,24,1,2262,0.05
17833,55,1,4572,0.15
17833,29,2,2320,0.1
17834,44,1,724,0.05
17834,34,1,2437,0
17834,50,1,2033,0.15
17834,31,1,3203,0
17835,5,1,1760,0.05
17835,52,1,1957,0.05
17836,48,1,2972,0
17837,21,1,2746,0.15
17838,23,1,2336,0
17839,13,1,3877,0
17839,52,1,1957,0
17839,27,1,1579,0
17840,45,1,4975,0.15
17840,9,2,4658,0
17840,49,1,1048,0.05
17841,48,1,2972,0
17842,56,1,630,0.15
17843,19,1,2193,0.1
17844,20,1,3438,0
17844,33,1,4175,0
17845,45,1,4975,0.1
17845,15,1,860,0.05
17846,7,1,1985,0.1
17846,3,1,3713,0
17847,49,1,1048,0.2
17847,20,1,3438,0.1
17848,51,1,2916,0.1
17849,38,1,3806,0
17850,2,1,3850,0.2
17850,4,3,2293,0
17851,40,1,3255,0.2
17851,3,1,3713,0.05
17852,51,1,2916,0.15
17853,9,1,4658,0
17853,4,1,2293,0
17854,28,1,567,0
17854,11,1,1744,0.15
17855,50,2,2033,0
17856,26,1,4752,0.05
17856,13,1,3877,0.1
17856,17,2,2656,0
17857,49,1,1048,0
17857,26,1,4752,0.2
17857,47,1,1558,0.1
17858,53,1,1286,0.05
17859,60,1,552,0
17860,57,1,729,0
17860,46,1,3785,0.05
17861,19,2,2193,0
17861,56,1,630,0.1
17861,53,1,1286,0.05
17862,4,1,2293,0.1
17862,33,1,4175,0.1
17863,50,1,2033,0
17863,3,1,3713,0.1
17864,44,2,724,0
17864,59,1,2290,0
17865,12,3,4627,0
17866,7,2,1985,0
17866,11,1,1744,0
17867,29,1,2320,0
17868,19,2,2193,0.05
17869,21,1,2746,0
17870,24,1,2262,0
17870,26,1,4752,0.1
17870,15,1,860,0.05
17871,3,1,3713,0
17872,33,1,4175,0.05
17872,3,1,3713,0
17873,14,2,4075,0
17873,47,1,1558,0.05
17874,34,1,2437,0.15
17874,29,1,2320,0.1
17875,8,1,1791,0.1
17876,41,1,931,0
17876,22,2,1574,0
17877,23,3,2336,0.1
17877,20,1,3438,0.05
17878,18,1,778,0.1
17879,48,1,2972,0.05
17880,29,1,2320,0.1
17881,36,2,1580,0.05
17881,8,1,1791,0
17882,25,1,3410,0
17882,43,1,4289,0.1
17883,10,1,3487,0.05
17883,16,1,1002,0.05
17884,53,2,1286,0.05
17884,20,2,3438,0.15
17885,46,3,3785,0
17885,40,1,3255,0
17885,26,1,4752,0.1
17886,57,1,729,0
17887,37,1,667,0.05
17888,22,1,1574,0.1
17889,8,1,1791,0
17889,21,2,2746,0
17890,17,1,2656,0
17890,59,1,2290,0.05
17890,4,1,2293,0.05
17891,59,2,2290,0
17892,46,1,3785,0.15
17893,32,1,126,0.15
17894,15,1,860,0
17895,22,1,1574,0.15
17895,9,2,4658,0
17896,51,2,2916,0.05
17896,59,1,2290,0.15
17896,18,1,778,0.15
17897,47,1,1558,0
17898,47,1,1558,0.1
17898,56,1,630,0.05
17898,38,1,3806,0
17899,57,1,729,0
17900,51,1,2916,0.05
17900,34,1,2437,0.15
17901,27,1,1579,0.15
17901,57,1,729,0
17901,51,1,2916,0
17902,50,1,2033,0
17903,12,1,4627,0.15
17903,56,1,630,0.1
17903,23,1,2336,0
17904,7,2,1985,0
17904,52,2,1957,0.15
17905,15,3,860,0
17905,14,3,4075,0.2
17905,37,1,667,0.05
17906,33,1,4175,0.1
17906,35,2,1942,0
17907,35,1,1942,0.05
17908,36,1,1580,0
17909,9,1,4658,0.05
17910,7,1,1985,0.05
17911,58,2,1326,0
17911,35,1,1942,0.1
17911,45,2,4975,0
17912,16,2,1002,0
17913,40,1,3255,0.1
17914,50,1,2033,0.15
17915,14,2,4075,0.1
17916,17,1,2656,0
17916,59,1,2290,0.1
17916,39,1,2235,0
17917,19,1,2193,0.15
17918,60,1,552,0.15
17919,40,1,3255,0
17919,39,1,2235,0.1
17920,36,2,1580,0.15
17920,39,1,2235,0.2
17921,24,1,2262,0.1
17922,50,2,2033,0.05
17923,2,1,3850,0
17923,59,1,2290,0
17924,4,1,2293,0
17925,42,1,3125,0
17925,27,1,1579,0.05
17926,45,1,4975,0.15
17926,32,1,126,0.1
17927,12,1,4627,0
17927,26,1,4752,0
17928,12,1,4627,0.05
17929,50,2,2033,0.15
17930,55,1,4572,0
17930,4,1,2293,0
17931,51,1,2916,0.05
17931,55,1,4572,0.05
17932,54,2,3026,0.2
17933,30,2,4729,0.1
17933,52,1,1957,0.1
17933,46,2,3785,0.1
17933,43,1,4289,0.05
17934,8,2,1791,0.05
17935,60,1,552,0
17935,28,1,567,0.05
17936,17,1,2656,0.05
17936,41,2,931,0
17937,54,1,3026,0.05
17938,30,1,4729,0.15
17938,37,1,667,0.05
17939,30,2,4729,0
17939,55,1,4572,0.15
17940,37,1,667,0.05
17941,43,2,4289,0.2
17942,56,1,630,0.15
17942,29,1,2320,0.1
17943,7,1,1985,0
17944,4,1,2293,0
17944,36,1,1580,0
17945,33,1,4175,0.15
17946,35,1,1942,0.1
17947,18,1,778,0
17947,41,1,931,0.05
17947,15,1,860,0.1
17948,53,1,1286,0.1
17949,60,1,552,0.15
17949,14,1,4075,0.05
17949,48,2,2972,0.05
17950,37,1,667,0
17950,31,1,3203,0.1
17951,35,1,1942,0
17952,60,1,552,0.05
17953,21,1,2746,0.05
17954,7,1,1985,0.1
17954,45,2,4975,0.05
17955,38,1,3806,0.2
17955,18,1,778,0
17956,32,1,126,0
17956,12,1,4627,0.1
17957,51,1,2916,0
17957,15,1,860,0
17958,45,1,4975,0
17958,50,1,2033,0.05
17959,27,1,1579,0.2
17959,2,1,3850,0.2
17960,39,2,2235,0
17961,14,1,4075,0.1
17962,49,1,1048,0
17963,57,1,729,0
17963,55,1,4572,0.15
17964,53,3,1286,0.1
17965,9,2,4658,0.15
17966,21,1,2746,0
17966,50,1,2033,0
17966,11,1,1744,0.05
17967,39,1,2235,0.1
17968,12,1,4627,0.05
17969,8,2,1791,0.05
17970,54,1,3026,0
17971,11,1,1744,0
17971,42,1,3125,0.1
17971,52,1,1957,0
17971,28,1,567,0.2
17972,14,1,4075,0.05
17972,19,1,2193,0.2
17973,18,1,778,0.1
17974,26,2,4752,0
17975,46,1,3785,0.05
17976,24,1,2262,0
17977,55,1,4572,0.05
17978,5,1,1760,0
17979,52,1,1957,0
17979,33,1,4175,0
17980,55,1,4572,0.1
17980,27,1,1579,0
17981,9,1,4658,0.2
17981,10,1,3487,0
17982,23,1,2336,0
17983,52,1,1957,0
17983,36,1,1580,0
17983,15,3,860,0
17984,34,1,2437,0.05
17984,49,1,1048,0.05
17985,22,1,1574,0.1
17986,35,1,1942,0.05
17987,54,1,3026,0
17988,57,1,729,0.2
17988,54,1,3026,0.05
17989,14,2,4075,0.1
17990,7,1,1985,0
17991,39,1,2235,0
17991,7,1,1985,0
17992,16,1,1002,0
17993,43,2,4289,0
17994,44,1,724,0
17994,38,1,3806,0
17994,29,1,2320,0.05
17995,38,1,3806,0.05
17995,26,1,4752,0
17996,1,1,150,0
17996,56,1,630,0
17997,1,2,150,0.15
17997,23,1,2336,0.05
17998,32,1,126,0
17998,41,1,931,0
17999,16,1,1002,0.1
17999,38,1,3806,0.05
18000,36,1,1580,0
18001,27,1,1579,0.05
18001,27,1,1579,0.1
18001,14,1,4075,0.1
18002,40,3,3255,0
18003,27,1,1579,0.1
18003,57,2,729,0.05
18004,14,1,4075,0
18004,20,1,3438,0
18005,17,1,2656,0.1
18006,15,2,860,0.15
18006,39,2,2235,0.2
18006,38,1,3806,0
18007,23,1,2336,0.05
18008,38,1,3806,0
18008,19,1,2193,0
18008,16,1,1002,0.15
18009,42,2,3125,0
18009,37,1,667,0.05
18010,47,1,1558,0
18011,12,1,4627,0.05
18012,57,1,729,0.1
18012,56,1,630,0
18013,37,3,667,0
18013,41,1,931,0.05
18014,48,1,2972,0.1
18015,23,1,2336,0.05
18015,36,1,1580,0.15
18016,17,1,2656,0
18017,17,1,2656,0
18017,26,2,4752,0
18017,25,1,3410,0.05
18018,57,1,729,0.1
18018,3,1,3713,0
18019,25,1,3410,0.1
18019,38,2,3806,0.05
18019,56,2,630,0
18019,9,3,4658,0
18020,59,1,2290,0.1
18021,59,1,2290,0.05
18021,15,1,860,0.1
18022,36,1,1580,0.2
18022,50,1,2033,0
18022,5,1,1760,0.2
18023,59,1,2290,0.1
18024,16,2,1002,0.1
18025,2,2,3850,0.15
18025,32,1,126,0.05
18025,57,1,729,0.05
18026,40,2,3255,0
18026,4,1,2293,0.15
18026,42,1,3125,0
18027,20,1,3438,0
18028,49,3,1048,0.05
18028,15,2,860,0.15
18028,6,1,529,0
18029,35,2,1942,0
18030,27,3,1579,0
18031,39,1,2235,0.05
18031,1,1,150,0.15
18031,42,2,3125,0.05
18032,34,1,2437,0.1
18033,43,1,4289,0.05
18033,21,1,2746,0.1
18034,19,1,2193,0.05
18035,31,2,3203,0.1
18035,6,2,529,0.15
18036,39,1,2235,0
18036,42,1,3125,0
18037,29,1,2320,0
18038,5,1,1760,0.05
18039,15,1,860,0.1
18040,28,1,567,0.15
18040,48,1,2972,0
18040,39,1,2235,0.05
18041,2,1,3850,0
18041,51,2,2916,0
18042,5,1,1760,0.15
18042,49,2,1048,0.05
18043,39,2,2235,0
18043,31,1,3203,0
18044,1,1,150,0.1
18044,4,1,2293,0
18044,41,1,931,0
18045,40,1,3255,0
18046,20,3,3438,0.1
18046,15,2,860,0
18046,50,1,2033,0
18047,14,1,4075,0
18048,14,1,4075,0
18048,42,1,3125,0.1
18049,40,1,3255,0.05
18049,49,1,1048,0
18050,59,3,2290,0
18050,33,3,4175,0.05
18050,20,1,3438,0.15
18051,33,1,4175,0
18051,14,1,4075,0.2
18052,36,1,1580,0
18053,28,1,567,0.15
18054,15,1,860,0
18054,60,1,552,0
18055,30,2,4729,0
18055,29,1,2320,0.15
18055,55,1,4572,0.15
18056,28,2,567,0.05
18057,22,3,1574,0.1
18057,60,1,552,0
18058,16,1,1002,0
18059,13,1,3877,0.1
18059,54,1,3026,0
18059,37,1,667,0.1
18060,28,2,567,0.1
18060,1,1,150,0.1
18060,46,1,3785,0
18060,4,1,2293,0.1
18061,36,1,1580,0.15
18061,17,1,2656,0
18061,45,1,4975,0.05
18062,5,1,1760,0.15
18062,23,1,2336,0
18062,32,1,126,0.05
18063,33,1,4175,0.05
18064,42,1,3125,0.1
18064,2,1,3850,0.05
18064,6,1,529,0.15
18064,49,1,1048,0.1
18065,5,1,1760,0.1
18066,29,1,2320,0
18066,12,1,4627,0.15
18067,46,2,3785,0.05
18068,44,1,724,0.15
18068,33,1,4175,0
18068,2,1,3850,0
18069,41,1,931,0
18070,35,3,1942,0.1
18071,17,1,2656,0.2
18071,50,1,2033,0.1
18072,41,1,931,0
18072,18,1,778,0.1
18072,32,1,126,0.1
18073,40,1,3255,0
18074,31,1,3203,0.05
18074,3,1,3713,0.15
18075,25,1,3410,0
18076,42,2,3125,0
18076,53,1,1286,0
18077,32,1,126,0
18077,32,2,126,0.1
18078,59,1,2290,0
18078,24,1,2262,0.05
18079,49,1,1048,0.1
18080,10,1,3487,0.1
18080,60,1,552,0.05
18081,24,2,2262,0.1
18082,19,3,2193,0.05
18083,39,1,2235,0.05
18084,23,1,2336,0
18084,16,1,1002,0.2
18084,4,1,2293,0.1
18085,3,1,3713,0.05
18086,60,1,552,0.15
18086,10,1,3487,0.15
18087,13,1,3877,0.05
18088,51,1,2916,0
18088,56,1,630,0.1
18089,38,1,3806,0.1
18090,14,1,4075,0.05
18090,45,1,4975,0.05
18090,21,1,2746,0
18091,52,1,1957,0.1
18092,14,1,4075,0.05
18092,48,1,2972,0
18093,53,1,1286,0.1
18093,8,2,1791,0.05
18094,16,1,1002,0
18094,10,1,3487,0.15
18094,27,1,1579,0
18095,58,1,1326,0
18095,43,1,4289,0.2
18096,6,1,529,0
18096,41,1,931,0.2
18097,33,1,4175,0
18098,52,1,1957,0
18098,1,1,150,0.1
18099,6,1,529,0.05
18100,5,1,1760,0.05
18101,3,1,3713,0
18101,52,1,1957,0
18102,18,1,778,0.05
18102,24,2,2262,0
18103,36,2,1580,0.05
18103,14,1,4075,0
18104,10,1,3487,0
18104,36,1,1580,0.1
18105,50,3,2033,0
18105,37,1,667,0.1
18105,11,1,1744,0
18106,10,1,3487,0
18106,12,3,4627,0
18107,58,1,1326,0
18107,32,2,126,0
18108,55,1,4572,0.1
18108,28,1,567,0
18108,7,1,1985,0
18109,32,2,126,0.05
18109,56,1,630,0
18110,52,1,1957,0
18110,49,1,1048,0.2
18111,11,1,1744,0
18111,37,1,667,0.1
18112,38,1,3806,0.05
18112,55,2,4572,0.05
18112,45,1,4975,0.1
18113,51,1,2916,0.2
18113,10,1,3487,0.05
18114,26,1,4752,0
18114,54,1,3026,0
18115,23,1,2336,0.05
18115,35,1,1942,0.2
18116,50,1,2033,0.05
18117,47,1,1558,0.1
18117,22,1,1574,0
18117,46,1,3785,0.05
18118,23,2,2336,0
18119,7,1,1985,0
18119,58,1,1326,0
18120,23,1,2336,0
18120,49,1,1048,0
18121,45,1,4975,0.05
18121,49,1,1048,0
18122,3,1,3713,0
18123,57,1,729,0.05
18124,9,1,4658,0.1
18124,35,1,1942,0.1
18125,41,1,931,0
18126,1,1,150,0.1
18126,42,1,3125,0.05
18126,9,1,4658,0.05
18127,36,1,1580,0
18127,33,1,4175,0
18128,7,3,1985,0.1
18129,5,2,1760,0.15
18130,25,1,3410,0.1
18131,27,1,1579,0.15
18131,33,1,4175,0.15
18132,25,1,3410,0.1
18132,38,1,3806,0
18133,44,1,724,0.05
18133,56,1,630,0.15
18134,36,3,1580,0
18134,48,1,2972,0
18135,16,1,1002,0.1
18135,34,2,2437,0.05
18136,58,2,1326,0
18136,28,2,567,0
18137,4,1,2293,0
18137,23,2,2336,0
18138,36,1,1580,0.1
18138,22,1,1574,0
18139,14,1,4075,0
18139,47,1,1558,0.05
18139,31,1,3203,0.05
18140,27,1,1579,0
18141,20,1,3438,0.1
18141,42,1,3125,0.05
18141,55,1,4572,0
18141,7,1,1985,0
18142,1,1,150,0.05
18142,15,1,860,0.05
18143,19,1,2193,0.1
18143,11,1,1744,0
18144,50,1,2033,0
18144,60,1,552,0
18144,38,1,3806,0
18145,48,2,2972,0
18146,41,1,931,0.1
18146,1,1,150,0.1
18146,24,2,2262,0
18147,2,1,3850,0
18147,20,2,3438,0
18148,1,2,150,0
18149,14,1,4075,0
18150,9,1,4658,0
18151,23,1,2336,0.1
18152,7,1,1985,0
18152,19,1,2193,0.1
18152,7,1,1985,0.05
18153,32,1,126,0
18154,33,2,4175,0
18155,37,1,667,0.05
18155,4,1,2293,0.05
18156,17,1,2656,0
18157,44,1,724,0.1
18157,50,1,2033,0
18157,24,2,2262,0.05
18158,35,1,1942,0.15
18159,12,1,4627,0.15
18159,54,1,3026,0.1
18160,9,2,4658,0.1
18161,38,1,3806,0.2
18162,9,1,4658,0
18163,17,1,2656,0.15
18164,16,1,1002,0
18164,48,1,2972,0.1
18164,32,1,126,0.05
18165,54,1,3026,0
18166,37,1,667,0.1
18166,40,1,3255,0.05
18167,51,1,2916,0.1
18167,25,2,3410,0
18167,34,1,2437,0.15
18167,35,1,1942,0
18168,17,1,2656,0.1
18168,56,2,630,0.1
18169,41,1,931,0.1
18170,60,1,552,0.05
18171,55,1,4572,0.15
18172,49,1,1048,0.05
18172,35,1,1942,0.15
18173,49,1,1048,0
18174,10,1,3487,0.15
18175,56,1,630,0.2
18175,59,1,2290,0.1
18176,39,1,2235,0.05
18176,38,1,3806,0.15
18176,6,1,529,0
18176,48,1,2972,0.1
18177,60,1,552,0
18177,37,1,667,0
18178,49,1,1048,0.1
18178,16,1,1002,0.05
18179,29,1,2320,0.1
18179,58,2,1326,0
18180,6,1,529,0.1
18180,46,1,3785,0.1
18181,5,1,1760,0.05
18182,53,1,1286,0
18183,43,1,4289,0.15
18184,17,1,2656,0
18184,45,1,4975,0.15
18185,22,1,1574,0
18186,33,2,4175,0.05
18187,24,1,2262,0.1
18187,18,1,778,0.1
18187,36,1,1580,0.1
18187,58,1,1326,0.05
18188,35,1,1942,0.15
18188,10,1,3487,0
18188,17,1,2656,0
18189,21,2,2746,0
18190,48,1,2972,0.05
18191,15,3,860,0
18192,50,1,2033,0.2
18193,14,1,4075,0
18193,10,1,3487,0
18194,6,1,529,0
18194,46,1,3785,0.1
18194,48,1,2972,0.1
18194,22,2,1574,0.05
18195,44,1,724,0
18195,22,2,1574,0.1
18196,23,2,2336,0
18196,16,1,1002,0.2
18197,3,1,3713,0.05
18198,25,1,3410,0.15
18198,3,1,3713,0.1
18198,30,1,4729,0.1
18199,6,1,529,0.05
18199,57,1,729,0
18199,8,1,1791,0.15
18200,2,1,3850,0
18200,52,1,1957,0.2
18200,48,1,2972,0.05
18201,42,2,3125,0.1
18202,53,2,1286,0.1
18202,33,1,4175,0
18203,19,1,2193,0
18203,57,1,729,0
18204,34,1,2437,0.1
18204,41,1,931,0
18205,51,1,2916,0.15
18205,8,2,1791,0.05
18206,7,1,1985,0.1
18206,15,2,860,0
18206,43,1,4289,0.2
18207,25,1,3410,0.15
18207,39,1,2235,0
18208,30,1,4729,0.1
18209,29,3,2320,0
18209,15,1,860,0
18210,60,1,552,0.05
18211,54,1,3026,0
18212,20,1,3438,0.1
18212,41,1,931,0.2
18212,35,1,1942,0.05
18213,46,1,3785,0
18214,38,1,3806,0.05
18214,9,1,4658,0.2
18215,9,1,4658,0.2
18215,36,1,1580,0
18216,20,1,3438,0
18216,14,1,4075,0
18216,54,1,3026,0
18216,41,1,931,0.1
18217,47,2,1558,0.05
18218,41,1,931,0.15
18219,3,1,3713,0.1
18220,55,1,4572,0.05
18220,17,1,2656,0
18221,10,1,3487,0.15
18221,23,1,2336,0.15
18221,35,1,1942,0.1
18221,10,1,3487,0
18222,23,1,2336,0.05
18223,11,1,1744,0
18223,24,1,2262,0
18224,21,2,2746,0.1
18225,30,1,4729,0.1
18226,17,1,2656,0.1
18227,31,1,3203,0.1
18228,26,1,4752,0.05
18228,33,2,4175,0.05
18228,37,1,667,0
18229,36,1,1580,0.05
18229,25,1,3410,0.1
18230,34,1,2437,0
18231,5,1,1760,0.1
18232,58,1,1326,0
18232,18,1,778,0
18232,34,1,2437,0
18233,55,1,4572,0.2
18234,11,1,1744,0.05
18234,33,1,4175,0.1
18234,6,1,529,0
18235,15,1,860,0.15
18236,27,1,1579,0.05
18237,11,1,1744,0.1
18237,9,1,4658,0.05
18237,9,2,4658,0
18238,10,1,3487,0.15
18239,40,1,3255,0.2
18239,11,1,1744,0
18239,8,2,1791,0.15
18240,4,1,2293,0
18241,17,1,2656,0.1
18242,47,2,1558,0.1
18243,33,1,4175,0.05
18244,45,1,4975,0.15
18245,32,1,126,0
18245,24,1,2262,0.15
18246,21,1,2746,0.1
18247,1,1,150,0.05
18248,46,1,3785,0.05
18248,10,1,3487,0
18248,8,1,1791,0.15
18248,9,1,4658,0.15
18249,7,1,1985,0.05
18250,39,1,2235,0.1
18250,51,1,2916,0.05
18251,4,1,2293,0.2
18251,42,1,3125,0
18251,4,1,2293,0
18252,25,1,3410,0.05
18253,51,1,2916,0.1
18253,37,2,667,0.15
18253,26,1,4752,0.1
18254,59,1,2290,0
18255,26,1,4752,0.05
18255,32,1,126,0.05
18256,47,1,1558,0.2
18256,45,2,4975,0.1
18257,26,1,4752,0
18257,30,1,4729,0.1
18258,31,1,3203,0.15
18259,44,1,724,0
18259,13,1,3877,0
18260,26,1,4752,0.1
18261,38,1,3806,0.05
18261,6,2,529,0.1
18262,33,1,4175,0
18263,45,2,4975,0.2
18264,54,2,3026,0
18264,5,1,1760,0.1
18265,20,1,3438,0
18266,60,1,552,0
18266,53,1,1286,0.05
18267,35,2,1942,0.2
18267,22,1,1574,0
18268,16,1,1002,0
18268,31,1,3203,0
18268,57,1,729,0.15
18269,39,1,2235,0
18270,39,1,2235,0.05
18271,20,1,3438,0
18272,22,1,1574,0
18272,51,1,2916,0.2
18272,53,1,1286,0
18273,42,2,3125,0.05
18274,42,1,3125,0.1
18274,54,1,3026,0.15
18275,59,1,2290,0.2
18275,49,1,1048,0.1
18276,41,1,931,0.05
18276,18,2,778,0.15
18277,41,1,931,0
18277,21,1,2746,0.05
18278,56,1,630,0
18278,51,1,2916,0.05
18278,56,1,630,0.1
18279,57,1,729,0.05
18280,28,1,567,0
18280,36,1,1580,0.1
18281,28,1,567,0.2
18281,18,1,778,0.05
18281,11,2,1744,0.1
18281,28,2,567,0
18282,6,1,529,0.05
18283,44,1,724,0.1
18283,46,1,3785,0.05
18284,46,1,3785,0.05
18284,25,1,3410,0
18285,18,1,778,0.1
18285,60,1,552,0
18286,8,1,1791,0.05
18286,13,1,3877,0.2
18286,3,1,3713,0
18287,8,1,1791,0.05
18288,56,1,630,0.05
18288,29,2,2320,0.05
18289,14,1,4075,0
18289,48,1,2972,0.1
18290,44,1,724,0.05
18291,26,1,4752,0.05
18291,58,1,1326,0.1
18291,60,1,552,0
18292,13,2,3877,0.15
18292,43,1,4289,0
18293,44,1,724,0.15
18293,4,1,2293,0.15
18294,6,1,529,0.05
18294,6,1,529,0.1
18294,54,2,3026,0.05
18295,27,3,1579,0.05
18295,57,1,729,0
18296,38,1,3806,0.05
18296,30,1,4729,0.15
18297,5,2,1760,0.1
18297,52,1,1957,0
18297,58,2,1326,0.05
18298,21,1,2746,0
18299,33,1,4175,0.05
18299,16,1,1002,0
18299,7,1,1985,0.1
18300,2,1,3850,0.15
18300,32,1,126,0.15
18300,46,1,3785,0.1
18301,13,1,3877,0.05
18302,16,1,1002,0.05
18302,21,3,2746,0.1
18303,37,1,667,0
18303,21,1,2746,0
18304,37,2,667,0.05
18304,51,1,2916,0
18304,13,1,3877,0.2
18305,6,2,529,0.1
18306,24,2,2262,0
18307,34,1,2437,0
18308,44,1,724,0.15
18308,15,1,860,0
18309,33,1,4175,0.1
18309,5,1,1760,0.2
18310,57,1,729,0
18310,6,2,529,0
18311,32,3,126,0
18312,33,1,4175,0
18312,39,1,2235,0.1
18312,51,2,2916,0
18312,29,1,2320,0.05
18313,55,1,4572,0.15
18314,27,1,1579,0.05
18315,27,1,1579,0.05
18315,34,1,2437,0
18315,52,1,1957,0.1
18316,22,1,1574,0.05
18317,54,1,3026,0
18317,15,1,860,0.05
18318,29,2,2320,0.15
18318,33,1,4175,0
18319,4,2,2293,0
18320,19,2,2193,0
18320,32,1,126,0.1
18321,59,1,2290,0.05
18321,21,1,2746,0.05
18322,26,1,4752,0
18322,30,1,4729,0.05
18322,36,2,1580,0.05
18323,54,1,3026,0.1
18323,23,2,2336,0.05
18324,58,1,1326,0
18324,34,1,2437,0
18325,30,1,4729,0.1
18326,11,1,1744,0.05
18326,16,1,1002,0
18327,59,1,2290,0
18327,55,1,4572,0.1
18328,16,2,1002,0.1
18328,50,1,2033,0.1
18329,52,1,1957,0.1
18329,45,1,4975,0.1
18330,14,1,4075,0.1
18331,52,2,1957,0.05
18332,58,2,1326,0.1
18332,46,1,3785,0.1
18333,19,1,2193,0
18333,46,1,3785,0
18333,48,2,2972,0
18334,58,1,1326,0.15
18334,47,1,1558,0
18335,54,1,3026,0.05
18335,32,1,126,0
18336,56,1,630,0.05
18337,44,1,724,0
18338,12,1,4627,0
18339,45,1,4975,0.15
18339,28,2,567,0
18339,38,1,3806,0.15
18340,43,1,4289,0
18341,35,1,1942,0
18341,31,1,3203,0.1
18341,59,1,2290,0.1
18342,28,1,567,0
18342,19,1,2193,0.05
18342,20,2,3438,0.1
18343,10,2,3487,0.2
18343,5,1,1760,0
18344,34,2,2437,0
18344,31,2,3203,0.05
18345,46,1,3785,0
18345,22,1,1574,0.1
18345,39,1,2235,0
18346,51,2,2916,0.2
18347,59,1,2290,0.05
18348,48,1,2972,0
18348,10,2,3487,0.15
18349,52,1,1957,0.15
18350,23,1,2336,0
18350,12,1,4627,0.1
18350,42,1,3125,0.2
18350,4,2,2293,0.1
18351,8,1,1791,0.05
18351,7,1,1985,0.15
18351,17,2,2656,0
18352,29,1,2320,0
18353,11,2,1744,0.1
18353,32,1,126,0.05
18354,12,1,4627,0.1
18355,42,2,3125,0
18355,6,1,529,0
18356,28,1,567,0.15
18357,14,1,4075,0.05
18358,6,1,529,0
18359,36,1,1580,0.1
18359,2,1,3850,0.05
18360,39,1,2235,0.05
18360,25,1,3410,0
18360,39,1,2235,0
18360,49,2,1048,0
18361,55,1,4572,0.1
18361,13,1,3877,0
18362,30,1,4729,0
18363,8,2,1791,0
18363,18,1,778,0.15
18363,26,1,4752,0.1
18364,43,1,4289,0
18365,52,1,1957,0
18366,24,1,2262,0.05
18367,15,1,860,0
18367,25,1,3410,0.05
18367,18,2,778,0.1
18368,44,1,724,0
18369,1,1,150,0
18370,46,1,3785,0.15
18370,55,1,4572,0
18371,33,3,4175,0
18371,18,1,778,0.2
18371,18,1,778,0
18372,25,1,3410,0
18372,56,1,630,0
18372,10,1,3487,0.05
18372,45,1,4975,0.1
18373,30,1,4729,0.05
18373,17,1,2656,0
18374,42,1,3125,0.1
18374,18,1,778,0.1
18374,18,1,778,0.1
18375,11,1,1744,0
18375,16,1,1002,0.05
18376,27,1,1579,0.1
18376,21,1,2746,0.15
18377,45,1,4975,0.1
18377,34,1,2437,0
18378,11,1,1744,0.05
18378,15,1,860,0.05
18379,4,1,2293,0.1
18380,25,1,3410,0.1
18380,30,1,4729,0.15
18380,26,1,4752,0.1
18381,34,2,2437,0.05
18382,31,1,3203,0.05
18383,54,1,3026,0.15
18383,48,1,2972,0
18384,49,2,1048,0
18384,21,1,2746,0.2
18384,60,1,552,0.05
18385,52,1,1957,0
18385,45,2,4975,0.15
18386,14,1,4075,0
18386,51,1,2916,0.15
18386,29,1,2320,0.05
18387,1,1,150,0
18388,42,1,3125,0.05
18389,15,1,860,0.1
18389,47,2,1558,0.05
18389,25,1,3410,0.05
18390,6,1,529,0.1
18390,23,2,2336,0.2
18390,15,3,860,0
18391,50,1,2033,0.1
18392,27,1,1579,0.15
18393,8,1,1791,0.15
18394,18,1,778,0.05
18395,54,1,3026,0.05
18395,2,1,3850,0.1
18395,50,1,2033,0
18396,48,1,2972,0
18396,47,1,1558,0
18397,45,1,4975,0.05
18397,35,1,1942,0
18398,46,1,3785,0.05
18398,50,1,2033,0.1
18399,5,2,1760,0.05
18400,8,1,1791,0.1
18401,57,1,729,0.1
18402,8,1,1791,0.05
18402,60,1,552,0.05
18402,17,1,2656,0.15
18402,20,1,3438,0
18403,1,2,150,0
18403,14,1,4075,0.15
18404,52,1,1957,0.1
18404,6,1,529,0.2
18405,35,2,1942,0.05
18405,27,1,1579,0.05
18406,1,1,150,0.05
18407,52,1,1957,0.05
18407,11,1,1744,0
18407,51,1,2916,0.2
18408,8,1,1791,0.05
18409,40,1,3255,0
18409,55,1,4572,0
18410,44,2,724,0.1
18410,40,1,3255,0
18410,3,1,3713,0.05
18411,2,1,3850,0
18411,39,1,2235,0.05
18412,25,1,3410,0.15
18412,13,2,3877,0.05
18413,36,1,1580,0.1
18414,1,2,150,0.1
18415,47,2,1558,0.1
18416,37,1,667,0
18416,24,1,2262,0.1
18417,28,1,567,0
18417,52,1,1957,0.05
18417,3,1,3713,0.15
18418,18,1,778,0
18419,35,2,1942,0.05
18419,31,1,3203,0
18420,31,1,3203,0
18421,44,1,724,0
18421,38,1,3806,0.05
18421,29,1,2320,0
18422,21,2,2746,0
18422,4,2,2293,0.05
18423,51,3,2916,0.1
18423,12,1,4627,0.1
18423,3,1,3713,0.05
18424,37,1,667,0
18425,30,1,4729,0
18425,35,1,1942,0
18425,59,2,2290,0
18426,30,1,4729,0.1
18426,35,2,1942,0
18426,25,1,3410,0
18427,42,1,3125,0.1
18427,60,2,552,0.05
18428,4,3,2293,0.05
18428,34,1,2437,0
18429,28,1,567,0.1
18429,39,1,2235,0.05
18429,21,1,2746,0
18429,28,1,567,0
18430,36,1,1580,0.05
18430,33,1,4175,0
18430,6,1,529,0
18431,28,1,567,0.05
18431,34,1,2437,0
18432,6,2,529,0.05
18432,39,1,2235,0.2
18433,5,1,1760,0.1
18434,12,1,4627,0
18434,46,1,3785,0
18434,49,1,1048,0.1
18435,13,1,3877,0.1
18436,2,1,3850,0
18436,12,1,4627,0.05
18437,47,1,1558,0.05
18437,1,1,150,0
18438,18,1,778,0
18439,7,1,1985,0
18439,13,1,3877,0
18439,8,2,1791,0.1
18439,23,2,2336,0.05
18440,43,1,4289,0.1
18440,3,2,3713,0.1
18440,3,1,3713,0.05
18440,22,1,1574,0.1
18441,5,1,1760,0.05
18441,30,1,4729,0
18442,9,2,4658,0.1
18442,6,2,529,0
18442,29,1,2320,0.1
18443,17,1,2656,0
18443,50,1,2033,0.05
18444,33,1,4175,0.2
18445,18,2,778,0.1
18445,48,1,2972,0
18446,51,2,2916,0
18447,8,3,1791,0.15
18448,15,1,860,0.2
18448,56,1,630,0
18449,12,2,4627,0.05
18450,12,1,4627,0.05
18450,8,1,1791,0.2
18451,5,3,1760,0.15
18452,13,1,3877,0
18452,51,1,2916,0.15
18453,15,1,860,0
18453,3,1,3713,0.1
18454,52,1,1957,0.2
18454,33,1,4175,0.1
18455,24,1,2262,0.05
18455,41,1,931,0.05
18456,32,1,126,0.05
18457,38,1,3806,0.15
18458,16,1,1002,0
18458,1,1,150,0
18458,56,1,630,0.15
18459,4,3,2293,0.1
18460,56,1,630,0.1
18460,44,1,724,0.1
18461,13,2,3877,0
18461,16,1,1002,0
18462,39,1,2235,0.05
18463,40,2,3255,0.05
18463,19,1,2193,0
18464,18,1,778,0.05
18464,22,1,1574,0.15
18464,57,2,729,0.1
18465,46,1,3785,0.1
18466,46,1,3785,0
18467,33,1,4175,0.05
18468,28,2,567,0.05
18468,19,1,2193,0.05
18469,3,1,3713,0
18469,35,1,1942,0
18469,49,1,1048,0.05
18470,26,1,4752,0.1
18471,10,1,3487,0.2
18471,11,1,1744,0.05
18472,57,1,729,0
18473,4,1,2293,0.1
18473,54,2,3026,0.15
18474,33,1,4175,0
18475,39,1,2235,0.05
18475,6,2,529,0.05
18476,36,1,1580,0
18476,34,1,2437,0.05
18477,41,1,931,0
18477,4,1,2293,0.1
18478,2,1,3850,0
18479,57,1,729,0
18479,23,2,2336,0
18479,55,1,4572,0.15
18479,56,2,630,0
18480,40,1,3255,0.1
18480,14,1,4075,0.1
18480,50,2,2033,0
18481,53,1,1286,0.1
18481,41,1,931,0.1
18481,40,2,3255,0
18482,1,1,150,0.05
18483,25,1,3410,0.1
18483,42,2,3125,0.05
18484,40,3,3255,0
18484,10,1,3487,0.1
18485,17,1,2656,0.15
18485,8,1,1791,0.05
18486,43,2,4289,0.15
18486,35,2,1942,0.2
18486,6,3,529,0
18487,2,2,3850,0.1
18487,6,1,529,0
18488,31,1,3203,0.05
18488,42,1,3125,0
18489,19,1,2193,0.05
18490,5,1,1760,0
18491,20,3,3438,0.1
18492,41,1,931,0
18492,29,1,2320,0
18493,43,2,4289,0.1
18493,47,1,1558,0
18494,60,1,552,0
18494,52,1,1957,0
18494,35,1,1942,0.05
18495,42,1,3125,0.15
18496,24,1,2262,0
18496,16,3,1002,0
18496,51,1,2916,0.15
18497,21,1,2746,0.05
18498,56,1,630,0.1
18499,38,1,3806,0.05
18499,5,2,1760,0
18500,50,2,2033,0.1
18501,60,1,552,0.05
18502,47,1,1558,0
18502,3,1,3713,0.05
18502,20,1,3438,0.05
18503,14,1,4075,0.2
18503,45,1,4975,0.05
18503,26,1,4752,0.05
18504,30,1,4729,0
18504,9,2,4658,0.15
18505,38,1,3806,0
18505,43,1,4289,0.05
18505,13,1,3877,0
18506,49,3,1048,0.1
18506,4,1,2293,0.1
18507,30,1,4729,0
18507,4,1,2293,0
18508,50,1,2033,0
18509,37,1,667,0
18510,55,1,4572,0
18510,21,1,2746,0.1
18510,13,1,3877,0.05
18511,48,1,2972,0.15
18511,13,2,3877,0.2
18511,25,1,3410,0.1
18512,19,2,2193,0.05
18512,7,1,1985,0.1
18512,59,1,2290,0.05
18512,56,1,630,0
18513,44,1,724,0.1
18514,48,1,2972,0
18515,5,1,1760,0
18515,32,1,126,0
18515,47,3,1558,0
18516,55,1,4572,0.1
18516,45,1,4975,0
18517,55,2,4572,0.1
18517,7,3,1985,0.1
18518,47,1,1558,0.05
18518,13,2,3877,0
18519,15,1,860,0.2
18519,11,1,1744,0
18520,18,1,778,0.1
18521,12,1,4627,0.2
18521,57,1,729,0.2
18521,31,1,3203,0.05
18522,47,2,1558,0.05
18523,20,1,3438,0
18523,14,1,4075,0
18523,18,1,778,0.05
18524,38,2,3806,0
18525,46,1,3785,0.2
18525,12,1,4627,0.2
18526,6,2,529,0
18527,13,1,3877,0.2
18528,17,1,2656,0.05
18528,29,1,2320,0.05
18528,19,1,2193,0.2
18529,10,2,3487,0
18530,43,2,4289,0
18530,17,1,2656,0
18531,35,1,1942,0
18531,57,1,729,0.1
18532,41,2,931,0.1
18532,36,2,1580,0
18532,19,1,2193,0
18532,44,1,724,0.15
18533,2,1,3850,0.1
18534,60,1,552,0.05
18535,30,1,4729,0
18535,56,1,630,0.05
18536,34,1,2437,0.05
18537,30,1,4729,0.1
18537,8,1,1791,0.05
18538,4,1,2293,0
18538,33,1,4175,0
18539,31,1,3203,0.15
18540,2,1,3850,0.2
18540,42,1,3125,0.1
18541,45,1,4975,0.15
18542,8,1,1791,0.05
18543,33,1,4175,0
18543,7,3,1985,0
18543,48,1,2972,0.15
18543,50,1,2033,0.15
18544,16,1,1002,0.1
18544,20,1,3438,0.05
18545,30,2,4729,0.1
18546,54,2,3026,0
18547,4,1,2293,0
18547,47,2,1558,0.05
18547,50,2,2033,0.05
18548,13,1,3877,0.05
18549,20,1,3438,0
18550,59,1,2290,0
18550,49,1,1048,0.1
18550,34,1,2437,0.1
18551,26,1,4752,0.1
18552,49,1,1048,0
18552,59,1,2290,0.05
18552,48,1,2972,0.1
18553,9,1,4658,0.1
18554,15,1,860,0.05
18554,31,1,3203,0
18554,49,1,1048,0
18554,44,1,724,0.05
18555,54,1,3026,0
18556,8,1,1791,0.15
18557,19,1,2193,0.1
18558,6,1,529,0.1
18558,35,1,1942,0.05
18559,55,1,4572,0.1
18560,18,1,778,0
18561,29,2,2320,0.1
18562,49,1,1048,0
18562,19,2,2193,0
18563,60,1,552,0
18564,48,1,2972,0.05
18564,40,1,3255,0
18565,1,1,150,0.1
18565,45,1,4975,0.1
18566,15,1,860,0.05
18567,41,1,931,0
18567,23,1,2336,0.1
18567,2,1,3850,0
18568,20,1,3438,0.15
18568,27,3,1579,0
18568,33,1,4175,0.2
18569,59,1,2290,0.15
18569,44,1,724,0
18570,16,2,1002,0.15
18570,31,1,3203,0
18571,42,1,3125,0
18572,19,1,2193,0.1
18572,25,1,3410,0
18572,2,1,3850,0.05
18572,19,1,2193,0.15
18573,27,1,1579,0.1
18573,47,1,1558,0.05
18574,51,1,2916,0
18574,17,1,2656,0.1
18574,43,1,4289,0.05
18575,38,1,3806,0
18576,24,1,2262,0.15
18576,44,1,724,0.2
18577,22,1,1574,0.2
18578,14,1,4075,0.1
18579,30,1,4729,0.05
18579,60,3,552,0.05
18580,34,3,2437,0.15
18581,33,1,4175,0.1
18581,1,2,150,0.1
18582,56,2,630,0.05
18582,3,1,3713,0.1
18582,36,1,1580,0
18583,46,1,3785,0.05
18584,14,1,4075,0
18585,31,1,3203,0.1
18585,5,1,1760,0.1
18586,55,1,4572,0.05
18587,2,1,3850,0.15
18587,18,1,778,0
18588,55,1,4572,0
18588,21,1,2746,0
18589,5,2,1760,0.15
18590,16,1,1002,0.1
18591,26,1,4752,0
18592,57,2,729,0
18592,37,1,667,0.05
18592,2,1,3850,0.05
18593,36,1,1580,0.15
18594,8,3,1791,0
18595,9,1,4658,0
18596,1,1,150,0.2
18597,58,1,1326,0.05
18597,8,2,1791,0
18598,26,2,4752,0.1
18599,24,1,2262,0.05
18599,12,1,4627,0.1
18600,35,2,1942,0.05
18600,40,1,3255,0.1
18601,14,1,4075,0.1
18601,13,1,3877,0.05
18602,3,2,3713,0
18602,52,1,1957,0.15
18602,21,1,2746,0.15
18603,1,1,150,0.1
18604,1,2,150,0.05
18604,4,2,2293,0.15
18605,60,1,552,0.05
18606,23,2,2336,0
18606,28,1,567,0.15
18607,18,1,778,0
18607,7,1,1985,0.05
18608,48,1,2972,0.05
18608,3,1,3713,0
18609,31,1,3203,0
18610,27,1,1579,0
18611,54,1,3026,0.1
18611,11,1,1744,0.15
18612,26,2,4752,0.05
18612,52,1,1957,0
18613,15,2,860,0
18613,4,1,2293,0.2
18614,42,2,3125,0.15
18614,47,2,1558,0.1
18615,57,1,729,0
18615,15,1,860,0.05
18615,54,1,3026,0.05
18616,60,1,552,0.15
18616,2,1,3850,0.05
18616,13,2,3877,0.15
18617,52,1,1957,0
18618,59,1,2290,0
18618,58,1,1326,0.05
18618,47,1,1558,0.1
18619,22,1,1574,0.1
18620,25,1,3410,0.2
18620,6,2,529,0.1
18620,27,1,1579,0
18620,14,1,4075,0.05
18621,14,1,4075,0.05
18622,43,1,4289,0.1
18623,53,1,1286,0
18623,29,1,2320,0.05
18623,37,1,667,0.05
18624,19,1,2193,0
18625,47,1,1558,0.05
18625,41,1,931,0
18626,35,1,1942,0.1
18627,36,1,1580,0
18628,4,2,2293,0.05
18628,6,1,529,0
18628,21,2,2746,0
18628,53,1,1286,0.1
18629,53,1,1286,0.2
18630,44,1,724,0
18630,15,1,860,0
18630,39,1,2235,0.05
18631,7,1,1985,0.1
18632,44,1,724,0
18633,57,1,729,0.05
18634,6,1,529,0
18634,23,2,2336,0
18635,53,1,1286,0.05
18636,18,2,778,0
18636,43,2,4289,0.1
18637,25,1,3410,0
18638,50,1,2033,0
18638,40,1,3255,0.2
18639,51,2,2916,0
18639,58,1,1326,0
18639,31,1,3203,0.1
18639,28,1,567,0.05
18640,39,1,2235,0.15
18641,56,1,630,0.15
18641,60,1,552,0.05
18642,7,1,1985,0.15
18643,34,1,2437,0.05
18643,52,1,1957,0.05
18643,23,1,2336,0.05
18644,28,1,567,0.15
18645,22,1,1574,0.1
18645,1,1,150,0
18645,34,1,2437,0.15
18646,10,1,3487,0.2
18647,53,1,1286,0.05
18648,3,1,3713,0.05
18648,57,1,729,0.05
18649,21,1,2746,0
18649,52,1,1957,0
18649,1,1,150,0.05
18650,55,1,4572,0
18651,40,1,3255,0.1
18651,33,1,4175,0.05
18652,20,1,3438,0
18652,29,2,2320,0.1
18653,29,2,2320,0
18653,50,1,2033,0.1
18654,58,1,1326,0
18654,33,3,4175,0
18655,41,1,931,0
18655,6,1,529,0.05
18655,27,1,1579,0.1
18656,28,1,567,0.15
18656,52,1,1957,0.05
18657,59,1,2290,0
18658,8,1,1791,0.05
18658,34,1,2437,0
18658,8,3,1791,0.05
18659,18,2,778,0.1
18659,49,1,1048,0.1
18660,21,1,2746,0.1
18661,20,1,3438,0
18661,24,1,2262,0
18662,10,1,3487,0.15
18662,25,1,3410,0.15
18663,29,1,2320,0.2
18664,56,1,630,0.1
18665,3,1,3713,0.15
18665,40,1,3255,0.15
18666,60,1,552,0
18667,25,1,3410,0.15
18667,19,1,2193,0.2
18668,55,1,4572,0.1
18669,9,1,4658,0.05
18669,41,1,931,0
18670,7,2,1985,0
18670,18,2,778,0.05
18671,30,1,4729,0.1
18671,17,1,2656,0.05
18671,19,1,2193,0
18672,55,1,4572,0.05
18673,52,1,1957,0.05
18674,39,1,2235,0.05
18674,22,1,1574,0.2
18675,9,1,4658,0.05
18676,43,1,4289,0.15
18676,31,1,3203,0
18676,54,1,3026,0
18676,38,1,3806,0
18677,7,2,1985,0
18677,7,1,1985,0.2
18678,57,1,729,0
18678,45,1,4975,0.15
18679,53,1,1286,0.1
18679,26,1,4752,0
18679,6,1,529,0.1
18680,1,2,150,0.15
18681,5,1,1760,0
18681,40,1,3255,0
18682,23,1,2336,0.1
18682,36,1,1580,0.15
18683,43,1,4289,0.1
18683,40,1,3255,0
18684,23,1,2336,0.05
18684,16,2,1002,0
18685,56,1,630,0
18685,29,1,2320,0.15
18686,12,1,4627,0.05
18687,60,1,552,0.2
18687,28,1,567,0
18688,47,2,1558,0
18688,40,1,3255,0
18689,38,1,3806,0
18690,36,2,1580,0.1
18691,57,2,729,0.1
18692,33,1,4175,0.05
18692,53,2,1286,0.05
18693,6,1,529,0
18693,46,1,3785,0.1
18694,53,1,1286,0
18694,2,1,3850,0
18695,8,1,1791,0.1
18696,48,1,2972,0.15
18697,25,2,3410,0.05
18697,42,1,3125,0.05
18698,50,2,2033,0.05
18699,55,2,4572,0.1
18699,10,1,3487,0
18699,33,2,4175,0.15
18700,7,2,1985,0.1
18700,47,2,1558,0
18700,21,1,2746,0
18701,51,1,2916,0.1
18701,11,1,1744,0
18702,36,1,1580,0
18703,31,1,3203,0
18704,52,1,1957,0.05
18705,18,2,778,0.1
18705,40,1,3255,0
18706,48,1,2972,0
18707,58,2,1326,0
18707,33,1,4175,0
18707,25,1,3410,0
18708,29,1,2320,0
18708,34,2,2437,0
18708,1,1,150,0
18708,47,2,1558,0
18709,55,1,4572,0
18709,49,1,1048,0.1
18710,23,1,2336,0.05
18711,12,1,4627,0.05
18712,52,1,1957,0.15
18713,19,1,2193,0.05
18713,8,1,1791,0.05
18714,38,2,3806,0.05
18715,11,1,1744,0.05
18715,42,2,3125,0
18715,55,2,4572,0.2
18716,33,1,4175,0
18716,39,1,2235,0
18716,40,1,3255,0
18716,35,1,1942,0
18717,41,1,931,0.05
18718,43,3,4289,0.15
18719,51,2,2916,0
18719,58,1,1326,0
18719,15,1,860,0.05
18719,23,1,2336,0
18720,17,1,2656,0.05
18721,8,1,1791,0.05
18721,2,1,3850,0.1
18722,59,1,2290,0.15
18722,11,1,1744,0.15
18723,45,1,4975,0.05
18723,49,2,1048,0.15
18724,50,1,2033,0.05
18725,34,1,2437,0.05
18726,50,1,2033,0.15
18727,59,1,2290,0.1
18728,25,1,3410,0.05
18729,14,1,4075,0.1
18730,35,1,1942,0
18730,11,2,1744,0
18730,24,1,2262,0.05
18730,57,1,729,0.05
18731,26,1,4752,0.1
18731,1,1,150,0.05
18731,56,1,630,0
18732,38,1,3806,0
18733,22,1,1574,0
18734,2,3,3850,0.1
18735,3,2,3713,0
18736,46,1,3785,0
18736,30,1,4729,0
18737,49,1,1048,0.1
18738,48,1,2972,0.15
18739,17,1,2656,0
18739,23,1,2336,0
18739,48,1,2972,0.05
18739,14,1,4075,0.15
18740,28,1,567,0
18740,3,2,3713,0.05
18741,6,3,529,0
18741,30,1,4729,0.2
18742,31,1,3203,0
18742,56,1,630,0
18742,31,1,3203,0
18743,45,1,4975,0.05
18743,12,1,4627,0.15
18744,13,1,3877,0
18744,2,1,3850,0.15
18745,12,1,4627,0.1
18746,37,1,667,0
18747,58,2,1326,0.2
18747,32,1,126,0.05
18747,2,2,3850,0.05
18748,33,1,4175,0
18749,50,1,2033,0.05
18749,14,1,4075,0
18749,11,1,1744,0
18750,28,1,567,0.05
18750,57,2,729,0
18750,18,1,778,0.1
18751,48,1,2972,0.1
18752,60,1,552,0
18752,46,1,3785,0
18753,13,1,3877,0.05
18754,2,2,3850,0.05
18754,14,1,4075,0.05
18754,57,1,729,0
18754,25,1,3410,0.05
18755,21,2,2746,0
18755,29,1,2320,0.05
18756,57,1,729,0.1
18757,16,2,1002,0.05
18758,13,1,3877,0
18758,21,1,2746,0.05
18759,33,1,4175,0.15
18759,24,1,2262,0.1
18760,40,1,3255,0.05
18761,7,1,1985,0
18761,30,1,4729,0
18762,18,1,778,0.1
18762,18,1,778,0.2
18763,19,1,2193,0
18763,33,1,4175,0.1
18764,54,2,3026,0
18764,28,1,567,0
18765,52,1,1957,0
18766,31,1,3203,0
18767,4,1,2293,0
18767,27,1,1579,0.1
18768,54,1,3026,0
18769,8,1,1791,0.05
18770,52,1,1957,0.05
18770,18,2,778,0.1
18771,8,1,1791,0
18771,18,1,778,0
18772,28,1,567,0.1
18772,46,1,3785,0
18773,19,2,2193,0
18774,15,1,860,0.1
18774,3,1,3713,0
18775,1,1,150,0
18775,55,1,4572,0
18776,12,1,4627,0
18777,26,1,4752,0
18777,11,1,1744,0
18777,18,3,778,0
18778,28,1,567,0
18778,59,1,2290,0
18778,19,1,2193,0
18779,27,1,1579,0.1
18780,57,2,729,0
18780,45,1,4975,0
18780,12,1,4627,0
18781,37,1,667,0.2
18781,51,2,2916,0.1
18782,53,1,1286,0
18782,51,2,2916,0
18783,14,1,4075,0.05
18784,60,1,552,0.05
18785,33,1,4175,0
18786,55,1,4572,0
18786,26,1,4752,0.15
18787,11,1,1744,0.05
18788,11,1,1744,0.2
18788,23,1,2336,0.05
18788,38,1,3806,0
18789,5,1,1760,0
18790,51,1,2916,0
18790,54,3,3026,0.1
18791,14,1,4075,0.1
18791,41,2,931,0
18792,57,2,729,0
18792,3,1,3713,0.1
18793,28,1,567,0
18794,27,1,1579,0
18795,52,1,1957,0.1
18796,60,1,552,0.15
18797,59,1,2290,0.1
18798,38,1,3806,0.05
18799,10,1,3487,0
18799,8,1,1791,0.1
18799,44,1,724,0.1
18800,6,3,529,0
18800,52,3,1957,0
18801,21,1,2746,0
18801,54,2,3026,0
18801,32,1,126,0.15
18801,59,1,2290,0.1
18802,22,1,1574,0.1
18803,19,2,2193,0
18803,38,1,3806,0
18804,58,2,1326,0
18805,21,1,2746,0
18806,46,1,3785,0
18807,25,2,3410,0.05
18808,49,1,1048,0
18808,42,1,3125,0
18809,53,2,1286,0.05
18809,16,1,1002,0.05
18810,3,1,3713,0.05
18811,38,1,3806,0
18812,5,1,1760,0.15
18812,10,1,3487,0.1
18812,15,1,860,0.15
18813,48,1,2972,0.15
18813,54,2,3026,0.1
18813,13,1,3877,0
18813,33,1,4175,0.05
18814,33,1,4175,0.2
18815,30,1,4729,0
18816,51,1,2916,0.1
18816,33,1,4175,0.15
18816,44,1,724,0
18817,47,1,1558,0.05
18817,30,2,4729,0.05
18817,60,1,552,0
18818,36,1,1580,0
18818,57,1,729,0
18819,47,1,1558,0.05
18820,38,1,3806,0.1
18821,11,1,1744,0
18821,28,1,567,0.1
18821,45,1,4975,0.15
18822,10,2,3487,0
18822,32,1,126,0
18823,59,1,2290,0.05
18823,58,1,1326,0
18824,42,1,3125,0.05
18824,53,1,1286,0
18825,28,1,567,0
18826,41,1,931,0
18827,56,1,630,0
18828,5,1,1760,0.05
18828,6,2,529,0.15
18828,17,1,2656,0.05
18829,16,1,1002,0.05
18829,60,1,552,0.05
18830,28,1,567,0.1
18830,49,1,1048,0.05
18831,21,1,2746,0
18832,6,1,529,0.1
18833,58,1,1326,0.15
18834,24,1,2262,0.1
18834,35,1,1942,0.1
18835,1,1,150,0.05
18836,1,1,150,0.1
18837,46,1,3785,0.1
18837,13,1,3877,0.05
18837,12,1,4627,0.05
18838,10,1,3487,0
18839,9,1,4658,0
18840,26,1,4752,0.1
18841,41,1,931,0.1
18841,46,2,3785,0
18842,41,1,931,0
18843,3,2,3713,0.1
18844,27,1,1579,0.2
18844,5,1,1760,0
18845,56,1,630,0
18845,17,1,2656,0.05
18846,37,1,667,0.1
18847,1,1,150,0.1
18847,52,2,1957,0.1
18848,6,1,529,0.15
18848,46,1,3785,0.1
18849,45,1,4975,0.05
18850,50,1,2033,0.05
18850,26,1,4752,0
18851,51,1,2916,0.05
18852,54,3,3026,0
18853,30,2,4729,0.05
18853,44,2,724,0.05
18854,8,1,1791,0
18854,28,1,567,0.2
18855,29,1,2320,0.05
18855,18,1,778,0.05
18856,45,1,4975,0
18856,37,1,667,0
18857,52,1,1957,0.05
18858,28,3,567,0.1
18858,26,1,4752,0.05
18858,34,1,2437,0.05
18859,58,1,1326,0
18859,43,1,4289,0.05
18860,27,1,1579,0
18861,23,1,2336,0
18862,47,1,1558,0.15
18862,36,1,1580,0
18863,18,1,778,0
18864,5,2,1760,0
18864,50,1,2033,0
18865,24,1,2262,0
18866,47,1,1558,0
18866,31,1,3203,0.1
18867,58,1,1326,0.05
18868,28,1,567,0
18868,38,1,3806,0.05
18868,5,2,1760,0.05
18868,31,1,3203,0.05
18869,22,1,1574,0
18870,26,1,4752,0
18870,1,1,150,0.2
18870,34,1,2437,0
18871,35,2,1942,0
18871,6,1,529,0.05
18871,6,2,529,0
18872,54,1,3026,0
18872,28,1,567,0
18872,10,1,3487,0.1
18873,49,1,1048,0
18874,56,2,630,0
18874,16,1,1002,0.1
18875,22,1,1574,0
18876,52,1,1957,0
18876,2,1,3850,0.05
18877,43,1,4289,0
18877,27,1,1579,0
18877,26,3,4752,0.1
18877,20,2,3438,0.05
18878,53,1,1286,0.05
18878,45,1,4975,0.1
18879,30,1,4729,0.1
18880,60,1,552,0
18880,54,1,3026,0.1
18881,47,2,1558,0
18881,56,1,630,0.1
18882,39,1,2235,0
18882,23,1,2336,0.1
18883,44,1,724,0.1
18883,13,1,3877,0
18883,17,1,2656,0.05
18884,47,2,1558,0.15
18884,10,1,3487,0.15
18884,9,2,4658,0
18885,25,1,3410,0
18885,60,3,552,0
18886,57,1,729,0
18886,29,1,2320,0
18887,5,1,1760,0.15
18888,37,1,667,0.1
18888,41,1,931,0
18889,58,2,1326,0.05
18889,30,1,4729,0
18889,49,1,1048,0.05
18890,13,1,3877,0.05
18890,44,1,724,0.2
18891,51,1,2916,0.1
18892,3,1,3713,0.15
18893,35,1,1942,0.1
18894,34,2,2437,0.05
18895,31,1,3203,0
18895,50,1,2033,0.05
18895,25,1,3410,0
18896,31,1,3203,0.05
18896,24,1,2262,0.1
18897,24,1,2262,0
18898,21,1,2746,0.05
18898,18,1,778,0.1
18899,5,1,1760,0
18899,39,1,2235,0.2
18900,34,3,2437,0
18901,7,1,1985,0
18902,48,1,2972,0.2
18902,47,1,1558,0
18903,49,1,1048,0.05
18904,50,1,2033,0
18905,30,2,4729,0
18906,57,1,729,0.15
18907,46,2,3785,0.05
18908,1,1,150,0.05
18909,25,1,3410,0.05
18909,41,1,931,0
18910,44,1,724,0
18911,9,1,4658,0.05
18911,56,1,630,0.05
18912,3,1,3713,0
18913,16,1,1002,0.15
18913,8,1,1791,0
18913,39,1,2235,0.05
18913,17,1,2656,0.1
18914,6,1,529,0.1
18914,27,1,1579,0.15
18914,38,1,3806,0
18915,19,1,2193,0
18916,3,1,3713,0.05
18917,37,1,667,0
18918,25,1,3410,0.1
18919,10,1,3487,0.1
18920,32,1,126,0.1
18920,7,1,1985,0
18921,46,1,3785,0
18922,10,1,3487,0.1
18922,44,1,724,0
18922,47,1,1558,0.15
18922,21,1,2746,0
18923,14,1,4075,0
18923,17,1,2656,0.05
18924,58,2,1326,0
18924,17,1,2656,0
18925,24,1,2262,0
18926,5,1,1760,0.1
18927,46,1,3785,0.15
18927,33,1,4175,0
18927,46,3,3785,0
18928,42,1,3125,0.1
18929,50,2,2033,0
18929,18,1,778,0.15
18930,48,1,2972,0
18930,58,1,1326,0.1
18931,37,1,667,0
18931,34,1,2437,0
18932,47,1,1558,0
18933,27,1,1579,0.1
18933,16,2,1002,0.05
18934,15,3,860,0.15
18934,59,2,2290,0.05
18935,8,2,1791,0.05
18936,48,1,2972,0.05
18936,46,2,3785,0.05
18937,20,1,3438,0.05
18938,16,3,1002,0
18939,48,2,2972,0
18940,17,1,2656,0
18941,30,2,4729,0
18941,30,1,4729,0.2
18942,14,1,4075,0.05
18942,6,1,529,0.05
18942,23,1,2336,0
18942,57,1,729,0.15
18943,60,1,552,0.1
18944,45,1,4975,0.05
18945,8,1,1791,0.1
18945,14,1,4075,0.1
18945,7,1,1985,0.1
18946,57,1,729,0.05
18947,33,1,4175,0
18948,40,1,3255,0.1
18949,43,2,4289,0.05
18949,20,1,3438,0.15
18950,46,3,3785,0.1
18950,21,1,2746,0.05
18950,40,2,3255,0
18950,45,2,4975,0
18951,45,1,4975,0.1
18951,55,1,4572,0
18952,45,1,4975,0.05
18952,31,1,3203,0.05
18952,4,3,2293,0
18953,56,1,630,0.05
18954,1,1,150,0.05
18954,51,1,2916,0
18955,41,1,931,0
18956,26,2,4752,0.1
18956,26,1,4752,0
18957,57,1,729,0
18958,33,1,4175,0.05
18959,43,1,4289,0
18959,26,1,4752,0
18959,48,1,2972,0.1
18960,24,1,2262,0.1
18961,52,1,1957,0.1
18961,60,1,552,0
18962,18,1,778,0.05
18962,53,1,1286,0.05
18963,38,1,3806,0.15
18963,20,1,3438,0.1
18964,32,2,126,0.05
18964,7,2,1985,0
18965,51,2,2916,0
18966,16,1,1002,0
18966,55,1,4572,0.05
18967,25,1,3410,0
18968,27,1,1579,0.05
18968,3,1,3713,0.05
18969,44,1,724,0.05
18969,36,1,1580,0
18969,2,1,3850,0.05
18970,21,2,2746,0.05
18971,35,1,1942,0
18972,42,2,3125,0
18972,53,1,1286,0.1
18972,6,1,529,0.1
18972,9,1,4658,0.1
18973,18,1,778,0.15
18973,7,1,1985,0.15
18974,26,1,4752,0
18974,15,1,860,0
18975,28,1,567,0
18975,53,1,1286,0
18976,15,1,860,0
18976,49,2,1048,0.05
18977,15,2,860,0.1
18977,45,2,4975,0.1
18977,7,1,1985,0.15
18977,54,1,3026,0.05
18978,27,2,1579,0.05
18979,18,1,778,0.05
18980,8,2,1791,0.05
18981,53,1,1286,0.05
18982,16,1,1002,0.2
18983,26,1,4752,0.1
18984,43,1,4289,0
18984,9,1,4658,0
18985,29,1,2320,0.05
18986,10,1,3487,0
18986,6,1,529,0
18986,40,1,3255,0
18987,26,1,4752,0
18987,27,1,1579,0
18987,29,2,2320,0.1
18988,58,2,1326,0
18988,59,1,2290,0.05
18989,18,2,778,0
18990,32,1,126,0.1
18991,45,1,4975,0
18992,15,1,860,0.05
18993,2,1,3850,0
18994,44,2,724,0.05
18995,47,2,1558,0.15
18996,35,1,1942,0
18997,30,2,4729,0
18998,51,3,2916,0
18998,45,1,4975,0.15
18998,15,1,860,0
18999,24,1,2262,0.05
18999,33,1,4175,0.05
19000,14,1,4075,0
19001,44,1,724,0.1
19002,59,2,2290,0.2
19002,49,1,1048,0.05
19003,35,2,1942,0.05
19004,45,1,4975,0.05
19005,39,1,2235,0.05
19006,27,1,1579,0.2
19006,15,2,860,0.05
19007,44,1,724,0
19008,8,1,1791,0
19008,42,1,3125,0.1
19009,60,1,552,0.1
19009,34,1,2437,0.1
19009,2,1,3850,0.1
19010,13,1,3877,0
19010,14,2,4075,0.2
19010,14,2,4075,0
19011,44,1,724,0
19011,24,1,2262,0.15
19012,58,1,1326,0
19013,38,1,3806,0
19014,51,1,2916,0.05
19015,15,2,860,0
19015,31,1,3203,0.05
19015,28,1,567,0.15
19015,34,1,2437,0.2
19016,4,2,2293,0
19016,21,2,2746,0.05
19016,48,1,2972,0.1
19017,53,1,1286,0.1
19017,34,1,2437,0.1
19017,36,1,1580,0.15
19018,40,1,3255,0.1
19019,22,1,1574,0
19019,54,1,3026,0.1
19019,18,1,778,0.05
19020,53,1,1286,0
19021,14,1,4075,0
19021,60,2,552,0
19022,43,1,4289,0
19022,60,2,552,0
19023,31,1,3203,0
19023,26,1,4752,0.2
19023,20,1,3438,0.05
19024,16,1,1002,0
19025,3,1,3713,0
19026,3,1,3713,0
19027,3,1,3713,0
19027,5,1,1760,0
19028,19,1,2193,0
19029,27,1,1579,0
19029,45,2,4975,0.15
19029,10,1,3487,0.05
19030,49,2,1048,0.05
19031,5,1,1760,0.05
19031,43,1,4289,0.1
19032,51,1,2916,0.05
19032,25,1,3410,0.05
19032,31,1,3203,0.05
19032,18,1,778,0.15
19033,13,1,3877,0.1
19034,16,2,1002,0.15
19034,30,1,4729,0.1
19035,24,1,2262,0.2
19036,48,1,2972,0
19037,58,1,1326,0.05
19038,37,1,667,0.05
19038,50,1,2033,0.1
19038,52,1,1957,0.15
19039,50,1,2033,0.15
19039,37,1,667,0
19040,46,1,3785,0.2
19041,1,1,150,0.1
19041,56,1,630,0.05
19042,17,2,2656,0
19043,33,1,4175,0.15
19044,51,1,2916,0
19044,5,1,1760,0.05
19045,13,1,3877,0
19045,15,1,860,0.05
19045,42,1,3125,0.05
19045,43,1,4289,0.05
19046,55,3,4572,0
19047,42,1,3125,0
19048,22,1,1574,0.05
19049,37,1,667,0
19050,12,1,4627,0
19050,4,1,2293,0
19050,17,2,2656,0.05
19051,60,1,552,0.05
19051,5,1,1760,0
19052,22,1,1574,0
19053,33,1,4175,0.1
19053,43,1,4289,0
19054,59,1,2290,0.05
19054,58,2,1326,0.05
19054,12,1,4627,0.1
19054,14,1,4075,0.05
19055,34,1,2437,0
19056,54,1,3026,0.15
19056,35,1,1942,0
19057,34,1,2437,0
19058,28,1,567,0.05
19058,25,2,3410,0
19058,16,1,1002,0.05
19058,52,1,1957,0.2
19059,34,2,2437,0.05
19060,51,1,2916,0.05
19060,36,1,1580,0.05
19061,21,1,2746,0
19061,38,1,3806,0
19062,45,1,4975,0.1
19062,55,1,4572,0.1
19063,34,1,2437,0.05
19063,33,1,4175,0.05
19064,38,1,3806,0
19064,20,1,3438,0.1
19065,38,1,3806,0
19066,10,1,3487,0
19067,60,1,552,0.05
19067,1,1,150,0.05
19068,51,1,2916,0.05
19068,24,1,2262,0
19069,7,1,1985,0.1
19070,42,1,3125,0.05
19070,25,2,3410,0.1
19070,35,1,1942,0.05
19071,5,1,1760,0
19072,60,2,552,0.05
19073,10,1,3487,0
19074,33,1,4175,0
19074,7,1,1985,0.05
19074,34,1,2437,0.2
19074,53,1,1286,0
19075,45,1,4975,0.2
19075,2,1,3850,0.1
19076,28,1,567,0
19077,42,1,3125,0
19078,1,1,150,0.2
19079,39,1,2235,0.05
19079,5,1,1760,0.05
19079,48,2,2972,0
19080,22,2,1574,0.05
19080,35,1,1942,0.1
19081,48,2,2972,0.05
19081,14,1,4075,0.05
19082,51,1,2916,0.05
19083,59,1,2290,0.05
19084,48,1,2972,0.1
19084,44,1,724,0.05
19085,25,1,3410,0.05
19086,32,1,126,0
19087,15,1,860,0.05
19088,49,1,1048,0.15
19089,3,1,3713,0.05
19090,5,1,1760,0
19090,16,1,1002,0.1
19091,26,1,4752,0.05
19092,13,1,3877,0.05
19092,1,1,150,0
19093,31,2,3203,0.1
19094,13,2,3877,0.1
19094,58,1,1326,0.15
19095,60,1,552,0.2
19095,2,1,3850,0.05
19096,48,3,2972,0.1
19096,52,2,1957,0.1
19096,42,1,3125,0.2
19097,25,2,3410,0.05
19097,57,1,729,0.05
19097,41,1,931,0.2
19098,36,1,1580,0.05
19099,22,1,1574,0
19099,7,2,1985,0
19099,21,1,2746,0.05
19100,33,2,4175,0.1
19100,60,1,552,0.05
19100,45,1,4975,0.05
19101,9,2,4658,0
19101,30,1,4729,0.1
19101,9,3,4658,0.05
19102,29,1,2320,0.05
19103,60,1,552,0
19103,8,1,1791,0.15
19103,32,1,126,0.2
19104,39,1,2235,0.05
19105,44,2,724,0
19106,32,1,126,0.1
19107,43,1,4289,0
19107,56,1,630,0
19108,31,2,3203,0.05
19109,25,1,3410,0.1
19110,17,1,2656,0.1
19111,39,1,2235,0
19111,10,2,3487,0
19111,34,1,2437,0.1
19111,24,1,2262,0.1
19112,42,2,3125,0
19113,27,1,1579,0.15
19113,17,1,2656,0.05
19114,52,2,1957,0.05
19115,12,1,4627,0
19115,59,2,2290,0.05
19116,28,1,567,0
19117,49,1,1048,0
19117,44,1,724,0
19118,59,2,2290,0.15
19118,52,1,1957,0.05
19119,42,1,3125,0.05
19119,45,1,4975,0.05
19120,55,1,4572,0.2
19121,55,2,4572,0.05
19121,30,1,4729,0
19121,7,1,1985,0.1
19122,47,2,1558,0
19122,15,1,860,0
19123,45,1,4975,0.1
19124,18,1,778,0.05
19125,23,1,2336,0
19125,37,1,667,0.05
19126,2,1,3850,0
19126,59,1,2290,0.1
19126,8,2,1791,0
19127,44,2,724,0.1
19128,11,1,1744,0.15
19129,56,1,630,0.05
19130,29,1,2320,0.2
19130,47,1,1558,0
19131,52,1,1957,0.05
19131,37,1,667,0
19131,9,2,4658,0.1
19131,27,1,1579,0
19132,53,1,1286,0.05
19133,47,1,1558,0
19133,59,1,2290,0.1
19134,59,1,2290,0
19135,29,1,2320,0.15
19135,20,1,3438,0.15
19136,45,1,4975,0.05
19137,5,1,1760,0.2
19138,13,3,3877,0
19138,57,1,729,0.05
19138,18,2,778,0.05
19139,23,2,2336,0.05
19140,26,1,4752,0.15
19140,19,1,2193,0
19141,55,2,4572,0.05
19141,59,1,2290,0.05
19142,28,1,567,0
19142,15,1,860,0.15
19142,24,1,2262,0.1
19143,22,2,1574,0.05
19144,46,1,3785,0
19144,49,1,1048,0.05
19144,34,1,2437,0
19145,36,1,1580,0.05
19145,49,1,1048,0.05
19146,40,1,3255,0.1
19147,25,1,3410,0.15
19148,46,1,3785,0
19148,57,2,729,0.05
19149,59,1,2290,0.05
19149,42,1,3125,0
19149,50,3,2033,0.05
19150,46,1,3785,0
19151,59,2,2290,0.05
19151,15,1,860,0
19152,42,1,3125,0
19152,37,1,667,0.1
19153,60,1,552,0.1
19154,15,1,860,0.2
19154,9,1,4658,0
19155,34,1,2437,0
19156,50,1,2033,0.05
19157,46,1,3785,0.1
19157,48,1,2972,0.1
19158,22,1,1574,0.05
19158,19,2,2193,0.15
19158,23,1,2336,0.05
19159,36,1,1580,0.2
19160,35,1,1942,0.05
19161,39,2,2235,0
19161,60,1,552,0.05
19161,46,1,3785,0.1
19162,5,1,1760,0
19163,36,1,1580,0
19163,39,1,2235,0
19163,49,1,1048,0.2
19164,6,1,529,0.2
19164,8,1,1791,0.2
19165,35,1,1942,0
19165,56,1,630,0.05
19166,11,1,1744,0
19166,51,2,2916,0.2
19167,60,1,552,0.15
19168,7,1,1985,0.05
19168,30,1,4729,0.1
19169,15,2,860,0.1
19170,12,1,4627,0.05
19170,24,1,2262,0
19170,7,1,1985,0
19171,33,2,4175,0.05
19172,26,1,4752,0
19172,13,1,3877,0
19172,28,2,567,0.15
19173,13,1,3877,0.05
19174,17,1,2656,0.1
19175,50,1,2033,0.15
19175,37,1,667,0.05
19175,47,1,1558,0.1
19176,29,1,2320,0.05
19176,44,1,724,0.1
19177,49,1,1048,0.1
19177,33,1,4175,0.05
19178,47,2,1558,0.05
19178,52,1,1957,0
19179,16,1,1002,0
19180,39,1,2235,0.1
19181,57,2,729,0
19182,2,2,3850,0.05
19182,41,1,931,0.1
19183,16,1,1002,0.1
19184,51,2,2916,0
19185,36,1,1580,0.1
19185,35,1,1942,0
19185,43,1,4289,0.05
19185,53,1,1286,0
19186,15,1,860,0
19186,53,1,1286,0.05
19186,7,1,1985,0.1
19187,30,1,4729,0
19188,31,1,3203,0.1
19188,13,2,3877,0.05
19188,53,1,1286,0.05
19189,19,1,2193,0.1
19189,14,1,4075,0
19189,32,1,126,0.15
19190,9,1,4658,0.1
19191,37,1,667,0.1
19191,26,1,4752,0.1
19192,53,1,1286,0
19193,48,1,2972,0.05
19193,60,1,552,0.05
19194,28,1,567,0
19195,31,1,3203,0.05
19196,15,2,860,0.05
19196,33,2,4175,0
19196,3,1,3713,0
19197,35,1,1942,0.1
19198,33,1,4175,0.05
19198,56,1,630,0
19199,25,1,3410,0.05
19200,33,1,4175,0.2
19200,7,1,1985,0.2
19200,30,1,4729,0
19201,42,2,3125,0.05
19201,27,1,1579,0.05
19202,1,1,150,0.05
19202,10,1,3487,0
19202,12,2,4627,0.1
19203,21,1,2746,0.05
19203,33,1,4175,0.1
19204,42,1,3125,0
19205,45,1,4975,0
19205,48,1,2972,0
19206,39,1,2235,0.05
19206,40,1,3255,0
19207,32,2,126,0
19208,5,1,1760,0
19209,11,2,1744,0.05
19210,31,3,3203,0.05
19210,59,1,2290,0.05
19211,37,1,667,0.05
19212,33,1,4175,0
19212,17,1,2656,0.15
19213,37,1,667,0.1
19214,53,1,1286,0.15
19215,18,1,778,0.05
19216,29,1,2320,0.05
19217,37,1,667,0.05
19217,3,2,3713,0.1
19218,27,1,1579,0
19219,27,1,1579,0.05
19220,4,1,2293,0.05
19220,27,1,1579,0.05
19221,56,1,630,0
19221,32,1,126,0
19222,23,1,2336,0
19223,3,1,3713,0
19224,23,1,2336,0
19224,22,2,1574,0.05
19225,36,1,1580,0.2
19225,11,1,1744,0
19225,11,1,1744,0.2
19226,43,2,4289,0
19226,12,1,4627,0.15
19227,53,1,1286,0.15
19228,50,1,2033,0.05
19228,3,1,3713,0.1
19228,45,1,4975,0.1
19229,46,1,3785,0
19230,7,1,1985,0.2
19230,35,1,1942,0
19231,58,1,1326,0.05
19232,48,1,2972,0
19232,42,1,3125,0
19233,13,1,3877,0
19234,10,1,3487,0.05
19234,48,1,2972,0
19234,48,1,2972,0.05
19235,60,1,552,0.1
19236,40,1,3255,0.05
19236,57,1,729,0
19237,39,1,2235,0.05
19238,41,1,931,0
19239,26,1,4752,0
19239,25,1,3410,0.05
19240,46,1,3785,0.15
19240,43,1,4289,0.1
19240,1,2,150,0
19241,40,3,3255,0.1
19242,58,1,1326,0.05
19242,27,1,1579,0.05
19242,38,1,3806,0
19242,60,2,552,0.1
19243,16,1,1002,0
19243,8,1,1791,0.05
19244,2,1,3850,0.15
19244,6,2,529,0
19244,42,1,3125,0.2
19244,31,1,3203,0
19245,39,1,2235,0.15
19246,36,1,1580,0
19247,49,1,1048,0
19247,15,2,860,0
19248,49,1,1048,0.05
19248,50,1,2033,0
19248,12,2,4627,0
19249,25,1,3410,0
19249,1,1,150,0.05
19250,46,1,3785,0
19251,16,2,1002,0.05
19251,10,1,3487,0
19252,51,2,2916,0
19252,42,1,3125,0.05
19253,21,1,2746,0.05
19253,57,2,729,0
19253,14,1,4075,0.1
19254,37,1,667,0
19254,46,1,3785,0
19255,36,1,1580,0
19256,16,1,1002,0
19256,1,1,150,0.05
19257,23,1,2336,0.15
19258,7,1,1985,0.1
19259,29,1,2320,0.1
19259,47,2,1558,0.1
19260,19,1,2193,0
19260,59,1,2290,0
19260,21,2,2746,0
19261,16,1,1002,0.05
19262,16,1,1002,0.1
19263,41,1,931,0.05
19263,49,1,1048,0.05
19264,14,3,4075,0
19264,6,1,529,0
19265,46,1,3785,0
19265,31,1,3203,0
19265,9,1,4658,0
19266,58,1,1326,0.15
19267,17,1,2656,0.15
19267,6,1,529,0.15
19268,41,1,931,0
19269,5,1,1760,0.05
19270,50,1,2033,0.1
19271,54,1,3026,0
19271,53,1,1286,0
19272,5,2,1760,0.2
19272,44,1,724,0.05
19272,20,1,3438,0.2
19272,4,1,2293,0
19273,50,1,2033,0.1
19274,35,1,1942,0.05
19274,53,1,1286,0.1
19275,59,1,2290,0.2
19276,20,2,3438,0
19276,44,1,724,0
19276,34,1,2437,0.05
19276,28,1,567,0
19277,53,1,1286,0
19277,50,1,2033,0
19278,37,1,667,0.05
19279,50,1,2033,0.15
19279,4,1,2293,0
19280,37,1,667,0.1
19280,23,1,2336,0
19281,25,1,3410,0.05
19282,20,2,3438,0
19282,19,1,2193,0.2
19283,9,1,4658,0.05
19283,41,1,931,0
19284,19,1,2193,0.15
19285,50,1,2033,0.1
19286,36,2,1580,0
19286,27,1,1579,0.05
19286,38,1,3806,0
19287,14,2,4075,0
19287,23,2,2336,0.1
19287,23,1,2336,0
19288,33,3,4175,0
19288,51,1,2916,0.15
19288,60,3,552,0.05
19289,34,1,2437,0.1
19290,54,2,3026,0
19291,22,1,1574,0
19291,47,1,1558,0.05
19292,26,2,4752,0.1
19292,55,1,4572,0.2
19293,7,1,1985,0.05
19294,16,1,1002,0.05
19295,10,2,3487,0.15
19296,55,1,4572,0.05
19296,3,1,3713,0
19297,27,1,1579,0.1
19298,45,1,4975,0.15
19298,27,1,1579,0
19298,32,1,126,0.15
19299,56,1,630,0
19300,20,1,3438,0.1
19301,18,2,778,0.05
19302,34,1,2437,0.05
19303,47,1,1558,0.05
19304,29,2,2320,0.05
19304,9,1,4658,0
19304,18,2,778,0.2
19305,27,1,1579,0
19305,25,2,3410,0.05
19306,51,1,2916,0.05
19306,57,1,729,0.15
19307,17,1,2656,0.15
19307,21,1,2746,0.1
19308,15,1,860,0
19308,21,3,2746,0.1
19309,43,1,4289,0.05
19310,32,2,126,0.2
19310,18,1,778,0.15
19310,29,3,2320,0.15
19311,29,1,2320,0.15
19311,46,1,3785,0
19311,18,1,778,0.1
19312,14,2,4075,0
19313,34,1,2437,0.2
19314,30,2,4729,0.05
19314,2,1,3850,0.1
19315,52,1,1957,0.05
19315,13,1,3877,0
19316,10,1,3487,0
19316,49,1,1048,0
19317,31,1,3203,0.05
19318,33,1,4175,0.1
19318,41,2,931,0.05
19319,7,1,1985,0.15
19320,18,1,778,0
19320,59,1,2290,0
19321,39,1,2235,0.15
19321,24,1,2262,0.1
19321,29,1,2320,0.05
19322,22,1,1574,0.05
19322,53,2,1286,0.15
19323,12,1,4627,0.05
19324,24,1,2262,0
19324,33,1,4175,0.05
19325,3,2,3713,0.05
19326,52,1,1957,0.15
19327,43,1,4289,0
19328,30,1,4729,0.1
19329,56,1,630,0.05
19330,37,1,667,0.1
19331,41,1,931,0.15
19332,24,3,2262,0.05
19333,59,1,2290,0.15
19333,59,1,2290,0
19334,14,1,4075,0.2
19335,18,1,778,0
19335,38,2,3806,0
19335,49,1,1048,0.15
19336,44,1,724,0
19336,22,1,1574,0.1
19336,4,1,2293,0.15
19337,51,2,2916,0.05
19337,13,1,3877,0.1
19337,34,1,2437,0.05
19337,37,1,667,0
19338,56,1,630,0.05
19339,42,1,3125,0
19340,9,1,4658,0.2
19340,13,1,3877,0.1
19341,40,1,3255,0.05
19341,6,1,529,0
19341,57,1,729,0
19342,36,1,1580,0.2
19342,32,1,126,0.2
19343,20,2,3438,0.2
19343,15,1,860,0.1
19344,5,1,1760,0
19344,48,2,2972,0.05
19345,3,1,3713,0
19346,29,1,2320,0.2
19346,53,1,1286,0
19346,34,1,2437,0
19346,47,1,1558,0
19347,15,1,860,0
19348,52,1,1957,0
19349,57,1,729,0.15
19349,2,1,3850,0.1
19350,21,1,2746,0.05
19351,36,2,1580,0.05
19351,52,1,1957,0
19352,4,1,2293,0.05
19353,19,1,2193,0.1
19354,54,1,3026,0
19355,56,2,630,0.1
19356,2,1,3850,0.15
19356,46,1,3785,0.05
19356,13,1,3877,0.15
19357,8,1,1791,0.1
19357,3,1,3713,0
19358,12,1,4627,0.1
19359,45,1,4975,0
19359,49,1,1048,0.1
19360,49,1,1048,0.1
19360,15,1,860,0.1
19361,43,1,4289,0.1
19361,50,1,2033,0.1
19362,25,1,3410,0.15
19363,53,1,1286,0
19363,57,1,729,0.1
19363,27,1,1579,0.15
19363,41,2,931,0.05
19364,18,2,778,0
19365,27,1,1579,0.2
19366,37,3,667,0
19366,22,1,1574,0
19367,14,1,4075,0.1
19368,12,2,4627,0
19369,36,1,1580,0.05
19370,33,2,4175,0
19371,31,1,3203,0.05
19372,48,1,2972,0
19372,57,1,729,0.15
19372,43,1,4289,0.1
19372,60,2,552,0.05
19373,48,1,2972,0.2
19374,54,1,3026,0
19375,2,2,3850,0.05
19376,58,1,1326,0.1
19376,4,1,2293,0.1
19376,17,1,2656,0.05
19376,8,1,1791,0.05
19377,24,1,2262,0.2
19378,48,1,2972,0.05
19378,41,1,931,0.05
19379,42,1,3125,0.05
19380,5,1,1760,0
19381,21,3,2746,0.05
19382,4,1,2293,0.1
19382,20,1,3438,0.05
19382,60,1,552,0.15
19383,45,1,4975,0
19383,44,1,724,0.1
19383,8,1,1791,0
19383,8,1,1791,0
19384,6,1,529,0
19385,42,1,3125,0
19385,8,1,1791,0.05
19386,18,2,778,0.1
19386,55,1,4572,0.05
19387,44,1,724,0
19388,3,1,3713,0.15
19388,51,1,2916,0
19389,42,1,3125,0.1
19389,37,2,667,0.05
19390,32,1,126,0
19390,60,2,552,0.1
19391,55,3,4572,0.05
19392,6,1,529,0
19392,9,1,4658,0
19392,50,1,2033,0.1
19393,55,1,4572,0.05
19394,58,1,1326,0
19394,34,1,2437,0.1
19394,50,1,2033,0.05
19395,27,1,1579,0
19396,60,1,552,0
19396,2,1,3850,0.1
19397,7,1,1985,0.05
19398,7,1,1985,0.05
19399,38,2,3806,0
19399,54,1,3026,0.1
19400,1,1,150,0.05
19401,50,1,2033,0
19402,29,1,2320,0
19403,44,1,724,0.05
19403,18,1,778,0.15
19404,1,1,150,0.05
19405,16,2,1002,0.2
19406,4,1,2293,0.05
19407,53,1,1286,0.05
19408,7,1,1985,0.05
19409,20,1,3438,0.2
19409,15,1,860,0.1
19410,49,1,1048,0.1
19410,49,1,1048,0.2
19411,52,2,1957,0.05
19411,41,1,931,0.15
19412,14,1,4075,0
19412,52,1,1957,0.2
19413,34,1,2437,0.15
19413,11,1,1744,0.05
19414,28,2,567,0.05
19415,1,1,150,0.05
19416,32,3,126,0.15
19416,52,1,1957,0
19417,22,1,1574,0
19417,15,1,860,0
19417,25,1,3410,0.05
19418,28,1,567,0.1
19418,33,1,4175,0.05
19419,22,1,1574,0
19420,52,1,1957,0
19420,18,1,778,0.2
19421,35,1,1942,0
19421,48,1,2972,0.05
19421,38,1,3806,0
19421,43,1,4289,0.05
19422,49,2,1048,0.1
19423,56,1,630,0.05
19423,17,2,2656,0
19424,47,1,1558,0.05
19424,22,1,1574,0
19425,33,1,4175,0
19426,17,1,2656,0.1
19426,28,1,567,0.05
19427,14,1,4075,0.05
19427,38,1,3806,0.1
19428,28,1,567,0
19429,31,1,3203,0.1
19430,13,1,3877,0.05
19430,60,1,552,0
19430,56,1,630,0.05
19431,35,1,1942,0.1
19432,43,1,4289,0.05
19433,60,2,552,0.05
19433,43,2,4289,0.05
19434,8,2,1791,0
19435,29,1,2320,0.05
19435,7,3,1985,0.05
19436,15,1,860,0.05
19437,43,1,4289,0
19437,29,1,2320,0
19438,36,2,1580,0.15
19438,37,1,667,0
19439,51,1,2916,0.1
19440,16,1,1002,0.1
19440,31,2,3203,0.15
19440,21,1,2746,0.05
19441,60,1,552,0
19441,39,1,2235,0.15
19442,9,1,4658,0.05
19442,54,2,3026,0.05
19442,21,1,2746,0
19442,7,1,1985,0
19443,39,1,2235,0
19443,41,1,931,0.15
19444,50,1,2033,0.05
19444,23,1,2336,0.05
19444,2,1,3850,0
19444,19,1,2193,0.05
19445,25,1,3410,0.15
19445,17,1,2656,0.05
19446,19,1,2193,0
19447,20,1,3438,0.1
19448,31,1,3203,0.05
19449,15,1,860,0.05
19449,41,1,931,0.05
19450,51,1,2916,0
19451,7,1,1985,0
19451,37,2,667,0.1
19451,59,1,2290,0.1
19452,51,1,2916,0
19452,13,1,3877,0.05
19453,41,1,931,0
19453,48,1,2972,0.1
19454,34,2,2437,0.05
19455,37,1,667,0.05
19455,57,1,729,0.1
19456,38,1,3806,0.05
19457,2,1,3850,0
19457,3,1,3713,0.05
19458,1,1,150,0.2
19459,55,1,4572,0.1
19460,13,1,3877,0
19461,41,1,931,0.15
19462,14,1,4075,0
19462,48,1,2972,0
19462,39,1,2235,0.05
19463,58,1,1326,0.05
19464,52,1,1957,0.15
19465,24,1,2262,0.05
19466,4,1,2293,0.05
19467,47,1,1558,0
19468,27,1,1579,0
19469,3,2,3713,0
19470,60,1,552,0.1
19470,40,1,3255,0
19470,43,1,4289,0.1
19470,21,1,2746,0
19471,38,1,3806,0.05
19471,51,2,2916,0.1
19472,5,1,1760,0
19473,32,1,126,0.2
19474,58,2,1326,0
19475,10,1,3487,0.05
19475,49,1,1048,0
19476,56,1,630,0.2
19476,32,1,126,0.05
19476,53,1,1286,0
19477,2,1,3850,0.1
19477,5,1,1760,0.05
19478,4,2,2293,0
19479,23,2,2336,0.1
19480,58,1,1326,0.05
19480,38,3,3806,0.05
19480,35,1,1942,0
19481,59,1,2290,0.05
19481,21,1,2746,0
19481,53,1,1286,0.05
19481,35,1,1942,0.1
19482,54,2,3026,0
19483,36,1,1580,0.15
19484,8,1,1791,0.15
19485,22,1,1574,0.05
19485,30,2,4729,0
19486,14,1,4075,0
19486,58,2,1326,0.05
19487,60,2,552,0.05
19488,40,1,3255,0.1
19489,37,1,667,0.2
19490,30,1,4729,0.05
19491,43,1,4289,0.1
19492,49,1,1048,0.05
19493,51,2,2916,0
19493,30,1,4729,0.05
19494,48,2,2972,0.1
19495,45,2,4975,0.15
19495,53,2,1286,0.05
19496,31,1,3203,0.05
19496,19,1,2193,0.1
19497,38,1,3806,0
19497,19,2,2193,0.15
19498,9,1,4658,0.1
19498,50,1,2033,0.1
19499,5,1,1760,0.15
19500,21,2,2746,0.1
19501,16,1,1002,0
19502,9,1,4658,0.1
19502,50,1,2033,0.05
19502,34,1,2437,0
19502,59,1,2290,0.05
19503,24,1,2262,0.05
19503,23,1,2336,0.15
19504,35,1,1942,0
19505,30,1,4729,0.05
19505,18,1,778,0.1
19506,8,1,1791,0
19507,48,1,2972,0.1
19507,11,1,1744,0.05
19508,2,1,3850,0
19509,42,1,3125,0.15
19510,27,1,1579,0
19511,42,1,3125,0
19511,52,1,1957,0.15
19511,12,2,4627,0
19512,40,2,3255,0
19513,55,3,4572,0.1
19513,17,1,2656,0
19513,26,1,4752,0
19514,33,2,4175,0
19515,44,1,724,0.05
19516,34,1,2437,0
19516,57,1,729,0.05
19517,56,1,630,0
19518,57,1,729,0.05
19518,10,1,3487,0.1
19519,31,2,3203,0.1
19519,28,1,567,0.05
19519,52,3,1957,0.1
19519,15,2,860,0
19520,5,1,1760,0
19521,31,1,3203,0
19521,39,1,2235,0.1
19522,14,1,4075,0
19522,10,1,3487,0
19522,20,1,3438,0
19523,51,1,2916,0
19524,15,1,860,0
19524,16,1,1002,0.1
19525,37,1,667,0.15
19525,29,1,2320,0
19526,18,1,778,0.15
19526,16,1,1002,0
19527,10,1,3487,0.2
19527,52,1,1957,0.1
19528,25,1,3410,0.05
19528,24,1,2262,0.05
19529,25,1,3410,0
19529,47,2,1558,0.1
19530,29,1,2320,0
19531,23,1,2336,0.05
19532,49,1,1048,0
19533,36,1,1580,0
19534,48,2,2972,0.05
19535,12,1,4627,0.05
19536,18,1,778,0.1
19537,58,1,1326,0.05
19537,60,2,552,0
19537,19,1,2193,0.1
19538,49,2,1048,0
19539,37,1,667,0.15
19540,38,1,3806,0.1
19541,53,2,1286,0
19542,32,1,126,0
19543,40,1,3255,0
19544,10,2,3487,0.1
19544,11,2,1744,0.2
19545,6,1,529,0
19546,14,1,4075,0.1
19546,56,2,630,0.2
19546,53,1,1286,0.05
19547,60,1,552,0.05
19547,38,2,3806,0
19548,10,1,3487,0.1
19549,49,1,1048,0.1
19549,29,3,2320,0.2
19550,57,2,729,0.15
19550,13,1,3877,0
19551,10,3,3487,0
19551,6,1,529,0
19551,32,1,126,0.05
19552,20,1,3438,0.2
19552,30,1,4729,0.05
19553,38,2,3806,0.1
19553,39,1,2235,0.05
19554,32,1,126,0.2
19554,50,1,2033,0.1
19555,50,2,2033,0.05
19555,52,1,1957,0.1
19556,6,1,529,0.2
19557,24,1,2262,0.05
19558,53,1,1286,0
19558,56,1,630,0
19558,44,1,724,0
19559,10,1,3487,0
19559,17,1,2656,0.05
19560,21,1,2746,0
19561,3,1,3713,0
19562,50,2,2033,0.05
19562,35,3,1942,0
19563,16,1,1002,0
19564,11,1,1744,0.05
19564,14,2,4075,0.05
19564,32,1,126,0.1
19564,6,1,529,0.1
19565,8,2,1791,0.1
19565,43,1,4289,0
19566,30,2,4729,0
19566,31,1,3203,0.1
19567,46,3,3785,0.05
19567,37,1,667,0
19567,18,1,778,0
19567,35,1,1942,0.05
19568,9,1,4658,0
19569,40,1,3255,0.15
19569,58,2,1326,0
19569,42,1,3125,0.05
19570,34,1,2437,0.15
19570,36,1,1580,0.15
19571,10,1,3487,0
19572,27,1,1579,0.1
19572,14,2,4075,0.05
19572,41,1,931,0
19573,43,1,4289,0
19574,29,3,2320,0
19574,8,1,1791,0.15
19575,60,1,552,0
19576,33,1,4175,0
19576,47,1,1558,0
19577,12,1,4627,0
19577,56,1,630,0
19578,33,1,4175,0
19579,7,1,1985,0
19580,46,1,3785,0
19581,50,2,2033,0.1
19581,1,1,150,0
19581,25,1,3410,0
19582,25,1,3410,0
19583,57,1,729,0.05
19583,23,1,2336,0.05
19583,26,1,4752,0.2
19584,40,1,3255,0
19585,33,1,4175,0.05
19585,13,1,3877,0.2
19586,10,1,3487,0.05
19587,19,2,2193,0.1
19587,36,1,1580,0.2
19588,1,1,150,0.1
19589,19,2,2193,0.2
19590,34,1,2437,0.05
19591,20,1,3438,0.05
19591,60,1,552,0
19592,59,2,2290,0
19592,35,1,1942,0.1
19593,47,1,1558,0.1
19594,16,1,1002,0.15
19595,45,2,4975,0
19595,38,1,3806,0.05
19596,16,1,1002,0.1
19596,11,1,1744,0
19596,24,1,2262,0
19597,18,1,778,0
19598,35,1,1942,0.05
19599,30,1,4729,0.15
19599,58,1,1326,0
19599,3,1,3713,0.1
19600,39,1,2235,0
19601,13,1,3877,0.15
19601,45,1,4975,0.1
19602,3,1,3713,0.05
19602,49,2,1048,0
19602,3,1,3713,0.15
19602,38,1,3806,0
19603,17,1,2656,0.05
19603,48,3,2972,0
19604,1,1,150,0
19604,18,1,778,0.1
19605,26,2,4752,0
19605,58,1,1326,0
19606,29,1,2320,0.05
19606,17,1,2656,0
19607,34,1,2437,0.1
19607,42,1,3125,0
19608,7,2,1985,0
19609,26,1,4752,0.1
19609,14,1,4075,0.15
19609,56,2,630,0.1
19610,6,1,529,0.05
19611,22,1,1574,0.1
19612,53,2,1286,0.05
19613,24,1,2262,0.1
19614,47,1,1558,0
19615,42,1,3125,0
19615,54,1,3026,0
19615,30,1,4729,0
19616,22,1,1574,0.15
19616,51,1,2916,0
19617,53,1,1286,0
19617,32,1,126,0.15
19618,48,1,2972,0.15
19618,37,1,667,0
19619,13,1,3877,0
19620,28,2,567,0.05
19621,8,2,1791,0
19621,4,1,2293,0.05
19622,28,1,567,0.1
19623,2,1,3850,0
19623,54,1,3026,0.05
19623,18,2,778,0.05
19624,29,1,2320,0.1
19624,10,2,3487,0
19625,22,1,1574,0
19625,47,1,1558,0.2
19626,56,1,630,0.05
19627,29,1,2320,0
19628,28,1,567,0.05
19629,47,1,1558,0
19630,36,1,1580,0
19631,1,1,150,0.05
19631,17,1,2656,0.05
19631,49,1,1048,0.1
19631,53,1,1286,0
19632,38,1,3806,0
19632,19,3,2193,0
19632,7,1,1985,0.15
19633,24,2,2262,0.15
19633,13,2,3877,0.2
19633,40,1,3255,0.1
19633,19,1,2193,0
19634,28,2,567,0.05
19634,41,1,931,0.15
19635,53,1,1286,0.1
19636,50,2,2033,0
19636,4,1,2293,0
19636,3,1,3713,0
19637,26,2,4752,0.05
19637,23,1,2336,0.2
19638,59,1,2290,0.05
19639,25,1,3410,0.1
19639,16,1,1002,0.1
19640,4,1,2293,0.15
19641,5,1,1760,0.05
19642,30,1,4729,0.2
19643,1,1,150,0.1
19644,4,1,2293,0.05
19644,9,1,4658,0.1
19645,48,2,2972,0
19645,29,1,2320,0.15
19646,34,2,2437,0
19647,46,1,3785,0.1
19647,20,1,3438,0.05
19648,46,1,3785,0.15
19649,58,1,1326,0.2
19649,14,1,4075,0
19650,9,1,4658,0.1
19650,52,1,1957,0
19651,58,1,1326,0.15
19651,54,1,3026,0.05
19651,54,1,3026,0.2
19652,24,1,2262,0.05
19652,49,1,1048,0.1
19653,7,1,1985,0.1
19653,12,1,4627,0.1
19654,57,2,729,0.1
19655,29,1,2320,0
19655,52,2,1957,0.05
19656,32,2,126,0
19656,1,2,150,0.1
19657,42,1,3125,0.2
19658,53,2,1286,0.05
19659,19,2,2193,0
19659,59,2,2290,0.2
19660,24,2,2262,0.15
19660,28,1,567,0
19661,26,1,4752,0
19661,7,1,1985,0
19662,52,1,1957,0
19662,49,1,1048,0.15
19662,26,1,4752,0
19663,27,1,1579,0.05
19663,38,1,3806,0
19664,18,1,778,0
19665,28,1,567,0
19665,58,3,1326,0.05
19665,5,1,1760,0.05
19666,20,2,3438,0.05
19667,32,2,126,0.05
19668,11,2,1744,0.1
19668,2,1,3850,0.05
19668,1,1,150,0
19669,51,1,2916,0
19670,44,1,724,0
19671,4,1,2293,0.1
19671,8,1,1791,0.1
19671,46,1,3785,0.1
19672,13,1,3877,0.05
19672,37,1,667,0
19672,40,2,3255,0.05
19673,15,1,860,0
19673,50,1,2033,0
19674,22,1,1574,0.1
19674,11,1,1744,0.05
19674,22,3,1574,0
19674,3,1,3713,0.05
19675,24,1,2262,0.05
19675,29,1,2320,0
19676,32,2,126,0.05
19677,42,1,3125,0.1
19677,54,1,3026,0
19677,7,1,1985,0
19677,60,2,552,0.05
19678,31,1,3203,0
19678,9,2,4658,0.05
19679,22,1,1574,0.05
19680,13,1,3877,0.15
19680,24,2,2262,0.05
19680,40,2,3255,0.15
19681,56,1,630,0
19682,40,1,3255,0.1
19683,56,2,630,0
19683,59,2,2290,0.1
19684,16,1,1002,0.05
19685,52,1,1957,0
19685,33,1,4175,0.1
19685,25,1,3410,0.15
19686,24,3,2262,0.15
19687,4,2,2293,0
19688,35,1,1942,0.1
19689,34,2,2437,0.1
19689,44,1,724,0.05
19690,48,1,2972,0.1
19691,49,2,1048,0
19692,31,1,3203,0.05
19692,59,1,2290,0
19693,30,1,4729,0.15
19694,32,2,126,0.15
19694,12,2,4627,0.1
19695,10,1,3487,0
19695,20,1,3438,0.15
19696,25,1,3410,0
19696,13,1,3877,0
19697,27,1,1579,0.05
19698,9,1,4658,0
19699,29,3,2320,0.05
19700,7,1,1985,0.05
19701,41,1,931,0.1
19701,58,1,1326,0
19702,6,1,529,0
19703,3,1,3713,0
19703,28,1,567,0.1
19703,46,1,3785,0
19704,4,1,2293,0.1
19705,14,1,4075,0.05
19705,3,1,3713,0.2
19705,59,1,2290,0.1
19706,19,1,2193,0
19707,19,2,2193,0.05
19708,6,1,529,0
19708,27,1,1579,0.2
19708,15,1,860,0.05
19709,10,1,3487,0.2
19709,25,1,3410,0.05
19710,11,2,1744,0
19710,12,1,4627,0.05
19711,4,1,2293,0
19711,29,1,2320,0
19711,37,1,667,0.15
19712,50,1,2033,0.05
19712,45,1,4975,0.05
19713,9,1,4658,0.1
19713,41,1,931,0
19713,12,1,4627,0.1
19713,22,1,1574,0
19714,20,3,3438,0.05
19715,40,1,3255,0.1
19716,44,1,724,0
19717,5,1,1760,0
19717,35,1,1942,0.1
19718,48,1,2972,0
19718,44,1,724,0.05
19719,14,1,4075,0
19719,55,1,4572,0.1
19719,48,1,2972,0.1
19719,42,1,3125,0.05
19720,41,1,931,0
19721,37,1,667,0
19722,47,1,1558,0.15
19722,12,1,4627,0
19723,8,2,1791,0
19724,37,1,667,0.05
19724,20,1,3438,0.1
19724,43,1,4289,0
19725,57,1,729,0
19725,18,1,778,0.1
19726,48,1,2972,0
19726,37,1,667,0.1
19727,24,1,2262,0
19727,57,1,729,0.1
19728,51,1,2916,0
19729,22,1,1574,0
19729,53,1,1286,0.15
19730,46,2,3785,0.05
19730,2,2,3850,0.05
19730,40,1,3255,0
19731,59,1,2290,0
19732,20,1,3438,0
19732,58,1,1326,0.1
19733,30,1,4729,0
19733,28,1,567,0
19734,39,1,2235,0
19734,2,1,3850,0.05
19734,13,1,3877,0.05
19735,58,2,1326,0
19736,8,1,1791,0
19736,39,1,2235,0.2
19737,1,2,150,0
19737,27,2,1579,0
19738,36,2,1580,0
19739,60,1,552,0
19740,14,1,4075,0.1
19741,11,1,1744,0.05
19741,52,1,1957,0
19741,25,1,3410,0
19742,23,1,2336,0.05
19742,47,1,1558,0
19742,21,1,2746,0.05
19743,24,1,2262,0.05
19744,7,1,1985,0.15
19745,22,1,1574,0
19746,60,1,552,0
19746,21,1,2746,0.05
19747,2,2,3850,0.05
19748,26,1,4752,0
19749,6,1,529,0.05
19749,17,1,2656,0.1
19750,38,2,3806,0.05
19750,29,1,2320,0.2
19751,44,1,724,0.05
19751,29,1,2320,0
19752,52,1,1957,0.05
19752,54,1,3026,0.1
19752,55,1,4572,0
19753,40,1,3255,0.1
19754,56,1,630,0
19754,38,2,3806,0
19754,58,2,1326,0.05
19755,4,1,2293,0.1
19755,18,1,778,0.2
19756,38,1,3806,0.1
19756,52,1,1957,0.05
19757,23,1,2336,0
19757,35,1,1942,0.05
19757,47,3,1558,0.05
19758,40,2,3255,0
19758,23,1,2336,0
19758,31,1,3203,0.1
19759,13,1,3877,0.15
19760,7,1,1985,0
19760,19,2,2193,0.05
19761,59,1,2290,0
19761,22,1,1574,0.15
19762,57,1,729,0
19763,58,1,1326,0
19764,4,1,2293,0.05
19764,3,1,3713,0.2
19765,36,1,1580,0.05
19766,39,1,2235,0.15
19767,14,1,4075,0
19768,18,1,778,0.2
19769,19,1,2193,0.1
19769,49,2,1048,0.05
19769,10,1,3487,0
19770,31,1,3203,0
19770,52,1,1957,0.05
19771,29,2,2320,0.05
19772,50,3,2033,0
19772,60,1,552,0.15
19772,52,1,1957,0.05
19773,36,1,1580,0
19773,8,1,1791,0.1
19774,1,1,150,0.1
19774,52,1,1957,0
19775,9,1,4658,0.1
19776,59,1,2290,0.05
19776,58,1,1326,0.15
19776,23,2,2336,0
19776,30,1,4729,0.15
19777,23,1,2336,0.1
19777,4,1,2293,0
19778,45,2,4975,0
19778,5,2,1760,0.15
19779,42,1,3125,0.1
19780,60,1,552,0.05
19781,24,1,2262,0
19781,19,1,2193,0
19782,16,1,1002,0.1
19783,58,2,1326,0.05
19783,23,1,2336,0
19783,43,1,4289,0
19784,18,1,778,0.1
19784,39,1,2235,0.15
19784,54,1,3026,0.05
19785,5,1,1760,0.05
19786,36,1,1580,0.15
19786,2,2,3850,0
19787,43,1,4289,0.05
19787,24,2,2262,0.15
19788,11,1,1744,0
19788,11,1,1744,0
19789,20,2,3438,0.2
19789,14,1,4075,0
19790,17,1,2656,0
19790,12,1,4627,0.1
19791,7,1,1985,0.15
19791,15,1,860,0.1
19791,35,1,1942,0.05
19792,7,2,1985,0
19793,43,1,4289,0
19794,20,1,3438,0
19794,27,1,1579,0.05
19795,35,1,1942,0
19796,26,1,4752,0
19797,20,1,3438,0.1
19798,12,1,4627,0.05
19799,45,1,4975,0.15
19799,4,1,2293,0.2
19799,1,1,150,0.05
19800,30,1,4729,0.05
19801,52,1,1957,0
19802,56,1,630,0.1
19802,6,1,529,0.05
19803,29,3,2320,0.2
19804,47,1,1558,0.2
19804,32,1,126,0
19805,7,2,1985,0.1
19805,37,1,667,0.05
19806,40,1,3255,0.15
19807,5,1,1760,0.1
19807,25,1,3410,0.05
19807,16,1,1002,0.1
19807,8,1,1791,0.2
19808,46,1,3785,0.05
19808,43,1,4289,0.1
19808,46,1,3785,0
19809,57,1,729,0
19810,21,3,2746,0.05
19811,48,1,2972,0
19811,60,2,552,0.15
19811,36,1,1580,0.2
19812,54,1,3026,0.1
19812,11,1,1744,0.05
19813,48,1,2972,0.05
19814,26,1,4752,0.1
19815,15,1,860,0.05
19816,39,1,2235,0
19816,50,1,2033,0
19817,37,1,667,0.1
19817,35,1,1942,0.05
19817,29,1,2320,0
19818,34,1,2437,0.15
19819,22,1,1574,0
19819,42,1,3125,0
19819,57,2,729,0
19820,14,1,4075,0
19821,56,2,630,0.2
19822,24,1,2262,0
19823,8,1,1791,0.1
19823,2,1,3850,0
19823,22,1,1574,0
19824,28,1,567,0
19824,25,1,3410,0
19825,58,1,1326,0.1
19826,44,1,724,0.1
19827,29,2,2320,0
19828,31,1,3203,0.1
19828,51,1,2916,0
19828,24,1,2262,0.05
19828,5,1,1760,0.2
19829,38,1,3806,0
19829,43,1,4289,0.05
19830,14,1,4075,0.05
19830,2,1,3850,0.1
19830,36,1,1580,0
19831,22,1,1574,0
19832,42,1,3125,0.05
19833,31,1,3203,0.05
19833,12,1,4627,0.05
19834,59,1,2290,0.05
19835,25,1,3410,0.05
19835,53,1,1286,0.15
19836,2,2,3850,0
19836,24,1,2262,0.05
19836,10,2,3487,0
19836,39,1,2235,0
19837,22,1,1574,0.1
19838,37,1,667,0
19839,24,1,2262,0
19840,59,1,2290,0.05
19841,35,1,1942,0.15
19842,22,1,1574,0.1
19842,52,1,1957,0.1
19843,55,1,4572,0
19844,10,1,3487,0
19844,3,1,3713,0
19845,57,1,729,0
19846,41,1,931,0.1
19846,23,1,2336,0
19847,17,1,2656,0.2
19848,48,1,2972,0.15
19848,47,3,1558,0
19849,59,1,2290,0
19849,56,1,630,0.05
19850,1,1,150,0.05
19850,27,1,1579,0
19851,47,1,1558,0
19851,48,1,2972,0
19852,23,1,2336,0
19853,6,2,529,0.15
19853,12,1,4627,0
19853,55,1,4572,0.1
19854,34,1,2437,0.1
19855,13,1,3877,0.15
19855,30,1,4729,0
19855,58,1,1326,0.15
19855,43,1,4289,0
19856,44,1,724,0
19857,5,1,1760,0.05
19857,16,1,1002,0.05
19858,56,1,630,0.05
19858,5,2,1760,0.1
19859,1,1,150,0.2
19860,44,1,724,0.15
19861,58,1,1326,0
19861,30,1,4729,0.1
19861,59,1,2290,0.2
19862,12,2,4627,0
19863,43,1,4289,0
19863,1,1,150,0
19863,60,1,552,0.1
19864,5,1,1760,0
19864,28,1,567,0.1
19865,8,1,1791,0
19866,2,1,3850,0.05
19867,28,1,567,0.15
19867,1,1,150,0.05
19868,60,1,552,0
19869,30,2,4729,0.1
19870,1,1,150,0.05
19870,39,1,2235,0.1
19871,39,2,2235,0
19872,28,1,567,0
19873,44,1,724,0.2
19874,11,1,1744,0
19874,57,1,729,0
19874,47,2,1558,0.1
19875,38,1,3806,0
19875,36,1,1580,0
19876,49,3,1048,0
19877,53,1,1286,0
19877,20,1,3438,0.1
19878,6,1,529,0
19879,3,1,3713,0.05
19880,49,1,1048,0.05
19881,1,1,150,0
19882,55,1,4572,0.15
19883,20,1,3438,0.1
19883,9,1,4658,0.05
19884,8,1,1791,0
19884,12,1,4627,0
19885,40,1,3255,0.15
19885,28,1,567,0.05
19886,9,1,4658,0
19886,13,1,3877,0
19887,31,2,3203,0.05
19887,1,1,150,0.05
19888,10,1,3487,0.1
19888,7,1,1985,0.05
19889,20,1,3438,0.1
19889,9,1,4658,0
19890,29,1,2320,0.1
19890,48,1,2972,0.2
19890,54,1,3026,0
19891,19,1,2193,0.05
19891,56,1,630,0
19892,40,1,3255,0.05
19893,8,1,1791,0
19893,57,1,729,0.05
19894,40,1,3255,0.05
19895,43,1,4289,0
19896,1,1,150,0.1
19896,22,2,1574,0.1
19896,9,1,4658,0.05
19897,32,1,126,0
19898,10,1,3487,0.2
19898,22,1,1574,0.2
19899,1,1,150,0
19899,16,1,1002,0
19900,10,1,3487,0
19900,54,1,3026,0
19900,14,1,4075,0
19901,31,1,3203,0.05
19901,11,1,1744,0
19901,3,1,3713,0.1
19902,26,1,4752,0
19903,2,1,3850,0
19903,29,2,2320,0
19904,30,1,4729,0.1
19905,56,1,630,0.05
19905,48,1,2972,0.1
19905,4,1,2293,0
19906,54,1,3026,0.1
19907,29,1,2320,0.05
19907,43,2,4289,0
19908,9,1,4658,0.1
19909,60,1,552,0.05
19909,17,1,2656,0
19910,1,1,150,0
19910,9,2,4658,0.05
19910,22,1,1574,0
19911,30,1,4729,0.1
19912,17,1,2656,0
19912,5,1,1760,0.05
19912,11,1,1744,0
19913,18,2,778,0.05
19914,22,1,1574,0.1
19915,27,1,1579,0
19916,41,1,931,0.2
19916,20,1,3438,0.05
19917,9,1,4658,0.1
19918,18,1,778,0
19919,53,1,1286,0.1
19920,53,1,1286,0
19920,49,1,1048,0.2
19921,22,3,1574,0.05
19922,24,1,2262,0.2
19923,56,1,630,0.05
19923,12,1,4627,0
19924,13,2,3877,0
19925,27,2,1579,0.1
19926,15,1,860,0.05
19927,33,1,4175,0.1
19927,49,1,1048,0.05
19928,38,1,3806,0
19928,28,1,567,0.15
19928,36,1,1580,0
19928,19,1,2193,0.05
19929,28,1,567,0.05
19929,48,1,2972,0.05
19929,7,1,1985,0.05
19930,36,1,1580,0
19931,60,1,552,0.05
19931,57,1,729,0.1
19931,21,1,2746,0.2
19932,23,1,2336,0.1
19932,16,1,1002,0
19933,17,1,2656,0.1
19933,5,1,1760,0
19934,10,1,3487,0.1
19935,19,1,2193,0.15
19935,9,1,4658,0.05
19936,45,2,4975,0.1
19936,5,1,1760,0.05
19937,1,1,150,0.1
19937,24,1,2262,0
19937,51,1,2916,0.1
19938,21,3,2746,0.05
19939,27,1,1579,0.2
19939,11,1,1744,0.05
19940,36,1,1580,0
19940,28,1,567,0.05
19940,22,1,1574,0
19940,49,1,1048,0.1
19941,1,2,150,0
19942,59,1,2290,0
19942,44,1,724,0
19942,45,1,4975,0
19943,30,2,4729,0.1
19943,11,1,1744,0
19943,3,1,3713,0.05
19944,34,1,2437,0.2
19944,40,1,3255,0
19945,6,1,529,0.1
19945,33,1,4175,0
19945,22,1,1574,0.1
19946,31,1,3203,0.2
19946,42,1,3125,0.1
19946,59,1,2290,0
19947,59,1,2290,0
19947,12,1,4627,0.05
19948,59,1,2290,0
19948,3,1,3713,0
19948,4,1,2293,0.05
19949,37,1,667,0
19949,8,2,1791,0
19949,30,2,4729,0.15
19949,49,2,1048,0
19950,37,1,667,0
19950,6,1,529,0.15
19951,23,1,2336,0
19952,31,1,3203,0.2
19952,50,1,2033,0
19953,40,1,3255,0.15
19954,57,1,729,0.15
19954,27,3,1579,0
19955,25,1,3410,0
19955,37,1,667,0
19955,42,1,3125,0.05
19955,55,2,4572,0.05
19956,30,1,4729,0.15
19956,25,1,3410,0.15
19957,58,2,1326,0.1
19958,36,1,1580,0.05
19959,15,1,860,0.05
19960,45,1,4975,0.05
19960,20,1,3438,0
19961,46,2,3785,0.15
19961,47,2,1558,0.05
19962,30,1,4729,0
19962,25,1,3410,0
19963,4,2,2293,0
19963,11,1,1744,0.05
19963,33,1,4175,0
19964,29,2,2320,0.1
19964,47,1,1558,0
19965,53,1,1286,0.05
19966,22,1,1574,0.1
19967,31,2,3203,0.05
19967,59,2,2290,0.15
19968,33,1,4175,0
19969,22,1,1574,0
19969,42,1,3125,0.1
19969,20,1,3438,0
19970,58,1,1326,0.05
19971,36,1,1580,0
19971,4,1,2293,0
19972,14,2,4075,0.1
19973,6,1,529,0.05
19973,23,1,2336,0.1
19973,5,1,1760,0.05
19974,35,1,1942,0.2
19974,58,1,1326,0
19975,34,2,2437,0
19976,19,1,2193,0.2
19976,11,1,1744,0
19977,24,1,2262,0
19977,54,2,3026,0.05
19978,7,1,1985,0
19978,20,1,3438,0
19979,16,1,1002,0
19979,40,1,3255,0.1
19980,14,1,4075,0.1
19980,12,1,4627,0.05
19981,42,3,3125,0.15
19981,6,3,529,0.05
19982,22,1,1574,0.05
19983,28,2,567,0
19984,8,1,1791,0
19985,3,2,3713,0.15
19986,21,3,2746,0.1
19987,55,2,4572,0.1
19987,51,1,2916,0.15
19987,14,1,4075,0
19987,53,1,1286,0
19988,51,1,2916,0.1
19989,8,1,1791,0.15
19989,9,1,4658,0.1
19990,7,1,1985,0.15
19990,56,1,630,0
19991,48,2,2972,0.1
19992,15,1,860,0.15
19992,25,1,3410,0.05
19992,55,1,4572,0
19993,38,1,3806,0
19993,51,1,2916,0
19994,24,1,2262,0.05
19995,13,1,3877,0
19995,46,2,3785,0
19996,42,1,3125,0
19996,52,1,1957,0.2
19997,21,1,2746,0
19998,39,1,2235,0.05
19999,36,1,1580,0
19999,38,1,3806,0.2
19999,18,2,778,0.1
19999,40,1,3255,0
20000,11,2,1744,0
20000,12,1,4627,0.1
20000,38,1,3806,0.15
20000,13,2,3877,0
20001,38,1,3806,0.05
20001,22,1,1574,0.1
20002,47,1,1558,0.2
20002,36,2,1580,0
20003,32,1,126,0.05
20003,2,1,3850,0.15
20003,43,1,4289,0
20004,51,1,2916,0.05
20004,24,1,2262,0
20005,4,1,2293,0.2
20005,47,1,1558,0.1
20006,5,1,1760,0.1
20006,54,2,3026,0
20006,11,1,1744,0
20007,33,2,4175,0
20007,60,2,552,0.05
20007,17,1,2656,0
20008,30,1,4729,0
20009,14,1,4075,0.1
20010,52,1,1957,0.1
20011,17,1,2656,0
20011,1,1,150,0.05
20011,50,1,2033,0
20012,51,1,2916,0.05
20013,13,2,3877,0.1
20013,43,2,4289,0.05
20013,9,1,4658,0
20014,38,1,3806,0
20015,31,1,3203,0
20015,28,1,567,0
20015,33,1,4175,0.1
20016,28,1,567,0
20016,43,2,4289,0.15
20017,17,2,2656,0
20018,55,1,4572,0
20018,33,1,4175,0.05
20019,11,1,1744,0
20019,25,1,3410,0.15
20020,36,1,1580,0
20020,15,1,860,0
20021,42,1,3125,0.1
20022,47,1,1558,0.15
20023,27,1,1579,0
20024,35,1,1942,0.1
20025,9,2,4658,0.05
20025,35,1,1942,0
20025,33,2,4175,0
20025,7,1,1985,0.1
20026,9,1,4658,0
20026,42,1,3125,0.05
20027,6,2,529,0.2
20028,2,1,3850,0
20028,8,1,1791,0.1
20029,15,1,860,0
20030,10,1,3487,0.05
20031,56,1,630,0
20032,48,1,2972,0
20033,44,1,724,0.2
20033,4,1,2293,0
20033,20,1,3438,0.1
20034,52,1,1957,0.05
20035,56,1,630,0.05
20035,23,1,2336,0.05
20035,3,1,3713,0.05
20035,48,1,2972,0
20036,36,1,1580,0.05
20036,19,2,2193,0
20037,46,1,3785,0.1
20037,15,2,860,0.2
20038,58,3,1326,0.05
20038,55,1,4572,0
20038,57,2,729,0
20039,52,1,1957,0
20039,1,1,150,0.1
20039,37,1,667,0.1
20040,51,1,2916,0.1
20040,45,1,4975,0.2
20041,57,1,729,0
20041,54,1,3026,0.1
20042,26,1,4752,0.2
20043,45,1,4975,0.1
20043,58,1,1326,0.1
20043,33,1,4175,0.05
20043,21,1,2746,0.1
20044,7,1,1985,0
20044,17,1,2656,0.05
20044,57,1,729,0.05
20044,17,1,2656,0
20045,25,1,3410,0.05
20046,6,1,529,0
20046,14,1,4075,0.1
20047,9,1,4658,0.15
20047,21,1,2746,0.1
20047,46,2,3785,0
20048,7,1,1985,0.1
20049,8,1,1791,0
20049,2,2,3850,0
20050,1,2,150,0
20050,4,1,2293,0.1
20051,4,2,2293,0.1
20051,16,1,1002,0
20052,48,1,2972,0
20052,41,1,931,0.05
20053,7,2,1985,0.05
20053,7,3,1985,0
20053,45,1,4975,0.05
20054,18,1,778,0
20055,56,2,630,0.1
20056,22,1,1574,0
20056,32,1,126,0.05
20057,26,1,4752,0
20058,58,1,1326,0
20058,51,1,2916,0.05
20058,6,1,529,0.15
20059,6,2,529,0.05
20059,27,2,1579,0.2
20060,40,1,3255,0.1
20061,54,1,3026,0.05
20061,40,1,3255,0
20062,48,2,2972,0.1
20062,28,2,567,0
20063,36,2,1580,0
20064,3,1,3713,0.1
20065,31,1,3203,0.05
20066,16,1,1002,0.15
20067,51,2,2916,0.05
20067,31,1,3203,0
20068,27,1,1579,0
20068,60,1,552,0
20069,52,1,1957,0.1
20069,48,2,2972,0
20070,34,1,2437,0
20070,49,1,1048,0.15
20071,17,3,2656,0.05
20071,30,2,4729,0
20071,28,1,567,0
20071,37,1,667,0
20072,46,1,3785,0
20072,55,1,4572,0.05
20073,47,1,1558,0.05
20073,53,2,1286,0.15
20074,23,1,2336,0.1
20075,22,1,1574,0.1
20075,54,1,3026,0
20076,5,1,1760,0
20076,60,1,552,0
20076,13,1,3877,0
20076,20,1,3438,0
20077,4,1,2293,0.05
20077,30,1,4729,0.05
20078,25,1,3410,0.15
20078,49,1,1048,0
20079,38,3,3806,0.2
20080,30,2,4729,0
20081,48,1,2972,0.1
20082,33,1,4175,0.05
20083,17,1,2656,0.05
20083,8,2,1791,0.05
20084,49,1,1048,0.15
20084,53,1,1286,0.1
20084,25,1,3410,0.05
20085,9,1,4658,0.2
20085,42,1,3125,0.2
20085,5,2,1760,0
20086,53,1,1286,0
20087,24,1,2262,0
20087,32,1,126,0.05
20088,11,1,1744,0.05
20089,37,1,667,0
20089,17,1,2656,0
20089,33,1,4175,0
20090,3,1,3713,0
20091,16,1,1002,0
20092,35,1,1942,0.05
20092,19,2,2193,0.1
20093,3,1,3713,0.05
20094,7,2,1985,0
20094,32,1,126,0.1
20095,42,3,3125,0.1
20096,31,1,3203,0.1
20096,60,1,552,0.05
20097,5,2,1760,0
20098,4,1,2293,0.15
20098,34,1,2437,0
20098,58,1,1326,0
20099,42,1,3125,0.15
20099,1,1,150,0.05
20100,16,1,1002,0
20101,40,1,3255,0.1
20102,44,1,724,0.15
20102,30,1,4729,0
20103,59,1,2290,0
20104,26,2,4752,0.05
20105,23,1,2336,0
20106,28,1,567,0.1
20107,22,2,1574,0.05
20108,40,1,3255,0.05
20108,49,1,1048,0
20109,33,1,4175,0.1
20109,3,1,3713,0
20110,40,1,3255,0.05
20111,46,2,3785,0.05
20111,53,1,1286,0.05
20112,39,1,2235,0.1
20112,30,1,4729,0.05
20113,26,1,4752,0.05
20113,27,1,1579,0.1
20114,16,1,1002,0.05
20115,23,2,2336,0
20115,11,1,1744,0.2
20116,48,1,2972,0
20117,32,1,126,0.1
20118,2,1,3850,0.05
20119,15,1,860,0.2
20120,6,1,529,0
20120,40,1,3255,0
20120,16,1,1002,0
20120,8,1,1791,0.05
20121,24,1,2262,0.05
20121,51,3,2916,0.05
20122,15,1,860,0.05
20122,56,1,630,0.05
20122,28,1,567,0.05
20122,18,3,778,0.15
20123,37,2,667,0
20124,30,2,4729,0
20124,24,2,2262,0
20125,60,2,552,0
20126,44,2,724,0.1
20127,59,3,2290,0.05
20128,21,1,2746,0
20129,30,1,4729,0
20129,52,1,1957,0
20129,22,1,1574,0
20129,10,1,3487,0
20130,56,1,630,0
20131,8,1,1791,0.1
20131,43,1,4289,0.1
20132,49,1,1048,0.05
20132,55,1,4572,0
20132,9,2,4658,0.15
20133,28,1,567,0
20134,37,3,667,0.15
20134,33,1,4175,0
20135,7,1,1985,0
20135,56,1,630,0.05
20135,6,2,529,0
20136,17,3,2656,0
20136,46,1,3785,0.05
20137,1,1,150,0
20137,29,1,2320,0.05
20138,46,1,3785,0.05
20139,1,1,150,0
20139,34,1,2437,0
20140,35,1,1942,0.05
20140,36,2,1580,0.15
20141,12,1,4627,0.1
20141,21,1,2746,0
20142,5,1,1760,0
20142,30,1,4729,0
20143,48,1,2972,0.15
20144,21,1,2746,0
20145,43,1,4289,0.15
20145,30,2,4729,0.15
20146,30,3,4729,0.05
20146,40,1,3255,0
20146,32,2,126,0.1
20147,37,1,667,0
20147,26,1,4752,0.1
20147,39,1,2235,0
20148,26,2,4752,0.05
20149,9,1,4658,0.05
20149,51,1,2916,0.1
20150,46,1,3785,0.15
20151,15,1,860,0
20151,7,1,1985,0
20152,50,1,2033,0
20153,54,1,3026,0.1
20153,16,1,1002,0
20154,18,1,778,0.15
20154,28,1,567,0
20155,5,1,1760,0
20156,30,1,4729,0
20156,5,1,1760,0
20157,57,1,729,0.05
20158,59,1,2290,0.05
20158,5,1,1760,0.15
20159,48,1,2972,0
20160,57,2,729,0
20160,7,1,1985,0
20161,21,1,2746,0.2
20162,30,1,4729,0.15
20163,49,1,1048,0
20164,60,1,552,0
20164,14,1,4075,0
20164,23,1,2336,0.05
20165,53,1,1286,0.05
20165,25,2,3410,0.1
20166,33,1,4175,0.2
20167,15,1,860,0
20168,44,1,724,0
20168,4,1,2293,0.15
20169,18,1,778,0.05
20169,21,1,2746,0.1
20170,55,1,4572,0.05
20171,57,1,729,0.1
20172,53,1,1286,0.1
20172,35,1,1942,0.1
20173,1,3,150,0.15
20174,12,1,4627,0
20175,39,1,2235,0.1
20176,1,1,150,0.1
20177,8,2,1791,0
20178,26,1,4752,0
20178,32,1,126,0.05
20178,35,1,1942,0.1
20179,51,1,2916,0.2
20179,7,1,1985,0.05
20180,53,1,1286,0
20181,58,1,1326,0.15
20182,52,2,1957,0.05
20182,9,1,4658,0.05
20182,1,3,150,0.15
20183,19,1,2193,0.05
20184,43,1,4289,0
20185,50,2,2033,0.15
20185,18,2,778,0.05
20185,22,1,1574,0.05
20186,2,1,3850,0.05
20186,20,1,3438,0
20187,59,2,2290,0.2
20187,47,2,1558,0
20188,29,1,2320,0.2
20189,27,1,1579,0.15
20190,47,1,1558,0
20191,21,1,2746,0.05
20191,51,1,2916,0.05
20191,59,2,2290,0
20192,16,2,1002,0.15
20193,12,1,4627,0.1
20194,43,1,4289,0.05
20195,39,1,2235,0
20195,48,2,2972,0
20196,60,1,552,0
20197,10,1,3487,0
20198,56,2,630,0
20199,21,1,2746,0.05
20200,1,1,150,0
20201,32,2,126,0.15
20201,4,1,2293,0.1
20202,54,1,3026,0.05
20202,42,2,3125,0.05
20203,32,1,126,0
20203,34,1,2437,0.05
20204,50,1,2033,0.2
20205,31,1,3203,0.1
20205,33,1,4175,0
20206,53,2,1286,0.1
20207,27,1,1579,0
20207,55,1,4572,0.15
20207,43,1,4289,0
20207,16,1,1002,0.15
20208,9,1,4658,0.1
20209,10,1,3487,0
20210,13,1,3877,0.1
20210,21,2,2746,0
20210,36,2,1580,0.2
20211,52,2,1957,0.2
20212,53,1,1286,0.1
20213,53,1,1286,0
20214,38,1,3806,0
20214,41,1,931,0
20215,29,2,2320,0.05
20216,47,2,1558,0.05
20216,39,1,2235,0
20217,45,2,4975,0.1
20218,44,1,724,0.05
20218,45,2,4975,0
20219,1,1,150,0
20220,53,1,1286,0
20221,34,2,2437,0.05
20221,2,1,3850,0.15
20222,8,1,1791,0.1
20223,9,1,4658,0
20224,20,1,3438,0.1
20225,5,1,1760,0
20226,6,1,529,0.05
20226,36,1,1580,0.05
20227,37,1,667,0
20227,27,1,1579,0
20228,13,1,3877,0.15
20229,49,2,1048,0.1
20229,18,1,778,0
20230,58,1,1326,0.1
20231,36,2,1580,0
20232,18,1,778,0.2
20232,59,1,2290,0
20233,25,1,3410,0
20233,40,3,3255,0.1
20234,44,1,724,0
20234,49,3,1048,0.2
20234,35,1,1942,0
20235,20,1,3438,0
20235,10,1,3487,0
20235,50,1,2033,0.15
20236,60,1,552,0.15
20236,28,1,567,0.15
20237,14,1,4075,0
20237,28,1,567,0
20238,55,2,4572,0.15
20239,4,1,2293,0
20240,58,1,1326,0.15
20241,48,1,2972,0.1
20241,25,1,3410,0.2
20242,12,1,4627,0.1
20243,8,1,1791,0.15
20243,39,2,2235,0.1
20243,54,1,3026,0.1
20244,34,1,2437,0.05
20244,54,1,3026,0
20244,12,1,4627,0
20245,47,1,1558,0
20246,41,1,931,0
20246,5,1,1760,0.05
20246,45,2,4975,0.1
20247,56,1,630,0.05
20248,60,1,552,0
20248,40,1,3255,0
20249,43,1,4289,0
20250,43,1,4289,0.2
20251,26,1,4752,0.05
20252,17,1,2656,0.05
20253,60,2,552,0.05
20253,47,1,1558,0
20254,60,1,552,0.1
20254,26,1,4752,0.15
20255,11,1,1744,0
20255,13,3,3877,0.1
20255,12,2,4627,0.05
20255,45,1,4975,0.05
20256,55,1,4572,0.05
20257,19,1,2193,0.1
20258,32,3,126,0.05
20259,38,3,3806,0
20260,9,2,4658,0.05
20260,12,1,4627,0
20261,13,1,3877,0.1
20262,22,1,1574,0
20263,10,1,3487,0.05
20263,4,1,2293,0.05
20263,13,1,3877,0.1
20263,54,1,3026,0
20264,45,1,4975,0
20264,45,1,4975,0.1
20264,59,2,2290,0.15
20265,60,1,552,0.1
20265,4,1,2293,0.05
20266,55,1,4572,0.05
20266,28,3,567,0
20267,17,1,2656,0.05
20268,9,2,4658,0.1
20268,12,1,4627,0.2
20268,60,3,552,0.15
20269,12,2,4627,0.1
20270,58,1,1326,0
20271,24,1,2262,0.1
20272,3,1,3713,0
20273,43,1,4289,0.2
20273,50,1,2033,0.15
20274,27,1,1579,0
20275,34,1,2437,0
20276,39,1,2235,0
20276,20,1,3438,0
20276,3,2,3713,0.05
20277,12,1,4627,0.1
20277,41,1,931,0
20277,54,1,3026,0.1
20278,58,1,1326,0.05
20279,27,1,1579,0.05
20279,60,1,552,0.05
20279,58,1,1326,0
20280,55,2,4572,0.1
20281,10,2,3487,0
20282,53,1,1286,0.05
20282,7,1,1985,0.05
20283,14,1,4075,0.05
20283,48,2,2972,0.05
20283,25,1,3410,0
20284,42,1,3125,0
20284,24,2,2262,0
20284,6,2,529,0
20284,22,2,1574,0.05
20285,3,3,3713,0.15
20285,18,1,778,0.15
20285,4,1,2293,0.15
20286,28,2,567,0.05
20286,35,1,1942,0.1
20286,59,1,2290,0
20286,59,1,2290,0.15
20287,51,2,2916,0.15
20288,15,1,860,0.2
20289,47,2,1558,0
20289,59,1,2290,0.1
20290,6,1,529,0
20291,7,1,1985,0.1
20292,51,2,2916,0.1
20293,31,1,3203,0
20293,29,1,2320,0.2
20293,53,1,1286,0.1
20294,39,3,2235,0
20294,23,1,2336,0
20294,58,1,1326,0
20295,56,1,630,0.1
20296,28,1,567,0.15
20297,19,1,2193,0.1
20297,8,1,1791,0
20298,19,1,2193,0
20299,10,1,3487,0
20300,8,2,1791,0.1
20300,53,1,1286,0
20300,53,1,1286,0
20301,14,1,4075,0
20301,29,2,2320,0
20302,19,1,2193,0.1
20302,35,2,1942,0.05
20303,9,2,4658,0.2
20303,46,1,3785,0
20304,17,1,2656,0.1
20305,59,1,2290,0.1
20306,18,1,778,0
20307,16,1,1002,0.05
20307,47,2,1558,0.1
20308,10,1,3487,0.1
20309,34,1,2437,0.05
20309,40,1,3255,0
20310,42,1,3125,0
20310,25,1,3410,0.1
20311,29,1,2320,0
20312,39,1,2235,0.05
20313,8,1,1791,0
20313,51,1,2916,0.15
20313,9,1,4658,0.15
20314,30,1,4729,0.15
20315,7,1,1985,0.1
20315,55,3,4572,0.1
20316,1,1,150,0.05
20316,40,1,3255,0.05
20317,38,1,3806,0
20317,11,1,1744,0.05
20318,4,2,2293,0
20319,17,1,2656,0.1
20320,16,1,1002,0.1
20321,37,1,667,0.15
20322,29,2,2320,0
20323,56,1,630,0
20323,9,2,4658,0.05
20323,10,1,3487,0
20324,2,1,3850,0
20325,17,1,2656,0
20326,31,2,3203,0.05
20327,47,1,1558,0.05
20328,29,3,2320,0.2
20329,54,1,3026,0
20330,41,1,931,0.2
20330,42,1,3125,0.05
20330,24,2,2262,0.1
20331,59,1,2290,0
20331,16,2,1002,0
20332,11,1,1744,0.15
20332,9,1,4658,0.2
20333,7,1,1985,0.05
20334,6,1,529,0
20334,55,1,4572,0
20334,60,1,552,0
20334,20,1,3438,0.05
20335,27,1,1579,0
20335,13,1,3877,0.05
20336,12,1,4627,0.2
20336,41,1,931,0.15
20337,59,1,2290,0.05
20337,7,1,1985,0.05
20338,52,1,1957,0.05
20339,30,1,4729,0
20340,24,1,2262,0
20341,46,1,3785,0
20341,56,2,630,0
20342,3,1,3713,0.05
20342,10,1,3487,0.1
20343,38,1,3806,0.05
20343,59,1,2290,0.1
20343,43,1,4289,0
20343,19,2,2193,0
20344,6,1,529,0.05
20344,58,2,1326,0.15
20344,54,1,3026,0
20345,13,1,3877,0.05
20345,18,1,778,0.15
20346,27,1,1579,0.05
20347,17,1,2656,0.05
20348,17,1,2656,0
20348,57,1,729,0
20349,23,1,2336,0
20349,52,2,1957,0.05
20350,8,2,1791,0.05
20350,35,2,1942,0
20350,43,1,4289,0.05
20351,45,1,4975,0
20351,52,1,1957,0
20352,27,1,1579,0
20352,2,1,3850,0
20353,33,1,4175,0
20353,9,1,4658,0
20354,48,2,2972,0.05
20355,19,1,2193,0.05
20355,52,1,1957,0.05
20355,38,1,3806,0.2
20356,43,1,4289,0.1
20357,56,1,630,0.1
20357,54,1,3026,0
20358,22,1,1574,0.05
20358,47,1,1558,0.15
20359,19,1,2193,0.05
20359,3,1,3713,0.15
20359,35,2,1942,0
20360,17,1,2656,0.1
20361,44,1,724,0.1
20361,51,2,2916,0.15
20361,46,1,3785,0
20362,4,1,2293,0.1
20362,25,1,3410,0
20363,2,2,3850,0.05
20363,49,1,1048,0
20364,48,1,2972,0
20364,53,1,1286,0
20365,20,3,3438,0
20366,28,1,567,0
20366,43,1,4289,0
20367,21,2,2746,0.2
20367,23,1,2336,0
20367,23,1,2336,0.05
20368,16,1,1002,0.1
20368,53,1,1286,0.05
20368,21,1,2746,0.2
20369,37,1,667,0
20370,57,1,729,0.05
20370,56,2,630,0
20371,9,2,4658,0.1
20371,46,1,3785,0
20372,16,1,1002,0
20373,16,1,1002,0.1
20374,51,2,2916,0.1
20374,43,1,4289,0
20374,12,1,4627,0.05
20375,27,1,1579,0
20375,41,1,931,0.05
20375,34,1,2437,0.05
20375,8,1,1791,0.05
20376,52,1,1957,0.1
20376,43,1,4289,0.05
20377,45,2,4975,0.15
20378,40,1,3255,0.05
20378,14,3,4075,0
20378,54,1,3026,0
20379,31,1,3203,0.05
20380,51,1,2916,0
20381,15,3,860,0
20381,30,2,4729,0.15
20381,54,1,3026,0
20382,39,1,2235,0.15
20383,56,2,630,0
20383,20,1,3438,0
20383,45,1,4975,0
20383,36,1,1580,0.05
20384,26,3,4752,0.15
20384,55,1,4572,0
20384,32,1,126,0.15
20384,16,1,1002,0
20385,26,1,4752,0
20386,40,1,3255,0.15
20386,33,2,4175,0.15
20387,3,1,3713,0
20388,40,2,3255,0.05
20389,55,1,4572,0
20390,48,1,2972,0.15
20391,6,1,529,0
20392,20,1,3438,0.05
20392,46,2,3785,0.05
20393,41,1,931,0
20393,59,1,2290,0
20393,40,1,3255,0.15
20394,42,1,3125,0.2
20394,49,1,1048,0.05
20395,31,1,3203,0
20395,51,2,2916,0
20395,5,1,1760,0.15
20395,44,1,724,0
20396,33,2,4175,0
20397,15,1,860,0
20398,47,1,1558,0.05
20399,56,1,630,0.05
20399,55,1,4572,0.05
20400,42,1,3125,0
20400,9,1,4658,0.15
20401,58,1,1326,0.1
20401,9,1,4658,0.05
20401,43,1,4289,0
20402,38,1,3806,0
20403,26,1,4752,0
20404,7,2,1985,0.05
20405,30,1,4729,0.05
20406,44,1,724,0.1
20406,26,1,4752,0.1
20407,50,1,2033,0
20408,60,1,552,0.05
20408,22,1,1574,0.15
20409,6,1,529,0
20409,10,1,3487,0.1
20410,8,1,1791,0.05
20411,34,1,2437,0.15
20411,29,1,2320,0.05
20412,35,2,1942,0
20412,24,1,2262,0.15
20412,34,1,2437,0.1
20413,2,1,3850,0.05
20413,48,1,2972,0
20413,35,2,1942,0
20413,34,2,2437,0
20414,43,2,4289,0.05
20414,41,1,931,0.05
20415,22,1,1574,0.05
20416,2,1,3850,0.05
20417,41,1,931,0
20417,21,1,2746,0.05
20418,40,1,3255,0.15
20418,5,2,1760,0.05
20419,36,1,1580,0
20420,29,2,2320,0
20420,14,1,4075,0
20420,7,1,1985,0
20421,44,1,724,0
20421,1,1,150,0.05
20422,13,1,3877,0
20422,30,1,4729,0.05
20423,54,1,3026,0.2
20424,48,1,2972,0.05
20425,7,1,1985,0.05
20425,13,2,3877,0
20426,34,1,2437,0.2
20426,13,2,3877,0.05
20426,12,1,4627,0
20427,3,2,3713,0.05
20428,13,1,3877,0.1
20429,42,1,3125,0
20429,38,1,3806,0.1
20429,28,1,567,0
20430,59,1,2290,0
20431,43,1,4289,0
20432,7,1,1985,0.1
20433,59,2,2290,0
20433,28,1,567,0.05
20434,35,1,1942,0
20435,56,1,630,0.1
20436,23,1,2336,0
20436,25,1,3410,0.05
20437,1,1,150,0.1
20437,23,1,2336,0
20438,46,1,3785,0
20438,47,1,1558,0
20439,18,1,778,0
20439,8,1,1791,0.15
20440,42,1,3125,0
20440,19,1,2193,0.05
20440,20,1,3438,0
20441,8,1,1791,0.05
20442,20,1,3438,0.05
20442,11,1,1744,0.05
20442,54,2,3026,0
20443,54,1,3026,0.1
20444,59,1,2290,0.05
20445,8,1,1791,0
20445,15,1,860,0.1
20446,6,1,529,0.1
20447,24,2,2262,0.1
20447,42,2,3125,0
20448,58,1,1326,0
20448,15,1,860,0.1
20449,13,1,3877,0.2
20449,29,1,2320,0.1
20450,35,1,1942,0.15
20450,27,2,1579,0
20451,25,1,3410,0.15
20452,33,1,4175,0
20453,50,1,2033,0.15
20454,33,1,4175,0.15
20454,18,2,778,0
20454,47,1,1558,0.15
20455,43,1,4289,0
20456,50,2,2033,0.15
20457,17,1,2656,0.05
20457,19,1,2193,0
20458,18,1,778,0
20459,53,1,1286,0
20459,39,1,2235,0.05
20459,14,1,4075,0.05
20460,41,2,931,0.1
20461,29,2,2320,0.1
20461,4,1,2293,0
20462,5,2,1760,0.1
20462,8,1,1791,0.05
20462,16,1,1002,0.1
20462,60,1,552,0.2
20463,46,1,3785,0
20464,21,1,2746,0.1
20465,50,1,2033,0.05
20465,22,1,1574,0
20466,50,2,2033,0
20466,6,1,529,0
20467,47,1,1558,0
20467,60,1,552,0.05
20467,43,1,4289,0.05
20467,23,1,2336,0.05
20468,42,1,3125,0
20468,49,2,1048,0.1
20468,58,1,1326,0
20469,34,1,2437,0.1
20469,24,1,2262,0.2
20469,4,1,2293,0.05
20470,24,2,2262,0.15
20470,56,1,630,0.05
20471,45,2,4975,0.05
20471,21,1,2746,0.05
20471,15,1,860,0.05
20471,47,1,1558,0.05
20472,5,1,1760,0
20472,46,1,3785,0.05
20472,6,3,529,0.15
20472,37,1,667,0.05
20473,56,1,630,0.1
20474,49,1,1048,0
20474,17,1,2656,0
20475,37,3,667,0.15
20475,22,2,1574,0
20475,60,1,552,0.05
20476,54,1,3026,0
20476,46,1,3785,0.2
20477,52,1,1957,0.15
20477,41,1,931,0.1
20478,32,1,126,0.05
20479,8,1,1791,0
20479,35,1,1942,0.05
20480,48,1,2972,0.05
20481,25,1,3410,0.05
20481,47,1,1558,0.05
20481,29,1,2320,0.05
20482,18,1,778,0
20482,16,1,1002,0.1
20482,53,1,1286,0.1
20482,5,3,1760,0.05
20483,54,1,3026,0
20484,54,1,3026,0.15
20484,47,1,1558,0
20485,14,1,4075,0
20485,13,2,3877,0
20485,46,1,3785,0.2
20485,15,2,860,0.1
20486,12,1,4627,0
20486,9,1,4658,0
20486,22,1,1574,0
20487,48,2,2972,0.15
20487,25,1,3410,0.05
20488,44,2,724,0.2
20489,16,1,1002,0
20490,29,1,2320,0
20490,26,1,4752,0.05
20491,9,1,4658,0
20491,46,2,3785,0
20492,9,1,4658,0.05
20492,28,1,567,0
20493,19,2,2193,0.1
20493,36,2,1580,0.05
20494,40,1,3255,0.05
20494,7,1,1985,0.05
20495,57,1,729,0
20495,23,1,2336,0.05
20495,10,2,3487,0.05
20496,7,1,1985,0.2
20496,21,1,2746,0
20497,8,1,1791,0.05
20497,25,1,3410,0.15
20498,52,1,1957,0
20499,12,2,4627,0.15
20500,38,1,3806,0
20500,5,1,1760,0.05
20500,47,1,1558,0.05
20501,18,1,778,0.1
20501,49,2,1048,0
20502,20,1,3438,0.1
20502,29,1,2320,0.1
20502,19,2,2193,0
20503,10,3,3487,0.05
20504,25,1,3410,0
20504,57,2,729,0
20505,59,2,2290,0.1
20505,44,1,724,0.05
20506,35,1,1942,0.2
20507,37,1,667,0.15
20507,52,1,1957,0
20508,40,1,3255,0.2
20508,40,1,3255,0
20509,51,1,2916,0
20510,51,1,2916,0
20511,45,2,4975,0.05
20512,10,1,3487,0.1
20513,20,1,3438,0
20513,50,1,2033,0
20514,50,1,2033,0
20515,52,1,1957,0
20516,60,1,552,0.1
20517,59,1,2290,0
20517,23,3,2336,0.1
20518,14,2,4075,0.05
20519,17,1,2656,0
20519,45,1,4975,0.05
20520,3,1,3713,0.2
20521,54,1,3026,0.05
20522,25,1,3410,0
20523,54,1,3026,0.1
20523,35,2,1942,0.1
20523,43,1,4289,0.05
20524,28,1,567,0
20524,46,2,3785,0.05
20524,14,1,4075,0.1
20525,20,1,3438,0
20526,45,1,4975,0
20526,54,1,3026,0.2
20527,26,1,4752,0.05
20528,45,1,4975,0.05
20529,9,1,4658,0.2
20530,34,1,2437,0.2
20531,22,1,1574,0
20532,24,1,2262,0.05
20532,49,1,1048,0.05
20533,26,1,4752,0
20533,57,2,729,0
20534,54,1,3026,0.05
20534,37,1,667,0
20535,36,1,1580,0.05
20535,56,2,630,0.1
20536,53,2,1286,0.05
20536,4,1,2293,0
20537,10,1,3487,0
20537,4,1,2293,0
20538,24,1,2262,0.15
20538,34,1,2437,0.1
20538,34,2,2437,0
20539,50,1,2033,0.05
20539,34,2,2437,0
20540,10,1,3487,0.1
20541,57,1,729,0.05
20541,38,1,3806,0
20542,4,1,2293,0
20543,51,1,2916,0.1
20544,38,1,3806,0.05
20545,14,3,4075,0.05
20546,52,1,1957,0.05
20546,21,1,2746,0
20547,29,1,2320,0.2
20547,26,1,4752,0.05
20547,44,1,724,0.15
20548,50,1,2033,0.05
20549,19,2,2193,0.1
20549,9,1,4658,0.05
20550,51,1,2916,0.2
20551,17,1,2656,0.05
20552,11,3,1744,0
20552,43,1,4289,0.15
20553,60,1,552,0.15
20554,35,1,1942,0.2
20555,24,2,2262,0
20556,48,1,2972,0.1
20556,19,1,2193,0.1
20557,20,1,3438,0.05
20557,35,3,1942,0.15
20558,60,1,552,0.05
20558,58,1,1326,0.05
20559,10,2,3487,0.15
20559,42,1,3125,0.05
20559,22,1,1574,0.05
20560,32,1,126,0
20560,40,3,3255,0
20561,37,1,667,0
20561,12,1,4627,0.05
20561,4,1,2293,0.05
20562,12,1,4627,0
20562,16,2,1002,0
20562,7,1,1985,0
20563,3,1,3713,0.1
20564,25,1,3410,0.15
20565,25,1,3410,0.15
20566,49,1,1048,0.05
20566,41,1,931,0.1
20567,18,1,778,0.05
20567,27,1,1579,0.05
20568,34,1,2437,0
20568,45,2,4975,0
20568,59,1,2290,0.05
20569,36,2,1580,0
20569,34,1,2437,0.05
20570,42,1,3125,0.05
20570,8,1,1791,0
20571,8,1,1791,0
20571,55,1,4572,0
20572,58,2,1326,0.1
20572,23,3,2336,0
20573,55,1,4572,0.05
20573,18,1,778,0.15
20573,55,2,4572,0
20574,32,1,126,0.05
20574,31,1,3203,0
20575,57,1,729,0.15
20576,18,1,778,0
20577,11,1,1744,0
20577,53,1,1286,0.2
20578,19,1,2193,0.05
20578,53,1,1286,0
20578,19,1,2193,0.05
20578,48,1,2972,0.05
20579,36,1,1580,0.05
20579,24,1,2262,0.15
20579,29,1,2320,0.05
20579,6,1,529,0.05
20580,49,2,1048,0
20581,47,1,1558,0.1
20582,41,2,931,0.05
20583,59,2,2290,0.05
20583,23,1,2336,0
20584,27,1,1579,0
20585,8,1,1791,0
20585,59,1,2290,0
20585,1,1,150,0.05
20585,19,1,2193,0.05
20586,36,1,1580,0.1
20587,43,1,4289,0.2
20587,6,1,529,0.05
20587,28,1,567,0.05
20588,60,1,552,0
20588,16,1,1002,0.05
20588,8,1,1791,0.15
20589,33,2,4175,0.15
20590,54,1,3026,0.05
20590,30,1,4729,0
20591,38,1,3806,0
20591,34,1,2437,0
20592,19,1,2193,0
20592,33,1,4175,0.1
20592,51,1,2916,0.1
20593,12,1,4627,0
20593,44,1,724,0.2
20594,1,2,150,0.05
20594,10,1,3487,0
20594,39,1,2235,0.2
20595,15,1,860,0
20596,4,3,2293,0.2
20597,40,1,3255,0
20597,43,1,4289,0.05
20597,1,1,150,0
20598,51,1,2916,0.05
20598,58,1,1326,0
20598,34,1,2437,0.05
20599,27,1,1579,0
20600,9,1,4658,0
20601,42,2,3125,0
20601,29,1,2320,0.05
20601,59,2,2290,0
20601,8,2,1791,0
20602,19,1,2193,0.15
20602,5,2,1760,0.05
20603,41,2,931,0
20603,5,1,1760,0
20604,33,1,4175,0
20604,33,2,4175,0
20605,55,1,4572,0.1
20606,40,1,3255,0.1
20607,42,2,3125,0.05
20608,39,1,2235,0
20609,9,2,4658,0
20610,11,1,1744,0.1
20611,11,1,1744,0
20611,60,1,552,0.05
20611,21,1,2746,0.15
20612,54,1,3026,0
20613,58,1,1326,0
20613,51,1,2916,0.1
20613,52,2,1957,0
20614,33,1,4175,0
20614,8,1,1791,0
20615,12,1,4627,0
20615,24,2,2262,0
20616,6,1,529,0.1
20616,9,1,4658,0.1
20616,35,1,1942,0
20617,59,1,2290,0.1
20618,23,1,2336,0.1
20618,32,1,126,0
20619,48,1,2972,0
20620,12,1,4627,0.2
20620,42,1,3125,0.15
20620,32,2,126,0
20621,44,2,724,0
20621,53,1,1286,0
20622,36,1,1580,0.2
20623,30,1,4729,0
20624,25,1,3410,0.05
20625,17,1,2656,0.1
20625,16,1,1002,0.05
20626,3,1,3713,0.05
20626,39,2,2235,0.1
20627,13,1,3877,0.1
20628,8,2,1791,0
20628,52,1,1957,0
20628,23,1,2336,0.05
20629,17,1,2656,0.15
20630,10,1,3487,0
20630,36,1,1580,0.1
20631,19,1,2193,0
20631,21,2,2746,0.2
20632,59,1,2290,0.05
20633,29,3,2320,0.05
20634,31,1,3203,0
20634,18,2,778,0
20635,13,1,3877,0.15
20635,19,1,2193,0
20635,8,1,1791,0
20635,48,1,2972,0.2
20636,22,1,1574,0
20636,5,1,1760,0
20637,8,1,1791,0.2
20638,13,1,3877,0.05
20639,11,1,1744,0.05
20640,41,1,931,0
20641,7,1,1985,0
20642,60,1,552,0.05
20642,12,1,4627,0.05
20643,2,1,3850,0.05
20643,44,1,724,0
20644,26,1,4752,0
20645,46,2,3785,0
20645,53,1,1286,0
20645,59,1,2290,0.15
20646,31,1,3203,0.1
20646,48,2,2972,0.1
20647,16,2,1002,0.1
20647,5,1,1760,0
20647,9,1,4658,0.2
20648,15,1,860,0.1
20649,41,1,931,0.05
20649,57,1,729,0
20649,5,1,1760,0
20650,43,2,4289,0
20651,14,1,4075,0
20651,38,1,3806,0.05
20652,47,2,1558,0.05
20653,45,1,4975,0
20653,37,2,667,0.05
20653,35,1,1942,0
20654,26,1,4752,0
20655,36,1,1580,0.1
20655,7,1,1985,0.1
20655,11,1,1744,0
20655,43,1,4289,0
20656,59,1,2290,0
20657,47,2,1558,0.1
20657,11,1,1744,0.05
20658,10,1,3487,0
20659,31,1,3203,0
20659,13,1,3877,0.05
20659,15,2,860,0
20660,2,1,3850,0.1
20660,29,3,2320,0
20660,32,1,126,0
20661,23,1,2336,0
20662,44,1,724,0.05
20663,16,1,1002,0
20664,13,1,3877,0.15
20664,10,1,3487,0
20664,54,1,3026,0.1
20665,42,1,3125,0
20666,31,1,3203,0.15
20667,5,1,1760,0
20667,7,1,1985,0.05
20667,28,1,567,0.05
20667,45,1,4975,0.15
20668,1,1,150,0.2
20668,9,1,4658,0
20669,38,1,3806,0
20669,27,1,1579,0.1
20670,25,1,3410,0
20671,55,1,4572,0.15
20671,14,1,4075,0.15
20671,22,1,1574,0
20672,30,1,4729,0.05
20673,24,1,2262,0.2
20673,15,1,860,0.05
20673,10,1,3487,0.1
20674,18,1,778,0
20675,48,1,2972,0
20675,13,2,3877,0
20676,20,1,3438,0
20677,57,1,729,0.2
20677,11,1,1744,0
20677,54,2,3026,0
20678,30,1,4729,0.05
20678,2,1,3850,0.05
20679,54,1,3026,0.1
20679,35,2,1942,0.1
20679,31,1,3203,0
20680,4,1,2293,0
20680,36,2,1580,0.15
20680,7,1,1985,0
20681,16,2,1002,0.2
20682,18,1,778,0.05
20683,22,1,1574,0.05
20683,12,1,4627,0.1
20683,18,1,778,0
20684,58,2,1326,0.15
20685,25,1,3410,0.15
20686,38,3,3806,0.05
20686,17,1,2656,0
20687,13,1,3877,0.05
20687,2,1,3850,0.1
20688,28,2,567,0.2
20689,48,1,2972,0.15
20689,36,1,1580,0
20690,28,1,567,0.05
20691,3,1,3713,0.05
20692,26,1,4752,0.15
20693,30,2,4729,0.1
20693,45,1,4975,0.05
20694,28,1,567,0.15
20694,37,1,667,0.05
20694,6,1,529,0.2
20694,19,2,2193,0.05
20695,4,1,2293,0
20695,42,1,3125,0.15
20696,44,1,724,0
20696,36,1,1580,0.2
20696,23,1,2336,0
20697,30,2,4729,0
20697,27,2,1579,0
20697,13,1,3877,0.2
20698,9,3,4658,0.1
20698,56,1,630,0.2
20699,14,1,4075,0
20700,57,1,729,0.05
20700,57,1,729,0.1
20700,16,1,1002,0.15
20701,41,2,931,0.05
20701,30,1,4729,0
20701,11,1,1744,0.1
20701,28,1,567,0.05
20702,19,2,2193,0.15
20703,17,1,2656,0
20703,2,2,3850,0.05
20704,52,1,1957,0.2
20704,10,3,3487,0.1
20704,34,1,2437,0.1
20705,29,1,2320,0
20706,25,1,3410,0.2
20707,34,1,2437,0
20708,44,2,724,0
20708,33,1,4175,0
20708,35,1,1942,0.05
20708,21,1,2746,0.15
20709,3,1,3713,0.1
20710,31,1,3203,0.1
20711,11,2,1744,0.05
20711,4,2,2293,0.1
20712,36,1,1580,0.1
20713,52,1,1957,0.05
20714,11,1,1744,0
20715,3,3,3713,0
20715,33,1,4175,0.1
20716,59,2,2290,0
20716,60,1,552,0.1
20717,17,3,2656,0
20718,25,1,3410,0
20719,50,1,2033,0
20720,39,1,2235,0.15
20720,53,1,1286,0.1
20721,49,1,1048,0
20721,40,1,3255,0.15
20722,54,2,3026,0.05
20722,54,1,3026,0.05
20722,32,1,126,0
20723,42,1,3125,0
20724,54,2,3026,0.1
20724,51,1,2916,0.2
20724,12,1,4627,0
20725,25,1,3410,0.05
20725,31,2,3203,0
20725,53,1,1286,0.05
20725,60,1,552,0.1
20726,46,1,3785,0.05
20726,44,1,724,0
20727,17,1,2656,0
20728,18,1,778,0.2
20729,1,1,150,0.15
20730,30,1,4729,0.2
20730,15,1,860,0.05
20731,53,1,1286,0
20732,23,1,2336,0.2
20733,17,1,2656,0
20734,27,1,1579,0.05
20734,40,2,3255,0
20735,16,1,1002,0.1
20735,55,1,4572,0
20736,4,1,2293,0.15
20736,24,2,2262,0.1
20737,9,1,4658,0.05
20737,59,1,2290,0.05
20737,11,1,1744,0
20738,60,1,552,0.15
20739,41,1,931,0.05
20740,18,1,778,0.1
20741,56,2,630,0.15
20742,14,2,4075,0.05
20742,55,2,4572,0.05
20743,13,3,3877,0.05
20744,51,1,2916,0.05
20745,19,1,2193,0.05
20745,14,1,4075,0
20745,37,2,667,0
20746,33,1,4175,0
20746,41,1,931,0.2
20746,26,1,4752,0.05
20747,31,1,3203,0
20748,3,1,3713,0.05
20748,28,1,567,0.2
20748,7,1,1985,0
20749,1,1,150,0
20750,39,1,2235,0.1
20750,59,1,2290,0.05
20751,6,1,529,0.1
20752,27,1,1579,0
20752,19,1,2193,0.1
20753,51,1,2916,0
20754,25,1,3410,0
20755,20,1,3438,0
20755,20,2,3438,0.05
20755,21,1,2746,0
20756,1,1,150,0.15
20757,52,1,1957,0.05
20758,12,1,4627,0.2
20758,5,1,1760,0.15
20759,9,1,4658,0.15
20759,13,1,3877,0.1
20760,14,1,4075,0
20761,3,1,3713,0.05
20762,50,1,2033,0.15
20762,42,1,3125,0.1
20763,14,1,4075,0
20764,42,1,3125,0.05
20765,18,1,778,0.1
20765,14,1,4075,0.05
20766,33,1,4175,0
20766,27,3,1579,0.05
20766,42,1,3125,0.05
20767,42,1,3125,0
20767,15,1,860,0.15
20767,7,3,1985,0.15
20768,34,2,2437,0
20768,42,1,3125,0.1
20769,37,1,667,0
20769,49,1,1048,0
20770,19,1,2193,0.05
20771,23,1,2336,0
20772,11,1,1744,0
20773,55,1,4572,0
20774,14,1,4075,0.2
20774,4,1,2293,0.05
20775,7,1,1985,0.1
20775,10,1,3487,0.1
20775,44,1,724,0
20776,52,2,1957,0
20777,39,1,2235,0
20777,10,1,3487,0
20778,31,1,3203,0.05
20778,60,1,552,0.2
20778,25,2,3410,0.1
20779,44,2,724,0
20779,24,1,2262,0.2
20780,43,2,4289,0.1
20780,52,1,1957,0.05
20781,15,1,860,0.05
20781,7,1,1985,0.05
20782,12,1,4627,0.1
20783,38,1,3806,0.1
20784,29,2,2320,0.1
20784,12,1,4627,0
20784,56,1,630,0.15
20784,37,1,667,0.15
20785,35,1,1942,0.15
20786,8,1,1791,0.15
20786,24,2,2262,0.05
20786,9,2,4658,0.05
20787,8,1,1791,0.05
20788,29,2,2320,0
20788,10,2,3487,0
20789,33,1,4175,0.05
20789,46,1,3785,0.1
20790,3,2,3713,0
20791,3,1,3713,0.1
20791,8,3,1791,0.1
20792,44,1,724,0.2
20792,56,1,630,0.1
20793,53,2,1286,0.05
20793,49,1,1048,0.1
20794,28,1,567,0.15
20795,60,1,552,0
20795,25,1,3410,0
20795,41,1,931,0.15
20796,35,1,1942,0.15
20797,45,1,4975,0
20797,38,2,3806,0.05
20797,56,1,630,0
20798,13,1,3877,0.05
20798,13,2,3877,0
20799,9,1,4658,0.2
20799,50,1,2033,0.1
20800,50,1,2033,0
20801,46,1,3785,0.05
20802,60,2,552,0.1
20802,22,1,1574,0.05
20803,45,2,4975,0
20803,9,1,4658,0
20803,36,1,1580,0.05
20804,16,1,1002,0.15
20804,3,1,3713,0.15
20805,15,1,860,0.05
20805,8,1,1791,0
20805,1,1,150,0
20806,59,1,2290,0.05
20807,2,3,3850,0
20808,28,3,567,0.05
20809,16,1,1002,0.1
20810,60,1,552,0.1
20810,10,1,3487,0
20811,26,1,4752,0
20811,47,1,1558,0
20812,21,2,2746,0.05
20813,57,1,729,0
20814,40,1,3255,0.1
20815,15,1,860,0.05
20815,26,1,4752,0.1
20816,16,1,1002,0
20816,50,1,2033,0.05
20816,37,1,667,0.15
20817,36,1,1580,0.1
20818,13,1,3877,0
20819,47,1,1558,0
20820,36,1,1580,0.15
20820,43,1,4289,0.2
20821,19,1,2193,0
20822,48,2,2972,0
20822,20,2,3438,0.1
20822,39,1,2235,0
20823,17,1,2656,0.05
20823,17,1,2656,0
20824,51,1,2916,0.1
20824,2,1,3850,0.1
20825,49,1,1048,0
20826,59,1,2290,0.05
20826,19,2,2193,0
20827,53,1,1286,0.05
20828,31,1,3203,0.05
20829,17,2,2656,0.05
20829,17,1,2656,0.1
20830,50,1,2033,0.2
20830,20,1,3438,0.1
20830,57,1,729,0.05
20830,39,1,2235,0
20831,31,1,3203,0.1
20831,22,1,1574,0.2
20831,32,1,126,0.1
20832,27,1,1579,0.05
20833,11,1,1744,0.05
20833,22,1,1574,0
20834,41,1,931,0
20835,8,3,1791,0.05
20835,9,1,4658,0.05
20836,18,1,778,0
20836,45,1,4975,0
20837,24,1,2262,0
20838,21,1,2746,0.2
20839,17,1,2656,0.1
20839,48,1,2972,0
20839,10,1,3487,0.1
20839,3,1,3713,0.2
20840,38,1,3806,0.15
20840,17,2,2656,0.1
20840,8,1,1791,0
20841,42,1,3125,0.1
20841,48,1,2972,0.15
20842,26,1,4752,0.15
20842,31,1,3203,0.05
20842,8,1,1791,0.05
20842,41,1,931,0
20843,25,3,3410,0
20843,50,2,2033,0
20843,41,1,931,0
20844,49,1,1048,0.05
20845,49,1,1048,0
20845,49,2,1048,0
20846,37,1,667,0
20847,14,1,4075,0
20847,52,1,1957,0
20848,37,1,667,0.1
20849,42,1,3125,0
20850,48,2,2972,0.1
20850,58,1,1326,0.05
20851,30,1,4729,0
20852,42,1,3125,0.2
20852,6,1,529,0.1
20853,21,1,2746,0
20853,6,1,529,0.05
20854,10,1,3487,0.05
20854,23,1,2336,0.05
20855,10,1,3487,0.05
20856,47,2,1558,0.15
20857,41,1,931,0.15
20857,34,1,2437,0
20857,5,2,1760,0.05
20857,51,1,2916,0.05
20858,1,1,150,0
20858,55,1,4572,0
20858,11,1,1744,0.05
20858,25,3,3410,0
20859,55,1,4572,0
20859,16,1,1002,0
20860,37,1,667,0
20860,19,3,2193,0.05
20860,18,2,778,0
20861,26,1,4752,0
20861,28,1,567,0
20862,49,1,1048,0.05
20863,30,1,4729,0.15
20863,26,1,4752,0.05
20864,13,2,3877,0
20864,49,2,1048,0.1
20864,2,1,3850,0.05
20864,47,1,1558,0.15
20865,30,1,4729,0.05
20865,11,1,1744,0.05
20865,42,1,3125,0.1
20866,36,1,1580,0.1
20866,6,2,529,0
20867,49,1,1048,0.05
20868,46,3,3785,0.05
20868,59,1,2290,0.05
20869,30,1,4729,0.15
20870,32,1,126,0.15
20871,55,1,4572,0
20872,16,2,1002,0
20872,19,1,2193,0.05
20873,53,1,1286,0.1
20874,21,1,2746,0.05
20874,42,3,3125,0
20875,25,2,3410,0
20875,14,1,4075,0
20876,34,1,2437,0
20876,10,1,3487,0
20876,21,1,2746,0.1
20877,19,1,2193,0
20878,8,1,1791,0.1
20878,34,1,2437,0
20878,32,2,126,0.05
20879,41,1,931,0.05
20880,25,1,3410,0
20881,56,1,630,0.15
20882,44,1,724,0.1
20883,9,1,4658,0
20883,26,1,4752,0
20884,16,1,1002,0
20884,60,1,552,0.05
20885,30,1,4729,0
20885,13,1,3877,0.05
20886,23,1,2336,0.05
20887,3,1,3713,0
20887,31,1,3203,0.05
20888,42,1,3125,0.05
20889,18,2,778,0.05
20890,8,1,1791,0
20891,46,1,3785,0.1
20892,17,2,2656,0.2
20892,57,2,729,0.15
20893,14,1,4075,0.1
20893,33,1,4175,0.2
20894,5,2,1760,0.2
20895,60,3,552,0
20895,10,1,3487,0.05
20896,17,3,2656,0.1
20897,29,1,2320,0
20897,34,1,2437,0.1
20898,4,1,2293,0
20899,18,1,778,0
20900,13,1,3877,0.1
20901,44,3,724,0.05
20901,51,2,2916,0.1
20902,9,1,4658,0
20903,27,1,1579,0.1
20903,31,1,3203,0
20903,51,1,2916,0.2
20904,19,1,2193,0.15
20905,23,1,2336,0.15
20905,52,1,1957,0
20906,23,1,2336,0.1
20907,2,1,3850,0.2
20907,46,1,3785,0
20908,19,2,2193,0.2
20909,42,1,3125,0
20910,54,1,3026,0
20911,25,2,3410,0.1
20911,20,2,3438,0
20912,28,1,567,0
20913,57,1,729,0.05
20913,37,1,667,0.05
20913,38,1,3806,0.1
20914,47,1,1558,0
20914,56,2,630,0.1
20914,25,1,3410,0.05
20915,3,1,3713,0.05
20915,16,1,1002,0.2
20916,14,1,4075,0
20917,52,1,1957,0
20918,53,1,1286,0
20918,3,1,3713,0.1
20918,51,1,2916,0
20918,51,1,2916,0
20919,57,1,729,0.2
20919,4,1,2293,0.1
20920,14,1,4075,0.1
20920,29,1,2320,0.05
20920,48,1,2972,0
20921,4,1,2293,0
20921,50,1,2033,0.05
20922,36,2,1580,0
20923,39,1,2235,0.15
20923,4,1,2293,0
20924,5,1,1760,0
20924,17,3,2656,0.1
20924,59,1,2290,0.1
20924,25,1,3410,0.15
20925,9,1,4658,0.05
20926,9,3,4658,0.1
20926,53,1,1286,0
20927,22,1,1574,0
20927,47,1,1558,0.1
20927,6,1,529,0.05
20928,4,1,2293,0.2
20929,13,1,3877,0.05
20930,30,1,4729,0
20930,49,1,1048,0.05
20931,7,1,1985,0
20931,25,1,3410,0
20932,35,1,1942,0
20933,57,1,729,0
20934,31,1,3203,0.05
20934,17,1,2656,0.1
20934,44,1,724,0.05
20935,38,1,3806,0.05
20935,43,1,4289,0.05
20936,59,1,2290,0.15
20937,41,1,931,0
20937,54,1,3026,0.1
20937,10,1,3487,0
20938,52,1,1957,0.15
20939,8,1,1791,0.15
20940,41,1,931,0.1
20940,41,1,931,0
20940,46,2,3785,0
20941,18,1,778,0.05
20941,51,1,2916,0.05
20941,8,1,1791,0
20942,2,1,3850,0.05
20942,35,1,1942,0.2
20942,13,2,3877,0.1
20943,40,1,3255,0
20944,59,1,2290,0
20944,15,1,860,0.1
20945,1,1,150,0.05
20945,60,1,552,0.15
20945,50,2,2033,0.1
20946,1,1,150,0.1
20947,12,2,4627,0
20947,16,1,1002,0
20948,5,1,1760,0.15
20948,37,1,667,0
20949,20,3,3438,0
20950,1,1,150,0.1
20950,44,1,724,0.05
20950,60,1,552,0
20950,16,1,1002,0.1
20951,30,1,4729,0.1
20951,60,2,552,0
20951,51,1,2916,0
20951,16,1,1002,0.05
20952,48,1,2972,0.05
20952,39,1,2235,0.15
20952,30,3,4729,0.1
20953,44,1,724,0.05
20954,50,1,2033,0
20955,54,1,3026,0.1
20956,19,1,2193,0.05
20956,31,2,3203,0
20956,12,2,4627,0
20956,60,1,552,0
20957,58,1,1326,0
20957,45,1,4975,0
20958,40,1,3255,0.05
20959,37,1,667,0
20960,48,1,2972,0.1
20960,13,1,3877,0.05
20961,40,1,3255,0
20962,41,1,931,0.1
20963,53,2,1286,0
20964,50,1,2033,0.15
20964,60,1,552,0.05
20964,8,1,1791,0.15
20965,4,1,2293,0.1
20965,28,1,567,0
20965,51,2,2916,0
20966,1,1,150,0.05
20966,31,1,3203,0
20967,32,1,126,0.05
20967,25,1,3410,0
20968,43,2,4289,0.1
20969,58,1,1326,0
20969,39,1,2235,0.05
20969,45,1,4975,0.15
20970,25,1,3410,0
20970,27,1,1579,0.1
20971,45,1,4975,0
20971,32,2,126,0.1
20972,41,1,931,0.05
20972,44,1,724,0
20973,19,1,2193,0
20973,48,1,2972,0
20973,7,1,1985,0
20974,38,1,3806,0
20974,44,1,724,0
20975,13,1,3877,0
20976,2,1,3850,0
20976,58,2,1326,0
20977,54,1,3026,0
20977,51,1,2916,0
20977,43,1,4289,0
20978,16,1,1002,0.05
20979,36,1,1580,0
20980,23,1,2336,0
20981,12,1,4627,0.1
20982,17,2,2656,0.2
20983,30,1,4729,0
20983,25,1,3410,0.15
20984,2,2,3850,0.05
20985,59,1,2290,0.05
20985,13,1,3877,0
20986,15,1,860,0.05
20986,14,1,4075,0.05
20986,38,1,3806,0
20987,30,1,4729,0
20987,16,1,1002,0
20987,8,2,1791,0.15
20988,58,1,1326,0.15
20989,18,1,778,0
20989,20,3,3438,0.2
20990,58,1,1326,0
20991,3,2,3713,0
20992,32,1,126,0.05
20993,35,1,1942,0
20993,6,1,529,0.1
20993,19,1,2193,0.1
20994,23,1,2336,0.1
20995,59,1,2290,0
20995,54,1,3026,0
20996,31,1,3203,0
20997,7,1,1985,0.05
20998,11,2,1744,0.15
20999,27,1,1579,0
21000,30,1,4729,0.15
21001,47,1,1558,0
21001,45,1,4975,0
21002,60,1,552,0.2
21003,53,1,1286,0
21004,25,1,3410,0
21005,15,1,860,0.05
21005,46,1,3785,0
21006,4,1,2293,0.2
21006,1,1,150,0.05
21007,23,1,2336,0
21007,38,1,3806,0
21008,33,1,4175,0.05
21009,44,1,724,0.05
21009,37,1,667,0.1
21009,43,2,4289,0
21009,6,1,529,0.05
21010,54,2,3026,0.05
21011,26,1,4752,0.15
21012,17,1,2656,0.1
21012,2,1,3850,0.1
21013,2,1,3850,0.1
21013,13,1,3877,0.1
21014,16,1,1002,0.1
21015,22,1,1574,0
21015,19,1,2193,0
21016,14,1,4075,0
21017,27,2,1579,0.15
21017,25,1,3410,0
21017,36,1,1580,0
21018,27,1,1579,0
21018,14,1,4075,0.1
21019,51,1,2916,0
21020,17,1,2656,0.05
21020,22,1,1574,0.1
21021,3,3,3713,0.05
21022,2,1,3850,0.05
21023,60,2,552,0.05
21023,31,2,3203,0.1
21024,41,1,931,0.15
21025,1,1,150,0
21025,12,1,4627,0.05
21025,10,2,3487,0.05
21026,21,1,2746,0.1
21026,42,2,3125,0.05
21026,28,1,567,0
21027,34,1,2437,0
21028,34,1,2437,0
21028,3,1,3713,0.05
21029,1,1,150,0.1
21029,5,1,1760,0
21029,5,1,1760,0.2
21030,6,1,529,0.1
21030,44,3,724,0
21030,4,3,2293,0.15
21030,41,1,931,0
21031,23,2,2336,0
21031,45,1,4975,0.05
21032,3,1,3713,0.05
21032,51,1,2916,0.1
21033,51,1,2916,0
21034,1,1,150,0
21035,19,1,2193,0.1
21035,30,1,4729,0
21036,33,1,4175,0
21037,31,1,3203,0
21038,52,1,1957,0.05
21038,51,1,2916,0.1
21039,8,1,1791,0
21040,25,1,3410,0.15
21040,29,1,2320,0
21041,14,1,4075,0
21042,58,1,1326,0.05
21043,6,1,529,0.15
21043,5,1,1760,0.2
21044,51,1,2916,0.05
21044,33,1,4175,0.1
21044,53,1,1286,0
21044,39,1,2235,0.1
21045,60,1,552,0.05
21045,28,1,567,0.05
21046,53,2,1286,0.05
21046,53,2,1286,0
21047,16,1,1002,0
21047,52,1,1957,0.15
21048,12,1,4627,0.1
21048,53,1,1286,0.05
21048,38,1,3806,0.05
21048,24,1,2262,0.05
21049,50,1,2033,0
21050,13,1,3877,0.1
21050,21,2,2746,0.2
21051,15,1,860,0.05
21051,43,1,4289,0.1
21052,55,2,4572,0.05
21052,55,1,4572,0
21053,51,1,2916,0
21054,41,1,931,0
21054,20,1,3438,0.1
21055,56,1,630,0.1
21055,33,1,4175,0.05
21056,39,1,2235,0.1
21056,38,1,3806,0
21057,57,1,729,0.2
21058,53,1,1286,0
21058,31,1,3203,0.15
21059,16,2,1002,0
21059,14,1,4075,0.05
21060,49,1,1048,0
21060,45,1,4975,0
21061,23,1,2336,0.05
21062,43,1,4289,0
21063,60,1,552,0.15
21063,7,1,1985,0
21063,57,1,729,0.05
21064,16,1,1002,0.15
21065,4,1,2293,0
21065,18,1,778,0.15
21066,10,1,3487,0.05
21066,26,2,4752,0
21066,9,1,4658,0.05
21067,23,1,2336,0.15
21068,43,2,4289,0.05
21068,9,2,4658,0.05
21069,14,2,4075,0.1
21070,25,1,3410,0.05
21070,58,1,1326,0.1
21071,55,1,4572,0
21071,52,1,1957,0.1
21071,35,1,1942,0.1
21072,43,1,4289,0
21072,55,1,4572,0
21072,50,1,2033,0.05
21072,44,1,724,0
21073,59,1,2290,0.05
21073,15,1,860,0.2
21074,49,1,1048,0.15
21074,4,2,2293,0.1
21075,39,2,2235,0.1
21076,25,1,3410,0.15
21077,20,1,3438,0
21077,47,1,1558,0
21078,48,1,2972,0.05
21078,17,1,2656,0.15
21078,53,1,1286,0
21079,56,1,630,0.05
21079,36,1,1580,0.05
21080,6,1,529,0
21080,50,1,2033,0.2
21080,37,1,667,0.1
21080,16,1,1002,0.05
21081,8,1,1791,0
21081,11,1,1744,0
21082,37,1,667,0
21083,31,1,3203,0.05
21083,1,2,150,0.15
21084,18,1,778,0
21084,23,1,2336,0.1
21085,17,1,2656,0.1
21086,22,1,1574,0.2
21086,9,2,4658,0.1
21087,32,1,126,0.15
21088,27,1,1579,0.15
21088,45,1,4975,0
21089,51,1,2916,0.15
21090,51,1,2916,0
21090,48,1,2972,0.05
21090,40,1,3255,0
21090,57,1,729,0
21091,7,1,1985,0
21091,26,1,4752,0.05
21092,22,2,1574,0
21093,46,1,3785,0.1
21093,49,1,1048,0.05
21094,55,1,4572,0.05
21095,48,2,2972,0.1
21095,21,1,2746,0.1
21095,44,1,724,0
21096,33,2,4175,0
21096,19,2,2193,0
21097,5,1,1760,0
21098,2,3,3850,0.15
21098,29,1,2320,0.05
21098,34,1,2437,0.2
21099,51,1,2916,0.1
21100,41,2,931,0
21101,44,1,724,0
21101,22,2,1574,0.05
21102,46,1,3785,0.1
21102,24,1,2262,0.15
21103,9,1,4658,0.05
21104,16,1,1002,0.05
21105,34,1,2437,0.1
21105,29,1,2320,0.1
21105,44,3,724,0
21106,45,1,4975,0
21106,31,1,3203,0.05
21106,15,1,860,0.05
21107,51,2,2916,0.05
21108,10,1,3487,0.05
21109,60,2,552,0.1
21110,27,1,1579,0
21110,8,1,1791,0.05
21111,7,2,1985,0.1
21111,60,2,552,0.05
21112,44,1,724,0
21112,22,1,1574,0
21112,7,1,1985,0.1
21112,46,1,3785,0.1
21113,56,1,630,0.1
21113,42,3,3125,0
21113,18,2,778,0
21114,5,1,1760,0.05
21114,44,2,724,0.1
21115,11,2,1744,0.1
21116,31,3,3203,0
21117,57,1,729,0
21117,21,1,2746,0.1
21118,13,1,3877,0
21118,18,1,778,0.05
21118,58,1,1326,0.05
21119,36,2,1580,0.15
21119,37,1,667,0.05
21119,27,1,1579,0.15
21120,33,1,4175,0.1
21121,13,1,3877,0.1
21121,39,1,2235,0
21122,20,2,3438,0.05
21122,8,1,1791,0
21123,43,2,4289,0.1
21124,10,2,3487,0.05
21124,26,1,4752,0
21125,14,1,4075,0.2
21125,25,1,3410,0.15
21126,23,1,2336,0
21127,46,1,3785,0.1
21127,49,1,1048,0.1
21128,4,2,2293,0.2
21128,49,2,1048,0.1
21129,38,1,3806,0
21130,35,1,1942,0
21130,10,1,3487,0.1
21130,3,2,3713,0.05
21130,34,1,2437,0
21131,11,1,1744,0
21132,19,1,2193,0.1
21132,18,1,778,0
21132,12,2,4627,0
21133,43,1,4289,0.05
21134,26,1,4752,0.1
21134,22,1,1574,0.1
21135,44,1,724,0
21136,32,1,126,0
21136,3,1,3713,0.1
21137,34,1,2437,0.15
21137,15,2,860,0.1
21138,43,1,4289,0.05
21139,8,1,1791,0
21139,50,1,2033,0.2
21140,29,1,2320,0.2
21140,54,2,3026,0
21140,4,1,2293,0.05
21140,14,1,4075,0
21141,18,1,778,0.05
21141,15,2,860,0.05
21142,28,1,567,0.1
21142,33,1,4175,0.2
21143,33,1,4175,0.1
21143,32,1,126,0
21144,30,1,4729,0.05
21145,22,1,1574,0
21146,60,1,552,0
21146,42,2,3125,0
21146,49,1,1048,0.05
21147,3,1,3713,0.05
21148,29,1,2320,0.1
21149,25,1,3410,0
21149,60,2,552,0
21149,51,1,2916,0.1
21150,27,1,1579,0
21151,14,1,4075,0.1
21152,10,2,3487,0.15
21152,38,1,3806,0
21153,23,1,2336,0.05
21154,16,1,1002,0.05
21155,4,1,2293,0.1
21156,56,3,630,0
21157,24,1,2262,0
21157,52,1,1957,0.05
21158,29,1,2320,0.15
21159,1,1,150,0.05
21160,17,1,2656,0.05
21160,11,1,1744,0
21160,60,1,552,0.2
21161,28,1,567,0.05
21161,59,1,2290,0.15
21162,5,1,1760,0.1
21162,57,1,729,0.05
21163,8,1,1791,0.1
21164,44,1,724,0.05
21165,20,1,3438,0
21165,43,2,4289,0.05
21166,60,1,552,0
21166,33,1,4175,0.1
21167,1,1,150,0.1
21168,53,1,1286,0.1
21168,60,2,552,0.05
21169,57,2,729,0.15
21169,56,2,630,0.05
21170,38,1,3806,0.1
21170,35,1,1942,0
21170,37,1,667,0
21170,32,1,126,0
21171,17,2,2656,0
21171,13,1,3877,0.05
21172,51,1,2916,0.15
21172,34,1,2437,0
21173,3,2,3713,0.15
21173,30,1,4729,0
21174,50,1,2033,0.1
21174,33,1,4175,0.05
21175,60,1,552,0
21176,28,1,567,0.15
21177,45,1,4975,0.2
21178,40,1,3255,0
21178,36,1,1580,0.15
21178,58,1,1326,0
21178,13,1,3877,0
21179,15,1,860,0.05
21180,41,1,931,0.15
21181,49,1,1048,0.1
21181,15,1,860,0
21182,39,2,2235,0.05
21183,31,2,3203,0.05
21183,55,1,4572,0
21184,60,1,552,0
21184,19,1,2193,0
21184,48,2,2972,0.1
21185,13,1,3877,0
21185,2,1,3850,0.1
21186,36,2,1580,0.1
21187,44,1,724,0
21188,6,2,529,0.05
21189,30,1,4729,0
21190,22,1,1574,0
21191,38,1,3806,0
21191,29,1,2320,0.05
21192,56,1,630,0
21193,20,1,3438,0
21194,33,1,4175,0.2
21194,2,3,3850,0.15
21194,36,1,1580,0
21195,46,1,3785,0
21195,49,1,1048,0.15
21196,50,1,2033,0.05
21196,32,1,126,0
21197,21,1,2746,0
21198,33,1,4175,0.05
21199,57,1,729,0.1
21199,36,1,1580,0
21200,6,1,529,0.05
21201,29,1,2320,0
21201,22,1,1574,0.05
21202,55,1,4572,0
21202,42,1,3125,0
21203,26,1,4752,0.1
21203,39,1,2235,0.1
21203,60,1,552,0.2
21203,50,2,2033,0
21204,19,1,2193,0.05
21205,37,1,667,0
21206,16,1,1002,0.1
21206,8,1,1791,0
21207,20,2,3438,0.1
21208,32,2,126,0
21208,10,3,3487,0.1
21209,11,2,1744,0.05
21210,32,1,126,0.2
21211,3,1,3713,0
21211,28,1,567,0.05
21211,39,2,2235,0.05
21212,28,1,567,0
21212,6,1,529,0
21213,2,1,3850,0.15
21214,45,1,4975,0.05
21214,59,1,2290,0.1
21215,28,1,567,0.2
21216,18,1,778,0
21217,25,1,3410,0.05
21217,36,3,1580,0
21218,50,1,2033,0.05
21218,58,1,1326,0.05
21219,35,1,1942,0
21219,32,1,126,0.1
21220,13,1,3877,0
21221,24,1,2262,0.1
21222,4,1,2293,0
21223,25,1,3410,0.15
21223,14,1,4075,0.05
21224,51,1,2916,0.2
21224,1,1,150,0.05
21224,6,1,529,0.1
21225,48,1,2972,0
21225,13,1,3877,0
21225,14,2,4075,0.1
21225,27,1,1579,0
21226,52,1,1957,0.05
21226,9,1,4658,0.1
21227,36,1,1580,0
21228,3,1,3713,0.15
21228,10,1,3487,0.05
21228,18,1,778,0.1
21228,48,1,2972,0
21229,47,1,1558,0.05
21230,37,1,667,0.05
21231,45,1,4975,0.15
21231,4,1,2293,0
21232,4,1,2293,0
21232,30,1,4729,0.1
21233,4,2,2293,0.1
21234,23,1,2336,0
21235,44,1,724,0.05
21236,12,1,4627,0.15
21237,6,1,529,0.2
21238,13,1,3877,0.2
21238,47,1,1558,0
21239,54,1,3026,0.05
21239,3,1,3713,0.1
21240,23,1,2336,0.15
21240,27,1,1579,0.05
21241,30,1,4729,0
21242,36,1,1580,0.1
21242,37,1,667,0
21242,2,1,3850,0.05
21243,26,1,4752,0
21244,4,1,2293,0.1
21244,23,1,2336,0.15
21245,2,1,3850,0.1
21245,56,1,630,0
21245,7,1,1985,0.05
21246,6,1,529,0
21246,33,1,4175,0.05
21247,47,1,1558,0
21247,12,1,4627,0.2
21247,4,1,2293,0
21248,44,2,724,0.05
21248,55,1,4572,0
21249,46,1,3785,0.05
21250,43,2,4289,0
21251,14,2,4075,0.05
21252,51,1,2916,0.05
21253,18,1,778,0.1
21253,38,2,3806,0.1
21253,52,1,1957,0.05
21254,39,1,2235,0
21254,10,1,3487,0
21255,1,2,150,0.1
21256,31,1,3203,0
21256,31,1,3203,0.1
21256,57,2,729,0
21256,13,2,3877,0
21257,51,1,2916,0.15
21258,25,1,3410,0.05
21258,60,1,552,0
21258,20,1,3438,0.05
21259,23,1,2336,0
21260,30,1,4729,0.15
21260,58,1,1326,0
21260,16,2,1002,0
21261,44,1,724,0
21262,11,1,1744,0.05
21263,1,1,150,0
21263,35,3,1942,0.15
21264,52,2,1957,0.05
21264,51,1,2916,0
21264,55,1,4572,0
21265,28,2,567,0
21266,57,1,729,0
21267,30,2,4729,0.05
21268,50,3,2033,0
21269,44,1,724,0.1
21270,20,1,3438,0.1
21270,50,1,2033,0
21271,55,2,4572,0
21272,21,2,2746,0.1
21273,50,1,2033,0.05
21273,19,1,2193,0.15
21274,9,1,4658,0.05
21274,27,1,1579,0
21274,19,1,2193,0
21275,39,1,2235,0
21275,8,1,1791,0.2
21276,7,1,1985,0
21277,33,1,4175,0.1
21277,41,1,931,0.1
21278,29,1,2320,0.15
21278,22,1,1574,0
21279,25,1,3410,0.05
21279,7,2,1985,0.1
21279,29,2,2320,0.05
21280,7,1,1985,0
21281,3,1,3713,0.1
21281,45,2,4975,0.05
21282,54,1,3026,0.05
21282,20,1,3438,0.15
21282,12,1,4627,0
21282,21,1,2746,0.05
21283,34,2,2437,0
21283,11,1,1744,0.15
21283,54,1,3026,0.15
21284,10,1,3487,0.15
21284,15,1,860,0.1
21285,10,1,3487,0
21285,36,1,1580,0
21286,53,2,1286,0
21286,34,1,2437,0.15
21286,2,1,3850,0.15
21287,5,1,1760,0
21287,17,1,2656,0
21288,52,1,1957,0.15
21289,8,1,1791,0
21289,17,1,2656,0
21289,56,1,630,0.05
21290,5,1,1760,0.05
21291,52,1,1957,0.2
21291,31,1,3203,0.05
21292,24,1,2262,0.15
21292,38,2,3806,0.1
21292,30,1,4729,0.05
21292,14,1,4075,0.1
21293,8,2,1791,0
21293,8,1,1791,0.1
21294,44,2,724,0
21294,34,2,2437,0
21295,33,1,4175,0
21296,48,2,2972,0
21297,8,1,1791,0
21297,42,3,3125,0
21298,43,1,4289,0.1
21298,22,1,1574,0
21299,57,1,729,0.05
21299,15,1,860,0
21300,17,1,2656,0
21300,2,1,3850,0.1
21300,18,1,778,0
21301,13,1,3877,0.1
21302,44,1,724,0.05
21302,56,1,630,0
21303,9,1,4658,0
21303,23,1,2336,0
21304,1,1,150,0
21305,51,2,2916,0
21306,41,2,931,0
21306,31,1,3203,0
21306,28,2,567,0.05
21307,42,1,3125,0.1
21307,45,1,4975,0
21308,15,1,860,0
21308,3,1,3713,0.2
21309,51,1,2916,0.1
21310,11,1,1744,0.05
21311,28,1,567,0.05
21311,1,1,150,0.1
21312,29,1,2320,0
21313,32,1,126,0.05
21313,27,2,1579,0
21313,23,1,2336,0
21314,10,1,3487,0.1
21314,29,1,2320,0
21314,49,1,1048,0.15
21315,32,1,126,0
21315,36,1,1580,0
21315,36,2,1580,0
21316,15,1,860,0.1
21316,29,2,2320,0
21317,37,2,667,0.1
21317,5,1,1760,0
21317,7,1,1985,0
21317,14,1,4075,0.05
21318,20,1,3438,0.1
21319,31,1,3203,0.05
21320,52,1,1957,0.05
21321,39,2,2235,0.05
21321,20,1,3438,0.1
21322,48,2,2972,0.15
21323,14,1,4075,0
21324,25,1,3410,0.1
21324,1,1,150,0
21324,17,1,2656,0.1
21325,56,1,630,0.1
21326,19,1,2193,0
21327,9,1,4658,0
21328,10,1,3487,0
21329,40,1,3255,0.05
21329,3,1,3713,0
21330,8,1,1791,0
21330,56,1,630,0
21331,31,1,3203,0.05
21332,20,1,3438,0.1
21332,33,1,4175,0.05
21332,58,2,1326,0
21333,30,1,4729,0
21333,37,1,667,0.1
21334,52,1,1957,0
21334,2,1,3850,0.15
21334,38,1,3806,0
21335,37,2,667,0.05
21335,60,1,552,0
21335,2,2,3850,0
21335,43,1,4289,0.05
21336,35,1,1942,0.05
21337,38,1,3806,0.1
21338,5,1,1760,0.05
21338,25,2,3410,0.2
21339,49,1,1048,0.1
21340,1,1,150,0
21340,58,1,1326,0
21340,45,2,4975,0
21340,9,1,4658,0.1
21341,33,1,4175,0.05
21342,1,3,150,0.15
21343,49,1,1048,0.2
21344,9,2,4658,0.05
21345,20,1,3438,0.05
21345,18,1,778,0
21346,56,2,630,0
21346,28,2,567,0.1
21347,19,2,2193,0
21347,33,2,4175,0
21348,12,2,4627,0.05
21348,12,1,4627,0
21349,50,2,2033,0
21350,5,1,1760,0
21351,31,1,3203,0
21352,20,1,3438,0
21352,3,1,3713,0.1
21353,49,1,1048,0
21353,52,1,1957,0.15
21353,33,1,4175,0.1
21354,53,1,1286,0.05
21355,42,1,3125,0.05
21356,13,1,3877,0.1
21357,5,2,1760,0
21357,28,2,567,0
21357,18,1,778,0.05
21358,38,1,3806,0.15
21358,29,1,2320,0.1
21359,40,1,3255,0.1
21359,17,1,2656,0.05
21360,56,1,630,0
21360,41,1,931,0.1
21360,15,1,860,0.15
21361,48,1,2972,0.2
21362,13,1,3877,0.05
21362,10,1,3487,0
21363,3,1,3713,0.1
21363,50,1,2033,0.05
21363,9,1,4658,0.1
21364,50,1,2033,0
21364,5,1,1760,0.05
21365,18,1,778,0.2
21365,27,1,1579,0.05
21366,22,2,1574,0.1
21366,2,1,3850,0.15
21367,16,1,1002,0
21368,18,1,778,0.1
21369,4,1,2293,0.05
21369,58,1,1326,0
21370,57,1,729,0.05
21371,25,1,3410,0
21372,31,1,3203,0
21372,6,1,529,0
21373,38,1,3806,0
21373,12,1,4627,0.1
21374,55,1,4572,0.1
21374,57,1,729,0.1
21374,30,1,4729,0
21375,38,1,3806,0
21375,44,1,724,0
21375,25,1,3410,0.05
21375,11,1,1744,0.05
21376,14,1,4075,0
21377,27,1,1579,0.15
21377,5,2,1760,0.05
21378,41,1,931,0.15
21379,60,1,552,0.05
21380,15,2,860,0.1
21380,52,1,1957,0
21381,35,1,1942,0.1
21382,27,1,1579,0
21382,29,1,2320,0.2
21383,48,1,2972,0.05
21384,29,1,2320,0.1
21385,31,1,3203,0.1
21385,57,1,729,0.1
21386,56,1,630,0.15
21387,6,1,529,0
21387,12,1,4627,0.1
21388,3,1,3713,0
21388,8,1,1791,0.2
21389,22,1,1574,0.1
21389,48,1,2972,0
21389,17,2,2656,0
21390,14,2,4075,0.2
21390,15,1,860,0.05
21391,39,1,2235,0
21392,44,1,724,0.05
21393,6,1,529,0.1
21393,59,1,2290,0
21394,32,1,126,0.1
21394,20,1,3438,0.1
21395,53,1,1286,0.1
21395,46,2,3785,0
21395,49,1,1048,0.05
21396,25,1,3410,0.15
21397,2,1,3850,0.15
21398,41,1,931,0.05
21399,21,1,2746,0.15
21399,13,2,3877,0
21399,23,1,2336,0.2
21400,30,2,4729,0.1
21401,26,1,4752,0.05
21401,60,1,552,0.1
21401,44,1,724,0.15
21402,57,1,729,0
21403,10,1,3487,0.1
21403,5,2,1760,0
21404,42,3,3125,0
21404,48,1,2972,0
21405,38,1,3806,0
21405,6,1,529,0.1
21406,12,1,4627,0.1
21407,50,1,2033,0.15
21407,52,1,1957,0.1
21407,12,1,4627,0.05
21408,14,1,4075,0
21409,54,1,3026,0
21410,1,2,150,0.1
21411,27,1,1579,0
21411,38,1,3806,0.1
21412,60,1,552,0.1
21412,3,3,3713,0
21412,26,1,4752,0.1
21413,20,1,3438,0.1
21414,47,3,1558,0
21415,27,1,1579,0.05
21416,29,2,2320,0.05
21417,33,1,4175,0.1
21418,34,2,2437,0.2
21418,37,1,667,0
21419,59,1,2290,0
21419,1,2,150,0
21420,47,1,1558,0
21421,60,1,552,0.1
21422,25,2,3410,0.1
21423,28,1,567,0.05
21423,31,1,3203,0
21423,55,2,4572,0
21424,22,1,1574,0
21424,50,1,2033,0.15
21425,22,1,1574,0.1
21425,56,1,630,0.05
21426,10,1,3487,0.05
21426,16,2,1002,0.1
21426,18,2,778,0.1
21426,60,1,552,0.1
21427,34,1,2437,0.1
21427,13,1,3877,0.1
21428,54,1,3026,0.1
21428,28,1,567,0.2
21429,10,1,3487,0
21429,60,1,552,0.1
21430,47,3,1558,0.15
21431,5,1,1760,0.05
21431,11,1,1744,0.15
21431,16,1,1002,0.1
21432,53,1,1286,0
21432,32,1,126,0
21433,38,1,3806,0
21433,51,1,2916,0.1
21434,38,1,3806,0.05
21435,17,2,2656,0
21435,48,1,2972,0
21436,36,2,1580,0.05
21437,3,1,3713,0.05
21438,15,2,860,0.15
21438,48,1,2972,0.15
21439,51,1,2916,0.1
21439,28,1,567,0
21439,22,1,1574,0
21439,57,1,729,0
21440,14,1,4075,0.1
21441,50,1,2033,0
21441,23,1,2336,0.1
21442,17,1,2656,0.1
21443,36,1,1580,0.1
21444,44,1,724,0.1
21444,12,1,4627,0.1
21445,43,2,4289,0.2
21446,57,1,729,0.1
21446,35,1,1942,0
21447,42,1,3125,0.15
21447,24,1,2262,0
21448,47,1,1558,0.1
21448,51,2,2916,0
21449,58,1,1326,0
21449,36,2,1580,0.1
21449,38,1,3806,0.05
21450,32,1,126,0
21450,19,1,2193,0
21450,22,1,1574,0.05
21451,33,1,4175,0.05
21451,14,2,4075,0.1
21452,15,2,860,0.05
21453,1,1,150,0.15
21454,4,1,2293,0.1
21455,48,1,2972,0
21456,3,1,3713,0.05
21457,20,1,3438,0.05
21457,33,1,4175,0.1
21458,12,1,4627,0.15
21459,6,1,529,0.05
21459,6,1,529,0
21460,17,1,2656,0
21461,29,2,2320,0
21461,44,2,724,0.2
21462,21,1,2746,0
21462,40,1,3255,0.15
21463,10,2,3487,0
21463,56,1,630,0.1
21463,24,2,2262,0
21464,53,1,1286,0
21465,4,1,2293,0.05
21465,33,1,4175,0.2
21466,3,1,3713,0.2
21466,50,1,2033,0
21466,40,1,3255,0.1
21467,2,2,3850,0
21468,37,1,667,0.05
21468,55,1,4572,0.15
21468,14,1,4075,0.1
21469,35,1,1942,0.2
21469,59,1,2290,0
21470,38,1,3806,0
21470,41,1,931,0
21470,17,1,2656,0.1
21470,41,3,931,0
21471,19,1,2193,0.05
21472,54,1,3026,0.05
21473,5,1,1760,0
21474,23,3,2336,0.05
21474,47,2,1558,0.05
21474,50,1,2033,0.2
21475,24,1,2262,0
21476,16,2,1002,0.1
21476,34,1,2437,0
21477,35,2,1942,0
21477,24,1,2262,0.05
21478,8,2,1791,0
21479,50,2,2033,0
21480,17,1,2656,0
21480,28,1,567,0
21481,4,1,2293,0.15
21482,9,1,4658,0
21482,7,1,1985,0.15
21483,31,1,3203,0
21484,60,2,552,0.05
21485,49,1,1048,0.05
21485,11,1,1744,0
21485,22,1,1574,0
21486,42,1,3125,0.2
21487,24,1,2262,0
21487,57,1,729,0.1
21487,50,1,2033,0.05
21488,19,1,2193,0
21489,43,1,4289,0.1
21489,18,2,778,0.1
21490,13,1,3877,0
21491,24,1,2262,0.1
21491,59,1,2290,0
21492,8,2,1791,0.05
21493,44,2,724,0.2
21493,22,1,1574,0
21494,44,1,724,0.05
21495,55,2,4572,0.15
21495,16,1,1002,0.1
21496,7,2,1985,0.1
21496,55,1,4572,0.05
21497,17,1,2656,0.05
21498,17,1,2656,0
21498,4,1,2293,0.1
21498,14,1,4075,0.1
21498,29,1,2320,0.05
21499,24,2,2262,0.05
21500,49,1,1048,0
21501,36,1,1580,0
21502,14,1,4075,0
21503,2,1,3850,0.2
21503,39,2,2235,0.15
21504,2,1,3850,0.05
21505,51,3,2916,0
21505,54,1,3026,0
21506,56,1,630,0.05
21507,44,1,724,0.1
21507,50,3,2033,0.05
21507,48,2,2972,0.15
21508,57,1,729,0
21508,45,1,4975,0.2
21508,22,2,1574,0.05
21509,48,1,2972,0
21510,14,2,4075,0.05
21511,44,1,724,0
21511,10,1,3487,0
21512,28,1,567,0.15
21513,21,1,2746,0
21514,35,2,1942,0
21514,22,1,1574,0.05
21514,35,1,1942,0
21515,53,1,1286,0.2
21515,32,1,126,0.1
21516,12,1,4627,0
21517,51,1,2916,0.15
21518,35,1,1942,0.1
21519,15,1,860,0.05
21520,14,1,4075,0.05
21520,55,1,4572,0.1
21520,42,2,3125,0
21521,51,1,2916,0.2
21522,25,1,3410,0
21522,36,2,1580,0.2
21523,31,1,3203,0
21523,47,1,1558,0.05
21524,59,1,2290,0
21524,6,1,529,0.1
21524,22,1,1574,0
21525,52,1,1957,0.05
21525,56,1,630,0
21526,58,1,1326,0.15
21526,30,1,4729,0.05
21527,45,1,4975,0
21527,51,1,2916,0.1
21528,7,1,1985,0.2
21529,1,1,150,0
21530,19,1,2193,0
21530,59,1,2290,0.05
21530,50,1,2033,0.05
21531,11,2,1744,0
21532,25,2,3410,0
21532,25,1,3410,0
21532,20,1,3438,0
21532,15,1,860,0.05
21533,41,1,931,0
21534,40,1,3255,0
21534,10,2,3487,0
21534,16,1,1002,0.1
21534,39,1,2235,0
21535,24,1,2262,0
21536,59,2,2290,0
21536,55,2,4572,0.05
21537,41,1,931,0.05
21538,4,1,2293,0.1
21538,60,1,552,0.05
21539,51,1,2916,0.15
21539,7,3,1985,0.1
21539,4,1,2293,0.05
21539,29,2,2320,0
21540,23,1,2336,0
21540,10,1,3487,0.15
21541,38,1,3806,0.05
21542,10,1,3487,0
21542,54,1,3026,0
21543,30,1,4729,0.15
21544,35,2,1942,0
21544,12,1,4627,0.1
21544,30,1,4729,0.1
21545,17,1,2656,0.1
21546,26,1,4752,0
21547,29,1,2320,0.1
21548,50,2,2033,0.1
21549,6,1,529,0.05
21550,42,1,3125,0.05
21551,20,1,3438,0
21551,15,1,860,0
21552,2,1,3850,0.15
21553,5,1,1760,0.1
21553,42,1,3125,0
21553,55,1,4572,0.1
21554,58,2,1326,0
21555,60,1,552,0.1
21556,10,1,3487,0.15
21557,6,1,529,0
21557,21,1,2746,0.15
21558,55,1,4572,0.1
21558,36,2,1580,0.1
21559,39,1,2235,0.2
21560,46,1,3785,0
21560,25,1,3410,0.05
21561,39,1,2235,0
21562,54,1,3026,0.05
21562,10,1,3487,0
21563,20,2,3438,0
21563,29,1,2320,0.1
21564,34,1,2437,0.05
21564,36,1,1580,0.1
21564,45,1,4975,0.05
21565,38,1,3806,0
21566,52,1,1957,0.05
21567,28,1,567,0
21567,50,1,2033,0
21567,59,1,2290,0.05
21568,4,1,2293,0.15
21569,18,1,778,0
21570,54,1,3026,0
21570,44,1,724,0.15
21570,53,2,1286,0
21571,28,1,567,0
21572,21,1,2746,0.05
21573,15,1,860,0
21573,15,1,860,0
21573,48,1,2972,0
21574,27,2,1579,0
21575,39,2,2235,0.2
21576,19,1,2193,0
21577,18,1,778,0
21577,31,1,3203,0.05
21578,32,1,126,0
21578,43,1,4289,0.2
21578,38,1,3806,0
21579,19,3,2193,0
21580,12,1,4627,0.05
21580,17,1,2656,0.15
21580,5,3,1760,0
21580,42,2,3125,0
21581,33,2,4175,0.2
21582,1,1,150,0.1
21583,5,1,1760,0.05
21583,30,2,4729,0
21583,34,2,2437,0.15
21583,43,1,4289,0.05
21584,24,1,2262,0.1
21585,11,1,1744,0.15
21585,50,1,2033,0
21585,32,1,126,0.05
21586,53,1,1286,0.1
21586,18,1,778,0
21587,15,1,860,0
21587,51,2,2916,0.15
21588,10,1,3487,0
21588,23,1,2336,0
21588,51,1,2916,0
21588,28,3,567,0.05
21589,55,3,4572,0.2
21589,52,1,1957,0.1
21590,10,2,3487,0.1
21590,55,1,4572,0.05
21590,1,1,150,0
21591,39,1,2235,0
21591,5,3,1760,0
21592,16,1,1002,0.1
21592,41,1,931,0.15
21593,4,1,2293,0.05
21594,29,1,2320,0
21594,46,1,3785,0
21595,1,1,150,0.05
21596,3,1,3713,0.1
21596,39,2,2235,0
21596,10,1,3487,0.05
21596,44,1,724,0.15
21597,10,2,3487,0.05
21597,22,1,1574,0
21598,11,1,1744,0
21599,37,1,667,0.2
21599,31,1,3203,0.05
21599,46,1,3785,0
21599,52,2,1957,0.1
21600,12,1,4627,0
21600,55,1,4572,0
21601,9,3,4658,0.1
21601,20,1,3438,0.1
21602,40,2,3255,0
21603,8,1,1791,0.05
21603,29,1,2320,0.05
21604,14,1,4075,0.1
21605,27,2,1579,0
21606,20,1,3438,0.15
21606,29,1,2320,0.05
21606,15,1,860,0
21606,14,1,4075,0.1
21607,58,1,1326,0.05
21608,44,1,724,0
21609,24,1,2262,0
21610,23,2,2336,0.15
21610,58,1,1326,0.2
21611,46,1,3785,0.05
21612,13,1,3877,0
21613,28,1,567,0
21614,40,1,3255,0.05
21614,25,1,3410,0.1
21615,6,1,529,0.15
21615,55,2,4572,0.05
21616,59,1,2290,0
21617,4,1,2293,0.05
21617,25,1,3410,0.1
21617,32,1,126,0
21618,32,1,126,0
21618,18,1,778,0
21619,19,1,2193,0.1
21619,22,1,1574,0.1
21620,3,3,3713,0
21620,6,1,529,0.05
21620,45,1,4975,0
21621,4,1,2293,0.15
21621,16,2,1002,0
21622,43,1,4289,0
21622,39,2,2235,0.1
21622,13,1,3877,0.05
21623,57,1,729,0.05
21623,58,2,1326,0.15
21624,19,1,2193,0.1
21624,6,1,529,0.05
21625,18,1,778,0.05
21625,2,1,3850,0
21626,43,1,4289,0
21627,53,1,1286,0
21628,12,3,4627,0
21629,48,1,2972,0.15
21630,43,3,4289,0.1
21631,24,1,2262,0.1
21632,7,1,1985,0.1
21632,53,1,1286,0
21633,8,1,1791,0.15
21633,36,1,1580,0
21634,38,1,3806,0.05
21634,12,1,4627,0
21635,7,1,1985,0.05
21635,8,2,1791,0
21636,8,1,1791,0.05
21636,40,1,3255,0.15
21637,32,1,126,0
21637,2,1,3850,0
21638,7,1,1985,0.15
21638,57,1,729,0.1
21639,28,1,567,0.05
21640,60,2,552,0.1
21640,19,1,2193,0.05
21641,21,1,2746,0.1
21641,36,2,1580,0.1
21641,6,2,529,0
21642,60,1,552,0.05
21643,21,1,2746,0.1
21644,40,1,3255,0.05
21645,36,1,1580,0.1
21646,24,2,2262,0.05
21647,43,1,4289,0.1
21647,31,1,3203,0.15
21648,15,1,860,0
21649,22,3,1574,0
21649,60,2,552,0.05
21650,8,1,1791,0.2
21650,15,2,860,0.1
21651,1,2,150,0.15
21651,33,2,4175,0.05
21652,51,1,2916,0.05
21652,57,1,729,0.05
21653,11,1,1744,0
21653,6,1,529,0.05
21653,38,1,3806,0
21653,12,1,4627,0
21654,24,1,2262,0.05
21655,37,1,667,0
21655,54,2,3026,0
21656,31,1,3203,0.05
21656,15,2,860,0.05
21657,58,1,1326,0
21657,19,1,2193,0
21658,34,1,2437,0.1
21659,27,3,1579,0.15
21659,36,1,1580,0.1
21660,37,1,667,0
21660,3,1,3713,0
21660,60,1,552,0
21661,59,1,2290,0.05
21661,37,1,667,0
21661,14,1,4075,0.05
21662,16,1,1002,0.1
21663,4,1,2293,0
21663,29,1,2320,0.15
21663,43,1,4289,0
21663,11,1,1744,0
21664,35,1,1942,0.05
21664,17,2,2656,0.05
21665,21,1,2746,0
21665,38,1,3806,0
21666,4,1,2293,0.15
21666,35,2,1942,0
21667,30,1,4729,0.05
21668,20,1,3438,0
21668,21,1,2746,0.1
21669,45,1,4975,0.15
21669,50,2,2033,0
21669,5,2,1760,0
21669,34,1,2437,0.2
21670,1,1,150,0.1
21670,16,1,1002,0.1
21671,50,1,2033,0.1
21672,22,1,1574,0
21672,58,1,1326,0
21672,50,1,2033,0.05
21673,42,1,3125,0.2
21673,35,1,1942,0.2
21673,52,1,1957,0.1
21674,45,1,4975,0
21674,22,2,1574,0.05
21675,14,1,4075,0.15
21675,17,1,2656,0.2
21675,56,1,630,0
21675,47,2,1558,0
21676,29,2,2320,0
21676,57,2,729,0.15
21677,35,1,1942,0.1
21677,18,2,778,0.2
21677,60,1,552,0
21678,35,1,1942,0.1
21678,24,1,2262,0.05
21679,37,1,667,0.1
21679,36,1,1580,0.2
21679,4,1,2293,0.1
21680,16,1,1002,0.05
21680,30,1,4729,0.2
21681,60,2,552,0.05
21682,54,1,3026,0.15
21682,50,1,2033,0
21683,19,1,2193,0.05
21684,23,1,2336,0.1
21684,9,1,4658,0
21685,3,1,3713,0.1
21685,31,1,3203,0
21686,18,1,778,0.05
21686,53,1,1286,0.1
21686,22,1,1574,0.1
21687,22,1,1574,0
21688,26,1,4752,0.2
21689,12,1,4627,0
21689,59,1,2290,0
21690,37,2,667,0.05
21691,59,2,2290,0
21692,55,1,4572,0
21693,22,1,1574,0
21694,51,2,2916,0
21695,16,1,1002,0
21695,35,1,1942,0.1
21696,43,1,4289,0.1
21697,1,1,150,0
21698,21,1,2746,0
21698,31,1,3203,0
21699,33,1,4175,0
21699,30,1,4729,0
21700,3,1,3713,0.05
21701,58,3,1326,0.05
21701,9,1,4658,0
21701,59,2,2290,0
21702,51,1,2916,0.1
21703,41,2,931,0.2
21703,33,1,4175,0.1
21703,40,1,3255,0.1
21704,5,2,1760,0.2
21705,1,2,150,0.15
21706,48,1,2972,0.05
21706,21,3,2746,0
21707,51,1,2916,0.1
21707,52,2,1957,0.05
21708,38,1,3806,0.1
21709,12,1,4627,0
21710,53,1,1286,0.15
21711,54,1,3026,0
21712,37,1,667,0
21713,55,1,4572,0
21714,11,1,1744,0
21714,54,1,3026,0.1
21715,10,2,3487,0.05
21715,51,1,2916,0.05
21715,31,1,3203,0.05
21716,36,2,1580,0.05
21717,49,1,1048,0.05
21717,12,1,4627,0
21717,33,1,4175,0
21717,5,1,1760,0.15
21718,35,1,1942,0
21718,31,1,3203,0
21719,2,1,3850,0
21720,56,1,630,0
21720,16,3,1002,0
21720,22,1,1574,0
21721,44,1,724,0.05
21721,53,1,1286,0
21721,38,1,3806,0
21722,33,1,4175,0
21723,19,1,2193,0.1
21724,21,3,2746,0
21724,57,2,729,0.05
21725,41,1,931,0.15
21725,6,1,529,0.1
21726,18,1,778,0.15
21727,31,1,3203,0
21727,48,1,2972,0
21728,17,1,2656,0.2
21729,39,1,2235,0
21729,38,1,3806,0.15
21729,28,2,567,0.15
21730,11,1,1744,0
21731,43,1,4289,0
21732,55,3,4572,0
21733,42,1,3125,0.1
21733,34,2,2437,0
21734,6,2,529,0.15
21734,58,1,1326,0
21735,10,1,3487,0.05
21736,48,1,2972,0.15
21737,49,1,1048,0.15
21737,14,1,4075,0.1
21738,5,1,1760,0
21739,35,1,1942,0
21739,34,1,2437,0.05
21739,3,1,3713,0
21739,25,2,3410,0.1
21740,38,2,3806,0
21741,49,1,1048,0
21742,27,1,1579,0
21743,19,1,2193,0.1
21743,59,2,2290,0.15
21743,52,1,1957,0
21744,55,1,4572,0
21744,9,1,4658,0.15
21745,33,2,4175,0
21745,56,1,630,0.05
21745,56,1,630,0.05
21746,45,2,4975,0.2
21746,35,1,1942,0
21747,34,1,2437,0
21748,2,1,3850,0
21748,4,1,2293,0
21749,37,1,667,0.05
21750,19,1,2193,0
21750,48,1,2972,0
21751,55,1,4572,0.05
21751,22,1,1574,0
21751,43,1,4289,0.15
21751,32,2,126,0.15
21752,38,1,3806,0.1
21753,33,2,4175,0.2
21754,29,1,2320,0.15
21755,6,1,529,0.05
21755,23,1,2336,0
21755,31,1,3203,0.05
21756,25,3,3410,0
21757,20,1,3438,0.05
21758,29,1,2320,0
21758,48,1,2972,0
21758,54,2,3026,0
21758,57,1,729,0.05
21759,28,1,567,0.15
21759,2,1,3850,0
21759,4,1,2293,0
21760,3,2,3713,0.1
21761,14,1,4075,0.2
21761,35,2,1942,0.1
21762,38,1,3806,0.15
21762,36,1,1580,0.2
21762,5,2,1760,0.15
21763,55,2,4572,0.05
21763,18,1,778,0.1
21764,44,1,724,0
21765,21,1,2746,0
21765,31,1,3203,0.05
21765,57,2,729,0.1
21766,21,1,2746,0.05
21767,31,3,3203,0
21767,6,2,529,0
21768,38,1,3806,0.05
21768,15,1,860,0.1
21768,29,1,2320,0.1
21769,40,1,3255,0
21769,15,1,860,0.15
21770,14,3,4075,0.05
21770,30,1,4729,0.1
21771,1,1,150,0
21771,2,1,3850,0
21771,59,1,2290,0
21771,32,2,126,0.1
21772,35,1,1942,0
21773,6,1,529,0
21773,26,1,4752,0
21774,2,1,3850,0.15
21774,34,2,2437,0.1
21775,3,1,3713,0
21776,41,1,931,0.05
21777,15,2,860,0.05
21777,22,1,1574,0
21777,4,1,2293,0.1
21777,33,1,4175,0
21778,33,1,4175,0
21779,32,1,126,0
21779,53,1,1286,0
21779,17,1,2656,0.05
21779,22,1,1574,0.05
21780,34,1,2437,0
21780,41,1,931,0
21781,31,1,3203,0.1
21781,21,2,2746,0.2
21782,31,1,3203,0
21782,49,1,1048,0.15
21782,31,1,3203,0.15
21783,59,1,2290,0
21784,17,2,2656,0.05
21785,2,1,3850,0.05
21786,36,1,1580,0
21786,43,1,4289,0.2
21786,53,1,1286,0
21787,2,1,3850,0
21788,13,1,3877,0.1
21788,17,1,2656,0
21789,41,2,931,0.1
21790,49,1,1048,0
21790,28,1,567,0.2
21791,19,1,2193,0
21792,51,2,2916,0.1
21793,50,2,2033,0
21794,14,1,4075,0
21794,16,2,1002,0
21795,3,1,3713,0
21796,16,1,1002,0
21797,57,1,729,0
21798,57,1,729,0.15
21799,35,2,1942,0.05
21799,32,3,126,0
21800,40,1,3255,0.1
21801,19,1,2193,0
21802,17,2,2656,0.05
21803,17,2,2656,0
21804,43,1,4289,0.15
21804,26,1,4752,0.05
21804,27,1,1579,0.2
21805,12,1,4627,0.05
21806,45,1,4975,0.1
21807,21,1,2746,0
21807,19,1,2193,0.2
21808,9,1,4658,0.2
21809,44,1,724,0
21809,38,1,3806,0.1
21810,57,1,729,0
21811,49,1,1048,0.05
21811,47,1,1558,0.05
21812,39,1,2235,0.15
21813,34,1,2437,0
21814,22,1,1574,0
21814,45,1,4975,0.05
21814,7,1,1985,0.1
21814,26,1,4752,0.05
21815,22,1,1574,0
21816,22,1,1574,0.1
21816,7,1,1985,0
21817,47,2,1558,0.1
21817,44,1,724,0
21818,14,3,4075,0
21819,17,1,2656,0.05
21820,3,1,3713,0.1
21821,45,1,4975,0.1
21822,15,1,860,0
21823,12,1,4627,0
21823,56,1,630,0.05
21824,16,1,1002,0.05
21825,44,1,724,0
21825,4,1,2293,0.1
21825,13,1,3877,0.1
21826,8,1,1791,0.05
21827,2,1,3850,0.2
21827,42,1,3125,0.1
21828,60,1,552,0.1
21828,40,1,3255,0
21829,4,1,2293,0.05
21829,17,2,2656,0
21830,6,1,529,0.05
21831,55,2,4572,0
21832,44,1,724,0.05
21833,3,2,3713,0.05
21834,49,2,1048,0.15
21835,58,2,1326,0
21835,42,2,3125,0
21835,34,1,2437,0.1
21836,7,2,1985,0.05
21836,53,1,1286,0
21836,41,1,931,0.05
21837,31,1,3203,0
21837,34,1,2437,0.1
21837,54,1,3026,0.05
21837,57,1,729,0.05
21838,13,1,3877,0.15
21838,36,1,1580,0.15
21839,48,1,2972,0
21840,55,1,4572,0.1
21840,38,1,3806,0
21841,53,1,1286,0.05
21841,49,1,1048,0
21841,3,1,3713,0.05
21842,33,1,4175,0
21842,52,1,1957,0
21842,39,1,2235,0.05
21842,3,1,3713,0.15
21843,26,1,4752,0.1
21843,54,1,3026,0
21844,37,2,667,0.05
21844,5,1,1760,0
21845,6,2,529,0.1
21845,57,1,729,0
21845,54,1,3026,0.05
21845,34,1,2437,0
21846,35,1,1942,0.05
21847,45,1,4975,0
21847,23,1,2336,0.05
21848,54,1,3026,0.05
21848,51,1,2916,0.15
21848,39,1,2235,0.1
21848,38,1,3806,0.05
21849,12,1,4627,0.1
21849,59,2,2290,0
21849,56,1,630,0.15
21850,6,1,529,0.2
21851,22,2,1574,0
21852,56,1,630,0.2
21852,11,1,1744,0.05
21853,36,1,1580,0.05
21853,12,1,4627,0.1
21853,43,1,4289,0
21854,55,1,4572,0.05
21855,41,2,931,0.1
21856,23,1,2336,0
21856,11,1,1744,0
21857,34,1,2437,0
21857,14,1,4075,0
21857,22,2,1574,0
21858,50,1,2033,0
21858,56,3,630,0
21858,54,1,3026,0.05
21859,20,1,3438,0.05
21859,48,3,2972,0
21860,39,1,2235,0
21861,28,1,567,0.05
21862,11,1,1744,0.1
21862,37,1,667,0
21863,59,1,2290,0.05
21864,2,2,3850,0
21865,24,1,2262,0
21865,51,1,2916,0
21866,7,1,1985,0.1
21866,48,2,2972,0
21867,11,1,1744,0.05
21868,25,1,3410,0
21869,58,1,1326,0
21870,24,1,2262,0.1
21870,34,1,2437,0.1
21870,15,1,860,0.1
21871,22,1,1574,0
21871,1,1,150,0.1
21872,60,1,552,0.05
21873,48,2,2972,0
21873,46,2,3785,0.2
21874,36,1,1580,0.1
21874,47,1,1558,0
21874,4,1,2293,0.1
21875,47,1,1558,0
21876,7,2,1985,0
21876,16,1,1002,0
21876,26,1,4752,0
21877,55,1,4572,0
21878,21,1,2746,0.05
21878,49,1,1048,0
21878,40,1,3255,0.05
21879,56,1,630,0
21879,20,1,3438,0.05
21879,42,1,3125,0
21880,32,2,126,0.2
21881,31,1,3203,0
21881,32,1,126,0.2
21882,13,1,3877,0.1
21882,50,1,2033,0.05
21883,34,2,2437,0
21884,33,1,4175,0.05
21885,1,1,150,0
21886,45,1,4975,0
21887,56,2,630,0
21888,39,2,2235,0
21889,34,2,2437,0
21889,55,2,4572,0
21890,44,2,724,0.05
21890,3,1,3713,0.05
21891,13,1,3877,0.1
21892,55,1,4572,0
21892,35,1,1942,0
21892,15,1,860,0
21893,38,1,3806,0.1
21893,54,2,3026,0.05
21894,50,2,2033,0.1
21894,56,1,630,0.1
21894,44,1,724,0.1
21894,15,1,860,0
21895,30,1,4729,0.05
21895,60,1,552,0.05
21896,25,1,3410,0
21896,14,1,4075,0.1
21896,32,1,126,0.05
21897,44,1,724,0
21897,4,1,2293,0.05
21897,36,2,1580,0.05
21898,14,1,4075,0.1
21898,7,1,1985,0.1
21899,37,1,667,0.15
21899,55,1,4572,0
21900,59,1,2290,0.05
21900,37,1,667,0.15
21901,20,1,3438,0.1
21902,15,3,860,0
21903,3,1,3713,0
21903,48,1,2972,0.1
21904,51,1,2916,0.2
21905,9,1,4658,0.1
21906,23,1,2336,0
21907,29,1,2320,0.05
21907,51,1,2916,0.1
21907,4,1,2293,0
21908,38,1,3806,0
21909,60,2,552,0.05
21909,53,1,1286,0.1
21909,47,1,1558,0
21910,19,1,2193,0
21911,14,1,4075,0.05
21911,32,1,126,0
21912,7,1,1985,0.1
21913,25,2,3410,0.05
21914,52,1,1957,0.05
21915,50,1,2033,0
21915,11,1,1744,0.05
21916,34,1,2437,0
21916,38,1,3806,0.2
21917,12,2,4627,0.2
21917,34,1,2437,0
21918,52,1,1957,0.1
21919,1,1,150,0.05
21919,11,3,1744,0.05
21920,7,1,1985,0
21920,43,1,4289,0.2
21921,10,2,3487,0.1
21921,30,1,4729,0.2
21922,17,1,2656,0.1
21922,34,1,2437,0
21923,43,1,4289,0
21924,37,1,667,0.2
21925,28,1,567,0.1
21926,15,3,860,0.15
21927,12,1,4627,0
21927,38,2,3806,0.05
21928,20,1,3438,0
21928,26,1,4752,0
21929,16,2,1002,0.1
21930,1,1,150,0.05
21931,3,1,3713,0.15
21932,48,1,2972,0
21932,4,1,2293,0
21932,37,1,667,0.05
21933,31,1,3203,0
21933,49,1,1048,0
21934,11,1,1744,0.05
21934,58,1,1326,0.05
21934,57,1,729,0.1
21934,12,2,4627,0.2
21935,12,1,4627,0.1
21935,57,1,729,0.05
21936,24,1,2262,0
21936,28,1,567,0
21937,49,1,1048,0
21938,36,1,1580,0
21938,15,1,860,0
21939,30,1,4729,0.1
21940,14,1,4075,0.05
21941,44,1,724,0.1
21941,1,1,150,0
21942,34,1,2437,0
21943,41,1,931,0.05
21943,41,1,931,0.2
21943,57,2,729,0.05
21944,60,1,552,0.1
21945,52,1,1957,0
21946,43,1,4289,0.1
21947,53,1,1286,0
21948,4,2,2293,0
21949,55,1,4572,0.15
21949,26,1,4752,0
21950,35,3,1942,0
21950,18,1,778,0
21951,54,1,3026,0.2
21952,31,3,3203,0
21952,42,1,3125,0.05
21952,11,1,1744,0.05
21953,5,1,1760,0
21953,55,2,4572,0.15
21954,18,1,778,0
21954,27,1,1579,0
21955,9,1,4658,0.05
21956,45,1,4975,0.15
21956,35,1,1942,0.15
21957,50,2,2033,0.2
21957,27,1,1579,0
21957,43,2,4289,0.05
21958,15,1,860,0.05
21958,7,1,1985,0.1
21959,55,2,4572,0
21959,50,1,2033,0.1
21959,5,1,1760,0.05
21960,57,1,729,0.1
21960,25,2,3410,0.05
21960,18,1,778,0.1
21961,34,1,2437,0.05
21961,32,1,126,0
21962,16,1,1002,0.1
21962,24,1,2262,0.05
21963,28,2,567,0
21963,44,2,724,0
21964,7,1,1985,0
21965,53,1,1286,0.15
21965,34,1,2437,0
21966,23,1,2336,0
21966,1,1,150,0.1
21967,8,2,1791,0.05
21968,27,1,1579,0.05
21969,8,2,1791,0
21969,22,2,1574,0.1
21970,52,1,1957,0.15
21971,17,1,2656,0
21971,58,1,1326,0.2
21971,10,3,3487,0.05
21972,20,1,3438,0
21972,11,1,1744,0
21972,31,1,3203,0
21973,32,1,126,0.05
21974,1,2,150,0.05
21974,57,1,729,0.2
21975,44,2,724,0.1
21975,10,2,3487,0
21976,58,1,1326,0.1
21977,43,1,4289,0
21978,39,1,2235,0.05
21978,12,1,4627,0.1
21978,9,1,4658,0
21979,48,1,2972,0.05
21979,47,1,1558,0
21980,31,1,3203,0.1
21981,30,1,4729,0.15
21981,60,1,552,0
21982,58,1,1326,0.15
21982,17,1,2656,0
21983,27,1,1579,0.15
21984,6,1,529,0
21984,14,1,4075,0.05
21985,36,1,1580,0.15
21985,47,1,1558,0
21986,12,1,4627,0
21986,42,1,3125,0
21987,48,1,2972,0.05
21987,42,1,3125,0
21988,46,1,3785,0.15
21989,30,1,4729,0.05
21990,15,1,860,0.1
21990,54,1,3026,0.15
21990,54,1,3026,0.05
21991,20,2,3438,0
21991,28,1,567,0.05
21992,30,3,4729,0.1
21993,14,1,4075,0.1
21994,32,2,126,0
21995,48,1,2972,0.15
21996,14,1,4075,0
21996,39,1,2235,0.05
21997,36,2,1580,0
21998,16,1,1002,0.05
21999,29,1,2320,0.05
22000,27,1,1579,0
22000,9,1,4658,0.1
