order_id,customer_id,order_date,status,payment_type
1,2323,2025-05-02,completed,wallet
2,117,2024-07-14,completed,wallet
3,160,2025-03-29,cancelled,card
4,1240,2024-07-08,completed,atm
5,714,2024-08-12,completed,atm
6,2005,2025-01-14,completed,card
7,2379,2024-11-25,completed,card
8,671,2024-04-22,completed,atm
9,1462,2024-11-24,completed,card
10,211,2024-04-04,completed,atm
11,2091,2025-09-01,completed,atm
12,1710,2025-02-15,completed,card
13,2365,2024-03-25,completed,atm
14,1135,2025-05-19,completed,card
15,2205,2024-05-20,completed,card
16,2170,2025-08-30,completed,cod
17,143,2024-01-08,completed,card
18,1133,2024-06-22,completed,card
19,774,2024-01-13,completed,wallet
20,2419,2025-10-21,completed,card
21,33,2024-07-31,completed,atm
22,2448,2024-09-13,completed,card
23,242,2024-03-06,completed,card
24,1096,2025-11-24,completed,wallet
25,1465,2025-10-22,completed,atm
26,437,2024-06-17,completed,cod
27,1108,2024-02-15,completed,wallet
28,381,2025-09-28,completed,wallet
29,2018,2024-07-06,completed,atm
30,2292,2024-11-21,completed,wallet
31,1206,2024-04-27,completed,card
32,2101,2024-06-02,completed,card
33,1946,2024-08-25,completed,cod
34,600,2025-08-15,completed,card
35,2291,2025-07-02,completed,card
36,2254,2024-10-02,completed,card
37,2199,2025-12-21,completed,card
38,2340,2025-10-26,completed,atm
39,1267,2025-02-11,completed,atm
40,1601,2025-12-10,completed,card
41,364,2025-09-14,refunded,atm
42,1752,2025-10-12,completed,card
43,305,2025-12-29,completed,card
44,1147,2024-04-27,completed,card
45,2134,2024-08-29,completed,atm
46,297,2025-06-15,completed,card
47,649,2024-03-31,completed,atm
48,2417,2025-07-18,completed,card
49,1921,2024-03-13,completed,cod
50,2304,2025-02-23,completed,atm
51,1319,2024-09-20,completed,card
52,1122,2024-07-08,completed,card
53,1457,2025-03-07,completed,card
54,1355,2024-06-01,completed,card
55,1355,2024-03-10,completed,card
56,1240,2025-04-27,completed,wallet
57,2432,2025-06-22,completed,card
58,1817,2025-01-01,completed,wallet
59,45,2024-09-05,completed,card
60,1011,2025-10-28,completed,atm
61,1622,2025-09-20,completed,atm
62,2031,2025-11-04,completed,wallet
63,78,2025-12-08,completed,cod
64,2350,2025-03-30,completed,card
65,2294,2024-08-25,completed,atm
66,2195,2025-01-26,completed,card
67,1959,2024-09-22,completed,card
68,272,2024-01-29,completed,card
69,2385,2025-10-23,completed,atm
70,398,2024-05-07,completed,cod
71,769,2024-07-12,completed,cod
72,1410,2025-08-17,completed,card
73,884,2025-08-23,completed,card
74,866,2024-04-10,completed,cod
75,2033,2025-01-10,completed,cod
76,1231,2025-07-24,completed,card
77,838,2025-10-29,completed,wallet
78,396,2025-11-04,completed,wallet
79,1400,2024-07-27,completed,card
80,2233,2025-02-11,completed,cod
81,1296,2024-01-02,completed,atm
82,25,2024-01-28,completed,card
83,1802,2024-05-04,completed,card
84,300,2025-08-29,completed,atm
85,530,2025-05-03,completed,card
86,284,2024-06-06,completed,wallet
87,2380,2025-05-22,completed,wallet
88,2229,2025-02-14,completed,atm
89,559,2025-07-10,completed,card
90,51,2024-08-15,completed,card
91,2137,2025-07-15,completed,wallet
92,1646,2024-10-03,completed,atm
93,526,2024-11-20,completed,wallet
94,1164,2024-02-21,completed,atm
95,1609,2025-07-30,completed,atm
96,901,2025-07-29,completed,atm
97,2183,2024-07-23,completed,cod
98,182,2024-12-17,completed,atm
99,1440,2025-06-29,completed,cod
100,1278,2025-08-05,completed,atm
101,854,2024-10-23,completed,card
102,937,2025-02-25,completed,cod
103,1310,2024-12-15,completed,atm
104,160,2024-02-25,completed,card
105,975,2025-02-03,completed,card
106,2496,2025-01-03,completed,card
107,2135,2024-01-14,completed,wallet
108,652,2025-09-13,completed,cod
109,2355,2025-08-03,completed,atm
110,1187,2025-03-09,completed,card
111,2328,2024-09-06,completed,card
112,2135,2025-09-02,completed,cod
113,266,2024-04-19,completed,atm
114,1709,2025-07-02,completed,card
115,2010,2024-06-11,completed,card
116,2276,2024-05-16,completed,card
117,1415,2024-06-11,completed,wallet
118,1599,2024-08-21,completed,atm
119,1907,2024-09-10,completed,cod
120,336,2024-04-30,completed,card
121,1259,2025-03-10,completed,card
122,2090,2024-08-31,completed,card
123,1437,2025-06-25,completed,atm
124,1694,2025-02-11,completed,atm
125,1797,2025-02-26,completed,wallet
126,833,2025-08-19,completed,card
127,2243,2024-08-14,completed,card
128,2227,2024-08-22,completed,card
129,92,2025-02-25,completed,card
130,1390,2024-02-27,completed,wallet
131,1909,2024-08-12,completed,card
132,294,2024-10-19,completed,cod
133,2166,2025-02-09,completed,card
134,2140,2024-12-14,refunded,wallet
135,1655,2025-12-06,completed,card
136,1601,2025-06-27,completed,card
137,975,2024-02-27,completed,card
138,361,2025-08-11,completed,atm
139,728,2024-11-07,refunded,wallet
140,2079,2024-06-30,completed,card
141,107,2024-08-17,completed,card
142,2011,2025-09-02,completed,atm
143,300,2024-01-08,completed,wallet
144,695,2024-09-13,completed,atm
145,481,2025-01-09,completed,atm
146,1919,2025-01-15,completed,atm
147,2203,2024-01-17,completed,atm
148,1938,2025-11-09,completed,wallet
149,2145,2025-04-03,completed,card
150,1153,2025-11-08,cancelled,atm
151,611,2024-09-20,completed,card
152,602,2025-09-26,completed,atm
153,126,2025-04-15,refunded,card
154,1599,2025-12-19,completed,atm
155,1889,2025-11-16,completed,wallet
156,1048,2025-08-10,completed,atm
157,2119,2024-07-30,completed,wallet
158,2077,2025-01-11,completed,wallet
159,148,2025-06-09,completed,card
160,2235,2025-03-30,cancelled,card
161,2352,2024-11-29,completed,card
162,336,2024-10-22,completed,card
163,2061,2024-02-13,completed,wallet
164,204,2024-02-24,completed,atm
165,1931,2024-04-02,completed,atm
166,675,2024-07-13,completed,card
167,643,2025-06-02,completed,card
168,1722,2024-02-08,completed,card
169,662,2025-12-15,completed,wallet
170,1954,2024-11-15,completed,card
171,1756,2024-06-12,completed,wallet
172,1667,2025-05-16,completed,atm
173,463,2025-01-12,completed,card
174,776,2025-03-04,completed,wallet
175,1208,2024-06-13,completed,wallet
176,236,2024-11-08,completed,atm
177,1371,2024-06-23,completed,atm
178,943,2025-01-12,completed,wallet
179,909,2024-06-06,completed,card
180,2267,2025-04-24,completed,atm
181,1469,2025-11-20,completed,atm
182,1883,2024-01-25,completed,card
183,1377,2025-12-22,completed,atm
184,1964,2025-10-22,completed,wallet
185,503,2025-03-06,completed,atm
186,1824,2024-10-01,completed,card
187,857,2024-12-02,completed,card
188,701,2025-02-07,completed,card
189,513,2024-10-03,completed,atm
190,102,2025-01-08,completed,card
191,2316,2025-12-12,completed,atm
192,1110,2025-07-06,completed,card
193,2062,2025-04-13,completed,card
194,1802,2025-01-09,completed,card
195,39,2024-11-08,completed,card
196,1968,2025-10-04,completed,card
197,628,2024-03-09,completed,wallet
198,1078,2024-10-29,completed,card
199,1291,2024-04-19,completed,card
200,1516,2025-08-17,completed,atm
201,842,2024-09-26,completed,atm
202,1185,2025-08-06,completed,atm
203,751,2024-05-07,completed,cod
204,1463,2024-10-09,completed,card
205,372,2025-07-12,cancelled,wallet
206,2429,2025-04-05,completed,card
207,1720,2024-01-15,completed,card
208,525,2025-07-06,completed,wallet
209,1184,2025-12-20,completed,wallet
210,1961,2024-02-28,completed,atm
211,2408,2024-06-24,completed,card
212,277,2024-04-25,refunded,wallet
213,329,2024-03-07,completed,atm
214,1154,2025-05-03,completed,card
215,1759,2025-11-24,completed,card
216,1929,2024-03-15,completed,card
217,1081,2024-09-06,completed,card
218,1109,2025-02-21,completed,atm
219,395,2025-10-04,completed,card
220,1876,2025-11-26,completed,card
221,1086,2025-02-26,completed,card
222,1787,2024-07-29,completed,wallet
223,1468,2024-12-26,completed,atm
224,1211,2025-03-26,completed,cod
225,968,2025-08-25,completed,atm
226,2343,2025-01-02,completed,wallet
227,1330,2025-04-12,completed,cod
228,403,2025-07-31,completed,atm
229,2267,2025-09-04,completed,wallet
230,104,2024-11-18,completed,atm
231,586,2025-04-24,completed,atm
232,763,2025-11-03,completed,card
233,708,2025-01-22,completed,atm
234,2180,2024-06-29,completed,atm
235,913,2025-10-14,completed,atm
236,375,2025-04-19,completed,atm
237,756,2024-10-26,completed,cod
238,1817,2024-05-01,completed,atm
239,2290,2024-04-19,completed,atm
240,567,2024-06-09,completed,atm
241,1493,2024-12-21,cancelled,card
242,2422,2024-05-03,completed,atm
243,2486,2025-08-08,completed,card
244,2147,2024-01-01,completed,card
245,525,2025-05-13,completed,card
246,291,2025-11-12,completed,atm
247,483,2024-07-09,completed,atm
248,775,2025-08-26,completed,wallet
249,1135,2024-06-07,completed,atm
250,2496,2024-03-04,completed,card
251,1028,2025-08-02,completed,card
252,965,2025-09-14,completed,wallet
253,1126,2025-12-24,completed,cod
254,703,2024-04-05,completed,card
255,45,2024-10-20,completed,cod
256,397,2024-08-18,cancelled,card
257,524,2024-05-21,cancelled,wallet
258,2271,2025-06-17,completed,card
259,853,2024-08-17,completed,atm
260,1607,2024-08-28,completed,wallet
261,1433,2024-09-22,completed,cod
262,1432,2025-06-11,completed,card
263,1857,2025-01-13,completed,card
264,286,2024-11-09,completed,card
265,1306,2025-05-23,completed,wallet
266,1801,2025-07-12,completed,atm
267,163,2025-09-02,refunded,atm
268,993,2025-08-21,cancelled,atm
269,2285,2024-06-18,cancelled,atm
270,543,2024-06-15,completed,atm
271,322,2025-12-13,completed,card
272,22,2025-08-09,completed,card
273,1553,2025-09-25,completed,card
274,441,2024-10-31,completed,card
275,358,2025-07-24,completed,cod
276,1474,2024-03-05,completed,atm
277,680,2024-02-17,cancelled,cod
278,1201,2024-07-28,completed,card
279,2055,2024-08-18,completed,card
280,570,2024-12-28,completed,card
281,277,2024-06-08,completed,atm
282,1869,2024-05-26,completed,card
283,787,2024-04-09,completed,wallet
284,1239,2025-09-15,completed,card
285,1466,2025-07-03,completed,atm
286,727,2025-09-02,cancelled,card
287,2025,2024-03-31,completed,atm
288,586,2024-11-06,completed,atm
289,721,2025-07-02,completed,card
290,677,2025-11-06,completed,card
291,987,2024-07-13,completed,cod
292,2247,2025-07-29,completed,atm
293,1972,2025-08-06,completed,wallet
294,1801,2025-06-20,refunded,atm
295,2193,2024-08-29,completed,cod
296,637,2025-10-07,completed,wallet
297,1142,2025-12-18,completed,card
298,632,2024-11-19,cancelled,wallet
299,39,2025-01-03,completed,card
300,2412,2024-04-19,completed,card
301,1374,2025-02-14,completed,card
302,983,2025-08-26,completed,wallet
303,44,2025-09-18,completed,wallet
304,881,2025-01-23,completed,atm
305,2478,2025-05-15,completed,card
306,765,2024-08-23,completed,card
307,1885,2025-06-23,completed,card
308,297,2025-03-24,completed,card
309,28,2024-12-10,completed,atm
310,1767,2024-10-01,completed,card
311,1381,2025-02-16,completed,card
312,945,2024-03-11,completed,atm
313,944,2024-10-06,completed,cod
314,1161,2025-06-15,completed,card
315,761,2024-09-24,completed,cod
316,1961,2024-08-23,completed,atm
317,817,2024-03-17,completed,wallet
318,1724,2024-05-16,completed,card
319,1523,2025-04-14,completed,atm
320,1940,2025-03-12,refunded,atm
321,1239,2025-12-22,refunded,atm
322,711,2025-02-16,completed,card
323,2109,2024-02-03,completed,atm
324,2268,2025-09-13,completed,wallet
325,1863,2024-08-20,completed,atm
326,920,2025-01-19,completed,atm
327,2395,2025-12-16,completed,atm
328,87,2025-03-14,completed,atm
329,74,2024-03-05,completed,atm
330,1692,2024-02-01,completed,wallet
331,601,2025-04-01,completed,card
332,2398,2024-11-13,completed,atm
333,1756,2024-02-17,cancelled,wallet
334,1278,2024-12-25,completed,atm
335,1515,2024-01-05,completed,card
336,1635,2024-12-19,completed,card
337,502,2025-02-21,completed,atm
338,2351,2024-10-27,completed,wallet
339,1855,2025-12-19,completed,wallet
340,1882,2024-03-01,completed,card
341,53,2025-04-21,completed,card
342,1987,2025-09-04,completed,card
343,804,2025-06-26,completed,card
344,2453,2025-08-14,completed,card
345,1089,2025-11-06,completed,atm
346,2051,2024-09-16,completed,wallet
347,567,2024-01-13,completed,card
348,136,2025-06-27,completed,wallet
349,252,2025-08-03,completed,cod
350,327,2024-01-18,completed,atm
351,844,2025-11-19,completed,card
352,832,2024-04-24,completed,cod
353,137,2025-10-19,completed,atm
354,676,2024-01-10,completed,card
355,403,2024-04-06,completed,card
356,696,2025-02-13,completed,atm
357,1685,2024-05-18,completed,card
358,808,2025-02-21,completed,card
359,2310,2024-01-02,completed,card
360,1863,2024-04-05,completed,card
361,1681,2025-08-22,completed,wallet
362,298,2024-11-02,completed,atm
363,61,2025-03-27,completed,card
364,133,2024-09-13,completed,wallet
365,51,2024-05-23,completed,cod
366,772,2025-12-26,completed,card
367,762,2025-08-26,completed,atm
368,1174,2025-04-01,completed,wallet
369,627,2025-08-30,completed,card
370,2472,2025-11-26,completed,card
371,791,2024-09-20,completed,atm
372,1111,2024-11-26,completed,card
373,2232,2025-08-22,completed,wallet
374,546,2024-09-24,completed,card
375,2253,2024-03-31,completed,atm
376,750,2024-03-25,completed,card
377,2136,2025-06-05,completed,atm
378,1759,2025-05-21,completed,card
379,2324,2025-07-30,completed,card
380,240,2024-12-10,completed,card
381,2130,2024-10-15,completed,card
382,2078,2024-07-08,completed,card
383,23,2024-06-12,completed,cod
384,1845,2024-12-27,completed,atm
385,1769,2024-01-24,completed,atm
386,1729,2025-08-16,completed,wallet
387,1774,2024-02-19,completed,atm
388,1863,2025-07-31,completed,atm
389,936,2024-11-14,completed,wallet
390,1074,2025-08-30,completed,atm
391,824,2024-06-23,completed,card
392,540,2024-11-03,completed,atm
393,1978,2025-01-24,completed,card
394,1326,2024-05-28,completed,cod
395,870,2025-09-25,completed,cod
396,1232,2024-03-01,completed,wallet
397,692,2024-02-09,completed,atm
398,2245,2024-05-10,completed,card
399,358,2025-09-10,cancelled,atm
400,791,2025-09-19,completed,card
401,1774,2024-07-23,completed,cod
402,1550,2024-02-06,completed,atm
403,456,2024-07-26,completed,atm
404,1288,2025-04-23,completed,cod
405,1727,2024-05-24,completed,card
406,1066,2025-02-03,completed,card
407,787,2025-11-20,cancelled,atm
408,2434,2024-01-26,completed,atm
409,208,2025-04-24,completed,card
410,2316,2025-07-13,completed,wallet
411,624,2025-03-30,completed,card
412,1727,2024-01-10,completed,card
413,422,2025-02-10,completed,atm
414,730,2025-02-16,completed,cod
415,1173,2024-06-05,completed,wallet
416,2326,2025-06-25,completed,wallet
417,1921,2024-09-30,completed,card
418,1993,2025-10-15,completed,card
419,2474,2025-08-30,completed,card
420,1689,2024-01-19,completed,card
421,1639,2025-11-17,completed,card
422,2137,2025-03-23,completed,card
423,1334,2025-04-22,completed,atm
424,182,2025-09-19,completed,wallet
425,776,2025-03-12,completed,card
426,247,2025-10-05,completed,atm
427,2331,2024-02-29,completed,wallet
428,725,2025-04-01,completed,card
429,564,2025-05-26,completed,wallet
430,1906,2025-06-10,completed,card
431,884,2024-12-09,completed,card
432,811,2024-01-28,refunded,card
433,530,2024-02-02,completed,wallet
434,1398,2024-03-03,completed,cod
435,1656,2025-06-21,completed,card
436,799,2025-12-28,completed,cod
437,1674,2024-06-05,completed,cod
438,2307,2024-09-24,completed,card
439,1931,2025-06-09,completed,atm
440,625,2025-12-23,completed,card
441,2410,2025-05-18,completed,card
442,704,2024-12-15,completed,cod
443,2150,2024-10-18,completed,atm
444,2075,2024-08-18,completed,atm
445,46,2024-04-19,cancelled,atm
446,794,2025-04-18,completed,card
447,905,2025-06-13,completed,card
448,386,2024-06-05,completed,card
449,2097,2024-05-09,completed,atm
450,1864,2025-05-13,completed,wallet
451,1790,2024-07-10,completed,wallet
452,1442,2025-12-02,completed,cod
453,263,2025-11-17,completed,atm
454,704,2024-08-26,completed,cod
455,1369,2025-03-15,completed,wallet
456,2044,2024-07-28,completed,card
457,816,2024-08-22,completed,card
458,1366,2025-04-04,completed,card
459,1529,2024-10-07,completed,card
460,1314,2024-06-19,completed,cod
461,397,2025-01-30,completed,wallet
462,2487,2024-11-02,completed,atm
463,2218,2024-12-04,completed,atm
464,178,2024-10-08,completed,wallet
465,1562,2024-04-20,completed,atm
466,2098,2025-12-12,completed,wallet
467,910,2024-01-12,completed,card
468,2089,2024-05-24,completed,card
469,1472,2024-06-18,completed,wallet
470,100,2024-07-26,completed,wallet
471,1169,2025-01-27,completed,atm
472,343,2025-11-29,completed,cod
473,688,2025-12-01,completed,wallet
474,1056,2024-06-22,completed,card
475,1980,2025-07-09,completed,card
476,2027,2025-12-25,cancelled,card
477,186,2024-04-11,completed,card
478,2213,2025-11-18,completed,card
479,1980,2024-05-31,completed,card
480,1245,2024-03-09,completed,cod
481,1197,2025-07-20,completed,atm
482,1155,2025-02-27,completed,card
483,1671,2024-10-12,completed,atm
484,1861,2024-10-30,completed,card
485,2008,2025-08-07,completed,atm
486,884,2024-06-18,cancelled,card
487,1671,2024-09-06,completed,card
488,536,2024-05-23,completed,card
489,919,2025-06-11,completed,card
490,977,2025-08-28,completed,card
491,495,2025-09-16,completed,atm
492,1605,2024-05-17,completed,card
493,2310,2025-11-21,completed,atm
494,1853,2024-11-29,completed,card
495,442,2024-05-27,completed,wallet
496,744,2024-03-30,refunded,atm
497,1404,2025-05-23,completed,card
498,944,2024-05-03,completed,card
499,1709,2024-10-27,completed,card
500,433,2024-06-21,completed,atm
501,58,2025-06-23,completed,card
502,2445,2025-06-13,completed,card
503,1384,2024-06-28,completed,card
504,1843,2024-09-20,refunded,card
505,2383,2025-04-03,completed,cod
506,1102,2024-07-28,completed,card
507,1386,2024-06-13,refunded,card
508,1182,2025-09-08,completed,wallet
509,1609,2025-01-23,completed,card
510,167,2024-05-04,cancelled,atm
511,2364,2024-11-18,completed,wallet
512,125,2024-11-21,completed,atm
513,2369,2024-02-01,completed,atm
514,1839,2024-09-18,completed,card
515,1206,2024-11-26,completed,card
516,2167,2024-05-21,completed,cod
517,2180,2025-09-07,completed,atm
518,2138,2025-01-17,completed,atm
519,1249,2025-03-18,completed,atm
520,582,2024-06-24,completed,atm
521,2358,2025-11-25,completed,atm
522,1394,2025-09-25,refunded,card
523,779,2024-05-16,completed,card
524,698,2024-01-24,cancelled,cod
525,796,2025-08-19,completed,card
526,1161,2025-12-14,completed,card
527,1157,2024-03-22,completed,atm
528,2380,2025-01-13,completed,atm
529,2121,2025-02-13,completed,card
530,199,2024-05-15,completed,card
531,1841,2025-04-14,completed,atm
532,1027,2024-03-24,completed,cod
533,547,2025-04-09,completed,card
534,320,2025-11-14,completed,cod
535,1492,2025-05-30,completed,atm
536,1158,2024-06-29,completed,card
537,1562,2024-06-13,completed,wallet
538,1347,2024-05-13,cancelled,card
539,117,2024-06-24,completed,atm
540,1344,2024-06-08,completed,card
541,2071,2025-02-22,completed,atm
542,1234,2025-09-11,completed,card
543,548,2024-12-23,completed,atm
544,1586,2024-07-10,completed,cod
545,620,2025-05-02,completed,cod
546,2204,2025-03-09,completed,atm
547,783,2024-07-08,completed,card
548,2001,2025-07-14,completed,atm
549,1583,2024-05-14,completed,card
550,1846,2024-07-13,completed,card
551,1035,2024-07-29,completed,card
552,1515,2025-05-15,cancelled,card
553,1091,2024-08-12,completed,card
554,734,2025-02-03,completed,atm
555,1818,2024-05-01,completed,wallet
556,2482,2024-02-12,completed,atm
557,91,2025-11-23,completed,card
558,2365,2024-03-20,completed,card
559,1498,2024-02-06,completed,card
560,1518,2024-08-21,completed,card
561,1513,2025-08-09,completed,card
562,1304,2025-02-22,completed,card
563,1414,2024-01-19,completed,atm
564,2348,2025-04-04,completed,atm
565,1635,2024-07-21,completed,wallet
566,304,2025-04-04,completed,card
567,943,2024-02-20,completed,cod
568,2339,2024-09-01,completed,atm
569,2056,2024-11-22,completed,card
570,2233,2024-08-02,completed,atm
571,410,2025-03-06,completed,atm
572,493,2024-06-19,completed,card
573,2345,2025-04-26,completed,wallet
574,1725,2024-03-07,completed,card
575,1230,2025-07-24,refunded,cod
576,55,2024-03-23,cancelled,card
577,2311,2024-10-28,completed,card
578,1825,2025-12-22,cancelled,card
579,325,2024-11-01,completed,card
580,2408,2025-10-05,completed,wallet
581,999,2025-12-22,cancelled,card
582,1521,2025-06-22,completed,wallet
583,294,2024-10-17,completed,atm
584,1813,2024-12-22,completed,wallet
585,1068,2025-12-07,completed,card
586,2466,2024-07-18,completed,card
587,2000,2025-05-21,completed,card
588,1472,2025-01-12,completed,cod
589,1614,2024-08-16,completed,card
590,402,2025-10-10,completed,card
591,892,2024-09-16,completed,card
592,1626,2025-10-01,cancelled,card
593,1208,2024-06-11,completed,cod
594,2306,2024-04-26,completed,card
595,188,2024-07-09,completed,card
596,890,2024-06-03,completed,atm
597,2150,2024-02-27,completed,card
598,1345,2025-09-08,completed,wallet
599,2232,2025-08-29,completed,card
600,887,2025-05-05,cancelled,card
601,2265,2024-06-21,completed,card
602,547,2025-03-06,completed,card
603,32,2024-11-23,completed,atm
604,2025,2024-05-13,completed,cod
605,1414,2025-01-06,completed,wallet
606,1521,2025-11-06,completed,atm
607,107,2025-05-21,completed,wallet
608,1551,2025-06-27,completed,atm
609,579,2025-04-23,completed,card
610,2297,2024-02-24,completed,atm
611,2263,2024-03-10,completed,card
612,1069,2025-06-14,completed,card
613,1652,2024-06-11,completed,card
614,1632,2025-01-16,completed,card
615,1696,2024-08-12,cancelled,card
616,581,2024-07-26,completed,cod
617,1438,2024-10-27,completed,wallet
618,1940,2025-12-17,cancelled,wallet
619,1573,2025-11-19,completed,wallet
620,1269,2025-04-02,completed,wallet
621,1356,2025-04-26,completed,card
622,1740,2025-06-06,completed,card
623,286,2024-03-28,completed,cod
624,444,2025-08-30,completed,card
625,1868,2025-09-10,completed,card
626,2222,2025-05-12,completed,atm
627,1380,2024-09-13,completed,card
628,2021,2024-12-06,completed,wallet
629,1119,2025-07-05,completed,card
630,2409,2024-11-23,completed,atm
631,330,2024-03-15,completed,cod
632,22,2025-08-28,cancelled,card
633,1338,2024-02-03,completed,cod
634,2348,2025-09-22,completed,wallet
635,1515,2025-04-27,completed,card
636,2264,2025-12-01,completed,card
637,2425,2025-06-08,completed,wallet
638,1297,2024-01-31,completed,card
639,195,2025-03-22,completed,cod
640,826,2024-08-07,completed,cod
641,338,2024-06-15,completed,card
642,1403,2025-02-12,completed,card
643,410,2024-08-10,completed,card
644,440,2024-04-23,completed,card
645,2121,2024-11-04,completed,card
646,1346,2025-09-22,completed,card
647,1939,2024-08-01,completed,atm
648,232,2024-08-31,completed,cod
649,1497,2025-04-17,completed,atm
650,2346,2024-05-14,completed,atm
651,1906,2025-08-06,completed,card
652,1408,2025-09-25,completed,card
653,1713,2025-06-20,completed,card
654,2202,2024-09-13,cancelled,card
655,106,2025-02-14,completed,card
656,2036,2025-05-30,completed,cod
657,327,2024-03-23,completed,card
658,142,2024-03-09,completed,card
659,858,2025-01-26,completed,atm
660,407,2024-01-16,completed,card
661,721,2024-12-31,completed,card
662,194,2025-08-19,completed,atm
663,1809,2025-06-07,completed,card
664,1369,2025-09-17,completed,atm
665,2086,2024-10-14,refunded,cod
666,1950,2025-04-04,refunded,card
667,704,2025-02-27,completed,card
668,705,2024-11-23,completed,card
669,379,2025-07-10,completed,card
670,363,2024-01-03,completed,cod
671,979,2025-02-08,completed,card
672,108,2025-11-22,cancelled,card
673,2027,2025-02-06,completed,card
674,728,2024-05-27,cancelled,wallet
675,1915,2025-08-28,completed,atm
676,1136,2024-08-14,completed,atm
677,1445,2025-10-27,completed,card
678,1840,2024-06-02,completed,card
679,2494,2025-11-24,completed,card
680,2126,2025-07-28,completed,card
681,2129,2025-08-12,completed,wallet
682,1756,2024-11-30,completed,atm
683,873,2025-07-14,completed,wallet
684,161,2025-10-14,completed,wallet
685,73,2024-01-27,completed,card
686,726,2024-02-16,completed,atm
687,248,2025-09-04,completed,atm
688,2088,2024-11-19,completed,atm
689,988,2025-03-30,completed,card
690,1442,2024-08-29,completed,atm
691,141,2025-10-25,completed,card
692,221,2025-06-10,completed,card
693,934,2025-08-13,completed,wallet
694,1377,2024-03-04,completed,card
695,392,2025-01-02,completed,card
696,1739,2025-11-22,completed,atm
697,388,2024-02-26,completed,card
698,881,2024-06-30,completed,card
699,1767,2024-03-14,completed,card
700,1848,2024-03-27,completed,cod
701,1336,2025-11-07,completed,card
702,1634,2024-09-07,completed,card
703,447,2024-03-12,completed,atm
704,1285,2024-01-21,completed,atm
705,2165,2024-10-16,completed,atm
706,367,2025-07-06,completed,atm
707,556,2024-03-21,completed,atm
708,2298,2024-03-07,completed,card
709,1471,2024-04-07,completed,card
710,854,2024-05-31,completed,atm
711,764,2024-03-26,completed,atm
712,582,2024-01-31,completed,atm
713,749,2025-06-05,completed,card
714,1947,2025-04-07,refunded,atm
715,134,2025-09-26,completed,wallet
716,1552,2025-09-06,completed,cod
717,1763,2024-04-17,completed,atm
718,1005,2025-01-20,completed,wallet
719,1472,2025-01-01,completed,atm
720,402,2025-07-16,completed,card
721,806,2024-04-18,completed,atm
722,2405,2024-09-15,completed,card
723,1206,2025-11-29,completed,card
724,205,2024-02-21,completed,card
725,2166,2024-11-12,completed,cod
726,2102,2024-09-12,completed,card
727,920,2024-03-23,completed,card
728,1592,2025-11-24,completed,wallet
729,655,2025-08-28,completed,atm
730,911,2024-02-08,completed,card
731,1487,2025-08-10,completed,card
732,1280,2024-06-07,completed,cod
733,1414,2024-12-09,completed,card
734,109,2025-05-30,completed,card
735,2443,2025-05-28,completed,card
736,2213,2024-04-15,completed,cod
737,1121,2025-08-02,refunded,card
738,1073,2025-04-22,completed,wallet
739,585,2025-04-22,completed,card
740,763,2024-09-19,refunded,wallet
741,1987,2025-07-27,completed,card
742,1748,2025-12-07,refunded,atm
743,1227,2025-09-05,completed,cod
744,527,2025-07-12,completed,card
745,407,2025-07-23,completed,cod
746,1664,2025-07-25,completed,cod
747,2048,2025-04-05,completed,atm
748,729,2025-02-11,completed,cod
749,2312,2025-02-17,completed,atm
750,1790,2024-11-28,completed,wallet
751,370,2024-09-05,completed,atm
752,2139,2024-08-28,completed,wallet
753,345,2024-09-18,completed,card
754,1483,2024-03-11,completed,cod
755,2004,2024-04-23,completed,card
756,1290,2025-09-18,completed,card
757,315,2024-06-11,completed,card
758,1885,2025-06-23,cancelled,cod
759,1637,2025-07-31,completed,card
760,1010,2024-01-18,completed,card
761,2016,2025-08-17,completed,atm
762,2456,2024-08-31,completed,wallet
763,1944,2025-04-30,refunded,cod
764,1312,2024-02-17,completed,card
765,442,2024-03-27,completed,atm
766,789,2024-06-20,completed,wallet
767,1478,2024-08-23,completed,wallet
768,1185,2025-10-25,completed,atm
769,2402,2024-08-03,completed,card
770,2448,2025-11-22,completed,cod
771,1337,2025-05-02,completed,card
772,540,2025-09-22,completed,card
773,486,2025-01-01,completed,atm
774,650,2025-03-22,completed,wallet
775,302,2024-10-31,completed,card
776,1704,2024-10-23,completed,atm
777,1028,2024-10-01,completed,atm
778,1808,2025-06-23,completed,card
779,2418,2024-04-06,completed,card
780,1237,2024-04-05,completed,card
781,1394,2025-04-12,completed,card
782,1655,2025-10-13,completed,wallet
783,776,2025-05-02,completed,card
784,375,2024-04-03,completed,card
785,578,2024-07-09,completed,atm
786,1108,2025-02-08,completed,atm
787,637,2024-08-03,refunded,card
788,83,2024-01-19,completed,card
789,850,2024-11-06,completed,cod
790,1698,2024-01-02,completed,card
791,428,2024-06-07,completed,card
792,2070,2024-12-03,completed,wallet
793,1116,2024-03-18,cancelled,wallet
794,1482,2024-07-30,completed,atm
795,233,2025-02-10,completed,atm
796,2216,2025-02-22,completed,wallet
797,392,2025-04-12,completed,atm
798,659,2025-08-20,completed,card
799,1483,2025-07-28,completed,card
800,2059,2025-05-23,completed,card
801,1388,2025-07-26,completed,card
802,1597,2025-09-20,completed,atm
803,2252,2025-05-18,completed,wallet
804,319,2025-03-07,completed,wallet
805,1116,2024-02-12,completed,atm
806,1395,2025-01-17,completed,card
807,1868,2025-07-17,completed,card
808,917,2025-11-03,completed,card
809,1313,2024-10-07,completed,card
810,349,2024-06-17,completed,atm
811,228,2025-07-22,completed,atm
812,17,2025-10-23,completed,atm
813,1279,2024-06-18,completed,atm
814,926,2025-03-23,completed,atm
815,1835,2024-08-28,completed,card
816,265,2025-05-02,cancelled,card
817,2092,2024-07-05,completed,wallet
818,1393,2025-02-18,completed,card
819,1610,2024-12-24,completed,atm
820,1892,2024-04-06,completed,cod
821,1064,2025-10-20,completed,atm
822,2489,2024-08-22,completed,wallet
823,1599,2024-04-01,completed,card
824,466,2024-09-07,completed,cod
825,343,2025-04-22,completed,wallet
826,1114,2024-09-17,completed,wallet
827,64,2024-02-02,completed,atm
828,1194,2025-02-23,completed,card
829,1319,2025-10-10,completed,card
830,2389,2025-07-09,completed,atm
831,1896,2025-07-10,completed,atm
832,1109,2025-03-26,completed,atm
833,369,2025-05-16,completed,cod
834,2279,2024-05-22,completed,atm
835,2274,2024-08-11,completed,atm
836,1188,2025-12-02,completed,wallet
837,61,2024-05-12,completed,wallet
838,1742,2025-09-11,completed,card
839,2184,2025-07-15,cancelled,atm
840,2214,2024-06-10,completed,card
841,2453,2024-08-15,completed,card
842,1105,2025-05-17,completed,card
843,299,2025-07-18,completed,atm
844,1661,2025-02-16,completed,cod
845,1478,2025-10-10,completed,card
846,1482,2025-10-17,completed,card
847,803,2025-03-19,completed,card
848,942,2024-10-09,completed,cod
849,2459,2025-07-15,completed,atm
850,787,2024-07-07,completed,card
851,181,2024-01-08,completed,cod
852,1608,2024-09-21,completed,atm
853,2064,2025-11-02,completed,card
854,505,2024-06-05,completed,wallet
855,312,2025-10-31,completed,atm
856,509,2024-10-08,completed,atm
857,1211,2024-10-27,refunded,card
858,373,2024-12-28,completed,atm
859,677,2024-02-10,completed,card
860,337,2025-12-13,completed,wallet
861,1293,2024-05-21,completed,card
862,2190,2024-04-05,completed,atm
863,1823,2024-01-15,completed,card
864,1104,2025-12-06,completed,card
865,124,2024-01-10,completed,wallet
866,2428,2024-12-01,completed,card
867,1190,2024-10-05,completed,wallet
868,1776,2025-08-05,completed,card
869,1413,2024-08-28,completed,card
870,1717,2024-01-28,completed,atm
871,1820,2025-12-17,completed,card
872,1996,2025-10-30,completed,card
873,1107,2025-01-19,completed,wallet
874,2155,2024-12-28,completed,cod
875,552,2024-11-12,completed,cod
876,1031,2024-03-15,completed,atm
877,381,2025-12-10,completed,card
878,568,2025-11-24,completed,card
879,1452,2025-07-12,completed,card
880,887,2025-06-17,completed,card
881,2277,2025-09-10,completed,card
882,666,2024-12-27,completed,card
883,426,2025-11-06,completed,cod
884,807,2025-12-18,completed,cod
885,1300,2024-08-02,completed,card
886,1946,2024-12-17,completed,atm
887,1819,2025-10-10,completed,card
888,375,2024-02-27,completed,wallet
889,1071,2025-05-06,completed,wallet
890,1376,2025-02-15,completed,atm
891,1079,2024-10-02,completed,atm
892,2369,2025-11-12,completed,atm
893,1670,2025-08-04,completed,card
894,487,2024-04-24,completed,card
895,842,2024-09-28,completed,atm
896,760,2024-10-18,completed,card
897,1768,2024-05-29,refunded,atm
898,1101,2025-10-23,completed,atm
899,313,2024-01-14,completed,card
900,1725,2025-08-11,completed,card
901,2140,2025-08-25,completed,atm
902,994,2025-10-08,completed,wallet
903,2034,2025-08-20,completed,atm
904,1932,2025-04-04,completed,card
905,414,2024-12-10,completed,atm
906,1811,2025-02-14,refunded,card
907,507,2025-10-15,completed,cod
908,2191,2025-10-21,completed,card
909,1668,2024-11-26,cancelled,card
910,197,2024-01-25,completed,atm
911,97,2024-02-16,completed,card
912,1860,2025-05-02,completed,wallet
913,573,2024-01-20,completed,atm
914,2044,2024-10-21,completed,wallet
915,1429,2024-06-30,completed,card
916,720,2024-01-11,completed,atm
917,1030,2024-06-04,completed,card
918,2290,2025-02-03,completed,card
919,627,2024-07-07,completed,wallet
920,134,2024-11-04,completed,card
921,2408,2025-09-09,completed,cod
922,487,2024-04-07,completed,card
923,365,2025-11-25,completed,card
924,1883,2024-02-02,completed,card
925,1889,2024-01-12,completed,card
926,955,2025-10-18,completed,card
927,2171,2024-03-30,completed,atm
928,84,2024-10-07,completed,card
929,1065,2025-07-04,completed,card
930,930,2024-07-12,completed,card
931,62,2024-04-21,completed,card
932,1379,2025-08-06,completed,wallet
933,1702,2025-07-09,completed,atm
934,909,2025-09-28,completed,card
935,40,2024-08-02,completed,card
936,784,2024-02-03,completed,atm
937,1223,2024-11-23,completed,atm
938,1803,2024-04-10,cancelled,card
939,1388,2025-05-04,completed,atm
940,2194,2024-10-06,completed,card
941,2089,2025-05-25,completed,atm
942,1328,2024-03-27,completed,atm
943,934,2025-12-13,completed,card
944,1069,2025-11-28,completed,card
945,1415,2025-08-12,completed,card
946,1377,2024-12-31,completed,card
947,1337,2024-10-12,completed,atm
948,829,2025-01-09,completed,atm
949,2432,2025-08-31,completed,atm
950,630,2025-09-07,completed,atm
951,990,2024-09-18,completed,atm
952,1800,2025-07-01,completed,card
953,1984,2024-11-02,completed,card
954,1401,2024-03-29,completed,card
955,336,2024-01-22,completed,atm
956,1549,2025-10-18,completed,card
957,1346,2024-07-18,completed,atm
958,29,2025-10-08,completed,card
959,2002,2025-05-08,completed,wallet
960,1779,2025-07-06,completed,wallet
961,1081,2025-11-05,completed,card
962,139,2024-03-18,completed,atm
963,1246,2024-03-26,completed,card
964,325,2024-12-15,completed,card
965,675,2024-06-15,cancelled,card
966,684,2024-02-15,completed,cod
967,173,2025-12-22,completed,atm
968,676,2025-12-12,completed,card
969,1142,2024-10-17,completed,atm
970,2119,2025-01-25,completed,card
971,1270,2024-09-15,completed,card
972,292,2024-04-30,completed,wallet
973,361,2024-03-24,refunded,wallet
974,637,2024-09-15,completed,card
975,1564,2025-02-13,completed,wallet
976,590,2024-03-09,completed,card
977,1540,2024-04-23,completed,cod
978,1851,2025-09-27,completed,card
979,905,2024-02-23,completed,wallet
980,1232,2025-05-17,completed,card
981,1499,2025-09-10,completed,wallet
982,1860,2025-04-19,completed,cod
983,1916,2024-12-12,completed,card
984,1606,2025-10-05,completed,atm
985,2188,2024-06-20,completed,atm
986,1227,2025-10-25,completed,atm
987,2071,2025-09-03,completed,atm
988,2275,2025-12-22,completed,card
989,1605,2025-09-19,completed,cod
990,2200,2024-01-03,completed,card
991,959,2025-05-06,completed,card
992,2082,2025-08-07,completed,card
993,2174,2025-01-07,completed,card
994,2428,2024-10-04,completed,card
995,115,2024-07-09,completed,card
996,2037,2024-10-08,completed,card
997,1757,2025-01-22,completed,card
998,1256,2024-09-22,completed,atm
999,1452,2025-11-23,completed,wallet
1000,562,2025-06-20,completed,atm
1001,1017,2024-03-06,completed,atm
1002,185,2025-08-06,completed,atm
1003,1699,2025-02-20,completed,card
1004,2121,2024-01-05,completed,card
1005,563,2025-07-09,refunded,card
1006,444,2025-08-29,cancelled,card
1007,2044,2025-07-14,completed,card
1008,886,2025-06-20,completed,wallet
1009,1708,2024-10-08,completed,card
1010,2007,2025-12-30,completed,atm
1011,60,2024-05-14,completed,card
1012,1273,2024-01-17,completed,wallet
1013,1025,2024-09-25,completed,card
1014,426,2024-06-28,completed,card
1015,507,2025-11-27,completed,card
1016,1297,2024-05-05,completed,wallet
1017,43,2024-07-09,completed,atm
1018,1014,2024-05-24,completed,card
1019,62,2025-04-19,completed,atm
1020,835,2024-03-18,cancelled,card
1021,1828,2025-10-27,completed,card
1022,2322,2024-03-14,completed,card
1023,511,2025-11-03,completed,card
1024,962,2024-10-27,completed,card
1025,201,2024-08-14,completed,card
1026,2077,2024-06-25,cancelled,card
1027,1889,2025-01-01,completed,card
1028,1234,2024-10-08,completed,card
1029,166,2024-04-11,completed,card
1030,1981,2024-07-10,completed,cod
1031,1677,2024-10-05,completed,wallet
1032,69,2024-09-10,completed,card
1033,1213,2024-09-10,completed,card
1034,430,2024-05-07,refunded,wallet
1035,1992,2025-02-28,refunded,card
1036,1980,2024-12-31,completed,cod
1037,893,2024-04-24,completed,atm
1038,1748,2025-03-29,completed,atm
1039,2060,2025-02-23,completed,cod
1040,847,2024-06-06,completed,card
1041,376,2024-06-13,completed,atm
1042,980,2024-05-20,completed,card
1043,2378,2025-04-17,completed,card
1044,630,2025-07-18,completed,wallet
1045,884,2024-11-28,completed,card
1046,2173,2024-03-06,completed,cod
1047,9,2024-04-21,completed,cod
1048,597,2025-10-03,completed,card
1049,1819,2025-12-20,completed,card
1050,2223,2025-08-19,completed,card
1051,1177,2025-02-06,completed,cod
1052,2218,2024-11-25,completed,card
1053,1126,2024-11-22,refunded,atm
1054,909,2025-08-12,refunded,atm
1055,1579,2025-01-31,completed,wallet
1056,1869,2024-12-14,completed,card
1057,200,2024-03-07,completed,wallet
1058,177,2025-02-12,refunded,atm
1059,745,2024-01-23,completed,atm
1060,2329,2024-04-27,completed,card
1061,1841,2024-10-25,completed,card
1062,1885,2025-08-10,completed,atm
1063,2253,2024-07-31,cancelled,card
1064,2072,2025-12-26,completed,card
1065,2209,2025-03-15,completed,card
1066,312,2025-09-20,completed,cod
1067,2290,2025-02-11,cancelled,card
1068,241,2024-04-12,completed,card
1069,799,2024-08-17,completed,atm
1070,2357,2024-07-07,completed,wallet
1071,917,2024-06-30,completed,atm
1072,2454,2025-08-10,completed,cod
1073,1645,2025-06-03,completed,cod
1074,500,2025-04-25,completed,card
1075,556,2025-09-27,completed,card
1076,829,2024-12-19,completed,card
1077,692,2025-05-31,completed,card
1078,2101,2025-10-30,completed,atm
1079,553,2024-06-02,completed,card
1080,1315,2025-10-25,completed,atm
1081,1911,2025-02-20,completed,wallet
1082,899,2025-01-26,completed,wallet
1083,625,2025-12-07,completed,card
1084,1708,2025-06-13,completed,card
1085,30,2024-02-01,completed,card
1086,371,2025-02-22,completed,atm
1087,1076,2024-09-01,completed,card
1088,2276,2025-06-22,completed,cod
1089,417,2024-10-18,completed,cod
1090,1213,2025-07-27,completed,card
1091,1184,2025-06-02,completed,card
1092,1885,2025-02-18,completed,wallet
1093,2157,2024-01-14,completed,card
1094,2115,2024-08-04,completed,atm
1095,1588,2025-08-20,completed,card
1096,1587,2025-01-16,cancelled,card
1097,1506,2024-05-31,completed,cod
1098,1096,2025-02-02,completed,card
1099,768,2024-05-25,completed,atm
1100,1030,2024-12-25,completed,atm
1101,2493,2025-02-01,completed,wallet
1102,2342,2024-07-22,completed,atm
1103,806,2025-05-24,completed,card
1104,359,2025-03-29,completed,card
1105,405,2025-12-20,completed,card
1106,74,2025-08-03,completed,atm
1107,403,2025-02-12,completed,cod
1108,2379,2025-07-15,completed,wallet
1109,11,2024-09-11,completed,card
1110,1051,2025-09-25,completed,wallet
1111,1774,2025-04-28,completed,card
1112,1944,2024-05-19,completed,card
1113,1703,2024-05-19,completed,atm
1114,1895,2024-09-20,completed,card
1115,1249,2025-11-12,completed,card
1116,1920,2024-05-17,completed,atm
1117,713,2024-01-02,completed,card
1118,438,2025-12-26,completed,card
1119,167,2025-06-03,completed,atm
1120,2107,2024-06-13,completed,cod
1121,2128,2024-01-03,completed,card
1122,1929,2025-12-18,completed,wallet
1123,1052,2024-06-25,completed,cod
1124,900,2024-03-11,completed,card
1125,393,2024-12-14,completed,cod
1126,1935,2024-05-24,completed,cod
1127,1680,2025-02-07,completed,cod
1128,1483,2024-08-29,completed,atm
1129,2313,2025-05-12,completed,atm
1130,1176,2024-09-24,completed,card
1131,2001,2025-11-20,completed,card
1132,878,2024-08-22,completed,card
1133,1097,2025-07-13,completed,atm
1134,178,2025-03-30,completed,card
1135,121,2024-08-26,completed,atm
1136,949,2025-07-10,completed,card
1137,961,2025-07-17,completed,card
1138,1397,2024-10-13,completed,atm
1139,984,2025-08-02,completed,card
1140,1781,2024-11-03,cancelled,card
1141,2104,2025-02-04,completed,atm
1142,932,2024-03-27,completed,atm
1143,340,2025-06-08,completed,cod
1144,98,2025-06-06,completed,cod
1145,1776,2025-10-26,completed,card
1146,1878,2025-07-15,completed,card
1147,1180,2025-08-06,completed,card
1148,1319,2024-03-11,completed,wallet
1149,2168,2025-08-18,cancelled,atm
1150,2045,2024-10-29,completed,atm
1151,209,2025-06-04,completed,atm
1152,1177,2024-06-28,completed,atm
1153,1366,2024-10-12,completed,card
1154,714,2025-03-02,completed,atm
1155,902,2024-03-11,completed,card
1156,635,2025-06-08,completed,card
1157,1479,2024-09-13,completed,wallet
1158,2031,2025-02-17,completed,card
1159,1088,2024-04-20,completed,card
1160,1993,2024-05-08,completed,wallet
1161,1314,2025-02-22,completed,card
1162,1921,2025-03-10,completed,card
1163,1131,2024-02-03,refunded,atm
1164,496,2025-06-23,completed,wallet
1165,1241,2025-09-08,cancelled,card
1166,1793,2024-05-28,completed,cod
1167,368,2025-01-03,completed,cod
1168,1411,2025-10-26,completed,atm
1169,1067,2025-07-09,completed,atm
1170,172,2024-09-26,completed,atm
1171,868,2024-09-03,completed,wallet
1172,1555,2025-01-12,completed,card
1173,2284,2024-06-23,completed,card
1174,769,2025-06-16,completed,wallet
1175,1078,2024-09-06,completed,card
1176,1028,2024-03-12,refunded,card
1177,2268,2025-08-30,completed,card
1178,2300,2025-08-16,completed,card
1179,449,2024-07-01,completed,card
1180,239,2024-10-05,completed,card
1181,2481,2025-12-18,completed,card
1182,2115,2025-08-22,completed,atm
1183,1184,2024-03-04,completed,card
1184,1320,2025-01-20,completed,wallet
1185,606,2025-04-30,completed,card
1186,2039,2025-08-02,completed,cod
1187,390,2025-08-25,completed,cod
1188,112,2025-03-31,completed,card
1189,1822,2025-02-18,completed,atm
1190,1434,2024-03-20,completed,cod
1191,631,2025-03-15,completed,wallet
1192,216,2025-07-03,completed,wallet
1193,1079,2024-09-07,completed,wallet
1194,1197,2024-11-03,completed,card
1195,1711,2024-04-23,completed,wallet
1196,327,2024-06-19,completed,atm
1197,838,2025-06-04,completed,card
1198,1322,2024-09-14,completed,card
1199,2243,2025-01-31,completed,wallet
1200,431,2025-04-05,completed,wallet
1201,464,2024-07-31,completed,wallet
1202,1968,2024-11-13,completed,wallet
1203,764,2025-05-08,completed,card
1204,606,2024-05-21,completed,card
1205,1539,2024-03-05,completed,card
1206,277,2024-03-05,completed,atm
1207,1321,2025-05-21,completed,wallet
1208,1301,2025-09-29,completed,atm
1209,2038,2024-10-02,completed,atm
1210,407,2024-07-14,completed,cod
1211,980,2024-11-14,completed,cod
1212,841,2025-03-13,completed,atm
1213,708,2024-05-21,completed,card
1214,1612,2025-07-26,cancelled,card
1215,2304,2024-02-21,completed,wallet
1216,559,2025-09-16,completed,card
1217,858,2024-10-05,completed,wallet
1218,867,2024-12-17,completed,card
1219,555,2025-03-21,completed,atm
1220,2421,2024-03-22,completed,atm
1221,1926,2025-01-05,completed,wallet
1222,564,2025-07-17,completed,wallet
1223,657,2025-11-22,cancelled,wallet
1224,1841,2024-09-13,completed,card
1225,701,2025-01-03,completed,card
1226,1350,2025-11-02,completed,wallet
1227,799,2025-08-01,cancelled,card
1228,2490,2025-11-14,completed,cod
1229,1188,2025-01-17,cancelled,card
1230,622,2024-07-31,completed,card
1231,1855,2024-05-24,completed,card
1232,1775,2025-03-23,completed,card
1233,477,2025-12-29,completed,card
1234,745,2025-06-09,cancelled,card
1235,1918,2024-02-14,completed,card
1236,338,2024-07-18,completed,card
1237,1082,2025-04-10,completed,card
1238,1699,2025-01-24,completed,card
1239,1628,2025-07-29,completed,card
1240,517,2025-11-30,completed,card
1241,696,2024-07-08,completed,atm
1242,554,2025-09-07,completed,card
1243,1776,2025-09-24,completed,card
1244,710,2025-08-31,completed,card
1245,638,2025-12-12,completed,wallet
1246,1516,2024-06-22,completed,card
1247,1977,2025-06-21,cancelled,atm
1248,192,2024-06-18,completed,card
1249,1140,2024-01-19,completed,wallet
1250,1993,2024-04-14,completed,cod
1251,883,2024-09-23,completed,wallet
1252,2173,2024-06-19,completed,atm
1253,141,2024-06-14,completed,wallet
1254,1269,2024-05-20,completed,wallet
1255,1816,2024-06-17,completed,card
1256,1327,2025-08-14,completed,atm
1257,1077,2025-03-03,cancelled,atm
1258,1230,2024-08-13,completed,card
1259,1490,2025-08-16,completed,card
1260,1911,2025-07-11,completed,atm
1261,257,2024-07-21,completed,card
1262,410,2024-02-17,completed,atm
1263,656,2024-02-04,completed,card
1264,1371,2024-08-06,completed,card
1265,2165,2025-10-16,completed,card
1266,2384,2025-03-07,completed,cod
1267,923,2024-12-25,completed,atm
1268,1237,2024-12-03,completed,card
1269,1142,2025-06-16,completed,card
1270,72,2025-04-27,completed,card
1271,2013,2024-07-22,refunded,card
1272,170,2025-07-07,completed,wallet
1273,544,2024-02-26,refunded,wallet
1274,1513,2024-10-20,completed,card
1275,854,2025-04-12,completed,atm
1276,2084,2024-08-15,completed,wallet
1277,1833,2025-12-09,completed,card
1278,2017,2025-12-14,completed,card
1279,1582,2025-12-16,completed,cod
1280,1256,2025-01-17,completed,card
1281,311,2024-03-19,completed,wallet
1282,2484,2024-05-13,completed,card
1283,910,2024-05-05,completed,card
1284,2102,2024-10-06,completed,card
1285,1459,2024-02-07,completed,atm
1286,448,2025-10-09,completed,atm
1287,43,2025-06-08,completed,cod
1288,652,2025-01-31,completed,card
1289,1684,2024-11-06,completed,card
1290,121,2024-03-24,completed,card
1291,863,2025-07-02,completed,card
1292,350,2024-05-23,completed,card
1293,501,2025-11-18,completed,card
1294,429,2024-12-21,refunded,card
1295,1972,2024-01-09,completed,cod
1296,1708,2024-02-01,refunded,atm
1297,1695,2024-08-03,refunded,wallet
1298,1810,2024-12-02,completed,cod
1299,6,2024-01-20,completed,card
1300,304,2024-07-19,completed,card
1301,879,2025-05-28,completed,atm
1302,2005,2025-09-02,completed,card
1303,174,2025-01-12,completed,card
1304,399,2025-08-03,completed,card
1305,534,2025-06-16,completed,wallet
1306,613,2025-12-22,completed,wallet
1307,125,2024-04-02,completed,card
1308,1493,2025-07-04,completed,wallet
1309,1079,2025-01-02,completed,card
1310,655,2024-02-18,refunded,card
1311,1680,2024-04-14,completed,cod
1312,1846,2024-02-03,completed,card
1313,690,2025-01-27,completed,card
1314,1690,2024-07-01,completed,card
1315,2250,2025-06-23,completed,card
1316,738,2024-02-02,cancelled,card
1317,733,2025-06-11,cancelled,cod
1318,1215,2024-07-01,completed,card
1319,1560,2024-06-13,completed,wallet
1320,1040,2024-05-15,completed,wallet
1321,932,2024-02-04,completed,card
1322,578,2024-02-22,completed,atm
1323,2185,2024-10-02,completed,cod
1324,320,2025-11-08,completed,wallet
1325,1531,2024-02-27,completed,card
1326,1037,2024-03-10,completed,card
1327,698,2024-02-29,completed,card
1328,1094,2024-03-30,completed,cod
1329,1928,2025-08-19,completed,card
1330,1089,2024-12-02,completed,card
1331,795,2024-09-01,completed,atm
1332,2439,2024-10-30,completed,card
1333,2185,2024-09-15,completed,card
1334,549,2024-07-20,completed,atm
1335,417,2025-09-09,completed,card
1336,1178,2025-01-16,completed,wallet
1337,559,2024-04-18,completed,card
1338,1664,2024-02-04,completed,card
1339,2037,2025-05-16,completed,atm
1340,1835,2025-09-29,completed,card
1341,1512,2025-12-12,completed,card
1342,1290,2025-05-30,completed,wallet
1343,1787,2024-04-27,completed,card
1344,432,2025-08-16,refunded,card
1345,1496,2025-05-18,completed,card
1346,208,2024-05-03,completed,cod
1347,1363,2025-08-05,completed,atm
1348,959,2024-08-01,cancelled,atm
1349,987,2024-02-14,completed,cod
1350,951,2024-08-10,completed,card
1351,2107,2025-04-21,completed,card
1352,1799,2025-01-07,completed,cod
1353,258,2024-12-21,completed,card
1354,1970,2025-10-21,completed,atm
1355,2211,2025-12-01,completed,atm
1356,254,2025-08-17,refunded,card
1357,1055,2025-06-30,completed,atm
1358,139,2025-09-24,completed,atm
1359,1603,2025-07-22,completed,card
1360,1586,2024-07-26,completed,card
1361,1660,2024-04-10,completed,card
1362,2277,2024-12-05,completed,card
1363,2284,2024-06-22,refunded,card
1364,37,2024-07-26,completed,card
1365,446,2025-08-20,completed,wallet
1366,1852,2024-09-22,completed,card
1367,1150,2025-10-14,completed,atm
1368,292,2024-09-13,completed,card
1369,265,2024-11-18,completed,cod
1370,35,2025-03-23,completed,card
1371,1873,2025-05-06,cancelled,atm
1372,1328,2024-09-29,completed,atm
1373,2488,2024-09-28,completed,atm
1374,54,2025-06-10,completed,card
1375,1111,2025-11-20,completed,atm
1376,875,2025-02-14,completed,atm
1377,1610,2025-05-28,completed,atm
1378,232,2024-04-13,completed,card
1379,1231,2024-02-26,completed,cod
1380,686,2024-03-01,cancelled,card
1381,890,2024-08-05,completed,card
1382,1691,2025-10-26,completed,atm
1383,2471,2024-08-26,completed,card
1384,1684,2024-02-08,completed,card
1385,1671,2025-05-21,completed,card
1386,2453,2024-11-19,completed,wallet
1387,2328,2025-07-26,completed,atm
1388,2437,2025-03-13,completed,card
1389,961,2025-07-19,completed,wallet
1390,1555,2025-01-24,cancelled,card
1391,1712,2024-09-30,completed,atm
1392,1226,2025-07-17,completed,card
1393,1568,2025-12-04,completed,atm
1394,1231,2024-03-01,completed,atm
1395,1529,2024-11-06,completed,atm
1396,2016,2025-02-22,completed,card
1397,2058,2025-01-04,completed,card
1398,1030,2024-11-15,completed,card
1399,913,2025-05-17,completed,card
1400,2196,2024-05-25,completed,wallet
1401,2124,2024-05-21,completed,wallet
1402,2218,2025-05-18,completed,card
1403,972,2024-12-12,completed,card
1404,1562,2024-06-07,completed,cod
1405,2278,2024-07-12,completed,card
1406,1149,2024-04-08,completed,card
1407,186,2025-06-08,cancelled,cod
1408,1851,2024-02-02,cancelled,atm
1409,1537,2025-07-05,completed,atm
1410,328,2024-10-02,completed,card
1411,2049,2025-03-08,completed,atm
1412,759,2024-03-22,completed,atm
1413,111,2024-10-23,completed,cod
1414,994,2025-01-26,completed,cod
1415,75,2024-05-18,completed,atm
1416,2331,2025-01-08,completed,card
1417,1065,2025-11-04,completed,card
1418,1121,2025-04-07,completed,card
1419,829,2025-08-06,completed,atm
1420,2454,2025-07-22,completed,card
1421,775,2025-05-13,completed,atm
1422,2489,2024-09-17,completed,atm
1423,1233,2025-06-04,completed,card
1424,1622,2025-09-28,cancelled,card
1425,1370,2025-07-14,completed,card
1426,103,2025-02-04,completed,card
1427,1717,2024-11-01,completed,card
1428,2145,2025-05-31,completed,atm
1429,1803,2025-09-15,completed,atm
1430,357,2024-10-08,cancelled,cod
1431,1293,2024-05-11,completed,card
1432,673,2025-04-08,completed,card
1433,958,2025-06-04,completed,wallet
1434,1310,2025-02-05,completed,atm
1435,2018,2025-10-10,completed,card
1436,1442,2024-04-29,completed,card
1437,1024,2025-07-16,completed,atm
1438,1235,2024-10-12,completed,atm
1439,1583,2024-08-19,completed,card
1440,1797,2024-05-25,completed,card
1441,1463,2025-11-19,completed,wallet
1442,2141,2025-10-03,completed,atm
1443,1308,2025-06-24,completed,card
1444,1695,2025-04-04,completed,cod
1445,1006,2025-07-31,completed,wallet
1446,1115,2024-09-25,completed,card
1447,102,2024-12-31,completed,wallet
1448,2234,2025-09-17,completed,wallet
1449,395,2025-08-27,completed,atm
1450,1046,2025-02-23,completed,card
1451,542,2024-08-27,completed,card
1452,719,2025-11-09,completed,cod
1453,1386,2025-11-06,completed,atm
1454,1036,2025-02-01,completed,cod
1455,236,2024-12-12,completed,card
1456,1899,2025-03-30,completed,card
1457,336,2024-04-30,completed,atm
1458,975,2025-10-13,completed,card
1459,1910,2025-09-24,completed,atm
1460,831,2024-08-04,completed,atm
1461,1440,2024-04-07,completed,cod
1462,1868,2025-08-19,completed,card
1463,182,2024-01-29,completed,card
1464,4,2025-02-20,completed,atm
1465,58,2025-10-28,completed,wallet
1466,531,2025-11-17,completed,card
1467,983,2025-10-01,completed,atm
1468,563,2025-12-14,completed,wallet
1469,812,2025-02-10,completed,atm
1470,165,2025-09-10,completed,card
1471,1696,2025-08-10,completed,cod
1472,312,2025-03-01,completed,card
1473,2132,2024-05-02,refunded,atm
1474,132,2024-04-29,completed,atm
1475,143,2024-11-23,completed,wallet
1476,625,2025-07-04,completed,card
1477,1426,2025-09-28,completed,atm
1478,2113,2024-06-28,completed,card
1479,1725,2024-08-19,completed,wallet
1480,1487,2024-09-24,completed,wallet
1481,842,2024-08-10,completed,atm
1482,2284,2024-01-12,completed,card
1483,1432,2025-11-03,completed,atm
1484,1965,2024-06-06,completed,card
1485,1045,2025-11-01,completed,atm
1486,1660,2025-12-08,completed,card
1487,1917,2025-01-05,completed,atm
1488,952,2024-10-19,completed,wallet
1489,810,2025-07-26,completed,card
1490,1645,2025-12-02,completed,wallet
1491,159,2025-11-18,completed,card
1492,19,2025-03-07,completed,card
1493,1461,2024-10-24,refunded,card
1494,1663,2025-03-01,completed,wallet
1495,1853,2024-06-17,completed,card
1496,2403,2024-05-10,completed,card
1497,230,2024-03-12,refunded,card
1498,2127,2024-05-18,completed,atm
1499,1895,2025-07-11,refunded,card
1500,2009,2025-09-09,completed,cod
1501,2286,2025-07-07,completed,card
1502,134,2025-05-14,completed,card
1503,47,2025-12-25,completed,wallet
1504,1466,2025-05-12,completed,card
1505,1958,2024-03-04,completed,wallet
1506,895,2024-02-04,completed,cod
1507,871,2024-11-12,completed,atm
1508,1378,2025-06-05,completed,atm
1509,938,2025-10-04,completed,card
1510,1439,2025-04-23,completed,cod
1511,1387,2025-06-03,completed,wallet
1512,1926,2024-06-15,completed,card
1513,82,2024-11-25,completed,cod
1514,2176,2024-10-06,completed,atm
1515,284,2025-02-08,completed,card
1516,340,2025-12-09,completed,atm
1517,858,2024-07-14,completed,card
1518,394,2025-12-16,refunded,card
1519,713,2025-09-27,completed,card
1520,1298,2024-09-18,completed,card
1521,1805,2024-12-03,completed,wallet
1522,432,2025-02-04,completed,card
1523,2161,2025-11-15,cancelled,card
1524,1723,2024-04-28,completed,card
1525,1560,2024-11-05,completed,atm
1526,1782,2024-06-17,completed,wallet
1527,1002,2024-08-21,completed,wallet
1528,1867,2024-09-08,completed,card
1529,1263,2025-08-02,completed,card
1530,149,2024-10-06,completed,cod
1531,39,2024-04-05,completed,card
1532,163,2025-12-17,completed,atm
1533,1041,2025-09-21,completed,cod
1534,1482,2025-02-21,completed,wallet
1535,1547,2025-08-21,completed,cod
1536,508,2024-08-14,completed,atm
1537,1455,2025-10-29,completed,wallet
1538,1158,2024-06-26,completed,atm
1539,2051,2025-03-11,completed,cod
1540,906,2024-07-10,completed,card
1541,184,2024-01-29,completed,wallet
1542,1938,2024-08-25,completed,atm
1543,1803,2024-07-13,completed,wallet
1544,1756,2024-03-30,completed,atm
1545,910,2024-06-27,completed,wallet
1546,1721,2025-07-27,completed,atm
1547,1700,2024-09-16,completed,card
1548,1510,2024-07-29,completed,card
1549,2298,2025-08-23,completed,cod
1550,1718,2025-01-22,completed,card
1551,1109,2025-10-05,refunded,atm
1552,2309,2024-05-19,completed,cod
1553,2379,2024-12-02,completed,card
1554,1756,2025-03-02,completed,card
1555,1131,2024-10-24,completed,atm
1556,1283,2025-04-15,completed,atm
1557,185,2024-09-13,completed,card
1558,1072,2025-09-23,completed,atm
1559,481,2025-08-07,completed,cod
1560,1185,2024-10-04,completed,cod
1561,2153,2025-08-11,completed,card
1562,1332,2025-08-06,completed,card
1563,2454,2024-05-11,completed,atm
1564,2356,2024-12-24,completed,wallet
1565,2309,2025-04-26,completed,card
1566,1209,2025-02-20,refunded,card
1567,1269,2025-11-11,completed,card
1568,21,2025-08-21,completed,wallet
1569,798,2025-06-14,completed,card
1570,2240,2024-11-16,completed,card
1571,2426,2024-01-15,completed,atm
1572,501,2024-01-24,completed,card
1573,442,2024-05-05,completed,card
1574,446,2024-03-23,completed,card
1575,2254,2024-02-21,completed,card
1576,69,2025-03-12,completed,card
1577,1822,2025-05-21,completed,card
1578,1456,2024-12-05,completed,card
1579,1190,2024-08-18,completed,card
1580,815,2024-02-03,refunded,card
1581,704,2024-03-11,completed,card
1582,2375,2025-03-22,completed,cod
1583,734,2024-06-23,completed,wallet
1584,421,2025-05-01,completed,atm
1585,367,2024-05-23,completed,atm
1586,1149,2024-04-29,completed,card
1587,922,2025-02-13,completed,card
1588,716,2025-06-03,completed,wallet
1589,1974,2025-06-08,completed,atm
1590,1423,2024-11-19,completed,wallet
1591,845,2025-10-17,completed,atm
1592,2316,2025-07-05,completed,wallet
1593,2411,2025-10-11,completed,cod
1594,1744,2025-07-15,completed,card
1595,1784,2024-09-04,completed,wallet
1596,2280,2024-12-02,completed,cod
1597,1449,2024-10-25,completed,cod
1598,1191,2025-11-11,completed,card
1599,1256,2024-03-23,completed,wallet
1600,898,2024-05-06,completed,card
1601,534,2025-09-18,completed,atm
1602,913,2025-10-08,completed,cod
1603,1783,2024-11-07,completed,card
1604,1409,2025-09-02,completed,atm
1605,521,2024-07-21,completed,wallet
1606,701,2025-08-13,completed,card
1607,1648,2025-08-17,cancelled,card
1608,612,2025-05-18,completed,atm
1609,1166,2025-09-25,completed,atm
1610,1757,2024-12-01,completed,wallet
1611,2234,2024-12-24,completed,atm
1612,919,2024-01-26,completed,atm
1613,1947,2024-09-22,completed,card
1614,102,2024-03-28,completed,card
1615,919,2024-04-10,completed,card
1616,945,2024-01-13,completed,wallet
1617,332,2025-06-25,completed,wallet
1618,1993,2024-07-18,completed,card
1619,913,2024-09-17,completed,card
1620,846,2025-08-12,completed,card
1621,2478,2025-09-19,completed,card
1622,2495,2024-02-21,completed,atm
1623,1695,2025-04-25,completed,card
1624,1213,2025-04-03,completed,wallet
1625,1675,2024-06-04,completed,atm
1626,1313,2024-12-03,completed,card
1627,456,2025-07-20,completed,card
1628,2111,2024-10-15,completed,wallet
1629,2341,2024-04-06,completed,atm
1630,1615,2024-12-14,completed,card
1631,1405,2024-07-25,completed,card
1632,1536,2025-11-05,completed,wallet
1633,1022,2025-09-13,completed,card
1634,1074,2024-03-30,completed,wallet
1635,1810,2024-10-17,completed,cod
1636,1936,2024-10-10,completed,card
1637,420,2025-12-14,completed,atm
1638,1282,2024-04-20,completed,atm
1639,1578,2025-01-27,completed,atm
1640,1387,2025-10-24,cancelled,card
1641,1083,2024-04-27,completed,card
1642,2438,2024-12-31,completed,wallet
1643,1370,2024-06-28,completed,wallet
1644,98,2025-08-28,refunded,card
1645,2447,2024-02-20,completed,card
1646,1660,2025-02-18,refunded,cod
1647,2211,2024-07-20,cancelled,card
1648,1496,2024-07-01,completed,wallet
1649,68,2024-08-05,completed,atm
1650,1405,2025-07-21,completed,atm
1651,551,2024-01-27,completed,wallet
1652,1410,2024-06-10,completed,card
1653,1361,2025-09-24,completed,card
1654,248,2025-11-18,completed,card
1655,1435,2025-12-07,cancelled,card
1656,2108,2025-02-03,completed,card
1657,877,2024-08-08,completed,card
1658,11,2024-02-06,completed,card
1659,1687,2025-10-22,completed,atm
1660,2146,2025-02-14,completed,wallet
1661,696,2025-10-24,completed,card
1662,1699,2025-04-18,completed,wallet
1663,911,2025-08-04,completed,cod
1664,946,2025-02-27,completed,atm
1665,1915,2025-10-17,completed,atm
1666,929,2025-08-30,completed,card
1667,1799,2024-12-01,completed,atm
1668,651,2024-03-08,completed,atm
1669,655,2024-03-18,completed,card
1670,1783,2024-09-22,completed,atm
1671,1857,2025-06-08,completed,atm
1672,1716,2024-11-27,completed,card
1673,1160,2024-01-19,completed,atm
1674,1281,2025-04-05,completed,atm
1675,20,2025-05-14,completed,wallet
1676,1566,2024-01-16,completed,atm
1677,2071,2024-02-24,completed,card
1678,899,2025-10-15,completed,wallet
1679,1534,2024-09-09,completed,atm
1680,1459,2024-12-06,completed,wallet
1681,613,2025-04-26,completed,card
1682,2376,2025-02-07,completed,card
1683,2001,2024-04-16,completed,cod
1684,408,2024-11-07,refunded,card
1685,408,2024-12-21,completed,atm
1686,243,2025-01-06,completed,card
1687,447,2024-04-26,completed,card
1688,2414,2025-03-24,completed,atm
1689,1599,2025-07-24,cancelled,card
1690,715,2024-12-14,completed,atm
1691,1503,2025-12-13,completed,card
1692,1171,2025-03-01,completed,wallet
1693,1755,2024-05-22,completed,wallet
1694,2470,2024-05-12,completed,card
1695,2165,2024-01-23,completed,card
1696,1039,2025-03-17,completed,cod
1697,30,2024-07-01,completed,wallet
1698,1280,2025-07-02,completed,card
1699,1162,2024-08-19,completed,wallet
1700,1711,2024-08-22,completed,card
1701,8,2024-06-21,completed,wallet
1702,2417,2025-06-25,completed,atm
1703,1114,2024-09-07,completed,card
1704,2055,2025-08-07,completed,wallet
1705,1122,2024-07-21,completed,atm
1706,1178,2025-08-24,completed,wallet
1707,2383,2024-07-08,completed,card
1708,652,2025-07-01,completed,atm
1709,1771,2024-10-13,refunded,card
1710,1805,2024-04-21,completed,card
1711,1360,2025-01-08,completed,card
1712,171,2025-04-09,completed,wallet
1713,2473,2025-09-28,completed,card
1714,1211,2025-06-26,completed,card
1715,1931,2025-09-16,completed,card
1716,164,2025-05-10,completed,card
1717,740,2025-03-06,completed,cod
1718,2035,2024-07-04,completed,card
1719,2131,2025-06-27,completed,wallet
1720,1581,2024-12-14,completed,cod
1721,453,2025-05-17,completed,card
1722,1095,2024-02-01,completed,card
1723,258,2024-02-03,completed,wallet
1724,165,2024-07-01,completed,wallet
1725,523,2025-02-25,completed,card
1726,2298,2025-11-14,completed,card
1727,528,2024-06-19,completed,card
1728,967,2025-02-28,completed,card
1729,1209,2024-07-04,completed,card
1730,1850,2024-01-13,completed,cod
1731,1150,2025-12-02,completed,card
1732,1258,2024-05-19,completed,card
1733,870,2024-02-12,completed,cod
1734,1451,2025-08-24,completed,atm
1735,1735,2024-11-05,completed,atm
1736,2398,2024-07-30,completed,card
1737,253,2025-07-04,completed,atm
1738,1872,2025-10-29,completed,card
1739,732,2024-06-09,completed,card
1740,1946,2025-07-07,completed,wallet
1741,500,2025-08-03,completed,card
1742,254,2025-10-21,completed,atm
1743,1382,2024-05-03,completed,card
1744,2080,2025-09-07,completed,cod
1745,245,2024-03-15,completed,wallet
1746,1033,2024-04-09,completed,wallet
1747,748,2025-10-14,completed,card
1748,928,2025-04-09,completed,wallet
1749,1180,2025-02-22,completed,cod
1750,393,2024-11-28,completed,card
1751,2380,2025-10-30,completed,card
1752,1380,2024-12-27,completed,card
1753,2355,2024-09-01,completed,card
1754,803,2024-05-30,completed,card
1755,1606,2024-02-07,completed,atm
1756,2135,2025-07-13,completed,card
1757,1668,2025-04-24,completed,card
1758,1878,2025-11-24,completed,card
1759,2246,2025-06-19,cancelled,atm
1760,864,2024-04-19,completed,atm
1761,2297,2025-08-17,completed,atm
1762,1234,2025-09-07,completed,card
1763,461,2025-02-01,completed,card
1764,1074,2024-02-11,completed,card
1765,346,2025-01-29,completed,card
1766,1250,2024-05-28,completed,card
1767,2103,2025-09-23,completed,card
1768,215,2025-07-27,completed,card
1769,932,2024-07-11,completed,card
1770,1922,2025-01-26,completed,card
1771,756,2025-10-03,completed,card
1772,684,2025-10-25,completed,card
1773,976,2025-06-04,completed,card
1774,390,2025-09-22,completed,atm
1775,85,2025-12-15,cancelled,card
1776,1940,2025-12-22,completed,atm
1777,323,2025-10-12,completed,card
1778,1563,2024-10-14,completed,wallet
1779,2192,2025-02-19,completed,card
1780,113,2025-12-27,completed,atm
1781,145,2025-01-03,completed,card
1782,177,2025-09-21,completed,cod
1783,2250,2025-09-16,completed,card
1784,1177,2025-03-16,completed,cod
1785,2342,2025-10-11,completed,cod
1786,507,2025-08-19,completed,atm
1787,2255,2025-07-11,completed,card
1788,1412,2024-12-15,completed,card
1789,872,2025-04-19,completed,atm
1790,885,2024-08-02,completed,card
1791,978,2024-03-30,completed,wallet
1792,1080,2024-10-01,completed,atm
1793,748,2024-10-26,completed,atm
1794,174,2025-03-26,completed,card
1795,1299,2025-10-22,completed,wallet
1796,1997,2025-10-17,completed,atm
1797,835,2024-01-26,completed,card
1798,1429,2025-03-07,completed,atm
1799,747,2024-10-25,completed,wallet
1800,830,2025-09-07,refunded,wallet
1801,412,2024-03-09,completed,atm
1802,1425,2025-11-24,completed,card
1803,2460,2025-09-18,completed,atm
1804,1182,2025-03-18,completed,atm
1805,729,2025-01-22,completed,atm
1806,1729,2025-04-14,completed,card
1807,2209,2025-04-27,completed,card
1808,926,2024-11-24,completed,card
1809,1537,2025-02-08,completed,card
1810,2148,2025-02-05,refunded,atm
1811,1852,2025-03-15,completed,card
1812,1141,2025-12-29,completed,card
1813,67,2024-06-11,completed,cod
1814,1900,2025-09-20,completed,card
1815,1857,2025-03-05,completed,atm
1816,1709,2025-01-17,completed,wallet
1817,1781,2025-05-24,completed,atm
1818,548,2025-09-24,completed,wallet
1819,1929,2024-06-22,refunded,wallet
1820,718,2025-08-24,completed,card
1821,1882,2024-01-21,completed,wallet
1822,359,2025-08-19,completed,cod
1823,1528,2025-12-27,cancelled,card
1824,1867,2025-03-26,completed,atm
1825,322,2025-05-24,completed,card
1826,2161,2025-02-10,cancelled,card
1827,2431,2024-02-02,completed,atm
1828,592,2025-10-05,completed,card
1829,1769,2025-02-16,completed,card
1830,2061,2024-01-01,completed,card
1831,488,2024-09-30,completed,atm
1832,1901,2025-03-22,completed,wallet
1833,637,2025-03-24,completed,card
1834,476,2024-07-11,completed,card
1835,1880,2025-06-30,completed,atm
1836,2453,2024-05-10,completed,card
1837,2088,2025-12-19,completed,card
1838,1787,2025-11-15,completed,cod
1839,188,2025-06-20,completed,card
1840,821,2024-03-01,completed,atm
1841,946,2025-03-15,completed,card
1842,1797,2025-03-06,completed,cod
1843,797,2024-09-23,completed,card
1844,2161,2025-03-11,completed,wallet
1845,1064,2024-10-21,completed,card
1846,976,2024-09-09,completed,wallet
1847,1423,2024-02-24,completed,card
1848,458,2024-08-10,refunded,card
1849,1543,2024-06-03,completed,atm
1850,1397,2024-05-26,completed,card
1851,2128,2024-01-13,completed,card
1852,83,2024-01-08,completed,card
1853,117,2024-06-10,completed,card
1854,444,2024-06-19,completed,card
1855,2473,2024-11-20,refunded,atm
1856,64,2024-10-16,completed,atm
1857,1914,2024-06-05,refunded,card
1858,2337,2025-05-28,completed,card
1859,363,2025-04-17,completed,wallet
1860,977,2024-10-17,completed,card
1861,1070,2024-09-09,completed,card
1862,1456,2025-04-21,completed,card
1863,1920,2025-09-20,completed,cod
1864,933,2024-12-04,completed,card
1865,1471,2024-04-08,completed,card
1866,1580,2025-01-09,completed,atm
1867,924,2024-10-30,completed,cod
1868,651,2024-11-20,cancelled,card
1869,1760,2025-12-13,completed,card
1870,1496,2024-05-08,completed,card
1871,1283,2024-08-10,completed,wallet
1872,1662,2024-10-26,completed,atm
1873,856,2025-07-28,completed,card
1874,954,2025-01-22,completed,card
1875,1750,2025-01-08,completed,card
1876,2281,2025-05-17,completed,wallet
1877,1919,2024-06-06,completed,cod
1878,205,2025-07-22,completed,wallet
1879,1347,2024-04-21,completed,atm
1880,677,2024-10-20,completed,card
1881,391,2025-04-01,completed,cod
1882,532,2025-04-12,completed,card
1883,45,2025-04-13,completed,card
1884,1899,2025-02-15,completed,wallet
1885,1118,2025-02-06,completed,atm
1886,339,2024-01-23,completed,card
1887,1685,2024-08-20,completed,card
1888,2099,2025-04-21,completed,card
1889,2126,2024-03-03,completed,card
1890,290,2025-04-21,completed,atm
1891,1444,2024-01-22,completed,wallet
1892,999,2025-09-23,completed,card
1893,2067,2024-12-15,completed,atm
1894,1567,2024-03-04,completed,card
1895,305,2025-09-25,completed,wallet
1896,2014,2024-03-07,completed,atm
1897,776,2025-11-15,completed,atm
1898,552,2024-07-05,completed,card
1899,951,2024-08-21,completed,card
1900,1874,2025-06-01,completed,wallet
1901,342,2025-06-21,completed,atm
1902,446,2025-01-28,completed,card
1903,881,2024-03-03,completed,atm
1904,1407,2025-04-30,completed,card
1905,708,2024-10-23,completed,card
1906,758,2025-09-09,completed,wallet
1907,241,2024-09-26,completed,card
1908,1945,2024-07-14,completed,card
1909,1486,2024-12-11,completed,card
1910,264,2025-10-11,completed,atm
1911,1142,2024-09-05,completed,atm
1912,1424,2024-06-21,completed,card
1913,401,2024-05-05,completed,card
1914,2152,2025-05-09,completed,card
1915,1913,2025-01-12,completed,atm
1916,2210,2024-05-02,completed,card
1917,365,2025-01-03,completed,cod
1918,500,2024-09-15,completed,cod
1919,240,2024-12-22,completed,atm
1920,989,2024-07-11,completed,card
1921,416,2025-03-09,completed,card
1922,1534,2025-03-13,completed,card
1923,1288,2024-01-18,completed,card
1924,2059,2025-01-15,completed,card
1925,1186,2024-12-23,completed,atm
1926,1570,2024-03-21,completed,card
1927,341,2025-12-13,completed,wallet
1928,1670,2024-11-18,refunded,atm
1929,226,2024-05-29,completed,card
1930,2377,2024-04-21,completed,cod
1931,2430,2025-05-04,completed,atm
1932,1891,2025-04-06,completed,wallet
1933,586,2025-02-09,completed,atm
1934,1026,2024-03-03,completed,atm
1935,1201,2024-06-25,completed,card
1936,2360,2024-12-01,completed,wallet
1937,362,2024-10-11,completed,cod
1938,705,2025-04-08,completed,atm
1939,756,2024-10-17,completed,atm
1940,1059,2025-01-01,completed,card
1941,2471,2025-01-03,completed,card
1942,745,2024-09-16,completed,cod
1943,731,2025-08-04,completed,atm
1944,1899,2024-09-20,completed,atm
1945,574,2024-10-18,completed,card
1946,174,2025-06-15,completed,card
1947,1331,2024-07-09,completed,wallet
1948,1599,2024-01-01,completed,card
1949,2212,2025-04-18,completed,atm
1950,820,2025-01-22,completed,card
1951,175,2025-01-05,completed,atm
1952,2164,2025-09-29,completed,atm
1953,1203,2024-02-07,completed,atm
1954,607,2024-05-19,completed,card
1955,2275,2025-07-08,completed,card
1956,1878,2024-02-27,completed,wallet
1957,1537,2025-10-09,completed,cod
1958,1676,2024-12-27,completed,wallet
1959,622,2024-03-04,completed,atm
1960,519,2024-02-07,completed,atm
1961,2453,2024-06-24,completed,card
1962,1239,2024-05-21,completed,card
1963,1562,2025-07-27,completed,card
1964,771,2025-09-20,completed,atm
1965,116,2025-09-16,refunded,atm
1966,1400,2024-12-29,completed,atm
1967,574,2024-01-04,completed,atm
1968,2362,2024-10-14,completed,atm
1969,2169,2024-02-28,completed,card
1970,1554,2025-11-13,completed,card
1971,499,2025-03-27,completed,atm
1972,1326,2024-07-31,completed,card
1973,1687,2025-04-10,completed,card
1974,2330,2025-06-18,completed,atm
1975,1457,2025-08-22,completed,card
1976,1748,2025-04-02,completed,card
1977,1491,2025-10-24,completed,card
1978,1219,2025-02-24,completed,atm
1979,2445,2025-10-28,completed,card
1980,872,2024-02-12,completed,atm
1981,1984,2024-04-10,completed,card
1982,111,2024-04-21,completed,card
1983,1376,2025-07-12,completed,card
1984,2372,2025-11-15,completed,card
1985,1719,2025-05-05,completed,wallet
1986,2348,2024-05-30,completed,atm
1987,2163,2025-12-23,completed,card
1988,1516,2025-02-19,completed,atm
1989,1340,2025-10-08,completed,cod
1990,773,2024-04-06,completed,atm
1991,321,2024-12-13,refunded,card
1992,2154,2024-05-13,completed,card
1993,818,2024-09-27,completed,card
1994,344,2025-03-26,completed,card
1995,435,2025-01-08,completed,wallet
1996,1830,2024-01-25,completed,card
1997,327,2024-09-28,completed,card
1998,1403,2025-11-28,completed,atm
1999,1945,2024-11-30,completed,atm
2000,224,2024-07-02,completed,wallet
2001,1613,2024-10-23,completed,wallet
2002,820,2025-08-09,completed,wallet
2003,689,2025-11-21,completed,atm
2004,936,2025-05-10,completed,card
2005,1245,2025-03-11,completed,card
2006,505,2025-05-06,completed,cod
2007,2088,2024-01-01,completed,cod
2008,1722,2025-09-05,completed,card
2009,67,2025-10-23,completed,cod
2010,1429,2024-03-01,completed,wallet
2011,1318,2024-11-24,cancelled,card
2012,417,2025-08-21,completed,card
2013,2031,2024-02-27,completed,wallet
2014,696,2025-11-03,completed,card
2015,857,2024-10-31,completed,atm
2016,1524,2025-04-19,completed,atm
2017,518,2025-07-24,completed,atm
2018,1175,2024-01-01,completed,atm
2019,482,2024-09-17,cancelled,card
2020,1275,2024-01-28,completed,card
2021,256,2024-05-25,completed,card
2022,1891,2024-06-27,completed,card
2023,540,2025-11-10,completed,atm
2024,1146,2024-02-22,completed,atm
2025,1952,2025-01-13,completed,card
2026,1447,2025-07-12,completed,card
2027,1693,2024-12-11,completed,cod
2028,1215,2024-09-23,completed,card
2029,2241,2024-06-26,completed,cod
2030,156,2025-05-16,completed,atm
2031,34,2025-04-15,completed,card
2032,68,2025-11-13,completed,card
2033,343,2024-09-09,completed,atm
2034,836,2024-08-05,completed,card
2035,2283,2024-01-29,completed,wallet
2036,1679,2025-07-12,completed,card
2037,1916,2025-11-03,completed,card
2038,149,2025-12-06,completed,card
2039,2173,2025-07-26,completed,card
2040,400,2025-03-25,completed,atm
2041,327,2024-05-03,completed,atm
2042,386,2025-11-16,completed,card
2043,2322,2024-10-20,completed,cod
2044,2195,2024-01-21,completed,card
2045,1260,2024-09-21,completed,atm
2046,407,2024-04-20,completed,card
2047,620,2025-10-21,completed,card
2048,100,2024-03-11,completed,cod
2049,2286,2024-10-11,completed,cod
2050,2227,2025-11-27,completed,card
2051,58,2024-01-11,completed,atm
2052,225,2025-01-30,completed,wallet
2053,235,2024-05-04,completed,cod
2054,1579,2025-12-21,completed,wallet
2055,1679,2025-08-25,completed,card
2056,882,2025-05-07,completed,wallet
2057,1332,2025-06-06,completed,card
2058,886,2024-07-31,completed,card
2059,1393,2024-12-08,completed,card
2060,265,2024-10-25,completed,atm
2061,952,2024-09-17,completed,card
2062,467,2025-06-16,completed,card
2063,1234,2024-07-09,completed,card
2064,2057,2024-07-22,completed,card
2065,1267,2024-10-12,completed,atm
2066,2354,2025-10-25,completed,atm
2067,136,2025-04-24,completed,cod
2068,2063,2025-01-19,completed,cod
2069,304,2024-05-09,completed,atm
2070,1247,2025-08-09,completed,card
2071,1477,2024-02-09,cancelled,card
2072,1906,2024-09-27,completed,card
2073,952,2025-05-15,completed,cod
2074,2133,2024-08-11,completed,card
2075,2105,2025-07-17,completed,card
2076,2374,2024-03-13,completed,card
2077,1354,2024-05-29,completed,card
2078,364,2024-04-09,completed,card
2079,448,2024-03-26,refunded,atm
2080,217,2024-06-05,refunded,card
2081,1705,2025-03-17,completed,card
2082,985,2024-07-21,completed,card
2083,2478,2024-06-13,completed,card
2084,886,2025-12-04,completed,atm
2085,684,2024-08-16,completed,wallet
2086,2383,2025-06-09,completed,wallet
2087,132,2025-11-08,completed,wallet
2088,494,2025-08-01,completed,atm
2089,1547,2025-11-26,completed,cod
2090,1606,2024-02-24,completed,card
2091,1702,2024-11-14,completed,cod
2092,2300,2024-10-22,completed,atm
2093,1495,2025-02-22,completed,atm
2094,16,2024-05-19,cancelled,card
2095,1831,2024-03-16,completed,atm
2096,2115,2025-12-09,completed,card
2097,2150,2025-03-11,completed,atm
2098,1712,2025-09-14,completed,cod
2099,2343,2024-03-19,completed,card
2100,1688,2024-10-05,completed,card
2101,432,2025-08-13,completed,atm
2102,2279,2024-03-19,completed,atm
2103,720,2024-12-12,completed,atm
2104,657,2024-11-02,completed,atm
2105,16,2024-05-14,completed,atm
2106,709,2024-10-25,completed,wallet
2107,761,2025-06-01,completed,atm
2108,776,2024-07-12,completed,card
2109,2073,2024-12-14,completed,card
2110,307,2024-11-15,completed,cod
2111,163,2024-11-09,cancelled,card
2112,433,2024-12-24,completed,wallet
2113,1953,2025-07-27,completed,wallet
2114,1432,2024-09-30,completed,card
2115,1173,2024-03-19,completed,card
2116,1285,2024-02-28,completed,card
2117,35,2025-08-04,completed,cod
2118,154,2025-03-22,completed,wallet
2119,2040,2024-09-02,completed,cod
2120,2319,2025-12-16,completed,card
2121,855,2024-03-16,completed,card
2122,402,2025-11-17,completed,wallet
2123,163,2025-10-22,completed,atm
2124,2438,2024-02-15,completed,atm
2125,640,2024-08-19,completed,atm
2126,1214,2024-03-13,completed,wallet
2127,735,2024-07-21,completed,atm
2128,520,2025-10-28,completed,wallet
2129,587,2024-01-16,completed,card
2130,1342,2025-08-01,completed,atm
2131,2236,2025-01-07,completed,wallet
2132,983,2024-09-21,completed,card
2133,2386,2024-10-24,completed,cod
2134,2315,2024-05-20,completed,atm
2135,248,2024-11-26,completed,cod
2136,856,2025-08-21,completed,wallet
2137,1267,2025-07-22,completed,atm
2138,1347,2025-02-22,completed,atm
2139,1765,2024-10-07,completed,wallet
2140,2206,2025-07-25,completed,card
2141,1135,2024-02-11,completed,card
2142,860,2024-12-17,completed,atm
2143,1692,2025-09-04,cancelled,card
2144,544,2024-09-20,completed,card
2145,1047,2025-05-27,completed,atm
2146,1324,2024-08-18,completed,card
2147,557,2025-11-13,completed,wallet
2148,266,2024-03-12,completed,card
2149,1299,2024-03-08,completed,card
2150,1359,2024-07-09,completed,card
2151,1955,2024-01-06,completed,card
2152,1747,2025-06-05,completed,card
2153,2203,2024-11-28,completed,cod
2154,395,2024-06-24,completed,atm
2155,1138,2025-04-19,completed,card
2156,205,2025-10-07,completed,card
2157,1083,2024-05-05,cancelled,atm
2158,1076,2025-10-12,completed,card
2159,1235,2024-07-12,completed,card
2160,1795,2024-02-26,completed,card
2161,1418,2024-10-14,completed,card
2162,1473,2025-08-18,completed,card
2163,2470,2025-08-15,completed,cod
2164,316,2024-12-19,cancelled,cod
2165,2371,2024-03-29,completed,atm
2166,1449,2025-07-26,completed,cod
2167,1631,2025-09-24,completed,wallet
2168,1201,2025-05-01,completed,atm
2169,2225,2024-06-17,completed,card
2170,9,2025-12-13,completed,wallet
2171,537,2024-07-17,completed,card
2172,2189,2025-09-05,completed,wallet
2173,1127,2025-05-04,completed,card
2174,632,2024-07-31,completed,card
2175,2273,2024-04-14,completed,card
2176,415,2025-03-29,completed,card
2177,1705,2025-05-29,completed,card
2178,213,2025-10-28,completed,atm
2179,1986,2024-05-22,completed,wallet
2180,1170,2025-09-19,completed,atm
2181,786,2025-09-29,completed,card
2182,1584,2024-05-07,completed,atm
2183,758,2024-10-17,completed,card
2184,1268,2024-08-25,completed,card
2185,164,2025-09-30,cancelled,card
2186,2022,2024-02-02,cancelled,card
2187,1005,2025-12-14,completed,card
2188,842,2024-12-14,completed,wallet
2189,939,2024-11-16,completed,atm
2190,2360,2025-02-03,refunded,wallet
2191,536,2025-07-21,completed,card
2192,2472,2024-11-27,completed,cod
2193,556,2024-11-18,completed,card
2194,1372,2024-08-30,completed,card
2195,1616,2024-10-09,completed,wallet
2196,806,2025-12-11,completed,atm
2197,1138,2025-11-14,completed,atm
2198,1345,2024-09-12,completed,atm
2199,2261,2025-08-24,completed,card
2200,1033,2024-05-02,completed,card
2201,682,2025-02-27,completed,card
2202,177,2024-09-02,completed,card
2203,2065,2024-11-16,refunded,wallet
2204,2281,2024-09-12,completed,card
2205,827,2024-06-14,completed,cod
2206,1184,2025-03-31,completed,atm
2207,1967,2025-04-12,completed,card
2208,1798,2024-01-25,completed,wallet
2209,2334,2024-01-15,completed,card
2210,344,2024-06-08,completed,card
2211,2012,2024-12-10,completed,card
2212,75,2025-03-28,completed,atm
2213,653,2024-10-08,completed,atm
2214,241,2025-03-01,completed,cod
2215,1181,2025-02-26,completed,cod
2216,163,2024-08-30,completed,atm
2217,1472,2024-06-06,completed,atm
2218,1160,2024-04-03,completed,card
2219,350,2025-08-04,completed,card
2220,1266,2025-02-25,completed,card
2221,293,2024-07-04,completed,atm
2222,1090,2024-06-09,completed,card
2223,156,2025-03-02,completed,card
2224,2265,2025-09-01,completed,atm
2225,1718,2024-01-26,completed,card
2226,2197,2024-06-23,completed,wallet
2227,102,2024-10-14,completed,atm
2228,294,2025-09-14,completed,wallet
2229,502,2024-04-26,completed,card
2230,2379,2024-05-31,completed,card
2231,1265,2025-07-06,completed,wallet
2232,166,2024-10-04,completed,atm
2233,155,2024-11-01,completed,card
2234,2275,2024-05-21,completed,cod
2235,315,2024-12-11,completed,cod
2236,326,2024-11-18,completed,atm
2237,1677,2024-11-10,completed,atm
2238,779,2024-08-22,completed,card
2239,1320,2025-04-21,completed,wallet
2240,1151,2025-10-31,completed,card
2241,567,2025-12-03,completed,atm
2242,156,2025-08-03,completed,card
2243,1178,2024-12-13,completed,card
2244,140,2024-10-28,completed,card
2245,817,2025-09-20,completed,cod
2246,619,2025-01-01,completed,atm
2247,1899,2024-06-18,completed,wallet
2248,1316,2025-09-11,completed,wallet
2249,1056,2024-01-08,completed,wallet
2250,1498,2024-04-01,completed,card
2251,251,2025-12-03,cancelled,card
2252,2196,2025-09-24,cancelled,card
2253,2232,2025-03-20,completed,card
2254,2163,2025-05-26,completed,atm
2255,503,2025-03-14,completed,card
2256,202,2025-06-29,completed,card
2257,788,2024-04-09,completed,cod
2258,1551,2025-09-07,completed,atm
2259,441,2024-04-24,completed,card
2260,646,2025-05-27,completed,card
2261,892,2024-07-10,completed,atm
2262,959,2024-08-26,completed,card
2263,1543,2025-07-08,completed,card
2264,1656,2025-11-01,completed,atm
2265,1681,2025-02-12,completed,atm
2266,516,2025-09-06,completed,cod
2267,712,2025-09-22,completed,cod
2268,2145,2024-02-23,completed,wallet
2269,1789,2025-02-08,completed,card
2270,205,2025-07-19,completed,atm
2271,1328,2024-03-09,completed,card
2272,596,2024-10-08,refunded,card
2273,197,2025-07-30,completed,card
2274,1517,2024-10-31,completed,atm
2275,2362,2025-09-07,completed,card
2276,737,2025-03-26,completed,wallet
2277,401,2025-06-29,completed,card
2278,1719,2024-06-18,completed,wallet
2279,1675,2025-01-15,completed,card
2280,1240,2024-07-16,completed,wallet
2281,743,2024-01-29,completed,wallet
2282,1124,2024-03-15,completed,card
2283,1380,2025-09-09,completed,wallet
2284,1285,2025-04-12,completed,wallet
2285,1511,2025-12-31,completed,card
2286,1248,2025-06-24,completed,card
2287,1735,2025-03-16,completed,cod
2288,1453,2024-08-04,completed,card
2289,340,2024-10-28,completed,card
2290,1443,2024-11-13,completed,card
2291,964,2025-11-30,cancelled,card
2292,1129,2024-06-04,completed,cod
2293,442,2025-06-17,completed,card
2294,1617,2025-07-22,completed,card
2295,693,2024-11-17,completed,wallet
2296,1005,2025-11-12,completed,card
2297,236,2024-07-22,completed,atm
2298,1492,2024-04-29,completed,atm
2299,1945,2024-06-14,completed,card
2300,1677,2025-09-13,completed,card
2301,1995,2025-03-10,completed,card
2302,1809,2025-09-29,completed,card
2303,1971,2025-07-19,completed,atm
2304,1745,2024-10-04,completed,atm
2305,875,2024-04-25,completed,atm
2306,1151,2024-12-02,completed,cod
2307,1676,2024-10-30,completed,atm
2308,1500,2025-03-25,completed,wallet
2309,1779,2024-10-06,completed,wallet
2310,982,2025-04-30,completed,atm
2311,1086,2025-01-23,completed,atm
2312,173,2024-08-31,completed,atm
2313,117,2025-07-05,completed,wallet
2314,464,2025-05-24,completed,card
2315,1980,2025-12-26,completed,atm
2316,2221,2024-04-24,completed,card
2317,264,2025-02-12,completed,card
2318,1297,2024-08-17,completed,atm
2319,2313,2025-11-24,refunded,atm
2320,2489,2024-12-21,completed,wallet
2321,741,2024-12-29,refunded,card
2322,505,2024-10-29,refunded,wallet
2323,1015,2024-02-14,completed,card
2324,173,2024-06-16,cancelled,card
2325,527,2025-08-02,completed,wallet
2326,1048,2024-02-13,completed,card
2327,1866,2025-10-25,completed,cod
2328,16,2024-05-30,completed,card
2329,2246,2025-10-06,refunded,card
2330,680,2024-05-21,completed,card
2331,169,2025-03-30,completed,wallet
2332,1268,2025-01-23,completed,card
2333,849,2024-07-03,completed,cod
2334,1556,2024-02-29,completed,card
2335,128,2025-10-04,completed,card
2336,1083,2024-09-15,completed,atm
2337,354,2025-05-08,completed,card
2338,2292,2025-03-15,completed,atm
2339,1150,2025-10-05,completed,card
2340,1265,2024-07-21,completed,card
2341,1926,2025-02-28,completed,card
2342,1768,2024-02-13,completed,card
2343,1616,2025-11-02,completed,cod
2344,2481,2024-09-15,completed,card
2345,1194,2025-09-23,completed,wallet
2346,1142,2024-04-08,completed,cod
2347,1481,2024-05-28,completed,card
2348,1327,2025-09-28,completed,card
2349,1455,2024-03-13,completed,card
2350,1726,2025-11-11,completed,card
2351,1890,2024-04-07,completed,cod
2352,180,2024-02-20,completed,wallet
2353,2320,2024-04-01,completed,atm
2354,1660,2024-09-07,completed,card
2355,315,2025-07-16,completed,card
2356,592,2025-11-23,completed,card
2357,452,2025-05-29,completed,card
2358,1410,2025-07-10,completed,card
2359,294,2024-10-06,completed,card
2360,903,2025-05-02,completed,card
2361,2461,2024-06-21,completed,atm
2362,843,2024-02-03,completed,atm
2363,2383,2024-11-12,completed,cod
2364,1659,2024-07-27,completed,atm
2365,670,2025-10-09,completed,card
2366,1379,2024-11-01,completed,wallet
2367,99,2025-03-05,completed,card
2368,748,2024-12-21,completed,wallet
2369,2177,2024-03-16,completed,atm
2370,2052,2024-07-22,completed,card
2371,473,2025-09-09,completed,card
2372,2220,2025-01-28,refunded,cod
2373,139,2025-12-05,completed,wallet
2374,1769,2024-12-28,completed,wallet
2375,327,2024-03-22,completed,atm
2376,1797,2025-04-18,completed,cod
2377,2441,2024-05-24,completed,card
2378,2135,2025-11-17,completed,atm
2379,1373,2025-10-08,completed,card
2380,1097,2024-08-26,completed,atm
2381,2144,2024-06-02,completed,card
2382,1007,2025-09-04,completed,wallet
2383,684,2024-09-26,completed,atm
2384,126,2025-02-25,completed,wallet
2385,900,2025-11-08,completed,card
2386,1958,2025-12-20,completed,card
2387,1165,2025-04-20,completed,atm
2388,265,2024-03-20,completed,card
2389,1927,2025-11-21,completed,card
2390,545,2025-08-19,refunded,card
2391,2329,2024-04-29,completed,card
2392,208,2025-01-03,completed,atm
2393,235,2024-05-23,completed,wallet
2394,1672,2024-09-13,completed,wallet
2395,89,2024-12-06,completed,card
2396,588,2025-03-10,completed,atm
2397,479,2025-10-03,completed,atm
2398,1518,2024-09-24,refunded,card
2399,405,2025-03-10,completed,card
2400,303,2025-10-16,cancelled,cod
2401,2415,2024-03-14,completed,wallet
2402,2400,2024-02-21,completed,card
2403,2094,2025-04-18,completed,card
2404,1958,2025-12-07,completed,atm
2405,2395,2025-02-25,completed,card
2406,534,2024-12-19,completed,atm
2407,1205,2024-11-30,completed,wallet
2408,1685,2025-11-18,completed,card
2409,623,2024-06-13,completed,wallet
2410,793,2024-04-02,completed,atm
2411,2125,2024-09-18,completed,cod
2412,2114,2025-12-06,completed,card
2413,1023,2024-09-22,completed,atm
2414,606,2025-07-30,completed,card
2415,1862,2025-04-09,completed,card
2416,931,2024-10-15,completed,card
2417,518,2024-12-05,completed,card
2418,329,2025-09-22,completed,card
2419,1298,2025-02-18,completed,card
2420,490,2024-03-03,refunded,cod
2421,376,2025-01-19,completed,card
2422,1779,2024-06-17,completed,atm
2423,1949,2025-01-01,completed,wallet
2424,1179,2024-09-14,completed,card
2425,1287,2025-01-17,completed,atm
2426,1371,2024-06-23,completed,card
2427,2179,2025-07-27,completed,card
2428,1506,2024-04-13,completed,wallet
2429,224,2024-07-18,completed,atm
2430,198,2024-01-24,completed,card
2431,755,2024-10-01,completed,card
2432,2350,2025-11-17,completed,card
2433,1195,2024-05-03,completed,card
2434,694,2024-10-27,cancelled,atm
2435,198,2025-12-15,cancelled,card
2436,2299,2025-10-25,completed,card
2437,1295,2025-07-19,completed,card
2438,2229,2025-04-09,completed,card
2439,2469,2024-04-10,completed,card
2440,454,2024-08-15,completed,wallet
2441,512,2024-02-04,completed,card
2442,1815,2025-10-06,completed,atm
2443,378,2024-02-13,completed,atm
2444,2242,2025-09-25,cancelled,card
2445,466,2024-06-26,completed,atm
2446,1702,2025-04-23,completed,atm
2447,1750,2025-10-27,completed,atm
2448,2498,2024-06-30,cancelled,card
2449,440,2024-09-28,completed,card
2450,2208,2024-10-10,completed,wallet
2451,508,2024-11-25,completed,cod
2452,2057,2024-03-16,completed,card
2453,432,2024-08-19,completed,card
2454,2495,2024-07-09,completed,atm
2455,163,2025-04-05,completed,wallet
2456,340,2024-12-12,completed,card
2457,981,2025-12-29,completed,card
2458,703,2024-05-31,cancelled,card
2459,708,2024-08-16,completed,wallet
2460,1954,2025-06-18,completed,wallet
2461,2396,2025-04-25,completed,card
2462,1722,2025-09-30,completed,card
2463,1658,2024-09-12,completed,card
2464,717,2024-10-04,completed,card
2465,1712,2025-01-06,completed,card
2466,142,2024-12-05,completed,card
2467,2213,2024-01-25,cancelled,card
2468,273,2025-05-26,completed,card
2469,887,2024-05-23,completed,card
2470,2013,2025-01-10,completed,card
2471,966,2024-09-02,completed,card
2472,1629,2024-10-04,completed,card
2473,2321,2024-12-15,completed,card
2474,130,2024-04-24,completed,card
2475,1725,2025-05-31,completed,card
2476,2092,2025-11-09,completed,card
2477,560,2024-08-31,completed,card
2478,248,2024-06-24,completed,card
2479,1460,2024-08-20,completed,atm
2480,1294,2025-10-10,completed,wallet
2481,1517,2025-03-15,completed,card
2482,1819,2024-11-18,completed,atm
2483,1026,2024-08-05,completed,card
2484,263,2024-01-21,completed,wallet
2485,29,2024-02-18,completed,atm
2486,1922,2025-10-18,completed,cod
2487,1041,2025-03-28,completed,card
2488,1492,2025-07-14,completed,wallet
2489,866,2025-09-09,completed,atm
2490,1162,2024-02-01,completed,card
2491,1602,2025-07-21,completed,wallet
2492,1951,2025-12-21,cancelled,card
2493,1632,2024-12-22,completed,card
2494,1715,2025-07-16,completed,card
2495,480,2025-12-24,completed,atm
2496,1918,2025-04-04,completed,card
2497,1735,2024-10-01,completed,card
2498,216,2024-12-07,completed,card
2499,235,2025-07-23,completed,card
2500,581,2025-03-06,completed,wallet
2501,1427,2025-05-02,completed,wallet
2502,847,2024-08-05,completed,card
2503,1505,2024-06-27,completed,atm
2504,479,2024-10-18,completed,wallet
2505,2262,2025-02-11,completed,card
2506,283,2025-09-29,completed,card
2507,2325,2025-04-29,completed,card
2508,2036,2025-07-09,completed,card
2509,1639,2024-02-23,completed,atm
2510,1668,2025-05-04,completed,wallet
2511,991,2025-11-24,completed,wallet
2512,1461,2025-04-27,completed,cod
2513,377,2024-01-28,completed,card
2514,1653,2025-11-27,completed,wallet
2515,970,2024-08-15,completed,atm
2516,37,2024-11-21,completed,card
2517,161,2024-12-24,completed,atm
2518,263,2024-08-05,completed,card
2519,2200,2025-11-14,completed,card
2520,1587,2024-02-03,completed,wallet
2521,1868,2025-04-06,completed,atm
2522,2424,2024-08-11,completed,card
2523,1178,2025-05-12,completed,atm
2524,661,2025-11-14,completed,cod
2525,45,2025-01-25,completed,cod
2526,1162,2024-10-08,completed,card
2527,681,2025-10-03,completed,card
2528,2487,2024-10-25,completed,cod
2529,928,2024-08-18,completed,card
2530,852,2024-12-20,completed,card
2531,2025,2025-05-14,completed,card
2532,585,2024-11-25,completed,card
2533,1230,2024-01-24,completed,wallet
2534,1846,2025-12-21,completed,card
2535,1562,2025-03-09,completed,atm
2536,929,2024-11-19,completed,card
2537,1164,2025-06-19,completed,card
2538,1201,2024-08-05,completed,card
2539,889,2025-03-23,completed,cod
2540,2304,2024-03-28,cancelled,wallet
2541,1749,2024-06-14,completed,card
2542,525,2024-03-26,completed,card
2543,1699,2025-11-14,completed,wallet
2544,423,2025-02-23,completed,wallet
2545,1663,2024-11-05,completed,atm
2546,1602,2025-09-04,completed,atm
2547,770,2025-02-04,cancelled,card
2548,469,2025-03-19,completed,card
2549,1142,2025-11-01,completed,card
2550,391,2025-03-12,completed,cod
2551,682,2024-04-18,refunded,atm
2552,1464,2024-12-13,completed,atm
2553,1618,2024-04-08,completed,atm
2554,164,2025-07-28,completed,card
2555,2206,2024-07-25,completed,atm
2556,1035,2025-10-19,completed,card
2557,510,2024-10-30,completed,atm
2558,858,2025-11-14,cancelled,card
2559,321,2024-06-05,completed,card
2560,449,2024-06-07,completed,cod
2561,881,2024-07-04,completed,card
2562,363,2024-02-28,completed,cod
2563,1851,2024-02-15,completed,card
2564,456,2024-12-06,completed,cod
2565,1217,2025-05-02,completed,atm
2566,2180,2025-04-19,completed,card
2567,2307,2024-01-31,completed,card
2568,1862,2025-02-21,completed,card
2569,2238,2025-01-26,completed,wallet
2570,111,2024-05-30,completed,card
2571,1990,2024-03-28,completed,atm
2572,2466,2024-05-29,completed,wallet
2573,2061,2025-01-12,completed,atm
2574,2227,2024-11-10,completed,atm
2575,1642,2025-10-05,completed,cod
2576,693,2025-01-30,completed,card
2577,2186,2024-10-08,completed,cod
2578,2240,2024-02-16,completed,atm
2579,553,2024-04-08,completed,card
2580,2284,2024-11-25,completed,card
2581,2414,2025-07-14,completed,atm
2582,1344,2025-09-15,completed,atm
2583,1894,2024-03-18,completed,wallet
2584,1970,2024-02-01,completed,wallet
2585,559,2024-10-03,completed,wallet
2586,1771,2025-05-25,completed,card
2587,1684,2025-03-05,completed,card
2588,1018,2025-08-16,completed,card
2589,1020,2025-04-27,completed,card
2590,2137,2024-02-09,completed,card
2591,1928,2024-12-14,completed,atm
2592,635,2024-05-06,completed,card
2593,1749,2025-12-05,completed,card
2594,526,2024-01-13,completed,atm
2595,489,2025-10-31,completed,card
2596,2456,2024-01-31,completed,card
2597,1271,2024-12-27,completed,card
2598,734,2025-10-16,completed,card
2599,403,2025-12-31,completed,card
2600,596,2024-12-01,completed,atm
2601,370,2025-10-13,completed,atm
2602,198,2025-11-24,completed,card
2603,389,2025-11-02,completed,wallet
2604,2337,2025-12-16,completed,atm
2605,1998,2025-05-26,completed,card
2606,2195,2024-07-13,completed,wallet
2607,2484,2025-05-02,completed,wallet
2608,240,2024-01-16,completed,card
2609,1351,2025-06-12,refunded,card
2610,1084,2025-04-04,completed,card
2611,776,2024-09-12,completed,atm
2612,849,2025-11-04,completed,wallet
2613,2328,2025-10-14,completed,atm
2614,1262,2024-11-04,completed,atm
2615,1667,2024-10-03,completed,wallet
2616,278,2025-10-26,completed,atm
2617,369,2025-06-26,completed,atm
2618,1904,2024-01-18,completed,wallet
2619,246,2025-02-25,completed,card
2620,63,2024-02-21,completed,card
2621,2391,2025-06-13,completed,card
2622,2447,2025-11-07,completed,card
2623,437,2025-09-04,completed,card
2624,1814,2025-08-03,cancelled,card
2625,1587,2025-11-05,completed,card
2626,1221,2025-07-05,cancelled,atm
2627,746,2025-04-08,completed,cod
2628,496,2024-12-06,completed,card
2629,1796,2024-04-28,completed,cod
2630,1227,2025-09-28,completed,atm
2631,796,2024-06-19,completed,card
2632,92,2024-05-29,completed,card
2633,2014,2025-08-14,completed,cod
2634,137,2025-06-22,completed,atm
2635,2027,2024-02-29,cancelled,wallet
2636,58,2025-08-03,completed,card
2637,693,2024-06-06,completed,wallet
2638,992,2025-10-22,completed,card
2639,2433,2024-10-30,completed,card
2640,863,2025-08-28,completed,card
2641,2065,2024-05-27,refunded,atm
2642,818,2024-09-25,completed,atm
2643,1638,2024-01-29,completed,wallet
2644,1603,2024-07-23,completed,card
2645,2401,2025-04-11,completed,atm
2646,1026,2024-12-18,completed,atm
2647,2086,2024-01-28,completed,card
2648,821,2025-12-13,completed,card
2649,1646,2024-06-19,completed,card
2650,340,2024-03-10,completed,card
2651,305,2024-12-09,completed,cod
2652,2430,2024-09-05,completed,card
2653,743,2024-08-08,completed,cod
2654,2253,2024-09-13,completed,atm
2655,710,2025-09-19,completed,atm
2656,2042,2024-01-14,cancelled,card
2657,290,2025-06-13,cancelled,wallet
2658,1513,2025-01-13,completed,cod
2659,1400,2025-10-13,completed,card
2660,852,2025-07-10,refunded,wallet
2661,1344,2025-01-03,cancelled,cod
2662,2216,2025-07-21,completed,card
2663,1531,2024-10-21,completed,card
2664,1611,2024-09-10,completed,card
2665,365,2025-08-04,completed,atm
2666,971,2025-04-04,completed,atm
2667,2096,2025-01-17,completed,wallet
2668,773,2025-01-11,completed,card
2669,1421,2025-08-12,completed,card
2670,2115,2025-09-12,completed,card
2671,2252,2025-05-17,completed,atm
2672,1243,2025-02-04,completed,wallet
2673,1114,2025-06-18,completed,cod
2674,50,2024-05-10,completed,atm
2675,2485,2025-09-24,completed,atm
2676,125,2025-01-25,completed,card
2677,1865,2024-09-10,completed,card
2678,1740,2025-12-19,completed,card
2679,439,2025-04-12,completed,cod
2680,2084,2025-12-07,completed,card
2681,916,2024-02-19,completed,cod
2682,1759,2024-12-03,completed,atm
2683,426,2025-07-20,completed,card
2684,267,2025-05-01,completed,card
2685,966,2024-01-31,completed,card
2686,2485,2024-05-03,completed,card
2687,1456,2025-04-24,completed,card
2688,259,2024-01-28,completed,card
2689,525,2025-04-05,completed,card
2690,1556,2025-08-30,completed,cod
2691,927,2025-06-16,completed,wallet
2692,2049,2025-06-11,completed,card
2693,1705,2025-08-29,completed,card
2694,199,2024-07-02,completed,wallet
2695,1533,2024-09-29,completed,atm
2696,55,2025-04-16,completed,wallet
2697,659,2024-11-06,completed,cod
2698,1158,2024-08-17,completed,atm
2699,2443,2025-10-26,completed,atm
2700,180,2025-05-08,completed,card
2701,411,2024-05-23,refunded,card
2702,2162,2024-01-23,refunded,atm
2703,567,2024-05-06,completed,atm
2704,492,2025-07-18,completed,card
2705,2298,2025-02-26,completed,card
2706,1310,2025-04-18,completed,wallet
2707,679,2025-05-28,completed,card
2708,1283,2024-06-19,completed,cod
2709,2214,2025-05-06,completed,atm
2710,460,2024-01-30,completed,cod
2711,902,2025-06-10,completed,card
2712,1451,2024-01-27,completed,card
2713,1677,2024-01-07,completed,atm
2714,2002,2024-05-17,completed,card
2715,235,2025-05-25,completed,wallet
2716,1271,2024-01-18,completed,card
2717,1796,2025-09-16,completed,atm
2718,1830,2024-03-06,completed,card
2719,2132,2024-02-18,completed,atm
2720,1903,2024-01-09,completed,wallet
2721,3,2025-05-07,completed,atm
2722,1855,2024-09-06,completed,cod
2723,694,2024-10-09,completed,card
2724,1317,2025-12-14,completed,card
2725,233,2025-11-02,completed,card
2726,2435,2025-10-29,completed,wallet
2727,2497,2025-09-29,completed,card
2728,2152,2024-05-22,completed,wallet
2729,324,2024-06-20,completed,card
2730,20,2025-08-22,completed,atm
2731,1803,2025-12-13,completed,card
2732,281,2024-07-16,completed,atm
2733,1985,2025-06-17,completed,card
2734,919,2024-07-01,completed,wallet
2735,339,2024-04-05,completed,atm
2736,1344,2024-09-27,completed,card
2737,933,2025-12-05,completed,atm
2738,1345,2025-01-13,completed,atm
2739,898,2024-08-17,cancelled,atm
2740,2464,2025-04-05,completed,atm
2741,1061,2025-05-06,completed,wallet
2742,1251,2025-03-03,completed,atm
2743,2298,2025-08-06,completed,card
2744,1579,2024-12-25,completed,card
2745,1694,2025-11-02,completed,card
2746,1016,2024-05-28,cancelled,card
2747,111,2024-02-07,completed,atm
2748,1960,2025-07-18,completed,atm
2749,2255,2024-02-24,completed,card
2750,1436,2024-05-18,completed,atm
2751,2406,2024-05-11,completed,card
2752,1502,2024-11-17,completed,card
2753,1151,2024-02-21,completed,cod
2754,1349,2024-10-31,completed,card
2755,2101,2024-10-15,completed,card
2756,117,2024-01-27,completed,card
2757,2214,2024-12-28,completed,atm
2758,29,2024-01-24,completed,card
2759,2173,2024-06-24,completed,card
2760,1875,2024-08-29,completed,card
2761,422,2024-02-06,completed,card
2762,1006,2025-06-11,completed,atm
2763,1321,2025-04-02,completed,cod
2764,1982,2024-09-15,completed,atm
2765,963,2024-02-13,completed,atm
2766,1921,2024-07-22,completed,atm
2767,1075,2024-12-30,completed,card
2768,40,2024-04-10,completed,atm
2769,566,2025-11-06,cancelled,atm
2770,2295,2025-03-15,completed,card
2771,900,2024-05-02,completed,card
2772,2032,2025-01-24,completed,card
2773,662,2025-11-02,completed,card
2774,956,2024-10-01,completed,card
2775,1492,2024-02-24,completed,card
2776,1276,2024-05-31,completed,atm
2777,1598,2025-10-03,cancelled,atm
2778,1,2025-12-19,completed,wallet
2779,2125,2024-10-16,completed,card
2780,2394,2024-03-04,completed,atm
2781,791,2024-06-11,completed,atm
2782,247,2024-08-21,completed,cod
2783,1281,2024-05-26,completed,card
2784,658,2024-11-25,completed,atm
2785,2321,2024-04-24,completed,wallet
2786,2389,2025-05-18,completed,atm
2787,1607,2025-05-20,completed,atm
2788,974,2025-11-10,cancelled,atm
2789,2075,2025-08-08,completed,atm
2790,35,2024-01-07,completed,wallet
2791,1046,2025-10-11,completed,cod
2792,191,2025-06-15,completed,card
2793,366,2025-10-02,completed,card
2794,2144,2025-01-20,refunded,card
2795,995,2025-08-23,completed,card
2796,712,2024-10-21,completed,atm
2797,728,2024-08-24,completed,card
2798,1402,2024-03-07,completed,wallet
2799,568,2025-09-25,completed,wallet
2800,987,2025-09-16,completed,card
2801,630,2025-03-29,completed,cod
2802,1820,2025-08-03,completed,wallet
2803,1838,2025-03-25,completed,card
2804,12,2025-04-29,completed,card
2805,2036,2024-11-05,completed,atm
2806,2330,2025-10-20,completed,cod
2807,1931,2025-08-25,completed,card
2808,76,2025-05-02,completed,card
2809,2127,2024-02-20,completed,cod
2810,231,2025-08-13,completed,card
2811,1047,2025-07-19,completed,card
2812,1588,2024-05-16,completed,card
2813,961,2024-07-10,completed,atm
2814,1688,2024-10-28,completed,cod
2815,2047,2024-01-25,completed,card
2816,2428,2025-07-31,cancelled,card
2817,2216,2024-06-01,completed,card
2818,735,2024-05-29,completed,atm
2819,1991,2025-10-26,completed,wallet
2820,2095,2024-12-15,completed,cod
2821,2076,2024-01-17,completed,card
2822,2271,2024-02-25,completed,card
2823,2080,2024-08-11,completed,card
2824,2275,2024-01-06,completed,atm
2825,124,2025-08-29,completed,atm
2826,743,2025-05-18,completed,card
2827,575,2025-01-08,completed,cod
2828,121,2025-05-05,completed,atm
2829,547,2024-12-23,completed,card
2830,1324,2024-10-17,completed,card
2831,2370,2025-01-11,completed,wallet
2832,318,2024-10-19,completed,card
2833,270,2025-07-04,completed,card
2834,1310,2025-11-19,completed,atm
2835,2174,2024-12-15,completed,card
2836,340,2024-07-20,completed,cod
2837,1602,2024-07-12,completed,atm
2838,1469,2024-11-07,completed,cod
2839,2147,2025-01-19,completed,card
2840,239,2025-11-20,completed,wallet
2841,53,2024-07-12,completed,wallet
2842,989,2024-06-02,completed,card
2843,2176,2025-04-29,completed,card
2844,658,2024-10-14,completed,card
2845,1669,2025-06-30,completed,card
2846,379,2025-12-08,completed,atm
2847,914,2024-07-19,completed,atm
2848,1680,2024-05-18,completed,card
2849,1353,2024-01-17,completed,card
2850,228,2025-10-15,refunded,atm
2851,1989,2024-05-24,completed,atm
2852,1630,2024-12-22,completed,atm
2853,1684,2024-12-28,completed,card
2854,551,2025-07-22,completed,card
2855,645,2024-09-29,cancelled,card
2856,321,2025-08-13,completed,cod
2857,2069,2024-08-07,refunded,card
2858,1783,2025-08-18,completed,atm
2859,1595,2025-09-17,completed,wallet
2860,70,2025-06-25,completed,wallet
2861,1942,2025-10-09,completed,wallet
2862,1005,2024-11-28,completed,atm
2863,62,2025-08-26,completed,atm
2864,337,2024-11-08,completed,card
2865,33,2024-03-16,completed,cod
2866,2036,2025-02-16,completed,card
2867,682,2025-11-04,completed,wallet
2868,271,2024-04-05,completed,atm
2869,595,2025-01-11,completed,card
2870,617,2024-07-11,completed,card
2871,1005,2024-02-15,completed,atm
2872,1600,2024-09-25,completed,card
2873,2406,2025-04-18,completed,card
2874,320,2024-08-06,completed,atm
2875,1768,2025-12-31,completed,card
2876,8,2025-03-29,completed,card
2877,1396,2024-08-21,completed,cod
2878,68,2025-11-19,completed,atm
2879,1797,2024-08-15,completed,cod
2880,2030,2025-11-07,completed,cod
2881,2232,2025-09-24,completed,cod
2882,912,2024-02-12,completed,card
2883,1197,2024-10-27,completed,atm
2884,259,2025-10-02,completed,card
2885,1106,2024-01-31,completed,card
2886,1234,2024-12-14,completed,wallet
2887,239,2025-08-13,completed,atm
2888,385,2024-01-28,completed,card
2889,2231,2024-08-09,completed,card
2890,1012,2025-03-28,cancelled,cod
2891,74,2024-04-19,completed,cod
2892,478,2025-12-13,completed,card
2893,258,2024-03-08,completed,card
2894,781,2024-02-05,completed,atm
2895,1060,2024-03-26,completed,card
2896,956,2024-12-12,completed,atm
2897,1418,2025-09-27,completed,wallet
2898,1443,2025-04-01,completed,atm
2899,828,2025-01-29,completed,wallet
2900,1259,2025-10-01,completed,atm
2901,799,2024-03-15,completed,card
2902,585,2024-02-14,completed,cod
2903,5,2025-10-23,completed,atm
2904,1128,2024-06-09,refunded,card
2905,332,2024-05-30,completed,atm
2906,1743,2024-07-16,completed,card
2907,158,2025-05-02,completed,wallet
2908,478,2024-02-15,completed,card
2909,2254,2024-03-16,completed,card
2910,324,2025-02-17,completed,card
2911,1649,2024-01-05,completed,card
2912,1457,2024-10-27,completed,wallet
2913,719,2025-04-10,completed,wallet
2914,1293,2025-04-01,cancelled,card
2915,2144,2025-02-21,completed,atm
2916,1375,2025-08-06,completed,cod
2917,718,2024-11-15,completed,card
2918,30,2025-07-16,completed,card
2919,737,2025-07-30,completed,atm
2920,989,2024-01-15,completed,card
2921,1658,2024-10-28,completed,wallet
2922,2115,2024-02-07,cancelled,card
2923,332,2025-01-18,completed,atm
2924,1780,2024-09-30,completed,card
2925,2150,2024-04-26,refunded,card
2926,1045,2025-03-20,completed,wallet
2927,2124,2024-10-30,completed,card
2928,547,2024-05-30,completed,atm
2929,573,2024-02-01,completed,wallet
2930,682,2025-10-03,completed,card
2931,1019,2024-03-29,completed,card
2932,1820,2024-01-02,completed,atm
2933,1030,2025-11-27,completed,atm
2934,84,2024-10-22,completed,card
2935,818,2025-08-19,completed,wallet
2936,2017,2024-01-31,completed,atm
2937,1482,2025-06-07,completed,card
2938,43,2025-03-16,completed,wallet
2939,69,2024-03-09,completed,atm
2940,116,2025-09-20,completed,card
2941,1854,2024-06-18,completed,atm
2942,697,2024-04-25,completed,card
2943,1748,2025-05-19,completed,card
2944,2241,2024-04-30,cancelled,card
2945,2287,2024-06-15,completed,atm
2946,1355,2025-02-05,completed,atm
2947,962,2024-09-12,completed,card
2948,1910,2025-02-04,completed,wallet
2949,1433,2024-04-17,completed,card
2950,740,2024-09-03,completed,card
2951,1418,2025-05-28,completed,wallet
2952,2140,2025-10-08,completed,atm
2953,735,2025-11-06,completed,card
2954,1707,2024-03-24,completed,wallet
2955,2357,2025-06-01,completed,card
2956,2479,2025-09-11,completed,atm
2957,1302,2025-08-28,completed,wallet
2958,1901,2024-01-16,completed,atm
2959,704,2024-07-21,refunded,atm
2960,241,2025-11-02,completed,atm
2961,156,2024-10-21,completed,card
2962,539,2024-03-31,completed,atm
2963,2118,2025-11-12,completed,card
2964,2478,2024-09-20,completed,card
2965,1474,2024-12-18,completed,atm
2966,1551,2025-05-03,refunded,card
2967,93,2025-05-06,completed,atm
2968,268,2024-09-25,completed,cod
2969,918,2024-07-11,completed,card
2970,1460,2024-04-21,completed,card
2971,981,2024-12-12,completed,card
2972,703,2025-05-02,completed,atm
2973,1188,2024-06-26,completed,wallet
2974,992,2024-03-06,completed,card
2975,2441,2025-08-31,completed,card
2976,2428,2024-04-01,completed,card
2977,1218,2025-03-02,completed,card
2978,298,2024-12-09,completed,card
2979,1481,2025-10-02,completed,atm
2980,300,2024-09-18,completed,card
2981,1943,2025-12-05,completed,card
2982,264,2025-05-13,completed,card
2983,339,2024-04-20,completed,card
2984,1066,2024-03-26,completed,atm
2985,772,2025-12-28,completed,card
2986,404,2024-08-17,completed,card
2987,403,2024-03-26,completed,card
2988,1430,2025-01-18,completed,card
2989,1389,2025-09-09,completed,card
2990,1141,2025-04-30,completed,atm
2991,1099,2024-06-13,completed,cod
2992,2355,2024-06-07,completed,wallet
2993,601,2024-12-20,completed,wallet
2994,2156,2024-07-03,completed,card
2995,2362,2025-01-17,completed,card
2996,569,2024-09-14,completed,card
2997,1199,2025-07-20,completed,card
2998,1517,2025-09-17,completed,card
2999,2435,2024-04-25,completed,atm
3000,713,2024-07-22,completed,card
3001,505,2024-09-02,completed,cod
3002,2234,2024-04-13,completed,card
3003,2200,2025-02-26,completed,card
3004,1001,2024-08-23,completed,card
3005,766,2024-09-15,completed,card
3006,413,2025-02-08,completed,wallet
3007,319,2024-09-03,completed,atm
3008,1446,2025-05-01,completed,card
3009,2275,2024-02-22,cancelled,wallet
3010,2247,2025-06-09,cancelled,atm
3011,493,2025-12-17,completed,atm
3012,2337,2025-01-14,completed,wallet
3013,1017,2025-10-19,completed,card
3014,615,2025-04-11,completed,card
3015,355,2025-04-26,completed,cod
3016,1208,2025-04-23,completed,card
3017,1007,2025-04-20,completed,card
3018,2410,2024-05-30,completed,cod
3019,374,2024-09-30,completed,card
3020,2408,2024-01-13,refunded,card
3021,2256,2024-04-23,completed,card
3022,1002,2025-06-15,refunded,atm
3023,1799,2024-07-12,completed,atm
3024,81,2024-03-31,completed,card
3025,2490,2024-10-04,completed,wallet
3026,1809,2024-04-16,completed,atm
3027,1322,2025-11-25,completed,atm
3028,2171,2025-12-25,completed,atm
3029,530,2024-09-01,completed,atm
3030,2138,2024-10-21,completed,card
3031,1794,2025-04-13,completed,atm
3032,1092,2024-01-13,refunded,wallet
3033,2272,2024-01-25,refunded,atm
3034,2228,2024-01-16,completed,atm
3035,1436,2025-08-17,completed,cod
3036,2266,2024-08-21,completed,atm
3037,583,2024-12-09,completed,card
3038,2464,2024-12-11,completed,card
3039,392,2025-08-21,completed,atm
3040,2012,2025-10-27,completed,card
3041,1743,2025-04-05,completed,atm
3042,1413,2025-11-14,completed,card
3043,2297,2025-06-11,completed,card
3044,675,2024-04-17,completed,atm
3045,2293,2024-07-14,completed,card
3046,2008,2024-05-17,completed,card
3047,1084,2025-07-13,completed,atm
3048,1831,2025-07-09,completed,card
3049,340,2025-12-02,completed,atm
3050,864,2025-08-05,completed,card
3051,1638,2025-10-09,completed,card
3052,581,2024-02-15,completed,card
3053,2203,2025-01-09,completed,cod
3054,164,2025-07-28,completed,wallet
3055,155,2025-11-06,completed,card
3056,1083,2025-11-05,completed,card
3057,1909,2025-01-03,completed,wallet
3058,227,2024-07-29,cancelled,wallet
3059,678,2024-12-27,completed,cod
3060,1572,2025-08-04,completed,wallet
3061,1411,2025-01-12,completed,card
3062,1351,2025-05-31,completed,cod
3063,2377,2025-01-11,completed,card
3064,1887,2025-01-01,completed,card
3065,521,2024-08-10,completed,card
3066,1466,2024-01-26,completed,card
3067,971,2025-08-22,completed,card
3068,1754,2025-03-22,completed,cod
3069,337,2025-12-14,completed,card
3070,668,2025-12-02,completed,card
3071,2046,2024-12-28,completed,card
3072,1071,2025-01-04,completed,wallet
3073,485,2024-04-11,completed,card
3074,10,2025-09-05,completed,card
3075,2335,2025-06-04,completed,atm
3076,1027,2024-01-23,completed,atm
3077,491,2025-09-11,completed,wallet
3078,1151,2024-06-21,completed,wallet
3079,266,2024-05-03,completed,card
3080,1767,2024-04-28,completed,atm
3081,1502,2025-02-26,completed,card
3082,1749,2025-06-09,completed,cod
3083,2388,2024-03-21,completed,atm
3084,2218,2025-10-13,completed,card
3085,356,2024-07-27,completed,card
3086,1996,2024-06-21,completed,card
3087,1297,2025-01-12,cancelled,atm
3088,1784,2024-08-27,completed,card
3089,1042,2025-02-07,completed,atm
3090,647,2025-09-07,completed,card
3091,2283,2024-04-10,completed,card
3092,883,2024-06-05,completed,card
3093,1412,2024-03-11,completed,atm
3094,44,2024-08-31,completed,card
3095,2459,2025-04-09,completed,card
3096,969,2025-10-17,completed,cod
3097,2235,2024-05-29,completed,card
3098,479,2024-12-21,completed,card
3099,2425,2025-04-28,completed,atm
3100,1095,2025-03-09,completed,card
3101,490,2025-10-31,completed,card
3102,854,2024-02-26,completed,atm
3103,1573,2025-08-06,completed,card
3104,2238,2024-07-24,completed,wallet
3105,2197,2025-03-12,completed,card
3106,2411,2024-04-02,completed,atm
3107,1445,2024-01-02,completed,cod
3108,160,2025-07-22,completed,card
3109,2153,2025-10-06,completed,atm
3110,384,2024-06-25,completed,card
3111,1743,2025-06-21,completed,atm
3112,2014,2024-09-25,completed,card
3113,1897,2024-01-25,completed,wallet
3114,767,2024-04-28,completed,card
3115,998,2024-05-10,completed,card
3116,1201,2024-04-29,completed,cod
3117,709,2024-06-01,completed,wallet
3118,1831,2025-01-26,completed,cod
3119,184,2024-05-08,completed,wallet
3120,2172,2025-06-02,completed,card
3121,1149,2024-01-16,completed,card
3122,554,2025-01-29,completed,card
3123,2011,2025-10-05,completed,atm
3124,1036,2025-04-04,completed,card
3125,1747,2024-12-23,completed,atm
3126,285,2025-11-17,completed,atm
3127,2331,2024-02-13,completed,wallet
3128,250,2025-05-10,completed,card
3129,273,2025-05-19,completed,card
3130,1413,2024-02-15,completed,card
3131,930,2025-09-27,completed,cod
3132,1037,2025-10-24,completed,atm
3133,1697,2025-05-21,completed,cod
3134,2309,2025-04-20,completed,cod
3135,393,2025-02-25,completed,atm
3136,1274,2025-06-11,completed,card
3137,1248,2025-05-31,completed,card
3138,38,2024-03-04,completed,atm
3139,216,2025-06-27,completed,cod
3140,1740,2025-02-10,completed,cod
3141,1361,2025-09-11,completed,card
3142,958,2024-09-05,completed,card
3143,1850,2024-08-24,completed,cod
3144,82,2024-03-17,completed,card
3145,1647,2024-12-17,completed,cod
3146,420,2024-12-24,completed,card
3147,1421,2024-03-24,completed,card
3148,1778,2025-09-27,refunded,card
3149,2273,2024-05-14,completed,card
3150,2193,2024-10-27,completed,atm
3151,1820,2024-04-09,completed,atm
3152,1115,2025-01-16,completed,card
3153,1421,2025-08-05,completed,card
3154,289,2025-01-30,completed,atm
3155,2133,2025-09-30,completed,card
3156,188,2024-03-04,completed,card
3157,1784,2025-09-16,completed,atm
3158,2097,2024-06-15,completed,atm
3159,1655,2025-01-08,completed,atm
3160,26,2024-11-29,completed,card
3161,1254,2024-06-28,completed,wallet
3162,2141,2025-06-29,completed,card
3163,1598,2025-09-11,completed,card
3164,1320,2025-07-25,completed,cod
3165,1548,2024-10-25,completed,atm
3166,99,2024-07-06,completed,atm
3167,2473,2024-07-31,completed,card
3168,525,2025-12-12,completed,cod
3169,51,2025-04-28,completed,card
3170,229,2025-09-06,refunded,card
3171,1206,2025-07-13,completed,cod
3172,1166,2024-10-16,completed,card
3173,2224,2025-07-16,cancelled,card
3174,80,2024-11-20,completed,atm
3175,2218,2024-10-03,cancelled,card
3176,371,2025-03-08,completed,wallet
3177,1060,2025-06-04,completed,wallet
3178,1012,2025-05-25,completed,wallet
3179,1867,2024-04-08,completed,atm
3180,2333,2025-11-07,completed,cod
3181,1189,2025-12-05,completed,card
3182,1973,2024-12-06,completed,atm
3183,2450,2025-09-13,completed,card
3184,1037,2025-08-18,completed,card
3185,820,2025-02-04,completed,wallet
3186,57,2024-05-14,completed,card
3187,2413,2025-07-17,completed,wallet
3188,2482,2025-03-12,completed,wallet
3189,2214,2025-10-03,completed,card
3190,254,2024-01-06,completed,card
3191,946,2025-06-01,completed,cod
3192,953,2024-10-18,completed,card
3193,2326,2025-08-09,completed,card
3194,305,2024-03-24,completed,atm
3195,1711,2025-11-08,refunded,atm
3196,1177,2024-02-11,completed,card
3197,1446,2024-08-14,completed,atm
3198,1840,2025-05-28,completed,card
3199,723,2024-01-07,completed,card
3200,2051,2024-10-04,completed,card
3201,630,2024-06-27,completed,card
3202,331,2025-01-24,completed,cod
3203,1721,2024-11-06,completed,wallet
3204,806,2024-12-19,completed,card
3205,1652,2024-05-07,completed,wallet
3206,154,2024-05-29,completed,card
3207,1569,2025-03-05,completed,card
3208,943,2025-05-22,completed,atm
3209,2210,2025-01-21,completed,wallet
3210,1005,2025-12-22,completed,card
3211,94,2025-01-26,cancelled,cod
3212,2307,2025-09-18,completed,wallet
3213,301,2025-09-19,completed,atm
3214,535,2025-07-08,completed,card
3215,1661,2024-03-09,completed,card
3216,421,2024-02-16,completed,card
3217,2114,2025-09-27,completed,cod
3218,2087,2024-04-24,completed,card
3219,727,2024-08-03,completed,card
3220,1601,2025-12-30,completed,card
3221,1823,2025-09-11,completed,atm
3222,991,2025-01-28,cancelled,atm
3223,2314,2025-01-30,completed,card
3224,2403,2025-06-25,cancelled,card
3225,2352,2024-06-07,completed,card
3226,1087,2024-06-23,completed,card
3227,1986,2025-05-19,completed,atm
3228,1023,2024-07-27,completed,wallet
3229,472,2025-02-02,completed,cod
3230,1424,2025-12-16,completed,card
3231,1728,2025-03-23,completed,atm
3232,1404,2025-01-31,completed,card
3233,135,2025-08-26,completed,card
3234,2253,2025-10-26,completed,card
3235,1004,2025-01-11,completed,cod
3236,2164,2024-05-09,completed,card
3237,612,2025-01-29,completed,card
3238,379,2024-11-12,completed,atm
3239,1735,2024-09-22,cancelled,card
3240,256,2024-02-29,completed,wallet
3241,1891,2025-04-12,completed,atm
3242,1253,2024-07-17,completed,card
3243,385,2025-12-05,refunded,card
3244,1424,2024-07-11,completed,card
3245,1672,2025-09-04,completed,card
3246,898,2024-01-20,completed,card
3247,276,2024-03-29,completed,card
3248,315,2024-05-25,completed,atm
3249,2468,2024-05-27,completed,card
3250,1178,2024-10-08,completed,atm
3251,1673,2025-07-10,completed,atm
3252,906,2024-05-09,completed,card
3253,35,2024-02-04,completed,atm
3254,1641,2024-05-22,completed,card
3255,832,2024-01-01,completed,atm
3256,2396,2025-08-27,cancelled,atm
3257,506,2025-01-18,completed,card
3258,2385,2025-08-16,completed,card
3259,1132,2024-10-21,completed,wallet
3260,519,2025-06-17,cancelled,card
3261,1261,2024-08-27,completed,atm
3262,915,2024-10-29,completed,atm
3263,318,2025-05-23,completed,card
3264,1268,2024-08-01,completed,card
3265,8,2025-12-03,refunded,card
3266,1881,2025-09-21,completed,card
3267,729,2025-01-13,completed,card
3268,279,2024-03-15,cancelled,cod
3269,174,2024-11-12,completed,atm
3270,708,2024-05-05,completed,card
3271,2174,2024-08-08,completed,atm
3272,1897,2025-04-02,completed,cod
3273,2463,2024-10-21,completed,atm
3274,2141,2024-11-18,completed,card
3275,863,2025-10-10,cancelled,cod
3276,727,2024-06-26,completed,atm
3277,57,2025-03-08,completed,card
3278,1974,2025-09-13,completed,atm
3279,1723,2025-12-08,completed,wallet
3280,460,2025-06-27,completed,atm
3281,171,2025-08-15,completed,card
3282,1932,2024-12-29,completed,card
3283,1969,2025-10-26,completed,card
3284,1282,2024-03-19,completed,wallet
3285,738,2024-02-06,completed,card
3286,936,2024-03-10,completed,card
3287,992,2024-02-01,completed,card
3288,1673,2024-04-24,completed,cod
3289,72,2024-03-31,completed,card
3290,40,2025-05-29,completed,card
3291,1440,2024-06-13,completed,wallet
3292,71,2025-11-20,completed,wallet
3293,335,2024-02-02,completed,card
3294,1923,2024-05-15,completed,card
3295,1068,2025-04-26,completed,card
3296,1636,2024-10-03,completed,card
3297,391,2024-07-22,cancelled,card
3298,1669,2025-02-05,completed,wallet
3299,1084,2025-11-21,completed,card
3300,2184,2024-07-14,completed,atm
3301,2335,2024-06-02,completed,card
3302,2423,2024-08-22,completed,atm
3303,1128,2025-10-16,completed,card
3304,1746,2025-07-29,completed,card
3305,922,2025-12-01,completed,atm
3306,473,2025-03-29,completed,card
3307,1940,2024-09-22,completed,atm
3308,593,2025-12-31,completed,atm
3309,1785,2025-04-16,completed,card
3310,663,2025-08-06,completed,atm
3311,775,2025-11-16,completed,card
3312,707,2024-11-23,completed,atm
3313,1046,2024-12-11,completed,card
3314,1594,2025-05-23,completed,card
3315,878,2025-02-17,completed,card
3316,2488,2024-08-20,completed,card
3317,536,2025-07-30,completed,card
3318,960,2025-06-24,completed,card
3319,618,2024-10-24,refunded,atm
3320,535,2025-12-22,completed,cod
3321,2341,2024-01-31,completed,atm
3322,1213,2024-05-27,completed,card
3323,2037,2025-01-28,completed,wallet
3324,898,2025-09-16,completed,card
3325,2376,2024-06-28,refunded,card
3326,2243,2024-05-05,completed,card
3327,900,2024-07-01,completed,card
3328,893,2025-07-24,completed,atm
3329,2432,2024-07-12,completed,card
3330,980,2025-09-05,completed,card
3331,2017,2024-01-11,completed,card
3332,1348,2024-06-18,completed,atm
3333,823,2024-02-20,completed,card
3334,2432,2025-06-19,completed,wallet
3335,418,2025-01-22,completed,card
3336,2364,2024-02-14,refunded,cod
3337,665,2024-05-09,completed,atm
3338,1674,2025-10-26,completed,atm
3339,589,2025-02-16,completed,atm
3340,2355,2024-07-24,completed,card
3341,1553,2024-06-12,completed,wallet
3342,1662,2024-07-08,completed,cod
3343,925,2025-01-06,completed,atm
3344,2114,2024-11-22,cancelled,card
3345,1943,2025-06-28,completed,card
3346,309,2025-05-20,completed,wallet
3347,1585,2025-11-11,completed,card
3348,1463,2024-07-30,completed,atm
3349,1842,2025-03-20,completed,atm
3350,755,2024-12-05,completed,atm
3351,1244,2025-10-20,cancelled,wallet
3352,1019,2024-04-19,completed,cod
3353,2430,2025-04-29,completed,card
3354,233,2024-11-09,completed,atm
3355,147,2025-12-03,completed,atm
3356,2258,2024-01-06,completed,card
3357,2324,2025-01-16,completed,atm
3358,11,2024-06-10,completed,card
3359,1718,2024-12-08,completed,card
3360,833,2024-12-22,completed,wallet
3361,2458,2025-11-03,completed,wallet
3362,264,2024-08-27,completed,card
3363,2041,2025-05-09,completed,card
3364,1516,2024-03-02,completed,card
3365,841,2024-03-31,completed,wallet
3366,613,2025-09-05,completed,wallet
3367,1688,2025-04-03,completed,atm
3368,1360,2024-04-03,completed,card
3369,105,2024-05-25,completed,atm
3370,324,2025-11-23,completed,card
3371,1159,2024-01-02,completed,cod
3372,1445,2024-12-06,completed,card
3373,1188,2024-03-10,refunded,card
3374,1733,2024-04-03,completed,wallet
3375,2114,2024-05-13,completed,wallet
3376,730,2025-02-02,completed,card
3377,2464,2025-11-12,completed,atm
3378,1119,2025-02-25,completed,card
3379,1182,2025-05-12,refunded,cod
3380,1920,2024-02-06,completed,card
3381,308,2025-08-30,completed,card
3382,713,2025-03-22,completed,card
3383,343,2025-08-08,completed,atm
3384,1159,2025-03-05,completed,atm
3385,2127,2025-08-20,completed,atm
3386,20,2025-04-26,completed,atm
3387,887,2025-04-12,cancelled,card
3388,459,2025-05-04,refunded,card
3389,2468,2025-04-02,completed,card
3390,1473,2025-03-28,completed,wallet
3391,1110,2024-04-13,completed,wallet
3392,1127,2025-06-09,completed,card
3393,1175,2024-10-31,completed,card
3394,1606,2024-10-01,completed,card
3395,707,2025-06-30,refunded,atm
3396,2044,2025-03-11,completed,card
3397,684,2025-02-23,completed,card
3398,1644,2024-05-10,completed,cod
3399,2498,2025-06-03,completed,wallet
3400,2299,2025-08-12,completed,card
3401,1383,2024-03-25,completed,cod
3402,1197,2024-10-21,completed,cod
3403,2257,2025-02-18,completed,cod
3404,2355,2025-08-31,completed,card
3405,577,2025-04-24,cancelled,card
3406,343,2025-05-12,completed,cod
3407,759,2024-09-10,completed,card
3408,465,2024-06-29,cancelled,card
3409,2379,2025-07-03,completed,card
3410,1436,2025-05-10,completed,wallet
3411,1166,2025-11-06,completed,wallet
3412,1395,2024-06-27,completed,atm
3413,1831,2024-09-03,completed,card
3414,1442,2025-03-05,completed,atm
3415,956,2025-06-01,completed,card
3416,1487,2025-04-19,completed,card
3417,846,2024-01-04,cancelled,cod
3418,860,2025-10-13,completed,card
3419,2344,2024-09-21,completed,wallet
3420,208,2025-03-19,completed,atm
3421,965,2024-08-26,completed,card
3422,104,2025-05-05,completed,cod
3423,306,2024-07-29,completed,atm
3424,619,2024-06-26,completed,card
3425,1153,2024-06-09,completed,atm
3426,857,2025-11-12,completed,card
3427,1303,2024-06-26,completed,cod
3428,1919,2025-10-06,completed,card
3429,956,2025-07-10,completed,atm
3430,1920,2025-06-08,completed,atm
3431,2312,2025-12-07,completed,atm
3432,1813,2025-09-12,completed,card
3433,780,2024-02-27,completed,card
3434,140,2025-01-30,completed,atm
3435,377,2024-12-31,completed,card
3436,544,2025-03-08,completed,atm
3437,1946,2024-06-30,completed,card
3438,2288,2024-10-11,completed,atm
3439,497,2024-09-27,completed,cod
3440,1693,2024-06-29,completed,wallet
3441,374,2024-03-26,completed,atm
3442,1185,2024-10-06,completed,card
3443,324,2025-02-05,completed,atm
3444,419,2025-10-23,completed,atm
3445,1493,2025-07-31,completed,card
3446,193,2024-01-06,completed,card
3447,1555,2024-01-09,completed,atm
3448,1768,2025-07-02,completed,atm
3449,926,2024-01-30,completed,card
3450,2196,2025-09-06,completed,atm
3451,1207,2025-05-07,cancelled,cod
3452,2162,2025-08-05,completed,card
3453,759,2025-05-18,completed,atm
3454,961,2024-02-16,completed,atm
3455,418,2025-03-04,completed,card
3456,2281,2024-05-14,completed,wallet
3457,2172,2024-04-08,completed,card
3458,1471,2024-03-21,completed,card
3459,1056,2024-10-17,completed,card
3460,1187,2024-03-15,completed,cod
3461,1155,2024-08-20,cancelled,card
3462,2363,2025-07-19,completed,card
3463,1284,2024-10-29,completed,card
3464,2383,2024-04-29,completed,wallet
3465,1260,2024-07-14,refunded,wallet
3466,382,2025-11-09,completed,card
3467,1502,2025-12-02,completed,wallet
3468,2491,2024-03-01,completed,card
3469,2191,2025-03-06,completed,wallet
3470,55,2025-04-27,completed,card
3471,1898,2025-04-19,completed,card
3472,2043,2025-01-25,completed,cod
3473,1345,2024-02-10,completed,atm
3474,1514,2024-07-03,completed,card
3475,146,2025-11-23,completed,card
3476,798,2024-11-11,cancelled,card
3477,817,2025-04-10,completed,card
3478,1360,2025-03-03,completed,card
3479,1767,2024-01-18,completed,atm
3480,1737,2024-09-27,completed,atm
3481,2208,2025-12-01,completed,cod
3482,834,2024-01-02,completed,card
3483,692,2024-05-24,completed,card
3484,1045,2025-04-01,completed,atm
3485,256,2024-05-02,completed,card
3486,2236,2024-02-14,completed,cod
3487,875,2025-05-06,completed,card
3488,410,2025-11-13,completed,wallet
3489,1808,2025-09-22,completed,atm
3490,512,2024-06-16,completed,card
3491,1104,2024-09-01,completed,card
3492,2092,2024-08-22,refunded,atm
3493,347,2025-04-27,completed,card
3494,81,2025-07-02,completed,card
3495,356,2025-11-04,completed,card
3496,600,2025-05-15,completed,card
3497,1090,2025-03-30,completed,card
3498,2470,2024-07-11,completed,card
3499,2214,2025-07-06,completed,atm
3500,2421,2025-08-23,completed,wallet
3501,325,2024-03-22,completed,cod
3502,1185,2024-02-13,completed,cod
3503,147,2025-07-02,refunded,atm
3504,1994,2024-03-05,completed,wallet
3505,1895,2025-08-10,completed,cod
3506,1038,2025-08-23,completed,card
3507,802,2024-02-05,completed,card
3508,2021,2024-09-28,completed,cod
3509,395,2025-12-07,completed,card
3510,2461,2025-01-14,completed,cod
3511,455,2024-11-04,completed,card
3512,910,2025-04-11,completed,card
3513,2177,2024-03-26,completed,card
3514,252,2025-04-06,cancelled,atm
3515,693,2025-05-15,completed,card
3516,1579,2025-05-25,completed,card
3517,1857,2025-01-27,completed,atm
3518,931,2024-10-17,completed,card
3519,1389,2024-12-27,completed,card
3520,2468,2024-08-22,completed,wallet
3521,905,2024-11-19,completed,atm
3522,353,2024-03-24,completed,card
3523,127,2024-07-05,completed,card
3524,1482,2025-02-01,cancelled,atm
3525,2321,2024-01-27,completed,card
3526,44,2025-08-24,cancelled,atm
3527,665,2025-05-24,completed,atm
3528,421,2025-12-02,completed,cod
3529,349,2024-11-26,completed,atm
3530,2329,2024-02-23,completed,atm
3531,763,2024-05-30,completed,atm
3532,1580,2024-04-16,completed,card
3533,1372,2025-01-19,completed,card
3534,961,2024-09-10,completed,card
3535,224,2025-01-04,refunded,card
3536,835,2024-02-24,completed,atm
3537,1484,2024-11-08,completed,cod
3538,1682,2024-09-24,completed,card
3539,2444,2024-09-03,completed,atm
3540,113,2025-03-07,completed,atm
3541,261,2024-04-17,completed,atm
3542,961,2025-12-19,completed,cod
3543,359,2024-06-08,completed,card
3544,1931,2025-08-01,completed,card
3545,1976,2025-09-15,completed,atm
3546,1446,2025-05-28,completed,atm
3547,1923,2024-01-10,completed,atm
3548,1823,2024-08-02,completed,card
3549,1213,2024-05-12,completed,wallet
3550,153,2024-08-01,cancelled,card
3551,2075,2024-10-26,completed,cod
3552,2237,2024-04-24,completed,cod
3553,1993,2024-07-16,cancelled,card
3554,365,2025-09-05,completed,card
3555,89,2024-08-17,completed,card
3556,1223,2024-09-07,completed,cod
3557,581,2024-02-19,completed,card
3558,1696,2025-05-21,completed,card
3559,950,2024-03-25,completed,wallet
3560,859,2024-03-13,completed,cod
3561,1591,2024-08-22,completed,card
3562,1637,2025-01-09,completed,card
3563,2104,2025-06-20,completed,wallet
3564,152,2024-10-30,completed,card
3565,2146,2024-08-13,completed,wallet
3566,335,2024-05-16,completed,card
3567,636,2025-03-24,completed,cod
3568,23,2024-11-27,completed,atm
3569,1242,2025-04-25,completed,wallet
3570,603,2024-10-09,completed,card
3571,1354,2024-04-02,completed,card
3572,2058,2024-01-01,completed,card
3573,176,2024-12-16,completed,card
3574,1168,2025-04-21,completed,atm
3575,295,2025-02-24,completed,cod
3576,2493,2024-02-12,completed,card
3577,1267,2025-12-11,completed,card
3578,1705,2025-12-19,completed,card
3579,1284,2025-07-02,completed,card
3580,824,2024-04-08,completed,atm
3581,1459,2025-08-30,completed,card
3582,729,2025-09-21,completed,card
3583,92,2025-07-22,completed,wallet
3584,1005,2024-06-02,completed,card
3585,1596,2024-08-18,completed,card
3586,2079,2025-03-08,completed,card
3587,166,2024-07-06,completed,card
3588,2474,2024-12-21,refunded,cod
3589,1590,2024-12-11,completed,cod
3590,16,2024-11-18,completed,cod
3591,1938,2024-03-06,completed,card
3592,557,2025-06-03,completed,wallet
3593,1492,2025-08-30,completed,atm
3594,1249,2024-05-16,completed,wallet
3595,974,2024-08-27,completed,atm
3596,1029,2024-11-13,completed,card
3597,1228,2025-06-08,completed,card
3598,2463,2024-03-08,completed,wallet
3599,397,2024-03-18,completed,atm
3600,924,2024-01-23,completed,atm
3601,1049,2025-12-23,cancelled,atm
3602,518,2024-11-08,completed,wallet
3603,238,2024-09-03,refunded,atm
3604,1249,2024-08-19,completed,card
3605,1613,2024-12-25,completed,cod
3606,277,2025-02-13,completed,card
3607,986,2024-06-08,completed,atm
3608,771,2024-09-20,completed,cod
3609,1018,2025-03-24,completed,card
3610,1697,2024-04-30,completed,atm
3611,259,2024-12-05,completed,card
3612,2305,2025-06-25,completed,card
3613,1981,2025-03-23,completed,wallet
3614,584,2025-12-07,completed,card
3615,1323,2024-12-24,completed,card
3616,61,2024-05-04,refunded,atm
3617,836,2025-05-22,completed,atm
3618,2011,2025-04-02,completed,wallet
3619,40,2024-06-24,completed,wallet
3620,1315,2025-10-02,completed,atm
3621,2019,2025-03-15,cancelled,cod
3622,1218,2025-12-22,completed,card
3623,2274,2024-09-29,completed,card
3624,1136,2024-12-17,completed,wallet
3625,230,2025-10-24,completed,atm
3626,1087,2025-10-29,completed,card
3627,931,2024-06-08,completed,atm
3628,1789,2025-12-18,completed,wallet
3629,2046,2025-11-25,refunded,atm
3630,1598,2025-09-03,completed,card
3631,1779,2025-09-18,completed,card
3632,1777,2024-01-09,completed,card
3633,963,2025-01-26,completed,atm
3634,541,2025-03-25,completed,atm
3635,2411,2025-03-06,completed,wallet
3636,580,2024-10-02,refunded,atm
3637,941,2025-03-09,completed,card
3638,2006,2025-08-22,completed,card
3639,554,2025-10-20,completed,atm
3640,2285,2025-12-10,completed,wallet
3641,809,2024-04-08,completed,atm
3642,1753,2024-03-24,completed,cod
3643,1980,2025-11-25,completed,card
3644,2006,2024-02-15,completed,atm
3645,856,2025-12-12,completed,card
3646,1974,2025-09-06,completed,card
3647,2012,2025-12-05,completed,wallet
3648,2142,2024-09-05,completed,card
3649,1882,2025-09-17,completed,wallet
3650,326,2024-04-17,completed,wallet
3651,915,2025-09-22,completed,card
3652,1615,2024-03-07,completed,atm
3653,1946,2025-09-25,completed,card
3654,242,2024-02-24,completed,atm
3655,2060,2024-08-13,cancelled,cod
3656,1717,2024-12-27,completed,card
3657,702,2024-10-31,completed,wallet
3658,2253,2025-09-12,completed,atm
3659,1802,2024-05-10,completed,card
3660,201,2024-01-02,completed,atm
3661,996,2024-05-12,completed,card
3662,2099,2024-11-29,completed,cod
3663,499,2025-07-24,completed,wallet
3664,1724,2025-07-24,completed,atm
3665,1538,2024-12-04,completed,cod
3666,2414,2025-07-07,completed,atm
3667,2484,2025-05-05,completed,card
3668,355,2025-02-12,completed,atm
3669,512,2024-11-11,cancelled,wallet
3670,2187,2024-08-24,completed,atm
3671,1141,2025-11-22,completed,wallet
3672,1527,2025-11-13,completed,cod
3673,1872,2024-11-18,completed,wallet
3674,1492,2024-09-26,completed,card
3675,2330,2025-03-27,completed,card
3676,1842,2025-04-03,completed,atm
3677,542,2024-12-13,completed,atm
3678,1738,2024-09-16,completed,card
3679,138,2025-05-20,completed,card
3680,145,2025-04-03,completed,atm
3681,680,2025-09-08,completed,atm
3682,1390,2025-05-22,completed,atm
3683,1367,2024-05-27,completed,card
3684,1041,2024-08-19,completed,card
3685,337,2024-08-13,completed,cod
3686,2383,2025-01-15,cancelled,atm
3687,1,2025-09-21,completed,card
3688,1343,2025-12-31,cancelled,card
3689,240,2024-01-30,completed,atm
3690,284,2024-02-06,completed,card
3691,302,2024-08-08,completed,wallet
3692,113,2025-08-05,completed,cod
3693,2238,2024-06-08,completed,card
3694,2344,2024-05-14,completed,atm
3695,1441,2025-07-31,completed,card
3696,876,2025-09-13,completed,atm
3697,2254,2025-09-23,completed,card
3698,1084,2025-07-05,completed,card
3699,564,2025-01-25,completed,card
3700,1439,2024-12-01,completed,card
3701,1642,2025-06-15,completed,card
3702,1725,2025-03-26,completed,cod
3703,1318,2024-02-27,completed,atm
3704,1980,2025-03-01,completed,atm
3705,743,2024-10-24,completed,card
3706,1414,2024-04-28,completed,wallet
3707,2065,2025-07-28,completed,card
3708,1052,2024-12-12,completed,card
3709,390,2024-09-14,completed,card
3710,1120,2025-11-16,completed,card
3711,1928,2025-12-08,completed,card
3712,1829,2024-02-28,completed,card
3713,1293,2024-01-19,completed,wallet
3714,647,2024-09-21,completed,wallet
3715,1508,2025-01-26,completed,card
3716,2219,2024-01-04,completed,cod
3717,1324,2025-02-25,completed,atm
3718,1963,2024-10-05,completed,card
3719,2041,2024-12-20,completed,wallet
3720,2298,2024-04-07,refunded,atm
3721,397,2025-08-24,completed,card
3722,1651,2025-12-26,completed,card
3723,1442,2025-06-14,completed,atm
3724,1860,2025-09-17,completed,card
3725,603,2024-06-08,completed,card
3726,1172,2025-08-12,completed,cod
3727,1386,2024-04-07,completed,card
3728,523,2025-08-31,completed,card
3729,2154,2024-10-30,completed,cod
3730,2199,2024-06-16,completed,card
3731,287,2024-02-03,completed,card
3732,753,2024-06-25,completed,atm
3733,876,2024-01-27,completed,card
3734,1376,2025-06-02,completed,wallet
3735,25,2024-04-16,completed,card
3736,2188,2024-08-08,completed,card
3737,2348,2024-11-28,completed,atm
3738,595,2024-05-16,completed,card
3739,874,2025-12-11,cancelled,card
3740,2206,2024-03-20,completed,atm
3741,893,2024-03-14,cancelled,card
3742,623,2024-08-29,completed,atm
3743,702,2025-11-20,completed,atm
3744,644,2025-04-03,completed,atm
3745,1401,2024-07-23,completed,atm
3746,1099,2024-06-06,completed,card
3747,1515,2024-01-26,completed,card
3748,2334,2025-07-01,completed,cod
3749,2091,2025-01-03,completed,card
3750,1383,2025-06-25,completed,atm
3751,1472,2025-02-12,completed,wallet
3752,520,2024-03-03,cancelled,wallet
3753,2497,2025-10-20,completed,wallet
3754,1490,2025-09-10,completed,card
3755,1343,2024-11-19,completed,wallet
3756,111,2025-07-24,completed,atm
3757,2000,2025-03-09,completed,card
3758,739,2025-03-24,completed,wallet
3759,724,2024-10-17,completed,wallet
3760,741,2024-02-27,completed,atm
3761,1555,2024-12-09,completed,cod
3762,2354,2025-07-11,completed,atm
3763,1339,2024-09-27,completed,wallet
3764,2016,2024-07-04,completed,card
3765,65,2025-09-04,completed,card
3766,1640,2024-07-22,cancelled,cod
3767,827,2025-05-06,completed,atm
3768,2058,2024-11-10,completed,card
3769,1831,2024-06-17,cancelled,card
3770,107,2025-08-11,completed,atm
3771,1631,2025-05-27,completed,card
3772,1290,2025-06-15,completed,wallet
3773,1196,2025-05-26,completed,card
3774,712,2025-05-31,completed,wallet
3775,2316,2024-12-09,completed,wallet
3776,2493,2024-07-15,completed,cod
3777,274,2024-11-25,completed,atm
3778,1581,2025-08-18,completed,card
3779,1593,2024-02-19,completed,card
3780,2159,2024-11-19,completed,card
3781,1712,2024-10-01,completed,atm
3782,602,2024-03-15,refunded,card
3783,2307,2024-11-10,completed,card
3784,1583,2024-12-20,completed,wallet
3785,299,2025-11-22,refunded,atm
3786,790,2024-06-15,completed,card
3787,905,2025-04-28,completed,cod
3788,1599,2024-10-01,completed,card
3789,1470,2024-12-27,completed,card
3790,859,2024-10-20,completed,wallet
3791,628,2024-02-17,completed,atm
3792,2389,2025-06-14,completed,card
3793,2052,2025-03-10,completed,card
3794,1461,2024-07-20,refunded,card
3795,1663,2024-06-03,completed,card
3796,1818,2024-05-30,completed,atm
3797,1420,2025-12-31,completed,card
3798,1535,2025-12-04,completed,card
3799,1246,2025-11-25,completed,wallet
3800,2434,2025-08-12,completed,card
3801,1787,2024-07-15,completed,card
3802,353,2024-10-27,completed,card
3803,2204,2025-07-30,completed,card
3804,791,2024-08-26,completed,wallet
3805,727,2025-03-06,refunded,card
3806,252,2025-11-28,refunded,card
3807,853,2024-06-07,completed,wallet
3808,894,2024-09-08,completed,card
3809,156,2025-08-06,completed,cod
3810,1058,2025-10-28,completed,wallet
3811,2392,2024-11-30,completed,atm
3812,2055,2025-06-24,completed,card
3813,1909,2024-02-16,completed,wallet
3814,2277,2024-04-25,completed,cod
3815,2373,2024-01-30,completed,card
3816,1261,2025-04-16,completed,atm
3817,1856,2025-06-26,completed,card
3818,798,2025-09-10,completed,wallet
3819,1409,2025-12-05,completed,card
3820,2134,2025-05-11,completed,wallet
3821,796,2025-06-14,completed,atm
3822,971,2025-11-16,refunded,card
3823,1245,2025-02-25,completed,card
3824,747,2025-01-06,completed,atm
3825,988,2024-10-11,completed,card
3826,349,2025-05-26,completed,card
3827,567,2025-07-12,completed,card
3828,1217,2024-05-20,completed,card
3829,282,2025-11-04,completed,cod
3830,528,2025-01-30,completed,atm
3831,526,2024-01-16,completed,card
3832,582,2024-10-24,refunded,atm
3833,911,2025-07-28,completed,card
3834,2084,2024-06-28,completed,wallet
3835,110,2024-04-27,completed,card
3836,648,2025-01-31,completed,card
3837,355,2024-04-05,completed,card
3838,301,2024-02-21,completed,atm
3839,1816,2025-06-23,completed,atm
3840,315,2024-10-26,completed,cod
3841,295,2025-10-30,completed,cod
3842,1666,2024-05-18,completed,cod
3843,1080,2025-11-13,completed,card
3844,1261,2024-04-25,completed,cod
3845,1518,2025-07-26,completed,atm
3846,1069,2024-02-16,completed,atm
3847,1705,2024-07-06,completed,card
3848,1058,2024-04-23,cancelled,atm
3849,694,2025-08-02,completed,card
3850,177,2025-02-27,completed,atm
3851,599,2024-05-13,completed,card
3852,469,2024-02-07,completed,card
3853,813,2024-08-21,completed,cod
3854,449,2024-01-09,completed,atm
3855,181,2025-06-15,completed,card
3856,1493,2024-03-01,completed,card
3857,1979,2025-09-15,completed,atm
3858,780,2025-05-26,completed,card
3859,736,2024-02-22,completed,atm
3860,647,2024-05-26,completed,wallet
3861,2304,2025-11-28,completed,cod
3862,284,2024-09-02,completed,atm
3863,927,2024-05-30,refunded,card
3864,1177,2024-07-17,completed,atm
3865,1076,2024-10-23,completed,wallet
3866,106,2024-12-22,completed,atm
3867,151,2024-05-12,completed,atm
3868,1391,2025-10-04,completed,wallet
3869,852,2024-09-27,completed,card
3870,766,2024-07-24,completed,card
3871,545,2024-09-09,completed,card
3872,482,2025-12-21,completed,card
3873,1094,2024-05-29,refunded,card
3874,1767,2024-10-17,completed,card
3875,1588,2024-11-18,cancelled,card
3876,765,2025-04-10,completed,wallet
3877,107,2024-02-21,completed,card
3878,980,2025-05-12,refunded,card
3879,1043,2024-09-11,completed,card
3880,357,2024-01-28,completed,card
3881,344,2025-11-27,completed,wallet
3882,2039,2024-01-18,completed,card
3883,76,2025-02-18,completed,cod
3884,170,2025-11-26,completed,cod
3885,51,2024-06-08,completed,wallet
3886,2129,2024-05-04,completed,card
3887,927,2024-06-22,completed,atm
3888,49,2024-08-29,completed,wallet
3889,461,2025-08-08,completed,card
3890,1782,2024-03-15,completed,atm
3891,1958,2024-05-15,completed,card
3892,1950,2025-08-21,completed,card
3893,1434,2024-09-08,completed,card
3894,1286,2025-10-07,completed,atm
3895,2119,2025-05-11,completed,card
3896,1464,2024-04-22,completed,atm
3897,1138,2025-03-16,completed,wallet
3898,2495,2024-05-12,completed,card
3899,296,2025-03-14,completed,card
3900,95,2025-09-05,completed,card
3901,835,2025-09-13,completed,card
3902,2275,2024-01-17,completed,atm
3903,735,2025-11-23,completed,wallet
3904,248,2025-01-17,completed,wallet
3905,741,2025-07-18,completed,wallet
3906,553,2025-07-25,completed,card
3907,594,2024-06-18,completed,card
3908,442,2024-10-30,cancelled,cod
3909,2431,2025-03-17,cancelled,card
3910,1291,2024-04-02,completed,atm
3911,1134,2024-10-28,completed,card
3912,1298,2024-03-02,completed,atm
3913,566,2025-03-30,completed,cod
3914,1000,2025-09-10,completed,wallet
3915,702,2024-02-28,completed,card
3916,1180,2025-11-15,completed,atm
3917,517,2024-06-06,completed,card
3918,1796,2025-07-07,completed,card
3919,114,2025-12-01,completed,cod
3920,1304,2024-06-29,completed,card
3921,909,2024-09-13,completed,atm
3922,1174,2024-12-16,completed,card
3923,130,2024-04-25,completed,atm
3924,2373,2025-04-30,completed,wallet
3925,1468,2025-06-29,completed,atm
3926,1101,2024-05-09,completed,card
3927,1027,2024-12-08,completed,atm
3928,781,2024-08-11,completed,atm
3929,1581,2024-03-18,completed,card
3930,135,2024-02-13,completed,card
3931,1708,2025-03-19,completed,card
3932,1628,2025-02-11,completed,card
3933,1245,2025-02-27,completed,card
3934,1830,2024-07-19,completed,atm
3935,383,2025-06-05,completed,atm
3936,72,2025-03-31,completed,card
3937,860,2025-12-31,completed,atm
3938,2362,2024-02-22,refunded,atm
3939,325,2025-06-09,completed,card
3940,371,2024-08-12,completed,card
3941,1508,2025-06-14,completed,atm
3942,988,2025-05-08,refunded,card
3943,2192,2025-11-28,cancelled,wallet
3944,651,2025-12-10,completed,cod
3945,10,2025-09-26,completed,atm
3946,1031,2024-03-27,completed,card
3947,1681,2025-12-07,completed,wallet
3948,2294,2024-09-05,completed,atm
3949,1982,2025-02-16,completed,card
3950,661,2025-12-01,completed,card
3951,945,2025-11-10,completed,card
3952,2405,2024-11-11,completed,atm
3953,1399,2024-05-24,completed,card
3954,1619,2024-09-03,completed,wallet
3955,2242,2024-10-03,completed,card
3956,174,2025-08-23,completed,card
3957,2217,2025-05-01,completed,card
3958,971,2024-07-11,completed,cod
3959,632,2024-10-15,completed,atm
3960,1535,2024-04-26,completed,wallet
3961,2438,2025-10-01,completed,wallet
3962,40,2025-10-08,completed,card
3963,2081,2024-07-29,completed,atm
3964,1080,2025-08-01,completed,card
3965,1857,2024-12-20,cancelled,card
3966,2173,2024-08-24,completed,wallet
3967,885,2025-02-26,completed,cod
3968,2459,2025-06-28,completed,card
3969,2284,2025-03-17,completed,atm
3970,1852,2025-03-21,completed,atm
3971,483,2024-11-03,completed,card
3972,1903,2024-04-08,completed,card
3973,333,2025-10-17,completed,cod
3974,602,2025-10-07,completed,card
3975,862,2024-05-28,completed,card
3976,2240,2025-05-19,refunded,card
3977,713,2025-05-07,completed,wallet
3978,1950,2025-03-12,completed,atm
3979,155,2025-01-12,completed,card
3980,1127,2024-09-29,completed,card
3981,1483,2025-02-04,completed,card
3982,2231,2024-11-30,cancelled,card
3983,1855,2024-10-14,completed,atm
3984,1332,2025-10-21,completed,card
3985,906,2025-03-24,completed,card
3986,897,2025-08-05,completed,atm
3987,2422,2024-08-29,completed,card
3988,1424,2025-03-20,completed,cod
3989,1544,2025-06-19,completed,wallet
3990,1074,2025-01-27,completed,atm
3991,2160,2024-11-25,completed,card
3992,352,2024-12-03,completed,cod
3993,910,2025-02-12,completed,atm
3994,228,2025-11-23,completed,card
3995,386,2025-11-06,completed,atm
3996,1100,2025-09-01,cancelled,atm
3997,276,2024-07-21,completed,card
3998,1911,2025-10-31,cancelled,card
3999,2385,2024-06-29,completed,card
4000,1483,2025-08-22,completed,cod
4001,1793,2025-09-21,completed,card
4002,859,2024-01-01,completed,cod
4003,539,2025-06-25,completed,wallet
4004,1845,2025-08-29,completed,card
4005,1763,2024-12-26,refunded,card
4006,1792,2024-12-20,completed,cod
4007,110,2024-10-26,completed,wallet
4008,1511,2024-08-28,completed,cod
4009,594,2025-04-16,completed,card
4010,1671,2024-08-23,completed,card
4011,2279,2024-06-06,completed,card
4012,607,2024-05-15,completed,atm
4013,1265,2025-02-17,completed,cod
4014,687,2024-03-04,completed,wallet
4015,962,2025-10-05,completed,card
4016,1751,2025-04-08,completed,card
4017,1473,2024-11-06,completed,card
4018,2013,2025-08-13,completed,card
4019,2262,2025-03-22,completed,card
4020,1990,2024-07-09,completed,card
4021,50,2025-05-29,completed,card
4022,606,2024-02-24,completed,atm
4023,1583,2025-12-28,completed,card
4024,2064,2025-04-04,completed,card
4025,1223,2024-04-04,completed,card
4026,2155,2025-04-10,completed,card
4027,1188,2025-10-09,completed,card
4028,975,2025-08-20,completed,card
4029,725,2024-10-13,completed,wallet
4030,2371,2024-07-18,completed,wallet
4031,1238,2025-05-26,completed,card
4032,1665,2024-05-23,completed,wallet
4033,1593,2025-01-06,completed,atm
4034,1373,2025-10-06,cancelled,atm
4035,1869,2025-07-05,completed,card
4036,1785,2024-08-22,completed,atm
4037,312,2025-06-25,cancelled,card
4038,53,2024-03-15,completed,card
4039,1697,2025-02-07,completed,card
4040,1142,2025-09-24,completed,card
4041,2465,2024-04-10,completed,wallet
4042,1832,2025-07-18,completed,card
4043,1987,2025-02-28,completed,card
4044,630,2024-12-03,completed,wallet
4045,588,2024-01-01,completed,cod
4046,526,2024-08-23,completed,wallet
4047,1660,2025-04-25,completed,card
4048,180,2024-07-27,completed,atm
4049,516,2025-07-01,completed,card
4050,1952,2024-04-19,completed,atm
4051,86,2025-04-03,completed,card
4052,570,2025-11-26,completed,atm
4053,2395,2024-09-21,completed,atm
4054,1830,2025-07-30,refunded,card
4055,662,2024-11-28,completed,card
4056,844,2024-12-02,completed,cod
4057,860,2025-05-11,completed,wallet
4058,2131,2025-12-20,completed,atm
4059,2126,2024-12-19,completed,wallet
4060,1142,2024-10-07,completed,wallet
4061,1166,2025-02-07,completed,atm
4062,1700,2025-09-18,completed,cod
4063,352,2025-11-26,completed,card
4064,1758,2025-02-04,completed,card
4065,878,2025-03-11,completed,card
4066,1785,2025-02-06,completed,card
4067,1206,2025-12-25,completed,wallet
4068,1011,2024-01-13,completed,wallet
4069,1889,2024-06-16,completed,wallet
4070,689,2025-06-21,completed,cod
4071,209,2025-10-31,completed,card
4072,854,2025-01-03,cancelled,card
4073,1482,2024-03-11,completed,card
4074,1752,2024-11-18,completed,card
4075,809,2024-05-06,completed,card
4076,1889,2024-03-01,completed,card
4077,179,2025-05-25,completed,atm
4078,877,2024-10-17,completed,wallet
4079,1765,2025-01-19,completed,atm
4080,2173,2024-12-02,refunded,card
4081,585,2024-01-10,refunded,card
4082,1884,2025-12-13,completed,atm
4083,1521,2024-09-17,completed,card
4084,1481,2025-06-14,completed,cod
4085,141,2024-07-22,completed,atm
4086,2077,2024-04-25,completed,wallet
4087,146,2025-08-11,completed,card
4088,1198,2024-05-19,completed,card
4089,2040,2025-12-17,completed,atm
4090,2477,2025-12-09,completed,card
4091,2039,2025-12-13,completed,card
4092,665,2024-07-21,completed,atm
4093,2110,2024-02-22,completed,card
4094,798,2025-11-02,completed,card
4095,1323,2024-03-30,completed,atm
4096,30,2024-11-26,completed,card
4097,803,2024-11-09,completed,card
4098,270,2024-09-26,completed,card
4099,2176,2025-03-24,completed,card
4100,1018,2024-09-16,completed,atm
4101,1852,2025-08-10,completed,card
4102,341,2025-07-18,completed,atm
4103,377,2024-09-29,completed,card
4104,937,2024-05-19,completed,cod
4105,253,2025-03-09,completed,wallet
4106,1729,2024-09-22,completed,atm
4107,501,2024-03-17,cancelled,atm
4108,65,2024-10-09,completed,card
4109,1337,2024-10-25,refunded,cod
4110,1747,2025-01-17,completed,card
4111,2436,2024-11-22,completed,card
4112,653,2025-07-28,completed,card
4113,1364,2025-11-24,completed,atm
4114,1160,2025-07-29,completed,cod
4115,1555,2024-05-05,completed,wallet
4116,1964,2025-04-29,refunded,cod
4117,534,2025-12-30,completed,wallet
4118,181,2024-11-09,refunded,atm
4119,66,2024-06-15,completed,wallet
4120,1246,2024-07-13,completed,atm
4121,446,2025-06-17,completed,card
4122,1276,2025-05-24,completed,cod
4123,1190,2025-02-18,completed,atm
4124,1602,2024-11-30,completed,atm
4125,597,2024-01-09,completed,card
4126,1829,2025-04-11,completed,card
4127,1618,2025-08-19,completed,wallet
4128,107,2024-06-11,completed,card
4129,1137,2024-12-06,completed,card
4130,412,2025-04-18,completed,card
4131,850,2025-05-05,cancelled,atm
4132,426,2024-08-25,completed,wallet
4133,2320,2024-09-28,completed,card
4134,5,2025-05-20,completed,wallet
4135,1106,2024-11-22,completed,wallet
4136,128,2024-10-07,completed,card
4137,945,2024-08-19,completed,card
4138,873,2025-12-03,completed,atm
4139,382,2025-04-29,completed,card
4140,670,2024-10-12,completed,atm
4141,1479,2025-05-27,cancelled,card
4142,2378,2024-05-08,completed,wallet
4143,593,2024-08-29,completed,card
4144,1989,2025-08-15,completed,card
4145,534,2025-02-06,completed,card
4146,162,2024-09-18,completed,cod
4147,117,2025-09-29,completed,wallet
4148,1668,2025-06-25,completed,card
4149,663,2024-10-27,completed,wallet
4150,210,2024-07-08,completed,card
4151,1331,2025-10-29,completed,cod
4152,1681,2024-06-05,completed,card
4153,660,2024-03-26,completed,card
4154,10,2024-11-30,completed,card
4155,2450,2024-10-28,completed,wallet
4156,1333,2024-08-24,completed,card
4157,1634,2024-10-29,completed,cod
4158,1866,2024-08-15,completed,wallet
4159,2039,2024-10-23,cancelled,card
4160,723,2025-09-27,completed,card
4161,13,2024-12-15,completed,card
4162,951,2024-05-29,completed,wallet
4163,1504,2025-05-15,completed,card
4164,425,2025-10-09,completed,card
4165,35,2025-04-09,completed,atm
4166,1494,2025-12-15,completed,wallet
4167,278,2025-10-02,completed,cod
4168,1804,2025-02-26,completed,card
4169,1012,2025-05-28,completed,card
4170,457,2024-09-10,completed,atm
4171,2231,2025-07-21,completed,card
4172,1105,2025-11-02,completed,wallet
4173,1891,2025-08-08,completed,card
4174,1186,2024-03-30,completed,card
4175,437,2024-03-29,completed,card
4176,2118,2024-01-15,completed,atm
4177,108,2025-06-29,completed,card
4178,26,2025-11-08,completed,wallet
4179,487,2024-03-13,completed,card
4180,716,2025-06-14,completed,atm
4181,809,2025-10-16,cancelled,atm
4182,1569,2024-07-16,completed,wallet
4183,722,2025-07-28,completed,card
4184,1382,2025-05-06,completed,card
4185,2487,2025-08-03,completed,atm
4186,1788,2024-03-02,completed,card
4187,2219,2025-12-21,completed,card
4188,139,2024-07-01,completed,card
4189,2271,2025-08-12,completed,card
4190,255,2024-04-09,completed,card
4191,1452,2024-06-23,completed,atm
4192,1271,2024-03-12,completed,card
4193,723,2024-10-27,completed,card
4194,2088,2025-07-31,completed,card
4195,2433,2025-03-03,completed,card
4196,413,2024-09-03,completed,card
4197,1554,2025-05-15,completed,card
4198,792,2025-03-20,completed,atm
4199,236,2025-12-06,completed,card
4200,260,2025-10-23,completed,atm
4201,1056,2024-04-02,completed,card
4202,1357,2024-12-01,completed,card
4203,1713,2024-08-04,completed,card
4204,947,2025-09-13,completed,cod
4205,1847,2024-08-31,completed,card
4206,733,2025-10-12,completed,card
4207,1629,2025-07-26,completed,card
4208,2392,2024-08-29,completed,card
4209,1672,2024-12-25,completed,card
4210,1500,2025-11-27,completed,wallet
4211,294,2024-12-30,completed,atm
4212,422,2025-02-25,completed,card
4213,785,2025-02-20,completed,wallet
4214,2349,2024-04-20,completed,card
4215,993,2024-07-06,completed,cod
4216,319,2024-02-10,completed,atm
4217,1568,2025-07-17,completed,atm
4218,2485,2024-01-22,cancelled,cod
4219,394,2024-09-04,completed,wallet
4220,287,2024-03-10,completed,atm
4221,283,2024-08-13,completed,card
4222,1005,2024-04-28,completed,card
4223,1058,2025-07-22,completed,card
4224,1945,2024-05-24,completed,card
4225,697,2024-05-30,completed,wallet
4226,204,2024-10-13,completed,atm
4227,2378,2025-02-26,completed,card
4228,261,2025-11-14,completed,atm
4229,2312,2024-02-09,completed,cod
4230,740,2024-12-15,refunded,atm
4231,610,2024-12-23,refunded,card
4232,1857,2024-06-01,completed,wallet
4233,2345,2025-08-18,completed,card
4234,173,2024-03-15,completed,card
4235,2297,2025-11-14,completed,wallet
4236,1048,2025-06-18,completed,atm
4237,717,2025-01-04,completed,wallet
4238,2469,2024-09-30,completed,atm
4239,829,2025-11-09,completed,atm
4240,884,2024-04-07,completed,atm
4241,8,2024-08-24,completed,wallet
4242,570,2025-03-01,completed,card
4243,2217,2024-01-27,completed,wallet
4244,730,2025-12-19,completed,atm
4245,699,2024-05-24,completed,card
4246,2088,2025-04-14,completed,atm
4247,98,2025-09-16,completed,card
4248,410,2024-11-18,completed,card
4249,399,2024-12-28,completed,card
4250,227,2024-12-10,completed,card
4251,2119,2024-01-06,completed,card
4252,2238,2025-09-15,completed,atm
4253,2475,2024-01-27,completed,wallet
4254,2070,2025-06-24,completed,atm
4255,100,2024-12-20,completed,atm
4256,2463,2025-08-05,completed,card
4257,1687,2024-12-21,completed,card
4258,1471,2024-12-23,completed,atm
4259,1905,2025-07-23,completed,wallet
4260,1044,2025-06-16,completed,card
4261,1603,2025-06-10,completed,card
4262,2369,2024-03-25,completed,atm
4263,1561,2025-04-27,completed,wallet
4264,954,2024-06-02,completed,card
4265,36,2024-11-21,completed,atm
4266,1212,2024-04-27,completed,atm
4267,2046,2025-03-15,completed,wallet
4268,401,2024-09-13,cancelled,card
4269,1616,2024-04-05,completed,atm
4270,164,2025-12-29,completed,card
4271,1367,2024-10-26,completed,card
4272,1963,2025-01-11,completed,card
4273,467,2024-04-25,completed,card
4274,403,2025-11-29,completed,cod
4275,2074,2025-06-27,completed,card
4276,1102,2025-12-29,completed,wallet
4277,660,2025-02-08,completed,card
4278,1868,2024-03-23,completed,card
4279,876,2025-09-30,completed,atm
4280,2287,2025-12-19,completed,card
4281,707,2024-10-24,completed,card
4282,402,2024-11-28,completed,atm
4283,852,2025-01-06,completed,atm
4284,876,2024-03-13,completed,wallet
4285,363,2024-09-14,completed,wallet
4286,1105,2024-06-10,completed,card
4287,792,2025-09-17,completed,atm
4288,1743,2025-03-09,completed,atm
4289,1209,2024-02-22,completed,wallet
4290,1845,2025-11-15,completed,wallet
4291,601,2025-12-01,completed,atm
4292,614,2025-11-29,completed,cod
4293,338,2025-12-05,completed,card
4294,650,2024-11-11,completed,card
4295,2046,2024-08-01,completed,wallet
4296,2249,2024-10-12,completed,card
4297,2449,2024-06-19,completed,cod
4298,1075,2024-02-29,completed,card
4299,74,2025-01-03,completed,card
4300,26,2024-08-23,completed,cod
4301,14,2024-08-04,completed,atm
4302,2337,2024-02-28,completed,card
4303,1219,2024-05-03,completed,wallet
4304,282,2025-03-11,completed,atm
4305,762,2024-04-07,completed,atm
4306,1584,2025-06-02,completed,cod
4307,546,2024-04-17,completed,wallet
4308,2402,2025-07-14,completed,atm
4309,1550,2024-07-05,completed,card
4310,1996,2025-10-28,completed,cod
4311,1974,2024-11-03,completed,card
4312,796,2024-03-18,completed,card
4313,394,2024-08-16,completed,card
4314,1182,2024-01-16,completed,card
4315,18,2025-05-24,completed,cod
4316,456,2025-10-26,completed,cod
4317,1728,2024-09-30,completed,atm
4318,1846,2025-11-20,completed,card
4319,300,2024-08-10,completed,cod
4320,1659,2025-09-18,completed,atm
4321,735,2024-08-09,completed,cod
4322,1138,2024-04-02,completed,card
4323,148,2024-11-13,completed,atm
4324,780,2024-01-11,completed,card
4325,911,2025-07-26,completed,card
4326,1255,2025-10-23,completed,card
4327,2171,2024-12-02,completed,card
4328,1393,2024-04-13,completed,wallet
4329,849,2025-11-14,completed,atm
4330,1808,2025-08-18,completed,cod
4331,1129,2025-11-19,completed,atm
4332,1654,2024-05-03,completed,card
4333,2494,2025-06-13,completed,atm
4334,671,2025-09-01,completed,wallet
4335,352,2025-04-23,completed,atm
4336,1708,2025-08-03,completed,card
4337,662,2025-05-10,completed,wallet
4338,2197,2024-09-06,completed,card
4339,164,2025-06-27,completed,card
4340,2165,2025-03-28,completed,card
4341,697,2024-02-21,completed,cod
4342,1815,2024-05-13,cancelled,card
4343,1112,2025-05-13,completed,card
4344,1989,2024-01-18,completed,atm
4345,160,2025-07-25,completed,card
4346,1614,2024-09-06,completed,card
4347,2370,2025-04-09,completed,wallet
4348,1511,2025-03-21,refunded,card
4349,1542,2025-07-11,completed,card
4350,554,2025-09-18,completed,card
4351,1156,2024-01-27,completed,atm
4352,499,2025-04-22,completed,atm
4353,491,2024-11-23,completed,card
4354,1982,2025-03-07,completed,atm
4355,1300,2024-10-11,refunded,wallet
4356,898,2024-09-30,completed,card
4357,166,2025-02-16,completed,cod
4358,1227,2025-10-07,completed,card
4359,1468,2024-11-14,refunded,cod
4360,1279,2024-08-21,completed,card
4361,1423,2025-01-31,completed,card
4362,1869,2025-04-26,completed,card
4363,1711,2025-12-23,completed,card
4364,2425,2025-04-18,completed,atm
4365,672,2025-05-28,refunded,cod
4366,856,2024-01-02,completed,wallet
4367,2112,2024-09-07,completed,card
4368,1796,2024-12-25,completed,card
4369,1271,2024-02-11,completed,card
4370,1898,2025-06-11,completed,card
4371,1548,2025-11-19,completed,atm
4372,367,2024-07-05,completed,atm
4373,960,2024-03-22,completed,atm
4374,2456,2024-05-03,completed,card
4375,2172,2025-04-20,completed,card
4376,1333,2025-08-08,completed,atm
4377,1894,2025-07-17,completed,wallet
4378,177,2025-02-12,completed,wallet
4379,1457,2024-03-24,completed,card
4380,1003,2024-11-29,completed,wallet
4381,2196,2025-04-30,completed,atm
4382,1164,2024-01-07,completed,card
4383,646,2025-11-27,completed,card
4384,2197,2025-05-28,completed,card
4385,1913,2025-02-21,completed,atm
4386,1538,2024-06-13,completed,card
4387,1307,2025-12-06,completed,card
4388,974,2024-11-15,completed,atm
4389,1642,2024-10-22,completed,atm
4390,1365,2024-08-21,completed,card
4391,498,2025-12-23,completed,cod
4392,824,2025-10-31,completed,card
4393,1486,2025-12-29,completed,card
4394,2203,2025-04-24,completed,wallet
4395,962,2024-12-24,completed,card
4396,1968,2024-05-06,completed,card
4397,1935,2024-11-28,completed,card
4398,1875,2024-04-18,completed,wallet
4399,1374,2025-08-26,completed,wallet
4400,1843,2024-08-19,completed,card
4401,186,2024-07-02,completed,card
4402,1986,2024-12-02,completed,card
4403,856,2024-06-07,cancelled,atm
4404,390,2025-10-08,completed,cod
4405,160,2024-06-24,refunded,card
4406,186,2025-11-05,completed,cod
4407,1068,2025-12-25,completed,card
4408,1086,2025-12-09,completed,atm
4409,1031,2025-07-31,completed,card
4410,908,2025-03-05,completed,card
4411,1653,2025-09-09,completed,wallet
4412,1618,2025-08-05,completed,atm
4413,830,2025-04-22,completed,card
4414,1288,2025-09-20,completed,card
4415,1907,2024-06-06,refunded,card
4416,2183,2024-03-11,cancelled,card
4417,1758,2024-09-11,completed,atm
4418,788,2025-02-14,completed,atm
4419,2021,2025-06-20,completed,cod
4420,139,2024-10-08,completed,wallet
4421,615,2025-05-15,completed,cod
4422,1295,2024-09-08,completed,wallet
4423,701,2024-02-19,completed,cod
4424,1418,2025-02-13,completed,cod
4425,1596,2025-09-05,completed,card
4426,1459,2024-12-15,completed,cod
4427,1169,2025-05-19,completed,card
4428,379,2024-03-17,completed,atm
4429,610,2025-08-06,completed,card
4430,2017,2024-02-23,completed,wallet
4431,100,2024-01-12,completed,wallet
4432,2351,2024-05-06,completed,wallet
4433,1813,2025-01-21,completed,card
4434,29,2025-03-01,completed,card
4435,2033,2025-08-21,completed,card
4436,2318,2024-06-20,completed,atm
4437,349,2025-06-01,completed,wallet
4438,1780,2025-02-07,completed,card
4439,229,2024-09-21,completed,atm
4440,2339,2024-05-15,completed,card
4441,368,2024-12-02,completed,card
4442,958,2025-10-19,completed,card
4443,1513,2024-04-26,completed,card
4444,1632,2025-06-25,completed,atm
4445,630,2025-04-26,completed,cod
4446,1609,2025-08-25,completed,wallet
4447,746,2025-08-04,refunded,cod
4448,617,2024-11-09,completed,card
4449,950,2025-01-28,completed,card
4450,1771,2024-06-19,completed,card
4451,354,2025-06-02,refunded,card
4452,2025,2025-08-01,completed,card
4453,766,2024-11-10,completed,atm
4454,1231,2025-10-30,completed,cod
4455,761,2025-07-22,cancelled,card
4456,342,2024-11-23,completed,atm
4457,933,2025-09-23,completed,atm
4458,1261,2025-05-22,completed,atm
4459,1857,2025-08-24,cancelled,card
4460,2330,2025-09-20,completed,wallet
4461,173,2024-01-26,completed,wallet
4462,1972,2025-10-08,completed,card
4463,537,2024-01-09,completed,card
4464,253,2024-07-24,completed,card
4465,1231,2024-04-07,completed,cod
4466,1768,2024-01-20,cancelled,card
4467,2110,2024-09-23,completed,atm
4468,1852,2025-01-15,completed,wallet
4469,1199,2024-01-16,completed,card
4470,321,2025-10-17,completed,atm
4471,727,2025-01-28,completed,atm
4472,1000,2025-08-25,completed,cod
4473,1519,2025-06-17,cancelled,card
4474,176,2024-11-08,cancelled,atm
4475,675,2024-06-22,cancelled,cod
4476,219,2025-01-17,completed,card
4477,226,2025-04-23,completed,atm
4478,1114,2024-05-03,completed,atm
4479,420,2025-12-20,completed,atm
4480,1817,2024-08-21,completed,atm
4481,918,2025-08-27,completed,card
4482,343,2024-09-25,completed,atm
4483,2320,2024-10-21,completed,card
4484,416,2025-02-17,completed,card
4485,537,2024-06-21,completed,card
4486,449,2024-04-25,completed,card
4487,2215,2024-02-10,completed,card
4488,178,2024-10-07,completed,card
4489,1101,2025-07-24,cancelled,atm
4490,2429,2025-11-30,completed,card
4491,1838,2025-12-12,completed,atm
4492,705,2025-12-01,cancelled,card
4493,1895,2024-07-07,completed,card
4494,458,2024-09-12,cancelled,card
4495,487,2025-03-12,completed,card
4496,409,2025-01-01,completed,cod
4497,1818,2024-01-10,completed,card
4498,1782,2024-10-09,completed,card
4499,798,2024-08-21,completed,card
4500,1841,2025-01-19,completed,cod
4501,1058,2025-03-04,completed,card
4502,257,2025-06-27,completed,atm
4503,734,2025-08-14,completed,wallet
4504,2352,2024-05-03,completed,atm
4505,821,2024-10-27,completed,atm
4506,2359,2025-04-21,completed,card
4507,457,2025-09-04,cancelled,card
4508,1981,2025-12-05,completed,card
4509,1192,2025-06-07,completed,card
4510,1284,2024-03-05,completed,wallet
4511,1300,2025-12-16,completed,wallet
4512,1117,2024-09-05,completed,card
4513,765,2025-01-29,completed,atm
4514,1582,2025-01-06,completed,card
4515,139,2025-03-27,completed,card
4516,1922,2024-07-01,completed,card
4517,792,2025-10-10,completed,wallet
4518,834,2024-05-27,completed,wallet
4519,1056,2024-04-20,cancelled,card
4520,594,2024-11-21,completed,card
4521,828,2024-11-14,completed,wallet
4522,254,2024-06-27,completed,cod
4523,1724,2024-10-09,completed,atm
4524,1467,2025-11-05,completed,card
4525,478,2025-03-05,completed,card
4526,1740,2024-06-06,completed,card
4527,2349,2025-08-15,completed,card
4528,63,2025-09-24,completed,atm
4529,757,2024-03-21,completed,wallet
4530,2446,2025-04-07,completed,card
4531,1592,2025-03-31,cancelled,card
4532,269,2024-06-03,completed,atm
4533,1870,2024-03-18,completed,atm
4534,932,2025-01-21,completed,card
4535,2009,2025-01-20,completed,card
4536,980,2025-12-05,completed,card
4537,1594,2024-03-28,completed,atm
4538,584,2025-07-30,completed,card
4539,169,2024-08-20,refunded,atm
4540,2326,2024-01-08,completed,wallet
4541,2354,2024-09-25,completed,card
4542,1965,2025-02-17,completed,wallet
4543,731,2024-11-11,completed,wallet
4544,2498,2024-07-06,completed,wallet
4545,2206,2024-04-02,completed,card
4546,858,2024-05-30,completed,atm
4547,342,2024-07-06,completed,cod
4548,1584,2025-08-03,completed,card
4549,1372,2025-08-13,completed,card
4550,778,2024-02-11,completed,card
4551,755,2024-11-27,completed,atm
4552,2325,2025-12-30,completed,wallet
4553,2407,2025-08-23,completed,card
4554,1979,2024-02-09,completed,wallet
4555,2001,2025-08-01,completed,atm
4556,1777,2024-03-16,completed,atm
4557,1550,2025-08-01,completed,card
4558,1623,2024-01-15,completed,atm
4559,414,2024-10-31,completed,wallet
4560,1483,2025-12-15,completed,card
4561,1795,2025-01-24,completed,atm
4562,125,2024-08-06,completed,wallet
4563,80,2024-09-05,completed,cod
4564,2327,2025-02-13,completed,wallet
4565,165,2025-05-11,completed,card
4566,1492,2025-05-15,completed,atm
4567,1187,2025-04-14,refunded,card
4568,150,2025-04-08,completed,atm
4569,1894,2024-06-30,completed,atm
4570,1493,2024-11-03,completed,atm
4571,1267,2025-02-23,completed,atm
4572,181,2025-08-05,completed,card
4573,589,2024-06-04,completed,cod
4574,16,2025-11-21,completed,card
4575,901,2025-03-07,completed,atm
4576,428,2025-06-05,completed,card
4577,1767,2025-06-22,completed,cod
4578,1521,2025-03-22,cancelled,wallet
4579,1394,2025-10-09,completed,card
4580,527,2024-04-24,completed,card
4581,617,2025-01-31,completed,card
4582,2275,2025-12-02,completed,cod
4583,1703,2024-07-23,completed,cod
4584,304,2025-07-20,completed,cod
4585,1517,2025-04-15,cancelled,card
4586,383,2025-12-27,completed,card
4587,434,2024-03-15,completed,cod
4588,1785,2024-07-21,completed,card
4589,1280,2024-05-29,completed,card
4590,1441,2025-04-15,completed,card
4591,627,2025-05-01,completed,cod
4592,349,2025-01-02,completed,card
4593,492,2025-03-13,completed,atm
4594,1197,2024-01-05,completed,wallet
4595,897,2024-07-08,completed,wallet
4596,294,2024-11-15,completed,atm
4597,1566,2024-01-03,completed,card
4598,2059,2024-10-21,completed,card
4599,1383,2024-12-02,completed,cod
4600,722,2025-07-11,completed,card
4601,994,2025-05-30,completed,card
4602,1483,2024-07-11,completed,card
4603,2135,2024-09-09,completed,card
4604,514,2025-02-06,completed,wallet
4605,1483,2024-09-05,completed,cod
4606,516,2024-06-26,completed,card
4607,1886,2024-04-27,completed,wallet
4608,328,2025-04-08,completed,card
4609,1859,2025-04-02,completed,atm
4610,1011,2025-03-14,completed,atm
4611,2141,2024-03-16,completed,atm
4612,1948,2024-05-29,completed,atm
4613,408,2025-10-21,completed,card
4614,2017,2025-12-12,completed,card
4615,2115,2025-09-09,completed,wallet
4616,2180,2025-10-16,completed,card
4617,800,2025-11-01,completed,wallet
4618,552,2024-02-14,completed,card
4619,2319,2024-01-14,completed,wallet
4620,500,2025-11-01,completed,card
4621,1154,2024-07-02,completed,card
4622,2041,2025-05-03,completed,card
4623,1068,2024-05-10,completed,wallet
4624,2041,2024-02-08,completed,card
4625,1987,2025-06-17,completed,atm
4626,945,2025-12-01,cancelled,atm
4627,737,2024-08-09,completed,atm
4628,171,2024-04-08,refunded,card
4629,524,2025-04-12,completed,card
4630,86,2024-10-06,completed,wallet
4631,748,2025-12-22,cancelled,card
4632,2220,2024-07-27,completed,wallet
4633,1554,2024-09-29,completed,atm
4634,1806,2025-04-25,completed,cod
4635,1935,2025-05-05,completed,card
4636,2312,2024-02-08,completed,card
4637,162,2025-10-12,completed,card
4638,686,2025-12-21,completed,atm
4639,2342,2025-04-18,completed,card
4640,1859,2024-08-09,completed,wallet
4641,391,2024-04-18,completed,card
4642,1259,2025-10-26,completed,card
4643,63,2025-07-10,cancelled,wallet
4644,1822,2025-10-21,completed,cod
4645,302,2024-01-20,completed,card
4646,1183,2024-12-24,completed,atm
4647,1262,2025-08-16,completed,card
4648,431,2024-09-17,completed,card
4649,1327,2024-03-27,completed,card
4650,1614,2025-08-18,completed,wallet
4651,1602,2024-01-20,completed,card
4652,2095,2025-05-03,completed,card
4653,1614,2025-09-29,completed,card
4654,2208,2024-02-01,completed,card
4655,1065,2025-07-31,completed,atm
4656,1838,2024-10-16,completed,atm
4657,50,2024-10-21,completed,cod
4658,274,2024-12-27,refunded,atm
4659,2372,2024-10-14,completed,card
4660,2286,2025-11-10,completed,card
4661,1459,2025-12-29,completed,cod
4662,214,2025-08-04,refunded,atm
4663,105,2025-01-14,completed,card
4664,1136,2025-01-16,completed,card
4665,2319,2025-02-03,completed,card
4666,332,2024-06-08,completed,card
4667,1933,2024-03-16,completed,card
4668,2178,2025-07-22,completed,card
4669,927,2025-07-30,completed,card
4670,1584,2025-10-05,completed,wallet
4671,2269,2024-01-24,completed,wallet
4672,502,2024-09-21,completed,card
4673,1778,2025-08-04,completed,card
4674,1205,2024-08-07,completed,card
4675,897,2024-02-23,refunded,card
4676,2260,2025-10-13,completed,card
4677,1112,2025-05-31,cancelled,card
4678,601,2024-02-23,completed,wallet
4679,867,2024-05-17,completed,wallet
4680,1691,2024-10-23,completed,atm
4681,1330,2024-09-21,completed,card
4682,25,2025-01-08,completed,card
4683,1874,2025-06-09,cancelled,atm
4684,1405,2025-05-21,completed,card
4685,1538,2025-06-29,completed,wallet
4686,419,2025-12-29,completed,card
4687,1533,2025-04-30,completed,card
4688,2355,2024-04-18,cancelled,atm
4689,635,2025-06-20,completed,atm
4690,2108,2024-03-06,completed,card
4691,1584,2025-05-18,completed,atm
4692,281,2024-03-12,completed,card
4693,1779,2025-04-10,completed,atm
4694,1433,2024-02-04,completed,wallet
4695,646,2024-04-16,completed,card
4696,1236,2024-06-11,completed,card
4697,1002,2025-01-10,completed,card
4698,1486,2025-02-16,completed,card
4699,828,2025-02-10,completed,atm
4700,1684,2025-09-16,completed,card
4701,1348,2024-07-27,completed,card
4702,289,2024-03-15,completed,card
4703,1075,2024-12-21,completed,card
4704,892,2024-01-01,completed,card
4705,945,2024-04-28,completed,cod
4706,606,2025-06-19,refunded,card
4707,2018,2025-10-08,completed,card
4708,1291,2025-08-20,completed,atm
4709,2467,2025-07-25,completed,card
4710,1434,2024-09-18,refunded,cod
4711,2237,2025-09-26,completed,atm
4712,2455,2025-04-21,completed,atm
4713,1216,2024-07-19,completed,cod
4714,2023,2025-11-30,completed,atm
4715,1791,2024-05-04,completed,card
4716,671,2025-04-28,completed,atm
4717,673,2025-11-01,completed,wallet
4718,993,2025-09-15,completed,wallet
4719,1640,2024-08-17,completed,card
4720,222,2024-12-18,completed,atm
4721,442,2024-05-20,completed,cod
4722,1705,2024-08-27,completed,atm
4723,2230,2025-06-27,completed,atm
4724,1827,2025-08-17,completed,wallet
4725,1523,2025-07-07,completed,card
4726,798,2025-02-25,completed,card
4727,2434,2025-05-17,completed,card
4728,1944,2025-06-27,refunded,card
4729,2095,2024-06-09,completed,atm
4730,206,2025-10-13,completed,card
4731,1492,2024-12-18,completed,wallet
4732,1468,2025-04-27,completed,wallet
4733,206,2025-06-23,completed,atm
4734,1345,2025-12-17,completed,cod
4735,628,2024-11-23,refunded,atm
4736,1929,2024-12-16,completed,card
4737,1182,2025-05-15,completed,card
4738,903,2025-11-29,completed,wallet
4739,152,2024-07-06,completed,card
4740,2332,2024-05-25,completed,card
4741,1296,2025-06-17,completed,cod
4742,2396,2024-07-18,completed,card
4743,715,2024-11-18,completed,card
4744,1103,2024-06-12,completed,atm
4745,1565,2024-07-30,completed,card
4746,523,2025-09-07,completed,card
4747,1735,2025-07-26,completed,card
4748,2218,2025-11-01,completed,card
4749,1516,2024-06-10,completed,atm
4750,639,2024-02-22,completed,card
4751,2307,2024-12-03,completed,card
4752,19,2024-06-25,completed,card
4753,654,2025-05-05,completed,card
4754,1256,2025-02-14,completed,card
4755,1687,2025-08-25,completed,card
4756,2453,2025-10-03,completed,card
4757,1831,2025-03-03,completed,card
4758,612,2025-10-17,completed,cod
4759,347,2024-05-18,completed,atm
4760,2049,2025-06-21,completed,cod
4761,1837,2024-05-17,completed,card
4762,760,2024-08-06,completed,card
4763,2204,2024-12-12,completed,card
4764,104,2025-01-26,completed,wallet
4765,1316,2024-03-05,completed,card
4766,673,2025-06-24,completed,card
4767,783,2024-12-03,completed,card
4768,1564,2025-06-28,completed,atm
4769,2138,2025-12-17,completed,atm
4770,1467,2025-05-10,completed,wallet
4771,987,2024-04-20,completed,card
4772,1925,2025-08-17,completed,card
4773,1017,2024-10-21,completed,atm
4774,1723,2024-12-13,completed,cod
4775,1392,2025-07-27,completed,card
4776,59,2025-05-19,completed,card
4777,372,2024-09-21,completed,card
4778,2033,2024-03-10,completed,cod
4779,2023,2025-08-26,completed,card
4780,613,2025-09-06,completed,card
4781,1444,2024-06-23,completed,card
4782,422,2024-10-02,completed,atm
4783,483,2024-10-21,completed,card
4784,1434,2025-02-18,completed,wallet
4785,985,2025-03-01,completed,card
4786,929,2024-06-26,completed,atm
4787,109,2025-06-11,completed,atm
4788,933,2025-01-07,completed,card
4789,2159,2024-02-21,completed,card
4790,182,2025-10-24,completed,cod
4791,2355,2025-03-04,completed,card
4792,2261,2025-09-16,cancelled,cod
4793,132,2025-09-29,completed,wallet
4794,2035,2024-07-28,completed,atm
4795,1923,2025-10-08,completed,card
4796,2125,2025-01-22,completed,cod
4797,1821,2025-12-14,completed,cod
4798,1337,2025-01-05,refunded,wallet
4799,1108,2024-04-18,completed,cod
4800,384,2025-03-25,completed,atm
4801,947,2025-09-21,completed,atm
4802,625,2025-12-26,completed,card
4803,2312,2025-01-06,completed,atm
4804,197,2025-02-26,completed,wallet
4805,1903,2025-04-20,completed,card
4806,1449,2025-07-11,completed,cod
4807,233,2025-10-27,completed,atm
4808,1211,2025-06-23,completed,atm
4809,81,2025-07-13,completed,cod
4810,1324,2024-08-24,refunded,card
4811,1514,2025-07-02,completed,card
4812,1276,2024-01-31,completed,card
4813,1687,2024-11-24,completed,atm
4814,722,2025-04-26,refunded,cod
4815,2189,2025-02-02,completed,wallet
4816,1195,2024-01-04,completed,card
4817,433,2024-02-01,completed,cod
4818,2390,2024-12-22,completed,cod
4819,978,2025-04-14,completed,wallet
4820,840,2024-11-13,completed,card
4821,1261,2024-12-23,completed,wallet
4822,1764,2024-10-24,completed,card
4823,2425,2025-06-14,cancelled,wallet
4824,603,2024-09-22,cancelled,card
4825,1009,2025-08-13,completed,wallet
4826,647,2024-02-05,completed,card
4827,43,2025-03-08,completed,card
4828,1614,2024-04-21,completed,card
4829,611,2025-05-12,cancelled,card
4830,2374,2024-10-16,completed,wallet
4831,440,2024-09-06,completed,wallet
4832,789,2024-04-03,completed,cod
4833,852,2024-03-18,completed,wallet
4834,2422,2024-04-25,completed,card
4835,1109,2024-06-29,completed,wallet
4836,1729,2025-02-26,completed,card
4837,970,2024-05-24,completed,card
4838,2014,2024-10-02,completed,atm
4839,1464,2024-10-16,completed,cod
4840,2304,2025-12-22,completed,cod
4841,1458,2024-03-28,completed,card
4842,591,2025-09-22,completed,card
4843,901,2025-01-03,completed,card
4844,1211,2025-03-28,completed,card
4845,2080,2025-11-08,completed,cod
4846,155,2025-06-14,refunded,card
4847,2130,2024-02-08,completed,atm
4848,2334,2025-12-22,completed,card
4849,2125,2024-01-27,completed,wallet
4850,2232,2025-06-03,completed,atm
4851,316,2025-05-29,completed,card
4852,1956,2024-05-03,completed,cod
4853,1558,2024-08-24,completed,cod
4854,171,2025-09-24,completed,atm
4855,1940,2025-09-19,cancelled,atm
4856,1418,2024-09-19,completed,card
4857,1945,2025-03-29,completed,card
4858,1784,2024-04-24,completed,card
4859,2089,2024-01-27,completed,card
4860,592,2025-04-10,completed,atm
4861,389,2024-06-02,completed,card
4862,2090,2024-02-16,refunded,card
4863,707,2025-06-12,completed,atm
4864,482,2024-01-31,completed,card
4865,692,2024-10-19,completed,wallet
4866,437,2024-12-28,completed,atm
4867,1822,2025-02-21,completed,card
4868,265,2024-09-18,completed,card
4869,80,2024-12-05,completed,cod
4870,1218,2024-10-10,completed,wallet
4871,1329,2024-05-30,completed,wallet
4872,244,2025-02-16,completed,atm
4873,952,2025-12-11,completed,atm
4874,1307,2025-07-22,completed,cod
4875,1871,2024-11-22,refunded,card
4876,848,2024-12-18,completed,atm
4877,507,2024-10-28,cancelled,atm
4878,1581,2024-06-15,cancelled,card
4879,629,2024-12-09,completed,wallet
4880,1136,2024-05-15,completed,card
4881,229,2025-12-05,completed,wallet
4882,647,2025-01-11,completed,atm
4883,710,2025-11-04,completed,wallet
4884,1948,2025-06-07,completed,atm
4885,187,2024-05-05,refunded,atm
4886,2413,2024-01-21,completed,wallet
4887,695,2025-06-25,completed,card
4888,786,2025-08-03,completed,wallet
4889,2132,2025-10-21,cancelled,atm
4890,2242,2025-03-30,completed,wallet
4891,2326,2025-01-15,completed,atm
4892,293,2024-01-15,completed,card
4893,966,2024-06-29,cancelled,card
4894,1092,2025-08-12,completed,card
4895,436,2025-12-14,completed,wallet
4896,1199,2024-08-17,completed,card
4897,2491,2024-01-31,completed,wallet
4898,1352,2024-01-08,completed,atm
4899,53,2025-10-22,completed,atm
4900,804,2025-11-11,completed,wallet
4901,54,2025-08-22,completed,cod
4902,263,2024-12-09,completed,card
4903,2096,2024-09-18,completed,atm
4904,84,2025-10-08,completed,cod
4905,1458,2025-01-16,refunded,card
4906,1245,2024-01-14,completed,atm
4907,457,2025-06-21,completed,card
4908,1959,2025-09-15,completed,atm
4909,1974,2025-04-01,completed,card
4910,2442,2024-11-20,completed,atm
4911,379,2024-12-11,completed,wallet
4912,1376,2025-10-12,completed,card
4913,1235,2025-01-15,completed,card
4914,1997,2024-10-20,completed,card
4915,372,2024-12-08,completed,wallet
4916,2125,2025-07-30,completed,wallet
4917,793,2024-02-08,completed,atm
4918,646,2025-02-25,completed,atm
4919,90,2025-09-24,completed,card
4920,2466,2025-10-30,completed,card
4921,839,2025-02-08,completed,card
4922,2043,2024-12-25,completed,card
4923,614,2024-12-28,completed,atm
4924,863,2024-09-17,completed,atm
4925,713,2024-12-05,completed,card
4926,1505,2024-11-23,completed,cod
4927,919,2024-11-10,completed,card
4928,1169,2024-09-08,completed,card
4929,303,2025-08-27,completed,card
4930,1989,2025-01-04,completed,card
4931,262,2025-07-26,completed,card
4932,232,2024-11-04,completed,card
4933,1626,2025-03-24,completed,card
4934,685,2024-08-27,completed,wallet
4935,904,2025-10-20,completed,card
4936,1074,2024-02-24,completed,atm
4937,2421,2024-03-10,completed,card
4938,1422,2025-01-05,completed,card
4939,204,2024-03-10,completed,card
4940,2215,2024-09-23,completed,atm
4941,1336,2024-03-26,completed,card
4942,545,2025-06-15,completed,atm
4943,1426,2025-06-08,completed,atm
4944,143,2025-02-20,completed,card
4945,930,2024-01-05,completed,wallet
4946,541,2024-12-18,completed,atm
4947,140,2025-11-27,completed,card
4948,82,2024-10-28,completed,card
4949,1669,2025-05-03,cancelled,atm
4950,1616,2025-03-18,completed,card
4951,2367,2024-09-09,completed,wallet
4952,1462,2024-08-02,completed,cod
4953,1185,2024-04-10,completed,card
4954,2226,2024-11-09,completed,card
4955,2416,2024-03-19,completed,wallet
4956,551,2025-11-20,completed,atm
4957,190,2024-03-21,completed,card
4958,1120,2025-08-12,completed,atm
4959,1689,2024-12-10,completed,atm
4960,2359,2024-02-25,completed,wallet
4961,1596,2024-03-15,completed,atm
4962,2064,2025-03-30,completed,wallet
4963,1590,2024-10-28,completed,card
4964,2206,2024-12-08,refunded,cod
4965,837,2025-11-22,completed,card
4966,1676,2025-09-25,completed,atm
4967,928,2025-11-24,completed,atm
4968,268,2025-10-27,completed,wallet
4969,10,2025-06-18,completed,wallet
4970,446,2024-12-23,completed,cod
4971,1081,2025-08-02,completed,wallet
4972,287,2024-01-24,completed,atm
4973,1732,2024-09-01,completed,card
4974,1833,2025-10-17,completed,card
4975,1925,2024-05-13,completed,card
4976,1306,2025-08-02,cancelled,atm
4977,1234,2024-11-14,completed,cod
4978,957,2024-02-04,completed,atm
4979,365,2025-04-12,completed,atm
4980,44,2024-02-17,completed,wallet
4981,1954,2024-02-26,completed,card
4982,1385,2024-07-25,completed,atm
4983,463,2024-08-28,completed,wallet
4984,119,2024-08-28,completed,card
4985,1602,2024-04-06,completed,atm
4986,180,2025-08-25,completed,card
4987,250,2025-05-21,completed,atm
4988,2183,2024-04-06,completed,cod
4989,1307,2024-03-06,completed,wallet
4990,1300,2024-07-14,completed,wallet
4991,1653,2024-11-19,completed,wallet
4992,1050,2024-11-02,completed,atm
4993,981,2024-06-21,completed,wallet
4994,1498,2025-03-21,completed,atm
4995,62,2025-08-27,completed,card
4996,758,2024-12-31,completed,card
4997,1525,2024-04-09,completed,card
4998,729,2024-07-08,completed,atm
4999,2449,2024-10-03,completed,atm
5000,306,2024-10-30,completed,card
5001,2115,2024-03-05,completed,wallet
5002,392,2024-01-23,completed,wallet
5003,882,2024-10-09,completed,card
5004,1166,2025-09-28,completed,card
5005,1402,2024-10-27,completed,card
5006,160,2025-03-11,completed,wallet
5007,1631,2025-01-20,completed,wallet
5008,1201,2024-12-06,completed,card
5009,1044,2024-04-14,completed,wallet
5010,1182,2025-03-11,completed,card
5011,648,2024-05-29,completed,card
5012,1190,2025-03-17,completed,wallet
5013,617,2025-06-11,completed,card
5014,2151,2025-02-13,completed,card
5015,309,2025-12-11,completed,card
5016,1810,2025-02-15,completed,wallet
5017,1498,2025-05-02,completed,atm
5018,581,2024-04-08,completed,atm
5019,247,2025-11-17,completed,atm
5020,2300,2025-10-25,completed,card
5021,2325,2024-02-03,completed,atm
5022,2466,2025-01-19,completed,cod
5023,495,2024-02-17,completed,wallet
5024,70,2025-06-16,completed,cod
5025,818,2025-09-23,completed,card
5026,930,2025-11-08,completed,atm
5027,1520,2025-01-21,completed,card
5028,1896,2025-03-02,completed,wallet
5029,1697,2024-10-02,completed,card
5030,346,2025-12-31,completed,card
5031,864,2025-06-15,completed,card
5032,1276,2025-02-06,completed,wallet
5033,251,2025-05-11,completed,wallet
5034,2333,2024-03-27,completed,wallet
5035,1583,2024-02-10,completed,card
5036,1334,2025-08-23,refunded,atm
5037,1055,2025-02-27,completed,card
5038,2193,2024-12-28,completed,card
5039,105,2025-03-02,completed,card
5040,857,2025-08-27,completed,card
5041,1105,2024-03-17,completed,atm
5042,105,2024-05-06,completed,cod
5043,328,2024-07-28,completed,card
5044,420,2025-10-03,completed,card
5045,802,2024-04-18,completed,card
5046,323,2025-08-11,completed,card
5047,525,2024-10-05,completed,wallet
5048,81,2025-05-07,completed,card
5049,1803,2025-03-18,completed,atm
5050,1090,2024-06-25,completed,wallet
5051,752,2025-11-13,completed,atm
5052,1220,2025-11-14,completed,card
5053,1649,2025-09-20,completed,card
5054,73,2025-07-21,completed,card
5055,756,2025-02-14,completed,card
5056,1564,2024-12-21,completed,cod
5057,1955,2024-07-14,completed,atm
5058,1036,2025-03-16,completed,wallet
5059,2085,2024-08-22,completed,atm
5060,1362,2024-02-27,completed,card
5061,1776,2025-06-15,completed,card
5062,94,2024-09-17,completed,cod
5063,2024,2024-09-25,completed,wallet
5064,1820,2025-03-23,completed,card
5065,1435,2024-09-30,completed,cod
5066,507,2024-05-30,completed,card
5067,2185,2024-01-10,completed,card
5068,284,2024-06-29,completed,atm
5069,1500,2024-08-30,completed,card
5070,2438,2024-01-01,completed,card
5071,1082,2024-12-24,completed,cod
5072,1332,2025-02-28,completed,atm
5073,1772,2025-07-08,completed,card
5074,473,2024-09-21,completed,card
5075,48,2024-03-15,completed,card
5076,1872,2025-08-25,completed,card
5077,1881,2025-03-29,completed,card
5078,608,2024-10-28,completed,cod
5079,2266,2024-04-14,completed,card
5080,1762,2024-09-06,completed,cod
5081,1647,2025-04-01,completed,card
5082,548,2025-04-26,completed,cod
5083,1276,2024-07-26,completed,atm
5084,1475,2024-06-07,completed,card
5085,2214,2025-03-06,completed,card
5086,984,2025-05-09,completed,card
5087,2021,2025-04-03,completed,wallet
5088,1978,2025-09-30,completed,wallet
5089,1633,2025-08-10,completed,atm
5090,478,2024-07-16,completed,card
5091,1408,2025-09-25,completed,card
5092,532,2025-05-03,completed,card
5093,1360,2025-05-28,completed,card
5094,966,2024-10-26,completed,card
5095,1864,2024-03-05,completed,atm
5096,770,2025-07-09,completed,card
5097,466,2025-06-16,refunded,atm
5098,1100,2025-08-13,completed,card
5099,544,2025-12-22,completed,card
5100,2196,2024-03-26,completed,wallet
5101,137,2025-07-24,completed,card
5102,2043,2025-07-17,completed,card
5103,898,2025-11-25,completed,card
5104,2177,2025-03-18,completed,atm
5105,1799,2025-10-31,completed,card
5106,325,2024-04-30,completed,cod
5107,1060,2025-11-10,completed,card
5108,1566,2025-12-19,completed,atm
5109,645,2025-12-07,completed,card
5110,1231,2025-08-26,completed,cod
5111,438,2025-03-28,completed,cod
5112,2296,2024-04-30,completed,card
5113,126,2024-08-07,completed,card
5114,2241,2024-01-05,completed,wallet
5115,1073,2025-07-18,completed,atm
5116,2167,2025-08-30,completed,card
5117,1868,2024-06-08,completed,cod
5118,1304,2024-11-07,completed,card
5119,317,2024-04-29,completed,atm
5120,426,2024-11-04,completed,card
5121,868,2025-04-18,completed,card
5122,1148,2024-12-07,completed,card
5123,352,2024-02-26,completed,cod
5124,1803,2024-01-16,completed,atm
5125,26,2024-04-11,completed,card
5126,112,2024-06-26,completed,card
5127,2110,2024-03-01,completed,wallet
5128,2492,2024-02-22,completed,card
5129,672,2024-02-16,completed,atm
5130,1732,2024-08-18,completed,card
5131,1210,2025-05-04,completed,cod
5132,2478,2024-04-17,completed,wallet
5133,1324,2025-11-09,completed,wallet
5134,1222,2024-05-16,completed,wallet
5135,1104,2024-06-13,completed,atm
5136,2421,2024-07-08,completed,card
5137,166,2025-09-08,completed,cod
5138,2350,2024-10-22,completed,wallet
5139,1012,2025-05-22,completed,card
5140,2332,2024-12-22,cancelled,atm
5141,1266,2025-03-28,completed,wallet
5142,2418,2024-12-15,completed,card
5143,1445,2024-04-22,completed,wallet
5144,1215,2024-10-13,completed,cod
5145,1766,2024-03-17,completed,card
5146,1057,2025-08-14,completed,wallet
5147,2176,2024-05-09,completed,wallet
5148,1823,2024-10-04,completed,card
5149,1946,2025-09-26,completed,card
5150,1378,2024-12-22,completed,card
5151,917,2025-05-27,completed,card
5152,1583,2024-09-19,completed,card
5153,1555,2025-10-22,completed,wallet
5154,1627,2024-04-17,completed,cod
5155,771,2025-08-05,refunded,wallet
5156,902,2025-07-27,completed,atm
5157,2326,2024-04-23,completed,card
5158,1601,2025-12-28,completed,atm
5159,1814,2024-05-19,completed,card
5160,1009,2024-01-26,completed,wallet
5161,1528,2024-08-12,completed,wallet
5162,263,2025-10-25,completed,atm
5163,163,2024-12-24,completed,card
5164,1246,2025-10-25,completed,card
5165,943,2024-10-27,completed,cod
5166,1852,2025-05-15,completed,atm
5167,1762,2025-05-23,completed,atm
5168,1488,2025-09-05,completed,card
5169,499,2025-09-28,cancelled,atm
5170,2246,2025-04-26,completed,card
5171,2181,2025-08-01,cancelled,wallet
5172,999,2024-10-04,completed,cod
5173,2294,2025-09-16,completed,card
5174,1317,2025-10-20,completed,atm
5175,831,2025-01-15,cancelled,card
5176,2018,2025-12-23,refunded,wallet
5177,498,2024-08-23,cancelled,card
5178,1344,2025-12-01,completed,atm
5179,1017,2024-03-06,completed,atm
5180,1926,2025-04-14,completed,atm
5181,517,2025-11-08,completed,wallet
5182,1112,2025-05-25,completed,card
5183,1252,2024-06-30,completed,card
5184,1008,2024-08-28,completed,cod
5185,1986,2025-12-02,completed,card
5186,1058,2025-01-04,completed,atm
5187,516,2024-05-04,completed,card
5188,2297,2024-07-26,completed,cod
5189,280,2025-06-10,completed,card
5190,1876,2024-09-24,completed,atm
5191,422,2025-10-03,completed,card
5192,1334,2025-06-09,completed,atm
5193,118,2024-09-17,completed,wallet
5194,175,2024-04-11,completed,wallet
5195,1915,2024-07-25,completed,card
5196,2286,2024-05-04,completed,card
5197,1643,2024-10-15,completed,card
5198,1649,2025-10-22,completed,card
5199,850,2024-01-31,completed,card
5200,1057,2024-10-14,completed,card
5201,2467,2024-12-04,completed,card
5202,1452,2025-03-18,completed,atm
5203,196,2025-10-16,completed,cod
5204,836,2024-10-21,completed,card
5205,1343,2025-06-26,completed,card
5206,104,2025-06-15,completed,card
5207,1346,2024-01-28,completed,atm
5208,2250,2024-03-09,completed,card
5209,895,2024-12-18,completed,card
5210,48,2024-07-29,completed,card
5211,490,2024-05-21,cancelled,card
5212,1065,2025-12-30,completed,card
5213,676,2025-11-26,completed,atm
5214,197,2024-09-15,completed,card
5215,2143,2024-07-26,completed,card
5216,826,2024-09-12,cancelled,card
5217,2171,2025-11-13,completed,atm
5218,1841,2024-10-27,completed,wallet
5219,837,2025-09-20,cancelled,cod
5220,771,2024-04-28,completed,card
5221,816,2025-04-20,completed,card
5222,1897,2024-02-10,completed,card
5223,2137,2024-05-22,completed,card
5224,2338,2024-02-03,completed,card
5225,2328,2024-09-19,completed,atm
5226,1642,2025-10-08,completed,atm
5227,1818,2024-10-03,completed,card
5228,2020,2024-12-11,completed,cod
5229,2109,2024-10-18,refunded,card
5230,2454,2024-05-11,completed,cod
5231,1758,2024-11-24,refunded,card
5232,1554,2025-04-27,completed,card
5233,567,2024-12-01,cancelled,atm
5234,1943,2024-01-02,completed,wallet
5235,2149,2024-12-08,completed,wallet
5236,481,2025-01-09,completed,atm
5237,1701,2024-12-28,completed,card
5238,1974,2025-03-19,completed,atm
5239,1729,2024-12-17,completed,card
5240,684,2025-07-12,completed,card
5241,1627,2024-09-19,completed,card
5242,1384,2025-01-05,completed,card
5243,2413,2025-04-15,completed,atm
5244,1602,2025-04-08,completed,card
5245,12,2025-03-18,completed,card
5246,2250,2024-12-24,cancelled,card
5247,934,2025-03-16,completed,card
5248,1838,2025-03-06,completed,card
5249,333,2024-03-23,completed,card
5250,1715,2025-04-02,completed,card
5251,2065,2025-09-15,completed,atm
5252,379,2025-09-08,completed,cod
5253,1939,2025-01-26,cancelled,card
5254,1189,2025-07-03,completed,wallet
5255,1173,2025-05-24,completed,wallet
5256,1278,2024-01-02,completed,card
5257,2269,2024-05-01,completed,card
5258,1593,2024-04-04,completed,card
5259,2114,2024-10-18,completed,cod
5260,237,2025-05-11,completed,card
5261,1735,2025-07-17,completed,atm
5262,1743,2024-11-16,completed,card
5263,872,2025-12-04,completed,wallet
5264,1717,2025-03-03,completed,card
5265,1979,2025-07-10,completed,card
5266,2292,2025-09-08,completed,wallet
5267,1154,2024-09-25,completed,card
5268,1587,2024-02-05,completed,wallet
5269,977,2024-05-25,completed,card
5270,1820,2024-06-22,cancelled,card
5271,1783,2025-02-04,completed,atm
5272,149,2024-05-21,completed,card
5273,1540,2024-10-10,cancelled,card
5274,866,2025-07-12,completed,card
5275,1345,2024-01-15,completed,atm
5276,1804,2025-12-12,completed,card
5277,1849,2024-09-23,completed,card
5278,2363,2024-04-07,completed,card
5279,2380,2025-10-16,completed,card
5280,1515,2025-02-07,completed,card
5281,1731,2024-07-14,cancelled,cod
5282,1387,2024-03-08,completed,atm
5283,675,2025-09-14,completed,card
5284,1733,2025-04-08,completed,atm
5285,2431,2025-04-09,completed,atm
5286,1641,2025-11-16,completed,card
5287,2143,2025-10-13,completed,card
5288,1226,2025-04-03,completed,card
5289,2168,2024-01-07,completed,atm
5290,1990,2025-12-29,completed,card
5291,1170,2024-09-20,completed,atm
5292,1061,2024-09-23,completed,wallet
5293,1679,2024-03-26,completed,card
5294,1794,2024-01-09,completed,card
5295,1168,2025-03-31,completed,card
5296,385,2025-01-19,cancelled,atm
5297,1617,2024-11-11,completed,wallet
5298,541,2025-01-16,completed,wallet
5299,1943,2025-09-30,completed,card
5300,2070,2025-09-17,completed,wallet
5301,2004,2024-11-22,completed,wallet
5302,2171,2024-10-08,refunded,card
5303,2500,2025-06-10,completed,card
5304,357,2025-06-15,completed,atm
5305,325,2024-08-11,refunded,wallet
5306,1632,2024-06-18,completed,cod
5307,1253,2025-03-29,cancelled,card
5308,943,2024-11-23,completed,card
5309,1398,2024-11-13,completed,wallet
5310,2436,2025-10-07,completed,card
5311,1937,2024-03-28,completed,card
5312,1862,2024-07-24,refunded,card
5313,1222,2025-11-18,completed,card
5314,113,2024-04-08,completed,cod
5315,541,2024-04-02,completed,atm
5316,1963,2025-11-14,completed,atm
5317,2492,2024-04-29,completed,card
5318,1547,2024-01-31,completed,card
5319,696,2025-09-07,completed,atm
5320,75,2024-08-17,completed,wallet
5321,1508,2025-10-07,completed,atm
5322,1574,2025-08-27,refunded,card
5323,1043,2025-05-02,completed,card
5324,2226,2025-04-21,completed,atm
5325,1461,2025-04-08,completed,atm
5326,1618,2024-09-22,completed,card
5327,1548,2024-05-18,completed,card
5328,232,2025-07-28,completed,card
5329,1144,2025-10-12,completed,card
5330,588,2025-06-17,completed,atm
5331,1407,2024-03-12,completed,card
5332,1379,2025-07-20,completed,atm
5333,2221,2024-12-25,completed,card
5334,1737,2025-02-03,completed,card
5335,190,2025-03-18,completed,card
5336,2424,2025-08-08,completed,atm
5337,863,2024-05-13,completed,atm
5338,1429,2024-01-15,completed,card
5339,2104,2024-05-11,completed,atm
5340,2354,2025-11-26,completed,atm
5341,1510,2025-11-01,completed,cod
5342,163,2025-09-03,completed,cod
5343,1951,2025-11-05,completed,atm
5344,1860,2025-04-12,completed,wallet
5345,624,2025-02-12,completed,atm
5346,2234,2024-07-24,completed,card
5347,1744,2025-12-14,completed,cod
5348,994,2025-08-17,completed,atm
5349,655,2024-03-04,completed,card
5350,497,2024-07-21,completed,wallet
5351,273,2024-09-23,completed,card
5352,141,2024-11-12,completed,card
5353,2136,2024-08-16,completed,atm
5354,1764,2024-02-21,completed,card
5355,15,2024-01-04,completed,atm
5356,443,2024-04-08,completed,atm
5357,1539,2025-09-14,completed,card
5358,135,2025-10-19,refunded,wallet
5359,1320,2024-05-12,completed,atm
5360,2089,2024-08-18,completed,atm
5361,191,2024-04-04,completed,card
5362,2150,2025-02-27,completed,card
5363,1147,2025-12-11,completed,card
5364,1821,2024-09-28,completed,wallet
5365,474,2025-04-16,completed,atm
5366,611,2025-06-19,completed,card
5367,1840,2024-09-01,completed,card
5368,1632,2025-04-30,completed,atm
5369,2415,2025-06-22,completed,cod
5370,1658,2024-08-22,completed,card
5371,507,2024-08-13,completed,atm
5372,2353,2024-05-01,completed,atm
5373,1415,2025-06-11,completed,card
5374,2062,2024-04-15,completed,atm
5375,1,2025-01-31,completed,card
5376,1786,2024-03-12,completed,card
5377,2129,2025-06-13,completed,wallet
5378,341,2024-04-11,completed,card
5379,1406,2024-03-12,completed,atm
5380,1799,2024-12-18,completed,card
5381,1464,2024-06-02,completed,card
5382,1215,2024-12-08,cancelled,wallet
5383,2073,2025-06-15,completed,card
5384,1704,2024-10-27,completed,card
5385,80,2025-07-31,completed,atm
5386,1347,2025-12-28,refunded,wallet
5387,1184,2024-09-01,completed,card
5388,775,2024-06-29,completed,atm
5389,609,2025-11-02,completed,cod
5390,2477,2025-10-13,completed,atm
5391,1647,2025-03-08,completed,card
5392,1437,2025-09-26,completed,atm
5393,1253,2024-11-23,completed,card
5394,1979,2025-05-30,cancelled,card
5395,1217,2024-03-17,cancelled,cod
5396,1257,2024-05-16,completed,card
5397,809,2025-05-24,completed,atm
5398,318,2024-05-20,completed,card
5399,996,2024-07-21,completed,card
5400,1020,2024-06-18,completed,card
5401,669,2025-08-16,completed,atm
5402,469,2024-01-08,completed,wallet
5403,891,2024-12-14,completed,card
5404,2143,2024-07-20,completed,cod
5405,983,2025-08-28,completed,card
5406,1228,2024-12-09,completed,atm
5407,1558,2024-01-15,completed,wallet
5408,687,2024-07-02,completed,card
5409,721,2025-12-20,completed,card
5410,561,2024-08-23,completed,card
5411,1705,2025-07-14,completed,card
5412,178,2024-05-03,completed,card
5413,2374,2024-05-25,completed,atm
5414,850,2024-10-23,completed,card
5415,2057,2025-09-27,completed,card
5416,853,2025-05-08,completed,card
5417,2438,2024-12-11,completed,atm
5418,2334,2024-07-08,completed,card
5419,1953,2025-08-01,completed,card
5420,198,2025-05-30,completed,card
5421,901,2024-11-29,completed,card
5422,1844,2024-09-19,completed,card
5423,819,2025-09-22,completed,wallet
5424,2180,2024-08-21,completed,card
5425,1474,2024-12-21,completed,wallet
5426,1842,2025-09-12,completed,card
5427,473,2025-03-12,completed,card
5428,793,2024-03-15,completed,atm
5429,2477,2025-05-01,completed,card
5430,894,2024-03-05,completed,card
5431,274,2024-09-01,completed,cod
5432,1700,2024-11-11,refunded,card
5433,655,2025-06-28,completed,wallet
5434,1522,2025-04-08,completed,wallet
5435,17,2025-07-17,completed,card
5436,671,2024-09-23,cancelled,card
5437,225,2025-11-19,completed,atm
5438,804,2024-08-06,completed,card
5439,1242,2024-05-30,completed,atm
5440,654,2024-03-18,completed,atm
5441,2062,2024-05-16,completed,card
5442,1746,2025-12-29,completed,atm
5443,370,2025-04-17,completed,wallet
5444,486,2025-04-12,completed,card
5445,727,2024-11-26,completed,card
5446,853,2024-12-31,completed,card
5447,1017,2025-12-17,completed,wallet
5448,284,2025-11-05,completed,card
5449,73,2024-12-05,refunded,atm
5450,640,2025-11-30,completed,card
5451,1647,2025-03-15,completed,atm
5452,1867,2024-03-04,completed,card
5453,1044,2024-06-28,completed,card
5454,2048,2024-09-26,completed,card
5455,189,2024-08-13,completed,wallet
5456,1342,2024-12-07,completed,atm
5457,840,2024-12-23,completed,card
5458,1913,2024-06-04,cancelled,card
5459,8,2025-10-26,completed,card
5460,1883,2024-02-02,completed,card
5461,1493,2025-09-20,completed,atm
5462,1748,2025-02-16,completed,card
5463,460,2024-10-08,completed,atm
5464,2366,2025-03-30,completed,card
5465,1795,2024-09-16,completed,card
5466,1070,2025-12-17,completed,card
5467,286,2025-06-13,completed,cod
5468,1393,2025-10-01,completed,card
5469,2314,2025-04-10,completed,card
5470,2286,2025-03-28,completed,card
5471,253,2024-09-13,refunded,card
5472,1422,2024-11-29,completed,card
5473,1779,2024-03-12,completed,card
5474,1704,2024-07-01,completed,card
5475,1468,2024-05-27,completed,card
5476,1315,2025-01-24,completed,card
5477,1764,2024-08-06,completed,cod
5478,2076,2025-10-08,completed,wallet
5479,688,2024-07-04,refunded,atm
5480,936,2024-12-22,completed,card
5481,2285,2025-03-24,completed,wallet
5482,309,2025-09-05,completed,atm
5483,1261,2025-12-24,completed,atm
5484,1566,2025-03-08,completed,card
5485,1077,2025-05-10,completed,wallet
5486,513,2024-11-05,completed,card
5487,824,2025-04-04,completed,atm
5488,1408,2025-08-02,completed,card
5489,655,2025-07-18,completed,wallet
5490,760,2024-08-31,completed,cod
5491,1097,2025-08-31,completed,atm
5492,720,2024-08-05,completed,card
5493,2151,2024-03-07,completed,card
5494,2007,2024-09-01,completed,card
5495,306,2024-11-16,completed,card
5496,943,2025-11-22,completed,card
5497,1356,2024-03-20,completed,card
5498,2257,2025-06-05,completed,atm
5499,1810,2024-12-21,completed,card
5500,944,2024-04-21,refunded,wallet
5501,1789,2025-07-12,completed,atm
5502,1764,2024-01-04,completed,card
5503,425,2025-05-07,completed,atm
5504,1211,2024-05-16,completed,card
5505,133,2024-02-17,completed,atm
5506,479,2024-03-19,completed,cod
5507,1353,2025-10-30,cancelled,atm
5508,2214,2024-01-14,completed,card
5509,248,2024-02-06,completed,card
5510,1943,2024-07-19,completed,card
5511,1267,2024-07-26,refunded,wallet
5512,1199,2025-02-22,completed,card
5513,2337,2024-08-11,completed,atm
5514,2363,2025-06-18,completed,card
5515,1496,2024-07-13,completed,atm
5516,1839,2024-07-20,completed,card
5517,2355,2024-10-03,completed,cod
5518,938,2024-03-23,completed,card
5519,2034,2024-08-17,refunded,atm
5520,1705,2025-06-11,completed,card
5521,1863,2025-06-26,completed,atm
5522,1285,2025-10-03,completed,atm
5523,1101,2025-12-24,completed,card
5524,1211,2024-08-10,completed,card
5525,2138,2024-09-17,completed,cod
5526,839,2025-05-19,completed,card
5527,2467,2024-05-10,completed,atm
5528,2291,2025-07-09,completed,wallet
5529,1438,2024-10-04,completed,card
5530,1962,2024-09-29,completed,card
5531,2132,2024-12-16,completed,atm
5532,231,2024-04-01,completed,atm
5533,2302,2025-02-02,completed,card
5534,107,2025-01-10,completed,wallet
5535,1855,2024-01-23,completed,atm
5536,1615,2024-12-05,completed,atm
5537,1099,2025-06-27,completed,card
5538,102,2024-06-26,completed,atm
5539,229,2024-03-05,completed,atm
5540,1736,2024-08-08,completed,atm
5541,872,2025-01-10,completed,cod
5542,71,2025-03-20,completed,card
5543,202,2024-07-19,completed,card
5544,1471,2024-01-11,completed,atm
5545,1738,2025-05-28,completed,card
5546,1957,2025-12-20,completed,wallet
5547,2399,2025-08-04,completed,atm
5548,2100,2025-11-28,completed,card
5549,308,2024-01-19,completed,card
5550,2118,2024-11-26,completed,atm
5551,1185,2024-10-02,completed,atm
5552,1638,2024-01-19,completed,atm
5553,423,2025-03-30,completed,card
5554,2272,2024-12-18,completed,wallet
5555,2348,2025-04-11,completed,card
5556,2373,2024-11-20,completed,card
5557,1772,2024-05-09,completed,cod
5558,1967,2024-01-10,completed,card
5559,916,2025-05-15,cancelled,wallet
5560,456,2024-07-29,completed,card
5561,670,2025-06-16,completed,wallet
5562,714,2024-10-24,completed,cod
5563,51,2024-11-17,completed,cod
5564,845,2024-02-03,completed,cod
5565,1117,2025-10-04,completed,card
5566,944,2025-08-20,completed,card
5567,256,2024-03-31,completed,atm
5568,215,2024-02-08,completed,atm
5569,465,2024-09-02,completed,atm
5570,47,2024-09-15,completed,atm
5571,662,2025-07-09,completed,card
5572,776,2024-07-03,completed,cod
5573,2225,2025-01-16,completed,card
5574,161,2024-12-31,completed,card
5575,274,2024-10-30,completed,atm
5576,2373,2025-01-24,completed,card
5577,2086,2024-10-11,completed,wallet
5578,1161,2024-06-20,completed,card
5579,1363,2025-05-20,completed,wallet
5580,264,2025-03-21,completed,cod
5581,340,2024-03-11,completed,card
5582,819,2025-02-20,completed,card
5583,1750,2024-02-17,completed,card
5584,740,2024-08-06,cancelled,wallet
5585,1881,2024-05-09,refunded,atm
5586,1717,2024-02-02,completed,card
5587,2277,2025-07-06,completed,card
5588,2250,2024-05-11,completed,card
5589,1688,2025-12-26,completed,atm
5590,1060,2025-08-27,completed,card
5591,1065,2024-11-05,completed,atm
5592,2384,2025-09-18,completed,card
5593,2131,2024-04-12,completed,card
5594,1457,2025-02-12,refunded,card
5595,1329,2024-06-19,completed,card
5596,1846,2025-12-05,completed,card
5597,40,2025-09-19,completed,card
5598,531,2025-01-31,completed,card
5599,876,2025-04-02,completed,wallet
5600,228,2025-02-02,completed,wallet
5601,671,2024-01-07,completed,card
5602,1372,2025-03-01,completed,wallet
5603,665,2024-05-26,completed,wallet
5604,2315,2025-12-30,completed,card
5605,1267,2024-09-25,completed,atm
5606,2032,2025-06-21,completed,card
5607,2037,2025-10-23,completed,card
5608,2241,2025-10-15,completed,atm
5609,2163,2024-03-03,completed,cod
5610,2171,2024-06-14,completed,card
5611,1782,2024-09-09,completed,card
5612,115,2025-08-07,completed,card
5613,1179,2024-03-04,completed,card
5614,426,2024-08-17,completed,atm
5615,2040,2024-06-18,completed,atm
5616,1970,2025-05-12,completed,card
5617,1940,2025-11-17,completed,atm
5618,72,2024-06-14,completed,cod
5619,185,2025-11-14,completed,card
5620,1021,2025-03-12,completed,card
5621,360,2025-01-01,completed,wallet
5622,1852,2025-10-19,completed,card
5623,108,2025-12-20,completed,atm
5624,1210,2024-09-28,completed,wallet
5625,341,2025-09-10,completed,card
5626,2166,2024-01-11,completed,wallet
5627,1513,2024-05-18,completed,card
5628,1024,2024-01-22,completed,card
5629,2344,2025-08-31,completed,card
5630,2329,2024-01-02,completed,wallet
5631,685,2024-08-02,completed,cod
5632,358,2025-01-13,completed,card
5633,389,2024-07-09,completed,card
5634,2353,2025-01-25,completed,cod
5635,1784,2025-01-11,completed,card
5636,1825,2025-04-03,completed,atm
5637,2288,2024-07-28,completed,atm
5638,1722,2024-12-01,completed,atm
5639,1332,2024-09-21,completed,atm
5640,234,2025-03-30,completed,wallet
5641,2181,2024-02-22,completed,cod
5642,1098,2024-03-15,refunded,wallet
5643,1300,2024-12-28,completed,atm
5644,1724,2025-04-10,completed,card
5645,409,2024-10-22,completed,card
5646,19,2024-01-22,completed,wallet
5647,421,2025-01-06,completed,card
5648,207,2024-05-13,completed,card
5649,1882,2024-09-26,completed,cod
5650,815,2025-03-03,completed,card
5651,2054,2025-07-20,completed,card
5652,912,2024-02-06,completed,card
5653,556,2025-08-25,completed,card
5654,2451,2024-04-22,completed,atm
5655,2491,2024-08-04,completed,atm
5656,1960,2025-07-26,completed,card
5657,875,2025-12-21,refunded,atm
5658,1803,2025-02-05,completed,card
5659,1500,2025-04-01,completed,cod
5660,1422,2025-01-27,completed,atm
5661,2053,2024-05-08,completed,atm
5662,1869,2024-05-24,completed,card
5663,1966,2025-08-31,completed,cod
5664,2013,2024-06-24,completed,cod
5665,1439,2025-04-05,completed,card
5666,2491,2025-01-25,completed,wallet
5667,96,2025-09-22,completed,cod
5668,1427,2025-02-14,completed,atm
5669,349,2024-01-05,completed,wallet
5670,2259,2024-08-03,completed,card
5671,1631,2024-03-01,completed,wallet
5672,966,2025-10-02,completed,wallet
5673,1942,2025-01-04,completed,atm
5674,387,2024-10-13,completed,card
5675,1450,2024-09-16,completed,atm
5676,357,2025-09-29,completed,card
5677,660,2024-10-13,completed,wallet
5678,1924,2024-04-22,completed,card
5679,316,2025-01-16,completed,card
5680,382,2024-01-07,completed,wallet
5681,291,2024-05-31,completed,cod
5682,1258,2024-08-16,completed,atm
5683,70,2024-07-29,completed,atm
5684,1289,2024-05-06,cancelled,card
5685,1035,2024-02-04,completed,card
5686,1113,2025-08-19,completed,card
5687,2139,2024-12-20,completed,card
5688,2470,2024-10-03,completed,atm
5689,424,2025-02-24,completed,atm
5690,768,2025-03-15,completed,wallet
5691,505,2025-04-27,completed,wallet
5692,1241,2024-11-20,completed,wallet
5693,1062,2024-10-20,completed,atm
5694,1899,2025-04-16,completed,card
5695,2487,2025-01-22,completed,card
5696,475,2024-03-05,completed,card
5697,2298,2024-01-08,completed,card
5698,755,2025-06-02,completed,card
5699,2038,2025-05-23,completed,card
5700,2194,2024-02-17,completed,card
5701,963,2024-06-19,completed,card
5702,1091,2025-08-20,completed,cod
5703,427,2025-05-18,completed,atm
5704,1788,2024-09-11,completed,cod
5705,1190,2024-11-29,completed,card
5706,1775,2025-02-05,completed,card
5707,579,2025-08-15,completed,card
5708,2069,2025-11-07,completed,wallet
5709,1985,2024-03-10,completed,card
5710,1357,2025-04-06,completed,card
5711,760,2025-04-17,completed,wallet
5712,2176,2024-09-13,completed,card
5713,292,2024-04-12,completed,wallet
5714,1262,2024-11-06,completed,cod
5715,615,2024-07-02,completed,atm
5716,1474,2025-12-01,completed,wallet
5717,256,2025-04-24,completed,card
5718,509,2025-07-31,completed,card
5719,561,2025-06-05,completed,atm
5720,1906,2025-12-16,completed,card
5721,954,2025-11-21,completed,card
5722,1366,2024-10-16,completed,card
5723,1131,2024-01-23,completed,atm
5724,895,2025-08-15,completed,card
5725,509,2024-03-05,completed,card
5726,1608,2025-05-30,completed,card
5727,1705,2025-12-30,completed,card
5728,309,2024-05-05,completed,cod
5729,1192,2025-04-15,completed,card
5730,1303,2025-07-29,completed,card
5731,675,2024-12-02,completed,card
5732,771,2025-09-20,completed,card
5733,424,2024-11-06,completed,atm
5734,2418,2024-10-08,completed,wallet
5735,465,2025-09-16,completed,cod
5736,1060,2024-10-08,completed,card
5737,903,2024-11-05,completed,card
5738,121,2024-09-16,completed,card
5739,1421,2024-01-02,completed,card
5740,2323,2024-06-04,completed,atm
5741,1302,2025-11-25,completed,wallet
5742,678,2024-04-03,completed,card
5743,280,2025-01-02,completed,atm
5744,1780,2025-01-04,completed,card
5745,214,2025-04-08,completed,card
5746,2033,2024-11-27,completed,atm
5747,1467,2024-12-11,completed,wallet
5748,2442,2024-11-20,completed,card
5749,923,2025-12-15,completed,cod
5750,1287,2024-07-13,completed,card
5751,2034,2025-07-29,completed,card
5752,2237,2024-07-30,completed,card
5753,1879,2024-06-26,completed,card
5754,1990,2025-12-20,completed,card
5755,99,2024-12-21,cancelled,card
5756,180,2024-07-08,completed,card
5757,1513,2025-09-07,completed,cod
5758,16,2024-09-10,refunded,atm
5759,570,2025-04-28,completed,atm
5760,336,2024-06-15,completed,card
5761,1131,2024-02-21,completed,card
5762,233,2024-04-16,completed,card
5763,1904,2024-08-27,completed,atm
5764,740,2024-05-06,completed,atm
5765,511,2024-03-09,completed,card
5766,561,2025-06-30,completed,card
5767,1602,2024-06-18,completed,atm
5768,172,2024-01-24,completed,cod
5769,1304,2025-10-07,completed,wallet
5770,855,2024-08-06,completed,card
5771,1269,2025-12-13,cancelled,atm
5772,2,2025-05-13,completed,card
5773,824,2025-06-01,completed,cod
5774,1377,2025-01-16,completed,card
5775,420,2024-03-18,completed,cod
5776,2185,2025-11-07,completed,atm
5777,632,2024-01-26,completed,card
5778,1193,2025-11-12,completed,atm
5779,2223,2024-02-04,completed,card
5780,875,2024-08-14,completed,card
5781,2435,2025-12-18,completed,wallet
5782,858,2024-12-26,cancelled,card
5783,797,2025-05-23,completed,card
5784,979,2024-08-15,completed,card
5785,1199,2025-10-28,cancelled,card
5786,1756,2025-12-14,completed,card
5787,505,2025-04-04,refunded,cod
5788,1487,2024-02-26,completed,card
5789,2128,2025-03-29,completed,wallet
5790,635,2025-07-29,completed,card
5791,496,2025-08-12,completed,wallet
5792,1065,2025-06-23,completed,atm
5793,392,2024-10-24,completed,cod
5794,2165,2024-10-17,completed,card
5795,1134,2025-01-08,completed,atm
5796,30,2025-06-29,completed,wallet
5797,2336,2024-06-19,completed,atm
5798,650,2024-08-11,completed,atm
5799,652,2025-12-01,cancelled,atm
5800,1166,2024-05-01,completed,card
5801,1157,2024-04-08,completed,card
5802,1642,2024-03-26,cancelled,atm
5803,936,2024-08-08,completed,cod
5804,2145,2025-03-23,completed,card
5805,988,2024-05-17,completed,card
5806,618,2025-08-16,completed,atm
5807,2034,2024-09-23,completed,cod
5808,2471,2024-12-07,completed,wallet
5809,2236,2024-08-09,completed,wallet
5810,576,2024-03-12,completed,atm
5811,2476,2025-06-15,completed,card
5812,418,2024-12-18,completed,card
5813,2015,2024-01-18,completed,card
5814,649,2024-09-16,completed,cod
5815,1733,2025-11-09,completed,card
5816,2367,2025-06-12,completed,card
5817,790,2025-03-23,completed,cod
5818,950,2025-08-25,completed,card
5819,881,2025-05-09,completed,atm
5820,2437,2024-07-17,completed,atm
5821,2307,2025-11-30,completed,card
5822,924,2025-01-18,completed,cod
5823,475,2024-12-26,completed,wallet
5824,603,2024-11-20,completed,card
5825,536,2024-09-13,completed,atm
5826,583,2025-03-07,completed,cod
5827,2371,2025-06-17,completed,wallet
5828,922,2025-01-03,completed,atm
5829,1107,2025-06-25,completed,wallet
5830,1528,2025-12-06,completed,atm
5831,2071,2025-07-26,completed,atm
5832,2043,2025-11-06,completed,atm
5833,1593,2025-11-14,completed,card
5834,520,2025-02-24,completed,atm
5835,2007,2024-03-28,completed,cod
5836,542,2025-07-05,completed,card
5837,1367,2025-01-08,completed,atm
5838,2182,2025-10-21,completed,atm
5839,273,2024-11-09,completed,card
5840,1796,2025-07-02,completed,card
5841,1147,2025-12-09,completed,card
5842,102,2025-03-09,completed,atm
5843,2500,2025-10-06,completed,card
5844,1405,2025-09-06,completed,atm
5845,1138,2025-12-04,completed,wallet
5846,329,2025-12-14,completed,card
5847,245,2025-03-08,completed,card
5848,2209,2024-03-10,completed,card
5849,2168,2025-11-12,completed,card
5850,297,2025-02-15,completed,wallet
5851,1408,2024-08-03,completed,card
5852,944,2025-09-20,completed,wallet
5853,532,2025-08-13,completed,atm
5854,1033,2024-12-26,completed,atm
5855,1269,2024-10-11,completed,card
5856,417,2025-12-15,completed,wallet
5857,305,2025-01-06,completed,atm
5858,2312,2024-05-23,completed,card
5859,37,2025-03-02,completed,card
5860,1927,2025-12-16,completed,atm
5861,1764,2025-03-10,completed,card
5862,879,2025-03-22,completed,cod
5863,2051,2024-03-03,completed,card
5864,57,2025-03-29,completed,wallet
5865,636,2024-03-19,completed,cod
5866,9,2025-07-16,completed,atm
5867,7,2025-09-13,completed,atm
5868,2489,2025-10-21,cancelled,card
5869,2381,2024-11-24,completed,atm
5870,2231,2025-03-05,completed,card
5871,1121,2025-03-20,completed,card
5872,590,2024-04-27,completed,wallet
5873,1541,2025-03-08,completed,card
5874,1946,2024-10-22,completed,atm
5875,774,2025-09-21,completed,atm
5876,2286,2024-06-13,completed,card
5877,2269,2024-12-26,completed,card
5878,1048,2025-12-15,completed,cod
5879,1748,2024-11-11,completed,atm
5880,220,2024-12-25,completed,atm
5881,1497,2025-05-27,completed,cod
5882,1133,2025-04-29,completed,card
5883,387,2025-06-19,completed,card
5884,350,2025-10-31,completed,card
5885,2197,2024-12-21,completed,card
5886,308,2025-07-21,completed,atm
5887,761,2024-09-06,completed,card
5888,2216,2024-05-07,completed,atm
5889,266,2025-12-19,completed,cod
5890,478,2024-07-29,completed,cod
5891,2452,2024-04-15,cancelled,wallet
5892,1034,2024-02-07,completed,card
5893,1521,2025-08-07,completed,atm
5894,574,2025-06-15,completed,cod
5895,489,2024-12-28,completed,atm
5896,129,2024-09-29,completed,card
5897,1121,2025-02-25,completed,atm
5898,231,2025-12-16,completed,wallet
5899,423,2024-05-04,completed,wallet
5900,474,2024-09-05,completed,card
5901,798,2025-10-22,completed,cod
5902,368,2025-09-03,completed,atm
5903,2391,2024-06-16,completed,cod
5904,1800,2024-09-20,completed,card
5905,7,2025-04-06,completed,card
5906,1773,2024-02-20,completed,card
5907,1291,2024-11-06,completed,card
5908,1538,2025-12-04,cancelled,card
5909,2141,2025-12-28,completed,atm
5910,1983,2024-09-03,completed,card
5911,639,2024-10-28,completed,card
5912,828,2025-12-31,completed,wallet
5913,684,2025-12-01,completed,card
5914,1916,2025-03-22,completed,atm
5915,2096,2025-05-27,completed,card
5916,1290,2025-06-27,completed,card
5917,185,2024-01-31,completed,atm
5918,188,2025-11-13,completed,wallet
5919,1786,2025-03-27,completed,card
5920,342,2024-09-24,completed,card
5921,2287,2025-06-21,completed,card
5922,1526,2024-09-21,completed,wallet
5923,23,2024-11-11,completed,card
5924,581,2024-12-22,completed,card
5925,322,2024-11-01,completed,atm
5926,1264,2024-02-22,completed,card
5927,1431,2024-04-30,completed,card
5928,794,2024-11-03,completed,card
5929,153,2024-05-05,completed,card
5930,1859,2025-07-14,completed,card
5931,1549,2024-09-15,completed,atm
5932,118,2024-09-07,completed,atm
5933,1744,2025-06-22,completed,card
5934,2306,2024-09-08,completed,wallet
5935,2062,2024-08-05,completed,card
5936,548,2025-12-16,completed,card
5937,276,2025-09-07,completed,card
5938,2045,2025-07-09,completed,card
5939,2047,2024-12-30,completed,card
5940,152,2025-09-28,completed,card
5941,421,2024-06-16,completed,atm
5942,1448,2024-10-21,completed,card
5943,1372,2024-07-01,completed,card
5944,1371,2024-05-11,completed,card
5945,1041,2024-11-19,refunded,card
5946,1572,2024-09-14,completed,card
5947,1321,2025-04-12,completed,atm
5948,1691,2024-04-03,completed,card
5949,1916,2024-01-20,completed,card
5950,842,2024-05-17,completed,card
5951,492,2025-12-01,refunded,atm
5952,2066,2024-09-03,completed,card
5953,1239,2024-03-22,completed,atm
5954,2084,2024-11-27,completed,card
5955,2037,2025-03-31,completed,wallet
5956,1141,2024-02-29,completed,atm
5957,598,2025-03-30,completed,card
5958,903,2024-12-19,completed,cod
5959,962,2024-08-19,refunded,card
5960,1154,2025-03-01,completed,cod
5961,1427,2024-06-22,completed,atm
5962,1847,2025-04-18,completed,card
5963,554,2024-07-03,completed,card
5964,1790,2024-03-03,completed,card
5965,2309,2024-04-09,completed,card
5966,1132,2025-07-08,completed,atm
5967,2116,2025-08-27,completed,atm
5968,1166,2025-08-17,completed,atm
5969,1591,2025-05-24,completed,wallet
5970,1390,2025-02-07,completed,cod
5971,108,2024-03-26,completed,card
5972,923,2024-10-12,completed,card
5973,380,2025-05-18,completed,atm
5974,1134,2025-10-18,cancelled,atm
5975,1026,2024-02-04,completed,card
5976,906,2024-11-18,completed,card
5977,2224,2025-05-23,refunded,card
5978,1894,2025-05-06,completed,card
5979,19,2024-11-23,completed,card
5980,439,2025-10-17,completed,atm
5981,415,2024-09-05,completed,atm
5982,1733,2024-04-20,completed,atm
5983,2293,2024-05-01,completed,card
5984,1356,2024-04-07,completed,card
5985,135,2025-08-29,completed,atm
5986,2034,2025-04-03,completed,card
5987,1432,2024-04-20,completed,card
5988,1241,2025-05-31,completed,wallet
5989,2121,2024-10-21,completed,atm
5990,1455,2025-11-03,completed,card
5991,261,2024-08-06,completed,card
5992,1010,2024-10-14,completed,card
5993,2219,2024-10-09,refunded,card
5994,1502,2024-06-04,completed,atm
5995,993,2024-10-09,completed,card
5996,1374,2024-11-14,completed,card
5997,268,2024-05-18,completed,card
5998,1883,2025-11-26,completed,card
5999,1535,2025-03-10,completed,cod
6000,1632,2025-08-23,completed,card
6001,1818,2025-11-24,completed,card
6002,1371,2025-09-25,completed,atm
6003,1117,2025-04-10,completed,wallet
6004,476,2025-03-29,completed,atm
6005,77,2025-12-01,completed,card
6006,2320,2024-09-18,completed,wallet
6007,1393,2024-06-20,completed,cod
6008,2487,2025-08-10,completed,card
6009,581,2024-09-09,completed,card
6010,1256,2025-07-16,completed,card
6011,1186,2024-04-11,completed,card
6012,1266,2025-10-21,completed,card
6013,1597,2024-01-30,completed,atm
6014,269,2024-02-19,completed,card
6015,164,2024-10-09,completed,wallet
6016,1945,2024-02-23,completed,atm
6017,2432,2024-12-10,completed,card
6018,1789,2024-12-01,completed,wallet
6019,1569,2025-09-12,completed,card
6020,2420,2024-10-30,completed,card
6021,873,2024-01-13,completed,wallet
6022,1862,2025-03-22,completed,card
6023,279,2024-09-23,completed,card
6024,1295,2024-11-10,completed,card
6025,1781,2025-01-15,completed,atm
6026,645,2024-12-06,completed,wallet
6027,1726,2024-08-29,completed,card
6028,1279,2024-08-10,completed,card
6029,1272,2024-04-25,completed,card
6030,1366,2024-01-12,completed,cod
6031,701,2025-07-01,completed,wallet
6032,1770,2025-12-03,completed,atm
6033,2260,2024-11-30,completed,cod
6034,2258,2025-02-01,completed,atm
6035,1636,2024-11-13,completed,wallet
6036,1079,2025-01-11,completed,card
6037,2496,2024-05-24,completed,card
6038,138,2024-01-29,cancelled,wallet
6039,400,2025-03-04,completed,atm
6040,1713,2025-11-23,completed,card
6041,1774,2025-05-18,completed,card
6042,606,2025-01-26,completed,card
6043,585,2024-07-15,completed,wallet
6044,1517,2024-10-21,completed,wallet
6045,1195,2024-03-21,completed,card
6046,2355,2024-03-20,completed,wallet
6047,1363,2025-01-30,completed,card
6048,742,2025-03-04,completed,wallet
6049,1542,2024-03-16,completed,wallet
6050,1680,2024-03-23,completed,cod
6051,1412,2024-11-18,completed,wallet
6052,1880,2024-11-28,completed,card
6053,1957,2024-07-29,completed,card
6054,1935,2024-07-26,completed,card
6055,947,2024-05-30,completed,cod
6056,1247,2025-06-21,completed,card
6057,1283,2024-04-25,cancelled,atm
6058,2208,2025-03-10,completed,card
6059,254,2025-03-18,completed,card
6060,361,2024-11-27,completed,card
6061,476,2025-01-12,completed,card
6062,1500,2025-10-12,completed,card
6063,1071,2024-10-19,completed,cod
6064,272,2024-03-28,completed,card
6065,1961,2024-10-29,completed,card
6066,654,2025-04-09,completed,atm
6067,1684,2025-05-02,completed,card
6068,2341,2025-11-25,completed,atm
6069,2295,2024-05-27,completed,wallet
6070,2468,2024-01-04,completed,card
6071,368,2025-01-13,completed,card
6072,1045,2025-09-03,completed,wallet
6073,1912,2024-05-16,completed,wallet
6074,161,2025-11-27,completed,card
6075,827,2024-08-08,completed,card
6076,1422,2024-12-05,completed,card
6077,2399,2024-01-05,completed,card
6078,789,2024-08-06,completed,wallet
6079,2315,2025-04-08,completed,wallet
6080,1362,2025-11-08,completed,wallet
6081,445,2025-08-27,completed,wallet
6082,68,2025-10-17,refunded,atm
6083,516,2024-07-04,completed,card
6084,2291,2025-06-09,completed,wallet
6085,1309,2025-12-31,completed,wallet
6086,1652,2025-08-22,completed,atm
6087,2358,2024-02-20,completed,card
6088,495,2025-01-14,completed,card
6089,1324,2025-12-04,completed,card
6090,2334,2024-10-06,completed,card
6091,1403,2025-07-14,completed,card
6092,1159,2024-07-14,completed,atm
6093,1175,2024-09-17,completed,card
6094,2391,2025-10-13,completed,atm
6095,2412,2025-01-15,completed,card
6096,1199,2025-02-10,completed,card
6097,2275,2024-06-19,completed,atm
6098,1233,2025-04-28,completed,atm
6099,809,2024-11-10,cancelled,card
6100,2477,2025-05-29,completed,atm
6101,448,2025-05-18,completed,atm
6102,1021,2025-01-13,completed,wallet
6103,1666,2024-12-09,completed,card
6104,2486,2024-12-06,refunded,wallet
6105,686,2024-07-02,completed,wallet
6106,1495,2024-06-13,completed,cod
6107,588,2025-03-03,completed,atm
6108,2235,2024-06-01,completed,card
6109,1517,2024-12-06,completed,atm
6110,174,2025-12-05,completed,card
6111,594,2025-05-25,completed,card
6112,1174,2025-06-03,completed,atm
6113,275,2025-04-07,completed,card
6114,1160,2025-01-10,completed,card
6115,1757,2024-04-29,completed,atm
6116,1568,2025-09-28,completed,card
6117,2366,2025-05-24,completed,card
6118,1108,2025-01-10,completed,card
6119,514,2025-07-12,completed,card
6120,603,2025-02-27,completed,card
6121,1359,2025-02-15,completed,card
6122,1072,2024-12-21,completed,card
6123,2457,2024-10-13,completed,card
6124,1908,2025-09-15,completed,card
6125,1806,2025-11-19,completed,card
6126,2458,2024-03-30,completed,card
6127,843,2024-05-28,completed,card
6128,474,2025-08-22,completed,atm
6129,2085,2024-02-11,completed,wallet
6130,695,2025-11-16,completed,card
6131,2106,2024-08-13,completed,atm
6132,539,2024-09-21,completed,card
6133,218,2024-07-01,completed,atm
6134,2200,2024-04-13,completed,wallet
6135,2334,2024-11-08,completed,wallet
6136,1683,2024-01-24,completed,card
6137,2018,2025-10-22,completed,wallet
6138,882,2024-10-18,completed,card
6139,2395,2025-07-14,completed,card
6140,992,2025-02-19,completed,cod
6141,1392,2025-08-24,completed,atm
6142,1895,2025-09-25,completed,card
6143,301,2024-03-11,completed,card
6144,2110,2024-10-26,completed,card
6145,1536,2025-05-18,completed,card
6146,1554,2025-02-21,completed,wallet
6147,2186,2024-10-07,completed,atm
6148,1164,2025-05-13,completed,cod
6149,129,2024-12-02,completed,atm
6150,105,2025-08-18,completed,atm
6151,2290,2024-01-16,refunded,cod
6152,2034,2024-01-11,completed,card
6153,2037,2025-11-04,completed,atm
6154,1689,2025-03-19,completed,wallet
6155,1270,2024-10-11,completed,card
6156,119,2024-04-06,completed,atm
6157,552,2025-03-01,completed,card
6158,614,2024-06-27,completed,card
6159,1889,2025-11-30,completed,wallet
6160,1377,2025-04-17,completed,card
6161,712,2025-01-05,completed,cod
6162,2472,2024-05-26,completed,atm
6163,567,2024-09-09,completed,wallet
6164,667,2024-12-11,completed,card
6165,2287,2025-12-16,completed,card
6166,1625,2024-08-04,completed,cod
6167,204,2024-02-01,completed,atm
6168,888,2025-04-17,completed,cod
6169,2223,2024-05-05,completed,card
6170,598,2025-01-01,completed,card
6171,849,2025-11-17,completed,atm
6172,988,2025-08-21,completed,card
6173,146,2024-01-09,completed,atm
6174,2179,2025-01-16,completed,atm
6175,2162,2025-05-23,completed,atm
6176,1312,2024-06-22,completed,card
6177,1732,2024-06-01,completed,card
6178,460,2025-10-14,completed,atm
6179,1006,2025-08-24,completed,card
6180,418,2025-11-22,completed,card
6181,455,2025-04-21,completed,card
6182,1863,2024-04-08,completed,card
6183,902,2025-12-27,completed,card
6184,1342,2025-06-23,completed,card
6185,52,2025-10-28,completed,atm
6186,1848,2024-01-24,completed,atm
6187,1251,2025-05-22,refunded,atm
6188,1718,2024-02-27,completed,card
6189,1035,2024-08-08,completed,card
6190,1729,2024-03-16,completed,atm
6191,214,2025-09-25,completed,card
6192,2256,2024-05-06,cancelled,card
6193,1234,2025-07-01,completed,card
6194,2074,2025-12-03,completed,card
6195,2215,2025-04-12,completed,card
6196,1615,2024-12-05,completed,cod
6197,24,2025-06-18,completed,wallet
6198,1879,2024-12-13,completed,wallet
6199,2246,2024-09-17,completed,atm
6200,1809,2024-05-01,completed,atm
6201,1434,2024-11-16,completed,card
6202,910,2024-01-04,completed,atm
6203,2261,2024-02-28,cancelled,card
6204,673,2024-07-11,completed,wallet
6205,2020,2024-01-02,completed,wallet
6206,765,2025-05-19,completed,card
6207,64,2025-01-18,completed,card
6208,1520,2024-11-04,completed,atm
6209,1984,2024-04-17,completed,card
6210,2339,2024-08-21,completed,card
6211,73,2025-12-16,completed,atm
6212,771,2024-03-26,completed,card
6213,105,2024-07-07,completed,wallet
6214,1164,2024-03-17,completed,atm
6215,1932,2024-01-23,completed,cod
6216,2033,2024-06-07,completed,card
6217,2357,2025-10-01,completed,card
6218,1637,2025-02-26,completed,card
6219,281,2025-10-17,refunded,card
6220,1440,2025-08-17,completed,cod
6221,634,2024-06-01,completed,card
6222,1015,2024-05-15,completed,card
6223,1872,2025-12-17,completed,card
6224,146,2024-07-28,cancelled,card
6225,2175,2025-05-07,completed,atm
6226,1586,2024-08-17,completed,card
6227,783,2025-03-05,completed,card
6228,117,2025-08-25,completed,card
6229,1019,2024-12-20,completed,card
6230,559,2025-08-06,completed,wallet
6231,1095,2024-02-14,completed,card
6232,1493,2025-11-15,completed,atm
6233,594,2025-12-18,completed,card
6234,1109,2024-11-12,completed,atm
6235,2157,2025-08-30,completed,card
6236,38,2024-11-19,completed,card
6237,2183,2024-03-01,completed,card
6238,194,2025-11-04,completed,cod
6239,140,2025-09-11,completed,card
6240,1863,2025-08-24,completed,card
6241,1935,2024-02-22,cancelled,card
6242,674,2025-04-12,completed,card
6243,1763,2025-02-02,completed,cod
6244,1121,2025-05-20,completed,atm
6245,745,2025-06-08,completed,wallet
6246,496,2025-05-30,completed,card
6247,667,2025-07-30,completed,card
6248,1538,2024-09-24,completed,atm
6249,1893,2025-12-26,completed,card
6250,1471,2025-04-22,completed,card
6251,1199,2024-04-26,completed,atm
6252,419,2025-12-10,completed,card
6253,606,2024-05-22,completed,card
6254,2491,2024-12-15,completed,cod
6255,1061,2024-04-10,completed,card
6256,868,2025-05-15,completed,card
6257,412,2025-05-22,completed,cod
6258,908,2025-04-01,completed,atm
6259,587,2024-12-10,completed,atm
6260,1219,2025-02-28,completed,card
6261,2005,2025-01-02,completed,card
6262,2083,2025-05-24,completed,cod
6263,1223,2024-04-14,completed,wallet
6264,1421,2024-06-23,cancelled,atm
6265,1149,2024-06-17,completed,atm
6266,386,2024-09-19,completed,card
6267,1715,2025-11-12,completed,atm
6268,153,2024-02-05,completed,atm
6269,783,2024-05-20,completed,atm
6270,380,2024-12-03,completed,atm
6271,1398,2024-03-19,completed,card
6272,73,2025-01-07,completed,card
6273,1005,2024-12-18,completed,card
6274,889,2025-04-29,completed,card
6275,2190,2024-09-27,completed,card
6276,240,2024-04-27,completed,wallet
6277,244,2024-10-09,completed,atm
6278,1835,2024-07-14,completed,cod
6279,558,2024-01-28,completed,card
6280,2246,2024-11-22,completed,card
6281,2083,2025-04-16,completed,wallet
6282,809,2025-06-05,completed,atm
6283,1539,2024-01-06,completed,atm
6284,111,2025-08-30,completed,card
6285,754,2024-02-22,completed,card
6286,2263,2024-12-13,cancelled,wallet
6287,1682,2025-07-14,completed,card
6288,1288,2024-10-13,completed,atm
6289,835,2025-12-29,completed,card
6290,1647,2024-03-05,completed,card
6291,1336,2025-08-27,completed,atm
6292,1144,2025-08-31,completed,atm
6293,1293,2025-02-01,completed,atm
6294,273,2025-06-10,completed,cod
6295,1919,2025-04-12,completed,atm
6296,321,2024-03-13,completed,atm
6297,1850,2024-07-10,completed,atm
6298,2023,2024-03-14,completed,card
6299,2200,2025-11-18,cancelled,card
6300,2278,2024-01-10,completed,card
6301,703,2025-10-12,completed,card
6302,2291,2025-09-21,completed,card
6303,1927,2025-06-29,completed,cod
6304,132,2025-03-07,completed,cod
6305,1482,2025-02-06,completed,card
6306,360,2024-10-07,completed,card
6307,1256,2024-09-07,completed,card
6308,1828,2025-11-03,refunded,card
6309,144,2024-07-06,completed,atm
6310,2416,2025-10-17,completed,card
6311,2367,2024-03-06,completed,card
6312,603,2025-08-09,completed,card
6313,1820,2025-04-26,completed,card
6314,1186,2025-02-12,completed,card
6315,2442,2025-08-16,completed,atm
6316,1709,2024-03-25,completed,wallet
6317,41,2025-07-04,completed,card
6318,2248,2024-03-03,completed,card
6319,674,2024-02-11,completed,card
6320,227,2024-02-09,cancelled,atm
6321,1612,2025-09-27,completed,atm
6322,1152,2025-10-15,completed,wallet
6323,981,2024-05-31,completed,card
6324,2104,2025-06-19,completed,atm
6325,2452,2024-06-06,completed,card
6326,2347,2025-10-19,completed,card
6327,308,2024-08-31,completed,card
6328,158,2025-06-12,completed,card
6329,9,2025-07-16,completed,atm
6330,508,2024-02-03,completed,card
6331,1796,2024-01-09,completed,card
6332,1422,2025-03-28,completed,atm
6333,162,2025-11-21,completed,card
6334,2334,2024-02-18,completed,card
6335,18,2024-03-25,completed,card
6336,2351,2025-05-24,completed,atm
6337,2208,2025-10-22,completed,atm
6338,795,2024-03-04,completed,atm
6339,752,2024-10-27,completed,wallet
6340,1051,2025-06-12,completed,cod
6341,2269,2024-10-28,completed,atm
6342,1117,2025-04-13,cancelled,wallet
6343,1842,2024-02-20,refunded,card
6344,301,2025-02-13,completed,card
6345,823,2024-03-12,cancelled,card
6346,2104,2024-09-27,completed,cod
6347,2034,2024-05-28,completed,wallet
6348,779,2024-10-28,completed,atm
6349,1994,2025-10-14,completed,card
6350,182,2025-10-25,completed,card
6351,896,2024-05-13,completed,card
6352,532,2025-03-15,completed,card
6353,575,2024-06-03,completed,cod
6354,1934,2024-12-27,completed,wallet
6355,1869,2024-11-13,completed,card
6356,1467,2025-09-21,completed,atm
6357,1055,2025-07-29,completed,atm
6358,442,2025-03-18,completed,card
6359,1966,2025-01-27,completed,card
6360,275,2024-04-20,completed,cod
6361,1782,2024-08-04,completed,card
6362,719,2024-08-30,completed,card
6363,1073,2024-02-09,cancelled,card
6364,2493,2025-04-16,completed,cod
6365,497,2024-09-23,completed,atm
6366,30,2025-07-11,completed,cod
6367,1587,2025-11-18,completed,card
6368,1432,2025-10-19,completed,card
6369,1552,2025-02-05,completed,wallet
6370,949,2024-06-05,completed,atm
6371,1282,2025-12-11,completed,card
6372,2221,2024-01-18,completed,card
6373,2213,2025-06-29,completed,wallet
6374,1180,2025-08-19,completed,card
6375,1890,2025-03-14,completed,card
6376,2023,2024-06-14,completed,card
6377,527,2024-02-28,completed,wallet
6378,1935,2024-12-02,completed,wallet
6379,1471,2025-10-19,completed,card
6380,2391,2024-09-28,cancelled,wallet
6381,1161,2024-12-19,completed,card
6382,707,2025-01-28,completed,card
6383,779,2025-01-26,completed,card
6384,2412,2025-01-18,completed,card
6385,165,2025-10-06,completed,card
6386,740,2024-08-04,completed,wallet
6387,2310,2024-03-03,completed,card
6388,2098,2024-06-30,completed,atm
6389,2084,2025-11-05,completed,atm
6390,1479,2025-09-26,completed,wallet
6391,712,2024-05-07,completed,card
6392,2499,2024-08-05,completed,wallet
6393,551,2024-07-16,completed,card
6394,1438,2025-10-03,completed,cod
6395,1659,2025-05-29,completed,wallet
6396,1812,2025-08-29,completed,card
6397,2394,2024-05-07,completed,atm
6398,1239,2024-11-05,completed,card
6399,1123,2024-05-28,completed,card
6400,1406,2024-02-29,completed,wallet
6401,2375,2024-10-28,completed,wallet
6402,869,2024-11-24,completed,card
6403,549,2024-06-02,completed,card
6404,1943,2024-09-08,cancelled,card
6405,870,2024-11-19,completed,card
6406,346,2024-11-07,completed,wallet
6407,1002,2025-08-05,completed,card
6408,1603,2024-12-15,completed,card
6409,350,2025-10-19,completed,card
6410,453,2025-01-31,completed,card
6411,833,2024-05-13,completed,card
6412,390,2025-03-16,completed,atm
6413,2298,2024-06-12,completed,card
6414,2038,2024-12-31,completed,wallet
6415,899,2025-03-20,refunded,atm
6416,390,2025-03-12,completed,atm
6417,1060,2025-03-09,completed,card
6418,954,2025-10-07,completed,card
6419,667,2025-10-07,completed,cod
6420,456,2025-04-06,cancelled,cod
6421,654,2025-04-24,completed,atm
6422,989,2024-11-08,completed,atm
6423,1643,2025-09-16,completed,atm
6424,1506,2024-01-14,completed,card
6425,2239,2025-06-07,completed,atm
6426,2067,2025-02-12,completed,atm
6427,2324,2025-05-12,completed,wallet
6428,2484,2024-09-27,completed,card
6429,2480,2024-04-26,completed,card
6430,904,2025-01-20,completed,card
6431,1526,2025-06-12,completed,card
6432,2442,2024-08-25,completed,card
6433,1752,2024-03-16,completed,atm
6434,2148,2025-04-15,completed,cod
6435,869,2024-03-30,cancelled,card
6436,1262,2024-01-04,completed,card
6437,2026,2025-12-22,completed,atm
6438,473,2025-09-14,completed,atm
6439,73,2024-07-19,completed,card
6440,1310,2025-01-23,completed,card
6441,1599,2025-05-18,completed,card
6442,1651,2025-02-08,completed,card
6443,117,2024-01-15,completed,card
6444,1575,2024-09-17,completed,wallet
6445,1034,2025-07-14,completed,atm
6446,1638,2024-10-29,completed,atm
6447,2429,2024-09-11,completed,card
6448,153,2024-12-11,completed,card
6449,219,2025-03-03,completed,atm
6450,1495,2024-09-09,completed,card
6451,1667,2025-06-18,completed,card
6452,1358,2025-04-02,completed,card
6453,807,2024-07-02,completed,card
6454,2087,2024-11-26,completed,atm
6455,1077,2024-08-16,completed,atm
6456,1723,2025-03-05,completed,card
6457,1322,2024-06-18,completed,card
6458,265,2024-05-22,completed,card
6459,2085,2024-12-27,completed,card
6460,86,2024-06-04,refunded,wallet
6461,1756,2025-06-27,completed,card
6462,69,2025-10-23,completed,wallet
6463,1854,2024-02-11,completed,wallet
6464,2376,2025-10-20,completed,card
6465,2108,2025-08-02,completed,card
6466,1997,2024-06-05,completed,card
6467,2242,2024-11-03,completed,card
6468,1805,2024-11-04,completed,card
6469,1181,2024-01-11,completed,card
6470,932,2024-01-08,completed,atm
6471,1896,2024-04-09,cancelled,wallet
6472,1401,2025-11-14,completed,atm
6473,1242,2025-12-06,completed,card
6474,1331,2024-08-25,completed,cod
6475,1705,2025-06-03,completed,card
6476,2,2024-09-15,completed,cod
6477,495,2025-05-18,completed,card
6478,1821,2025-07-16,completed,atm
6479,759,2024-04-09,completed,card
6480,1200,2025-07-08,completed,atm
6481,946,2025-08-12,completed,card
6482,1695,2025-09-02,completed,card
6483,1081,2025-08-28,completed,wallet
6484,559,2025-08-17,completed,card
6485,957,2024-08-15,completed,card
6486,2377,2025-12-23,completed,card
6487,1530,2025-01-25,completed,wallet
6488,297,2024-02-29,completed,card
6489,15,2025-04-20,completed,card
6490,221,2024-05-09,completed,wallet
6491,451,2025-05-07,completed,atm
6492,66,2025-02-16,completed,card
6493,1660,2024-07-01,completed,cod
6494,2247,2025-07-07,completed,card
6495,730,2025-02-01,completed,card
6496,2309,2024-07-07,refunded,card
6497,1149,2025-11-21,completed,atm
6498,2074,2025-12-27,completed,wallet
6499,1094,2024-02-24,completed,atm
6500,792,2024-06-26,completed,card
6501,1132,2025-03-10,completed,card
6502,2160,2024-02-26,completed,atm
6503,1301,2025-06-28,completed,atm
6504,1806,2025-09-05,completed,wallet
6505,98,2025-07-11,completed,wallet
6506,2160,2024-07-16,completed,cod
6507,1046,2025-12-09,completed,card
6508,991,2025-11-24,completed,cod
6509,859,2025-04-06,completed,card
6510,1348,2024-05-11,completed,atm
6511,184,2025-11-22,completed,card
6512,2293,2025-04-24,completed,card
6513,2161,2024-05-12,completed,card
6514,432,2025-07-13,completed,card
6515,1307,2024-04-06,completed,card
6516,169,2025-04-09,completed,card
6517,1933,2024-06-16,completed,cod
6518,1955,2024-12-19,completed,atm
6519,304,2025-07-07,completed,card
6520,306,2024-08-31,completed,card
6521,450,2024-09-07,completed,wallet
6522,1816,2025-07-08,completed,cod
6523,1500,2025-05-28,completed,cod
6524,2285,2025-07-07,completed,card
6525,389,2025-08-31,completed,atm
6526,2098,2024-05-29,completed,wallet
6527,2045,2025-02-04,completed,wallet
6528,147,2024-10-24,completed,wallet
6529,270,2025-03-05,completed,atm
6530,71,2025-12-10,completed,card
6531,2161,2024-03-30,completed,wallet
6532,1157,2025-02-18,completed,cod
6533,858,2024-01-19,completed,atm
6534,596,2025-07-26,completed,card
6535,157,2025-12-11,completed,atm
6536,524,2025-04-24,completed,wallet
6537,1823,2024-01-08,completed,cod
6538,1625,2025-06-16,completed,atm
6539,1330,2025-02-14,completed,card
6540,652,2025-07-18,completed,cod
6541,2118,2025-11-16,refunded,cod
6542,1665,2024-01-12,cancelled,card
6543,789,2024-11-03,completed,card
6544,582,2024-06-05,completed,wallet
6545,2415,2025-09-10,completed,card
6546,2118,2025-03-02,completed,card
6547,1101,2024-12-16,completed,card
6548,1117,2025-09-06,completed,wallet
6549,2092,2024-03-09,completed,wallet
6550,1118,2024-01-18,completed,card
6551,1029,2025-12-19,completed,card
6552,900,2025-03-03,cancelled,card
6553,181,2024-09-10,cancelled,atm
6554,2149,2025-05-21,completed,card
6555,1016,2024-10-22,cancelled,wallet
6556,1244,2025-12-21,completed,wallet
6557,538,2025-12-22,completed,atm
6558,1622,2024-08-25,cancelled,wallet
6559,2353,2025-08-23,completed,atm
6560,2340,2025-10-01,completed,card
6561,2335,2024-05-15,completed,card
6562,970,2024-04-06,completed,card
6563,1668,2025-01-01,completed,wallet
6564,890,2025-11-30,completed,atm
6565,1691,2024-03-28,completed,card
6566,333,2025-09-23,completed,card
6567,1883,2025-07-21,cancelled,card
6568,1630,2025-11-14,completed,card
6569,2423,2025-01-27,completed,atm
6570,815,2024-01-21,completed,wallet
6571,1579,2024-05-29,completed,atm
6572,2352,2025-03-30,completed,card
6573,1402,2024-11-08,completed,wallet
6574,770,2024-12-22,cancelled,card
6575,1530,2024-02-25,completed,card
6576,170,2024-02-08,cancelled,card
6577,1278,2024-06-15,completed,cod
6578,33,2024-02-23,completed,wallet
6579,794,2025-11-02,completed,card
6580,1189,2025-10-10,completed,wallet
6581,2420,2024-01-03,completed,atm
6582,2423,2024-01-20,completed,card
6583,730,2024-02-29,completed,wallet
6584,1149,2025-07-28,completed,atm
6585,2093,2025-09-13,completed,card
6586,310,2024-11-28,completed,wallet
6587,2373,2025-05-13,completed,wallet
6588,382,2025-08-11,completed,card
6589,601,2024-12-10,completed,atm
6590,494,2024-12-20,completed,cod
6591,2051,2024-12-28,completed,card
6592,434,2025-09-16,completed,wallet
6593,372,2024-12-03,completed,wallet
6594,595,2024-09-12,completed,card
6595,703,2025-05-01,completed,atm
6596,57,2025-04-04,completed,atm
6597,64,2024-08-17,completed,atm
6598,1438,2025-02-22,completed,card
6599,154,2025-01-22,completed,card
6600,1546,2024-03-05,completed,card
6601,182,2024-09-17,completed,card
6602,1147,2025-06-14,completed,card
6603,2279,2024-02-28,completed,card
6604,2108,2025-07-31,completed,card
6605,1608,2024-01-31,completed,card
6606,1700,2025-12-07,completed,card
6607,1500,2025-03-17,completed,wallet
6608,853,2025-05-19,completed,wallet
6609,1202,2024-06-02,completed,wallet
6610,26,2024-04-09,completed,atm
6611,466,2025-03-16,completed,card
6612,1464,2025-10-02,completed,atm
6613,108,2025-05-14,completed,atm
6614,31,2025-07-01,completed,wallet
6615,1814,2024-05-10,completed,atm
6616,1998,2024-10-26,completed,atm
6617,2349,2025-01-22,completed,wallet
6618,2013,2024-04-16,completed,card
6619,336,2024-02-02,completed,card
6620,2391,2024-08-02,completed,cod
6621,1829,2024-04-30,completed,atm
6622,1222,2024-11-09,refunded,card
6623,858,2025-04-29,completed,card
6624,1998,2025-08-09,completed,atm
6625,16,2025-11-12,completed,wallet
6626,2008,2024-09-26,completed,cod
6627,1965,2025-05-01,completed,card
6628,1577,2024-07-12,completed,card
6629,1149,2025-06-15,completed,atm
6630,2299,2025-09-28,completed,card
6631,2387,2024-06-28,completed,cod
6632,1056,2024-07-31,completed,card
6633,1199,2025-05-03,completed,atm
6634,280,2024-01-17,completed,atm
6635,1925,2025-08-03,completed,wallet
6636,53,2024-01-04,completed,card
6637,241,2024-09-30,completed,card
6638,1175,2025-02-13,completed,card
6639,1534,2024-02-22,completed,card
6640,564,2025-01-10,completed,card
6641,2378,2024-06-29,completed,card
6642,1332,2025-10-09,completed,atm
6643,498,2024-05-27,completed,card
6644,2199,2024-03-20,completed,cod
6645,6,2025-08-18,completed,atm
6646,415,2025-01-17,completed,card
6647,401,2025-05-21,completed,card
6648,575,2024-11-15,completed,cod
6649,654,2025-04-14,completed,card
6650,1619,2025-01-05,completed,card
6651,120,2024-01-17,completed,card
6652,2160,2024-08-04,completed,cod
6653,1024,2024-09-12,completed,cod
6654,707,2024-11-07,completed,atm
6655,820,2025-10-12,completed,atm
6656,206,2025-08-28,completed,card
6657,1160,2025-09-12,completed,cod
6658,2197,2024-01-14,completed,card
6659,38,2024-12-04,completed,wallet
6660,1206,2024-04-14,completed,wallet
6661,1026,2025-07-28,completed,card
6662,234,2024-11-27,refunded,card
6663,2372,2025-09-13,completed,card
6664,744,2025-03-14,completed,atm
6665,998,2024-05-26,completed,wallet
6666,1227,2024-03-30,completed,atm
6667,197,2025-06-18,completed,card
6668,281,2024-11-16,completed,wallet
6669,1782,2024-02-09,completed,atm
6670,441,2025-01-02,refunded,atm
6671,1170,2025-03-02,completed,cod
6672,2412,2025-01-10,cancelled,atm
6673,1845,2024-06-05,completed,cod
6674,2214,2024-07-22,completed,cod
6675,558,2025-03-10,completed,wallet
6676,2292,2025-02-01,completed,wallet
6677,1960,2024-01-07,completed,atm
6678,984,2024-04-27,completed,cod
6679,1508,2025-09-05,completed,card
6680,1475,2024-11-04,completed,wallet
6681,1120,2025-02-15,completed,card
6682,835,2024-08-18,completed,wallet
6683,487,2024-06-23,completed,card
6684,1984,2024-11-20,completed,card
6685,2234,2025-08-19,cancelled,card
6686,1425,2024-07-16,completed,cod
6687,1589,2024-09-02,completed,card
6688,1829,2025-12-05,completed,card
6689,1628,2024-02-15,completed,atm
6690,1347,2025-03-09,completed,card
6691,1237,2024-03-05,completed,card
6692,1074,2024-12-06,completed,card
6693,903,2025-04-10,completed,atm
6694,1346,2025-09-22,completed,card
6695,992,2024-03-23,completed,card
6696,1783,2025-02-01,completed,atm
6697,557,2024-11-06,completed,atm
6698,339,2025-02-18,completed,atm
6699,595,2025-12-21,completed,card
6700,659,2024-04-21,completed,cod
6701,2498,2024-11-16,completed,card
6702,1242,2024-10-31,completed,wallet
6703,1639,2024-06-15,completed,card
6704,177,2024-01-18,completed,card
6705,2361,2025-01-18,completed,card
6706,1615,2025-04-19,completed,cod
6707,2386,2025-07-12,completed,card
6708,2265,2024-07-23,completed,card
6709,2485,2025-01-23,completed,card
6710,1659,2024-02-23,completed,atm
6711,1153,2025-07-03,completed,card
6712,1998,2025-12-04,completed,cod
6713,1716,2025-12-04,completed,card
6714,4,2025-11-02,completed,cod
6715,1625,2024-05-29,completed,card
6716,1573,2025-06-19,refunded,card
6717,571,2024-01-01,completed,atm
6718,284,2024-01-11,completed,card
6719,443,2025-06-25,completed,card
6720,2273,2024-12-13,completed,card
6721,793,2025-04-22,completed,card
6722,738,2024-02-06,completed,card
6723,1604,2024-12-29,completed,atm
6724,2224,2024-12-11,refunded,card
6725,951,2024-01-13,completed,cod
6726,1641,2024-02-20,completed,card
6727,1004,2025-03-22,completed,atm
6728,540,2025-07-25,completed,atm
6729,1846,2024-07-26,completed,card
6730,1818,2024-06-25,completed,card
6731,411,2024-10-03,completed,card
6732,2408,2025-07-11,completed,card
6733,844,2025-01-05,completed,card
6734,337,2025-12-28,completed,card
6735,997,2025-05-18,refunded,card
6736,1291,2024-04-27,completed,card
6737,896,2024-07-17,completed,wallet
6738,1740,2025-09-26,completed,cod
6739,781,2024-07-29,completed,card
6740,897,2025-08-01,completed,card
6741,2384,2025-07-16,completed,card
6742,2173,2024-03-24,completed,card
6743,1146,2024-07-26,cancelled,wallet
6744,1791,2025-04-19,completed,card
6745,111,2024-11-25,completed,card
6746,555,2025-10-06,completed,wallet
6747,450,2024-10-03,completed,atm
6748,584,2024-08-21,completed,card
6749,2026,2025-12-14,completed,card
6750,1361,2025-09-17,completed,atm
6751,1499,2025-10-11,completed,card
6752,803,2024-04-29,completed,atm
6753,1805,2024-03-05,completed,card
6754,718,2024-04-23,completed,atm
6755,1689,2024-01-18,completed,atm
6756,6,2025-12-20,completed,card
6757,1844,2024-05-02,completed,wallet
6758,566,2025-02-11,completed,card
6759,212,2025-11-25,completed,atm
6760,2334,2024-08-01,completed,card
6761,1107,2024-07-22,cancelled,card
6762,1257,2025-01-21,completed,card
6763,837,2025-08-24,completed,card
6764,977,2024-02-16,completed,card
6765,1182,2025-02-05,completed,card
6766,1320,2024-03-19,cancelled,card
6767,2083,2025-03-27,completed,wallet
6768,1363,2025-01-20,completed,cod
6769,2222,2024-09-04,cancelled,atm
6770,2340,2024-11-13,completed,atm
6771,1790,2025-11-09,completed,card
6772,1835,2025-02-11,completed,cod
6773,1764,2025-09-09,completed,card
6774,376,2025-06-16,completed,atm
6775,2386,2025-12-06,completed,wallet
6776,461,2024-05-13,completed,card
6777,1888,2025-12-26,completed,card
6778,679,2024-03-28,completed,atm
6779,1985,2024-08-27,completed,card
6780,9,2024-12-27,completed,atm
6781,816,2025-06-07,completed,cod
6782,623,2025-09-16,completed,wallet
6783,1369,2024-02-26,completed,card
6784,1335,2024-09-06,completed,atm
6785,1874,2025-07-11,completed,atm
6786,1011,2024-08-18,completed,atm
6787,1766,2024-02-23,completed,card
6788,503,2024-07-19,completed,card
6789,780,2024-04-02,completed,cod
6790,2454,2025-08-06,completed,wallet
6791,1859,2024-05-22,completed,atm
6792,155,2025-03-15,completed,cod
6793,131,2025-06-20,completed,card
6794,17,2025-03-22,completed,card
6795,763,2024-07-12,completed,card
6796,186,2025-04-28,completed,card
6797,709,2025-08-20,completed,card
6798,1528,2024-11-24,completed,cod
6799,730,2024-06-16,completed,cod
6800,145,2025-08-21,completed,card
6801,541,2025-07-18,completed,card
6802,221,2024-09-05,refunded,wallet
6803,1921,2024-10-26,completed,atm
6804,1841,2024-08-08,completed,card
6805,1327,2025-08-09,completed,card
6806,1808,2024-06-29,completed,atm
6807,659,2025-05-09,completed,wallet
6808,1441,2025-03-20,completed,card
6809,564,2025-12-14,completed,atm
6810,2370,2025-04-11,cancelled,card
6811,2010,2024-12-13,completed,card
6812,407,2025-11-27,completed,card
6813,794,2024-03-06,completed,card
6814,2155,2024-03-26,completed,cod
6815,517,2025-07-08,completed,cod
6816,692,2024-02-16,completed,atm
6817,1088,2024-01-28,completed,card
6818,260,2025-03-26,completed,card
6819,1767,2024-12-10,completed,cod
6820,2106,2024-10-24,completed,atm
6821,241,2025-06-16,completed,wallet
6822,673,2025-08-02,completed,atm
6823,1368,2025-10-28,completed,wallet
6824,1359,2024-10-21,completed,atm
6825,1989,2024-06-14,completed,cod
6826,2332,2025-08-31,completed,card
6827,788,2025-05-02,completed,cod
6828,1477,2025-08-07,completed,card
6829,157,2025-08-20,completed,card
6830,494,2024-09-08,completed,card
6831,1179,2024-09-13,completed,cod
6832,997,2025-02-06,completed,card
6833,305,2024-09-25,completed,card
6834,2275,2024-10-06,completed,wallet
6835,135,2025-07-16,completed,card
6836,777,2024-07-15,completed,atm
6837,423,2024-07-12,completed,cod
6838,1192,2025-12-29,completed,card
6839,1434,2025-02-13,completed,atm
6840,12,2025-08-14,completed,atm
6841,2022,2025-10-27,completed,wallet
6842,1220,2025-03-01,cancelled,card
6843,1045,2024-05-13,completed,cod
6844,1985,2025-08-04,completed,card
6845,391,2024-05-16,completed,card
6846,169,2025-12-08,completed,wallet
6847,2287,2025-12-13,completed,cod
6848,1296,2025-03-05,completed,wallet
6849,798,2024-04-12,completed,atm
6850,1803,2024-03-05,completed,atm
6851,2399,2025-11-04,completed,cod
6852,509,2025-06-30,completed,card
6853,456,2024-02-08,completed,cod
6854,1379,2025-07-12,completed,wallet
6855,962,2025-03-07,completed,card
6856,1011,2025-06-18,completed,atm
6857,568,2025-08-23,completed,atm
6858,1357,2025-07-24,completed,cod
6859,793,2024-10-14,completed,wallet
6860,1609,2024-02-03,completed,atm
6861,1776,2025-08-15,completed,wallet
6862,1548,2024-07-12,completed,card
6863,1927,2025-02-19,completed,atm
6864,1696,2024-08-15,completed,card
6865,810,2025-08-20,completed,card
6866,2231,2025-03-02,completed,wallet
6867,1216,2024-08-21,completed,cod
6868,1701,2025-03-29,completed,card
6869,127,2025-01-21,completed,atm
6870,1276,2024-11-26,completed,atm
6871,709,2024-02-21,completed,card
6872,1155,2024-01-02,completed,card
6873,2438,2024-05-31,completed,card
6874,1863,2025-01-12,completed,atm
6875,760,2025-02-12,refunded,atm
6876,710,2025-06-08,completed,card
6877,1408,2025-09-04,completed,atm
6878,1407,2025-08-22,completed,card
6879,556,2024-06-09,completed,atm
6880,1305,2024-02-01,completed,wallet
6881,434,2024-05-05,completed,cod
6882,2288,2025-06-04,completed,atm
6883,118,2024-12-01,completed,card
6884,738,2024-12-29,completed,atm
6885,1836,2025-08-01,completed,atm
6886,1825,2024-10-23,completed,atm
6887,726,2025-12-06,completed,wallet
6888,1165,2024-09-23,completed,card
6889,2174,2025-02-01,completed,card
6890,2144,2025-04-12,completed,atm
6891,1342,2025-01-06,completed,card
6892,1141,2024-09-29,completed,atm
6893,522,2024-02-17,completed,atm
6894,2024,2025-12-21,completed,card
6895,2050,2024-08-08,completed,atm
6896,240,2024-12-19,completed,card
6897,2091,2024-11-18,completed,card
6898,993,2025-08-27,completed,wallet
6899,1671,2025-07-17,completed,wallet
6900,2221,2024-08-12,completed,atm
6901,489,2025-06-07,completed,card
6902,950,2024-08-21,cancelled,cod
6903,368,2024-03-24,completed,card
6904,1530,2024-06-03,cancelled,card
6905,317,2025-06-13,completed,atm
6906,1690,2025-06-14,completed,cod
6907,1717,2024-04-30,completed,card
6908,199,2024-04-05,completed,card
6909,535,2024-07-07,completed,atm
6910,34,2024-04-23,completed,wallet
6911,115,2024-07-08,completed,atm
6912,1400,2025-08-24,completed,card
6913,1378,2024-08-04,completed,atm
6914,2188,2024-11-03,completed,card
6915,522,2024-11-13,completed,wallet
6916,365,2025-06-13,completed,atm
6917,555,2025-01-04,completed,card
6918,40,2025-10-17,completed,atm
6919,2022,2024-01-01,completed,card
6920,428,2024-06-07,completed,card
6921,629,2025-08-04,completed,card
6922,45,2025-12-01,completed,card
6923,2390,2025-03-26,completed,atm
6924,211,2024-11-05,completed,cod
6925,45,2024-12-09,completed,card
6926,652,2025-11-23,completed,wallet
6927,281,2025-07-17,completed,cod
6928,646,2025-06-18,completed,wallet
6929,1651,2025-10-12,completed,card
6930,1184,2025-05-09,completed,wallet
6931,1165,2025-08-18,completed,card
6932,62,2024-06-24,cancelled,wallet
6933,110,2025-08-10,completed,atm
6934,1755,2024-12-16,completed,card
6935,698,2025-04-12,completed,atm
6936,548,2024-06-15,completed,card
6937,2176,2025-12-28,completed,card
6938,2344,2025-10-24,completed,card
6939,375,2024-01-17,completed,atm
6940,1359,2025-04-26,completed,card
6941,456,2024-06-06,cancelled,atm
6942,1854,2024-05-20,completed,atm
6943,1914,2025-09-17,completed,card
6944,1218,2025-10-18,completed,card
6945,3,2025-06-28,completed,card
6946,268,2025-03-11,completed,card
6947,638,2025-10-23,completed,card
6948,617,2024-11-11,completed,atm
6949,354,2024-05-12,completed,card
6950,586,2024-03-01,completed,wallet
6951,206,2024-09-09,completed,card
6952,1957,2024-08-24,completed,wallet
6953,745,2024-04-19,completed,wallet
6954,2224,2024-11-12,completed,wallet
6955,1828,2024-09-18,completed,wallet
6956,1954,2025-07-05,cancelled,card
6957,2357,2025-05-11,completed,atm
6958,1998,2024-08-07,completed,atm
6959,1537,2025-04-02,completed,card
6960,593,2024-10-14,cancelled,wallet
6961,15,2024-08-07,cancelled,wallet
6962,742,2025-03-16,completed,wallet
6963,1990,2025-09-06,completed,card
6964,1599,2024-01-10,completed,atm
6965,221,2025-11-05,completed,wallet
6966,2056,2024-03-13,completed,card
6967,1072,2025-09-12,completed,atm
6968,2334,2024-05-30,completed,card
6969,1128,2024-09-21,completed,card
6970,2010,2024-10-26,completed,card
6971,393,2024-01-12,cancelled,card
6972,2354,2024-06-18,completed,card
6973,107,2024-11-06,completed,atm
6974,2290,2024-10-08,completed,atm
6975,481,2024-12-17,completed,cod
6976,1160,2025-05-29,completed,card
6977,2022,2024-10-14,cancelled,atm
6978,889,2025-09-06,completed,card
6979,2009,2024-04-23,completed,wallet
6980,871,2025-09-13,completed,card
6981,1126,2024-01-10,completed,atm
6982,2145,2024-11-28,completed,card
6983,2031,2025-05-31,cancelled,atm
6984,1973,2024-09-09,completed,atm
6985,1102,2025-09-27,completed,card
6986,244,2025-11-05,completed,atm
6987,1038,2025-10-23,completed,card
6988,2391,2025-02-28,completed,card
6989,421,2024-04-18,completed,cod
6990,1407,2025-10-03,completed,cod
6991,275,2024-08-02,completed,cod
6992,1692,2025-08-12,completed,card
6993,2174,2024-03-29,completed,card
6994,2116,2024-11-05,completed,card
6995,1524,2025-12-07,completed,atm
6996,555,2024-03-29,completed,card
6997,2253,2025-12-25,completed,card
6998,1188,2024-12-12,completed,wallet
6999,652,2024-12-09,completed,cod
7000,2223,2024-04-25,completed,card
7001,1690,2025-10-24,completed,card
7002,432,2025-07-22,completed,card
7003,500,2024-05-21,cancelled,wallet
7004,2115,2025-02-03,cancelled,card
7005,625,2025-06-21,completed,card
7006,2250,2024-10-26,completed,card
7007,308,2024-12-01,cancelled,atm
7008,951,2025-12-14,completed,card
7009,1209,2024-12-03,completed,card
7010,1204,2024-05-19,completed,card
7011,1913,2024-12-26,completed,wallet
7012,2014,2024-03-25,cancelled,card
7013,787,2024-06-17,completed,card
7014,2210,2025-01-01,cancelled,card
7015,675,2024-01-12,completed,card
7016,574,2024-02-23,completed,wallet
7017,1216,2024-11-21,completed,card
7018,355,2025-03-03,completed,card
7019,25,2024-04-03,completed,atm
7020,993,2025-12-21,completed,card
7021,452,2024-07-07,completed,wallet
7022,2393,2024-02-29,completed,cod
7023,459,2025-01-15,completed,wallet
7024,1690,2025-06-17,completed,atm
7025,1382,2025-02-08,completed,card
7026,1982,2024-05-27,completed,atm
7027,1347,2025-12-14,completed,atm
7028,1343,2024-12-05,completed,atm
7029,1126,2024-04-17,completed,cod
7030,765,2024-11-14,completed,card
7031,2420,2025-06-11,completed,card
7032,1765,2024-10-12,completed,wallet
7033,1387,2025-04-23,completed,cod
7034,2346,2024-11-21,completed,card
7035,2103,2024-08-10,completed,card
7036,1172,2024-03-15,completed,card
7037,2348,2024-01-13,completed,card
7038,2196,2025-11-13,completed,cod
7039,277,2025-10-26,completed,card
7040,93,2025-09-25,completed,card
7041,2305,2024-02-04,completed,cod
7042,1057,2025-06-25,completed,wallet
7043,5,2024-05-30,completed,cod
7044,1473,2024-08-17,completed,cod
7045,1223,2024-01-28,completed,atm
7046,2103,2025-06-24,completed,cod
7047,377,2024-08-13,completed,atm
7048,1401,2025-10-08,completed,atm
7049,13,2024-08-03,completed,cod
7050,858,2024-12-21,completed,card
7051,1577,2024-03-02,completed,wallet
7052,972,2024-02-23,completed,cod
7053,1728,2025-02-03,refunded,card
7054,1560,2025-06-22,completed,cod
7055,2236,2025-06-13,completed,card
7056,655,2025-04-04,completed,card
7057,794,2024-07-04,completed,wallet
7058,491,2025-03-11,completed,card
7059,2260,2024-05-27,completed,card
7060,1282,2025-05-13,completed,atm
7061,946,2024-12-07,completed,card
7062,682,2024-08-16,completed,wallet
7063,1481,2025-04-30,completed,card
7064,36,2024-06-23,completed,atm
7065,540,2024-11-23,completed,card
7066,913,2024-08-11,completed,atm
7067,1784,2025-10-27,completed,cod
7068,2186,2025-10-09,completed,card
7069,736,2025-06-09,completed,card
7070,2350,2024-10-11,completed,card
7071,252,2024-05-25,completed,card
7072,1415,2024-06-17,completed,card
7073,1499,2024-03-14,cancelled,wallet
7074,1605,2024-06-02,completed,wallet
7075,194,2024-03-26,completed,card
7076,5,2025-02-16,completed,atm
7077,2360,2024-08-17,completed,wallet
7078,903,2025-06-23,completed,card
7079,624,2024-01-30,completed,card
7080,1502,2025-10-18,refunded,card
7081,1925,2025-07-26,completed,wallet
7082,1442,2025-05-09,completed,wallet
7083,1888,2024-09-19,completed,card
7084,888,2024-09-18,completed,wallet
7085,920,2024-03-29,completed,card
7086,1071,2024-06-25,completed,atm
7087,2036,2025-03-06,completed,card
7088,1937,2024-08-10,completed,atm
7089,1642,2025-05-23,completed,atm
7090,461,2025-08-08,completed,card
7091,24,2024-11-23,completed,card
7092,2036,2025-04-28,completed,atm
7093,1865,2025-03-02,completed,atm
7094,1983,2024-05-30,completed,wallet
7095,1037,2025-01-07,cancelled,card
7096,1000,2025-01-14,completed,cod
7097,1346,2025-09-03,completed,card
7098,715,2025-01-17,completed,atm
7099,547,2025-03-24,completed,wallet
7100,1965,2024-09-19,completed,wallet
7101,1219,2024-01-07,completed,card
7102,283,2024-08-29,completed,atm
7103,1933,2024-04-30,completed,wallet
7104,1813,2024-10-09,refunded,atm
7105,678,2024-09-28,completed,card
7106,220,2024-01-21,completed,cod
7107,281,2024-01-04,completed,cod
7108,1245,2025-05-20,completed,card
7109,1276,2025-03-26,completed,atm
7110,680,2024-03-23,completed,atm
7111,2314,2024-01-14,completed,card
7112,441,2024-10-26,completed,atm
7113,1759,2024-09-07,completed,card
7114,663,2024-04-16,completed,card
7115,1804,2025-09-18,completed,atm
7116,2486,2024-06-08,completed,card
7117,1742,2024-04-23,completed,atm
7118,900,2025-04-29,completed,wallet
7119,846,2025-09-27,refunded,wallet
7120,191,2025-03-19,completed,card
7121,1919,2025-04-01,completed,atm
7122,983,2024-06-11,refunded,card
7123,120,2024-03-13,completed,cod
7124,1530,2025-11-15,cancelled,card
7125,1571,2025-09-13,completed,cod
7126,1410,2024-11-05,completed,atm
7127,1608,2025-02-15,completed,card
7128,985,2025-11-02,completed,wallet
7129,757,2024-09-10,completed,card
7130,910,2025-08-09,completed,wallet
7131,2268,2024-05-20,completed,card
7132,243,2024-05-17,completed,card
7133,735,2024-02-01,completed,wallet
7134,30,2024-05-22,completed,card
7135,170,2024-04-21,completed,card
7136,1455,2024-03-22,completed,card
7137,58,2024-01-12,completed,card
7138,721,2024-05-10,completed,atm
7139,1064,2024-02-12,completed,wallet
7140,1763,2025-03-21,completed,atm
7141,1081,2024-07-03,completed,wallet
7142,2031,2025-01-25,completed,card
7143,1091,2025-12-23,cancelled,card
7144,357,2024-06-23,completed,wallet
7145,550,2025-09-26,completed,wallet
7146,2159,2024-03-26,completed,card
7147,1573,2025-08-16,completed,card
7148,462,2025-03-23,completed,cod
7149,240,2024-07-10,completed,card
7150,761,2024-03-18,completed,card
7151,2186,2025-06-20,completed,card
7152,712,2024-05-22,completed,card
7153,2372,2024-06-13,cancelled,card
7154,1171,2025-07-13,completed,card
7155,415,2025-07-14,completed,cod
7156,2226,2024-12-07,completed,card
7157,579,2024-01-03,completed,card
7158,2356,2024-01-29,completed,atm
7159,2028,2025-07-17,completed,wallet
7160,346,2024-01-03,completed,card
7161,379,2025-10-07,completed,card
7162,67,2024-03-29,completed,card
7163,530,2024-08-29,completed,cod
7164,1761,2024-08-11,completed,atm
7165,657,2025-08-05,completed,wallet
7166,584,2025-06-21,completed,atm
7167,168,2025-09-08,completed,card
7168,687,2025-05-29,completed,card
7169,1208,2025-12-13,completed,card
7170,50,2025-08-05,completed,card
7171,752,2024-12-24,completed,card
7172,1209,2025-10-10,completed,card
7173,420,2025-11-05,completed,card
7174,1937,2025-05-27,completed,cod
7175,2324,2024-07-30,completed,card
7176,2331,2025-06-26,completed,atm
7177,1483,2024-02-06,completed,atm
7178,2259,2024-09-07,completed,card
7179,619,2024-10-20,completed,cod
7180,2208,2024-10-31,completed,card
7181,387,2024-08-09,completed,cod
7182,27,2025-06-06,completed,atm
7183,118,2024-05-21,completed,card
7184,109,2025-06-20,completed,atm
7185,56,2025-11-02,completed,card
7186,453,2025-12-10,completed,atm
7187,2424,2024-01-12,completed,card
7188,2491,2025-12-14,completed,wallet
7189,1556,2025-10-05,completed,atm
7190,1757,2024-02-06,completed,card
7191,382,2025-07-27,cancelled,card
7192,109,2024-10-31,completed,card
7193,2130,2024-02-28,completed,card
7194,1759,2024-12-16,completed,atm
7195,1333,2024-07-05,completed,atm
7196,2024,2024-10-15,completed,card
7197,1749,2024-10-03,completed,card
7198,2045,2025-07-28,completed,card
7199,1601,2025-03-09,completed,atm
7200,601,2025-05-11,completed,card
7201,529,2024-09-09,completed,card
7202,1269,2024-04-09,completed,wallet
7203,611,2024-05-10,completed,card
7204,233,2025-02-10,completed,cod
7205,1208,2024-02-13,completed,card
7206,183,2024-01-16,completed,card
7207,1027,2025-07-10,completed,wallet
7208,1411,2025-05-10,completed,card
7209,1152,2024-06-11,completed,atm
7210,1688,2024-05-25,completed,atm
7211,511,2025-12-19,completed,card
7212,1938,2024-06-14,completed,card
7213,1583,2025-06-30,completed,card
7214,1591,2024-05-21,completed,card
7215,2390,2025-12-08,completed,atm
7216,2046,2024-09-11,completed,card
7217,795,2024-07-22,completed,card
7218,1540,2025-05-09,completed,cod
7219,1718,2024-02-15,completed,cod
7220,773,2025-02-15,completed,card
7221,131,2025-03-28,completed,card
7222,1845,2024-01-02,completed,card
7223,1689,2024-10-20,completed,atm
7224,1915,2025-03-26,completed,atm
7225,1887,2025-07-12,completed,card
7226,1089,2024-03-20,completed,atm
7227,1868,2024-01-20,completed,atm
7228,344,2025-09-25,completed,card
7229,2441,2024-04-14,completed,atm
7230,2394,2024-05-28,completed,atm
7231,2473,2024-12-09,completed,atm
7232,1797,2024-01-19,completed,atm
7233,1449,2025-12-10,completed,card
7234,965,2025-06-05,completed,cod
7235,329,2025-02-11,completed,cod
7236,2090,2024-03-09,completed,card
7237,1125,2025-08-19,completed,atm
7238,2465,2025-01-25,completed,atm
7239,1209,2025-01-23,completed,card
7240,531,2024-09-03,completed,card
7241,2423,2025-06-10,completed,card
7242,215,2024-12-04,completed,card
7243,2454,2024-05-08,completed,card
7244,726,2024-11-07,completed,cod
7245,1030,2025-07-31,completed,atm
7246,2009,2024-10-07,completed,card
7247,1519,2024-11-28,completed,wallet
7248,1458,2025-06-10,completed,card
7249,973,2025-04-03,completed,card
7250,1221,2024-03-25,completed,card
7251,1303,2024-08-07,completed,card
7252,1696,2024-03-05,completed,card
7253,592,2025-09-01,completed,card
7254,1152,2024-03-25,completed,card
7255,558,2024-05-24,completed,atm
7256,1104,2024-08-14,completed,card
7257,1102,2025-08-03,completed,card
7258,1835,2024-06-19,completed,wallet
7259,1845,2025-01-21,completed,card
7260,490,2025-07-12,completed,card
7261,1417,2025-07-24,completed,cod
7262,1586,2024-04-08,completed,card
7263,627,2024-08-28,completed,card
7264,1701,2025-04-24,completed,card
7265,2169,2024-10-28,completed,card
7266,61,2024-06-24,completed,cod
7267,397,2025-06-12,completed,atm
7268,1289,2025-01-18,completed,card
7269,1305,2025-02-03,completed,atm
7270,1322,2024-09-28,cancelled,card
7271,2059,2025-07-03,completed,card
7272,1331,2025-04-17,completed,atm
7273,1308,2025-03-20,completed,card
7274,637,2025-09-13,completed,wallet
7275,2034,2024-07-26,completed,wallet
7276,2216,2025-10-30,completed,atm
7277,2245,2024-06-10,completed,card
7278,77,2024-01-10,refunded,card
7279,1008,2025-03-30,completed,cod
7280,27,2025-07-19,completed,atm
7281,1407,2024-10-04,completed,card
7282,1980,2024-03-25,cancelled,atm
7283,1590,2025-01-21,completed,cod
7284,2316,2024-12-04,completed,card
7285,130,2025-05-28,completed,wallet
7286,2223,2024-01-25,completed,atm
7287,1301,2025-07-23,completed,card
7288,1605,2024-07-22,completed,card
7289,1578,2025-03-27,completed,card
7290,1039,2025-12-06,completed,card
7291,690,2025-08-16,completed,card
7292,2327,2024-09-15,completed,card
7293,1793,2025-04-14,completed,atm
7294,396,2025-05-24,cancelled,atm
7295,1926,2025-08-26,completed,card
7296,1874,2024-06-16,completed,card
7297,1517,2025-03-15,completed,atm
7298,385,2024-12-27,completed,card
7299,628,2024-01-19,completed,wallet
7300,1119,2025-09-09,completed,atm
7301,158,2025-05-20,completed,atm
7302,183,2025-05-16,completed,atm
7303,1149,2024-09-19,cancelled,card
7304,1451,2024-06-27,completed,card
7305,1150,2025-08-13,completed,atm
7306,2410,2024-01-26,completed,card
7307,790,2024-10-08,completed,card
7308,27,2025-04-29,cancelled,card
7309,1936,2024-02-15,completed,card
7310,2034,2025-03-31,completed,card
7311,1048,2024-10-29,completed,wallet
7312,1353,2025-11-26,completed,card
7313,1115,2024-03-30,completed,atm
7314,453,2025-10-24,completed,card
7315,1539,2024-08-30,completed,card
7316,2012,2024-09-30,completed,card
7317,1944,2024-09-08,completed,card
7318,2426,2024-06-03,completed,card
7319,1325,2025-11-21,completed,card
7320,2126,2025-10-03,completed,card
7321,757,2024-04-01,completed,wallet
7322,966,2024-06-01,completed,card
7323,1150,2025-12-22,completed,wallet
7324,624,2025-05-27,completed,card
7325,487,2025-02-01,completed,atm
7326,2481,2025-09-06,completed,atm
7327,972,2024-08-12,completed,card
7328,158,2025-07-22,completed,wallet
7329,63,2024-11-14,cancelled,wallet
7330,1011,2024-11-14,completed,card
7331,175,2024-05-17,completed,card
7332,118,2024-07-20,completed,wallet
7333,1096,2024-07-18,completed,card
7334,2303,2024-11-28,completed,wallet
7335,48,2024-01-06,completed,cod
7336,1199,2025-09-15,completed,card
7337,84,2025-01-30,completed,atm
7338,112,2024-10-11,completed,card
7339,1412,2024-01-03,completed,wallet
7340,1213,2024-04-01,completed,atm
7341,804,2024-04-13,completed,atm
7342,949,2025-06-19,cancelled,card
7343,2498,2024-02-02,completed,atm
7344,2497,2025-08-21,completed,atm
7345,586,2024-01-26,completed,card
7346,1063,2024-05-27,completed,card
7347,2163,2024-02-02,completed,atm
7348,145,2024-09-30,completed,card
7349,602,2024-05-18,completed,card
7350,2367,2025-03-29,completed,card
7351,2429,2025-05-11,cancelled,card
7352,795,2025-07-26,completed,cod
7353,1884,2025-09-04,completed,card
7354,542,2025-09-09,completed,card
7355,929,2025-03-08,completed,card
7356,1787,2024-12-03,completed,atm
7357,1903,2024-02-19,completed,atm
7358,2013,2025-02-20,completed,card
7359,15,2025-08-08,completed,atm
7360,1105,2025-09-29,completed,wallet
7361,1023,2025-03-13,completed,card
7362,1020,2025-10-09,completed,cod
7363,1199,2024-07-06,completed,wallet
7364,146,2024-05-23,completed,card
7365,634,2024-12-15,completed,cod
7366,591,2024-11-28,completed,wallet
7367,262,2025-12-04,completed,card
7368,1787,2024-10-14,completed,wallet
7369,1567,2025-01-08,completed,atm
7370,1260,2024-07-10,completed,atm
7371,1805,2025-08-24,completed,card
7372,2205,2025-09-28,completed,card
7373,1497,2025-07-25,cancelled,wallet
7374,1107,2024-04-12,completed,card
7375,403,2024-11-19,completed,card
7376,1561,2025-02-16,completed,card
7377,89,2025-09-06,completed,card
7378,895,2024-02-07,completed,atm
7379,1186,2024-10-16,completed,card
7380,373,2024-12-19,completed,card
7381,1858,2024-10-16,completed,cod
7382,924,2025-11-29,completed,card
7383,640,2024-09-09,completed,card
7384,873,2024-08-09,completed,card
7385,1335,2025-09-24,completed,card
7386,2455,2025-03-05,completed,card
7387,465,2024-07-13,completed,wallet
7388,2073,2024-04-29,completed,atm
7389,1945,2025-08-31,completed,card
7390,92,2024-03-14,completed,atm
7391,80,2024-11-18,completed,atm
7392,451,2024-05-01,completed,card
7393,1600,2024-12-09,completed,atm
7394,1085,2025-10-28,completed,atm
7395,1509,2025-12-29,completed,card
7396,1262,2025-07-06,completed,card
7397,237,2025-07-28,completed,wallet
7398,2104,2025-10-10,completed,card
7399,1211,2024-02-03,completed,card
7400,384,2024-09-22,completed,card
7401,2452,2025-02-26,completed,card
7402,156,2024-08-17,completed,atm
7403,982,2024-10-24,completed,cod
7404,2320,2025-04-30,completed,cod
7405,711,2025-12-18,completed,card
7406,1162,2025-03-26,completed,wallet
7407,2311,2024-03-25,completed,atm
7408,2453,2024-02-29,completed,cod
7409,1175,2025-09-13,completed,atm
7410,821,2024-09-16,completed,atm
7411,903,2025-04-23,completed,card
7412,989,2024-12-04,completed,wallet
7413,975,2025-09-30,completed,card
7414,1892,2025-03-06,completed,cod
7415,169,2025-07-17,completed,atm
7416,2489,2024-09-26,completed,card
7417,340,2024-11-24,completed,card
7418,1750,2025-11-01,completed,card
7419,682,2024-05-19,completed,card
7420,2103,2024-11-03,completed,card
7421,87,2025-04-27,completed,card
7422,679,2025-02-23,completed,wallet
7423,1898,2024-11-08,completed,cod
7424,296,2025-03-07,completed,cod
7425,2408,2024-05-06,completed,cod
7426,1030,2025-02-08,completed,card
7427,460,2025-11-29,completed,wallet
7428,1593,2024-11-13,completed,card
7429,2243,2024-10-24,completed,atm
7430,252,2024-08-23,completed,wallet
7431,357,2024-10-05,completed,card
7432,1869,2025-12-01,completed,card
7433,752,2024-05-18,completed,card
7434,909,2025-08-27,completed,atm
7435,2444,2024-09-04,completed,cod
7436,2153,2024-09-14,completed,atm
7437,2384,2025-08-23,completed,atm
7438,491,2025-05-26,completed,card
7439,1622,2024-09-02,completed,card
7440,1714,2025-06-06,completed,card
7441,475,2024-04-27,completed,card
7442,1560,2024-01-08,completed,cod
7443,500,2025-01-02,completed,wallet
7444,1236,2024-05-11,completed,card
7445,820,2025-05-21,completed,card
7446,323,2025-03-06,completed,wallet
7447,427,2024-02-23,completed,card
7448,2404,2025-06-15,cancelled,cod
7449,399,2024-10-28,completed,card
7450,2199,2024-04-26,completed,card
7451,917,2024-11-05,completed,card
7452,1763,2024-08-12,completed,wallet
7453,1835,2024-06-20,completed,wallet
7454,37,2024-05-17,completed,card
7455,2417,2025-05-26,completed,wallet
7456,1605,2024-09-01,completed,card
7457,1072,2024-05-20,completed,card
7458,453,2024-07-22,completed,atm
7459,1104,2024-09-20,completed,atm
7460,2065,2025-10-01,completed,card
7461,1484,2025-10-18,completed,wallet
7462,523,2025-03-12,completed,card
7463,997,2024-09-18,completed,card
7464,1886,2025-08-02,completed,card
7465,1432,2025-09-02,completed,wallet
7466,2135,2024-04-11,completed,wallet
7467,1892,2025-11-26,completed,card
7468,781,2025-12-07,completed,cod
7469,623,2024-07-23,completed,cod
7470,1719,2024-02-21,completed,card
7471,2014,2024-06-10,completed,wallet
7472,2447,2025-08-25,completed,wallet
7473,1393,2025-07-05,completed,card
7474,1768,2024-09-26,completed,card
7475,2270,2025-11-23,completed,card
7476,523,2025-09-11,completed,card
7477,1293,2025-05-23,completed,cod
7478,1186,2025-05-20,completed,cod
7479,769,2025-05-21,completed,card
7480,1895,2024-01-18,completed,cod
7481,590,2025-02-16,completed,cod
7482,2169,2025-03-25,completed,card
7483,1048,2024-11-30,completed,atm
7484,351,2024-10-29,completed,wallet
7485,262,2024-01-26,completed,card
7486,1965,2025-09-08,completed,card
7487,2490,2024-09-05,completed,wallet
7488,1996,2024-05-15,completed,card
7489,2127,2025-05-05,completed,atm
7490,2213,2024-12-03,completed,wallet
7491,291,2025-12-06,completed,atm
7492,981,2024-05-25,completed,card
7493,2041,2024-01-11,completed,card
7494,166,2025-10-18,completed,cod
7495,2282,2025-01-19,completed,card
7496,2379,2024-03-21,refunded,card
7497,28,2024-11-22,completed,atm
7498,264,2024-04-30,completed,atm
7499,1967,2025-11-24,completed,cod
7500,837,2025-08-09,completed,card
7501,1610,2025-05-31,completed,atm
7502,1677,2024-02-20,completed,card
7503,2381,2024-08-13,completed,card
7504,2495,2025-12-19,completed,atm
7505,2183,2024-04-27,completed,atm
7506,657,2024-11-03,completed,wallet
7507,1945,2025-03-01,refunded,card
7508,1934,2024-02-24,cancelled,atm
7509,423,2024-04-08,completed,card
7510,991,2025-03-06,completed,atm
7511,12,2025-07-23,completed,atm
7512,882,2024-10-28,completed,card
7513,828,2024-08-13,completed,card
7514,565,2025-06-06,completed,atm
7515,2013,2024-04-04,completed,card
7516,908,2024-04-25,completed,wallet
7517,2463,2024-10-03,completed,wallet
7518,1610,2024-10-06,completed,cod
7519,649,2025-01-04,completed,card
7520,1695,2025-01-27,completed,card
7521,1581,2025-07-04,cancelled,card
7522,786,2024-09-06,completed,card
7523,1868,2025-01-23,completed,atm
7524,1951,2024-10-29,completed,atm
7525,988,2024-09-18,completed,atm
7526,2212,2025-02-08,completed,card
7527,491,2024-12-27,completed,card
7528,1290,2024-06-17,completed,card
7529,1178,2024-09-10,completed,card
7530,815,2025-01-22,completed,wallet
7531,607,2024-05-19,completed,card
7532,2345,2024-04-13,cancelled,cod
7533,621,2025-05-25,completed,card
7534,1753,2024-06-21,completed,wallet
7535,1294,2024-04-17,completed,card
7536,634,2024-03-14,completed,card
7537,459,2025-11-15,completed,card
7538,2026,2025-06-28,completed,wallet
7539,1568,2024-02-24,completed,card
7540,2355,2024-10-01,completed,wallet
7541,18,2024-09-25,completed,card
7542,1672,2025-03-11,completed,wallet
7543,1446,2024-07-07,completed,card
7544,1689,2025-11-05,completed,cod
7545,732,2024-03-11,completed,card
7546,1155,2025-07-25,completed,card
7547,1112,2025-02-24,completed,card
7548,2119,2025-11-05,completed,wallet
7549,517,2025-11-02,completed,atm
7550,1830,2025-08-27,completed,wallet
7551,2410,2025-11-23,completed,wallet
7552,2048,2025-12-15,completed,card
7553,900,2024-07-03,completed,cod
7554,703,2024-11-20,completed,card
7555,2266,2025-08-30,completed,atm
7556,679,2024-03-05,completed,card
7557,1553,2025-02-22,completed,card
7558,582,2024-09-21,completed,card
7559,679,2024-07-20,refunded,cod
7560,1052,2025-10-22,completed,atm
7561,1632,2024-07-27,completed,card
7562,983,2025-10-05,completed,cod
7563,1832,2025-09-19,completed,card
7564,2342,2024-11-10,completed,atm
7565,1218,2025-11-09,cancelled,card
7566,211,2025-03-28,completed,card
7567,1834,2025-01-20,completed,wallet
7568,1975,2025-06-01,completed,card
7569,221,2025-12-03,completed,atm
7570,568,2024-05-07,completed,card
7571,273,2025-11-19,cancelled,card
7572,1159,2025-07-09,refunded,card
7573,2460,2025-03-28,completed,card
7574,1702,2024-05-20,cancelled,card
7575,317,2025-02-22,completed,atm
7576,463,2025-05-25,completed,card
7577,173,2024-06-17,completed,card
7578,89,2024-08-18,completed,card
7579,264,2024-04-24,completed,atm
7580,1486,2024-05-22,completed,card
7581,1261,2025-08-02,completed,card
7582,834,2025-04-24,completed,atm
7583,97,2024-02-07,completed,card
7584,724,2024-01-09,completed,card
7585,903,2024-07-16,completed,wallet
7586,2359,2024-08-23,completed,card
7587,1845,2025-12-09,completed,card
7588,24,2024-12-05,completed,card
7589,1634,2024-03-07,completed,card
7590,1995,2025-08-07,completed,card
7591,2134,2024-10-13,completed,atm
7592,1427,2024-03-30,completed,card
7593,2082,2025-04-28,completed,card
7594,1419,2024-01-17,completed,card
7595,2133,2024-08-26,completed,card
7596,1723,2025-11-11,completed,card
7597,148,2025-08-19,refunded,cod
7598,1858,2025-12-15,completed,card
7599,605,2025-07-10,completed,card
7600,999,2025-04-10,completed,cod
7601,589,2024-09-21,completed,cod
7602,729,2024-08-29,completed,atm
7603,61,2024-08-03,completed,card
7604,1036,2025-07-01,completed,atm
7605,1167,2025-06-16,completed,cod
7606,2414,2025-03-01,completed,card
7607,129,2025-12-23,completed,card
7608,2455,2024-07-25,completed,card
7609,96,2024-04-22,completed,wallet
7610,1567,2024-02-01,completed,atm
7611,1673,2024-05-29,cancelled,atm
7612,1678,2025-09-24,completed,card
7613,393,2025-11-11,completed,wallet
7614,1562,2025-01-22,completed,cod
7615,2208,2024-02-14,completed,card
7616,2301,2025-06-28,completed,card
7617,2253,2025-09-19,completed,card
7618,540,2025-01-20,completed,card
7619,1731,2025-09-09,completed,card
7620,1471,2025-07-05,completed,atm
7621,1842,2025-04-23,completed,atm
7622,926,2025-02-27,completed,card
7623,110,2025-05-18,completed,wallet
7624,1583,2025-05-27,completed,card
7625,737,2024-10-28,completed,card
7626,1219,2024-10-10,completed,atm
7627,2374,2025-04-03,completed,atm
7628,1760,2024-11-29,completed,cod
7629,2488,2024-05-13,completed,card
7630,668,2024-01-22,completed,card
7631,1019,2025-10-21,completed,card
7632,1233,2025-10-18,completed,card
7633,2404,2025-12-31,completed,atm
7634,1362,2025-10-04,completed,atm
7635,589,2025-05-10,completed,atm
7636,1200,2024-03-04,completed,card
7637,2428,2024-02-26,completed,wallet
7638,1716,2024-02-13,completed,cod
7639,519,2025-11-17,completed,cod
7640,206,2025-07-10,completed,atm
7641,969,2025-08-22,completed,card
7642,951,2025-09-22,completed,card
7643,837,2025-04-08,completed,cod
7644,1419,2025-09-03,completed,card
7645,1557,2025-07-21,refunded,card
7646,438,2024-08-28,completed,card
7647,1089,2025-08-24,completed,card
7648,1884,2024-03-03,completed,card
7649,1369,2025-05-20,completed,card
7650,2132,2025-11-26,completed,card
7651,1416,2025-02-16,completed,card
7652,1836,2024-08-25,cancelled,atm
7653,836,2024-12-23,completed,cod
7654,2401,2025-08-12,completed,wallet
7655,2250,2024-05-15,completed,card
7656,2284,2025-07-07,completed,card
7657,1968,2025-04-04,completed,wallet
7658,123,2024-03-13,completed,cod
7659,1222,2025-12-13,completed,atm
7660,2339,2024-01-13,completed,cod
7661,1903,2025-03-20,completed,cod
7662,2241,2025-05-05,completed,card
7663,237,2025-02-14,cancelled,cod
7664,315,2024-07-06,completed,atm
7665,719,2024-10-30,completed,card
7666,307,2024-05-09,completed,card
7667,545,2024-08-20,completed,card
7668,1069,2024-06-12,completed,wallet
7669,947,2025-11-24,completed,card
7670,127,2024-09-09,cancelled,card
7671,964,2025-01-21,completed,wallet
7672,1090,2024-12-19,completed,atm
7673,2314,2025-03-11,completed,wallet
7674,2244,2024-02-07,completed,card
7675,365,2025-04-25,completed,card
7676,2153,2024-10-14,completed,card
7677,48,2025-06-28,completed,card
7678,1040,2024-06-19,completed,card
7679,1728,2025-03-17,completed,atm
7680,198,2024-04-09,completed,cod
7681,1633,2024-08-04,refunded,atm
7682,274,2025-02-18,completed,card
7683,472,2025-11-16,completed,card
7684,2404,2025-03-17,completed,atm
7685,606,2024-12-14,completed,atm
7686,1495,2024-04-30,completed,atm
7687,2445,2024-12-09,completed,wallet
7688,526,2024-08-06,completed,cod
7689,1449,2024-12-31,completed,card
7690,2261,2025-10-30,completed,atm
7691,2179,2024-11-08,completed,atm
7692,2257,2025-11-27,completed,wallet
7693,86,2025-02-20,completed,card
7694,1057,2025-11-14,completed,wallet
7695,1655,2025-01-02,completed,card
7696,675,2025-05-21,completed,card
7697,63,2024-05-02,completed,card
7698,170,2025-06-19,completed,card
7699,2069,2024-10-18,completed,card
7700,2342,2024-02-22,completed,atm
7701,2093,2024-05-28,completed,card
7702,1460,2024-04-18,completed,atm
7703,1773,2024-06-14,completed,wallet
7704,211,2024-02-11,completed,card
7705,1687,2025-03-10,completed,cod
7706,416,2025-03-09,completed,wallet
7707,2342,2025-04-20,completed,card
7708,818,2025-08-14,completed,cod
7709,929,2025-08-07,completed,card
7710,2340,2025-08-29,completed,card
7711,1806,2025-01-18,refunded,cod
7712,146,2025-09-01,completed,card
7713,635,2024-03-08,completed,atm
7714,1140,2025-04-13,completed,card
7715,2472,2024-04-06,completed,card
7716,576,2025-05-13,completed,card
7717,337,2024-10-11,completed,card
7718,1886,2025-10-09,completed,card
7719,1143,2024-06-10,completed,card
7720,2234,2024-08-20,refunded,card
7721,1237,2024-07-28,completed,cod
7722,928,2024-08-30,completed,atm
7723,2175,2025-11-09,completed,atm
7724,1118,2025-02-13,completed,atm
7725,159,2025-10-25,completed,card
7726,994,2024-04-18,completed,card
7727,2452,2025-07-22,completed,card
7728,1007,2025-07-09,completed,card
7729,1147,2025-04-29,completed,atm
7730,2254,2025-03-08,completed,atm
7731,580,2025-01-11,completed,cod
7732,2119,2024-04-16,completed,card
7733,1869,2024-01-04,completed,cod
7734,957,2024-12-26,completed,card
7735,1732,2024-11-06,completed,card
7736,2497,2024-06-09,completed,card
7737,2434,2024-11-11,completed,card
7738,2000,2025-11-12,cancelled,atm
7739,1759,2025-08-16,completed,atm
7740,170,2025-01-17,completed,atm
7741,2112,2025-09-10,refunded,atm
7742,2117,2024-04-17,completed,wallet
7743,1816,2025-03-17,completed,card
7744,1455,2025-07-14,completed,wallet
7745,408,2024-02-12,completed,wallet
7746,2470,2025-03-20,completed,atm
7747,1183,2024-05-07,completed,atm
7748,1474,2024-12-14,refunded,card
7749,1292,2025-12-19,completed,card
7750,1326,2024-06-27,completed,card
7751,1191,2025-07-19,completed,wallet
7752,1112,2025-08-11,completed,wallet
7753,2485,2025-12-25,completed,card
7754,2111,2025-12-15,completed,atm
7755,91,2024-01-13,completed,card
7756,1718,2025-02-18,completed,card
7757,1069,2025-05-11,completed,cod
7758,1728,2024-07-23,completed,card
7759,1585,2024-12-19,completed,atm
7760,1302,2024-07-02,completed,atm
7761,2149,2025-08-10,completed,card
7762,463,2024-09-02,completed,card
7763,649,2025-05-12,completed,card
7764,577,2025-02-20,completed,card
7765,826,2025-05-15,completed,card
7766,349,2024-08-19,completed,card
7767,1430,2025-08-10,completed,card
7768,1779,2024-09-30,completed,card
7769,1070,2025-09-15,completed,card
7770,251,2024-12-14,completed,atm
7771,1085,2025-05-08,completed,card
7772,1860,2025-05-26,completed,atm
7773,2264,2025-11-25,completed,card
7774,147,2025-09-04,cancelled,card
7775,252,2024-05-03,completed,card
7776,2294,2025-10-31,completed,card
7777,899,2024-08-13,completed,wallet
7778,2137,2025-02-28,completed,card
7779,605,2025-03-27,completed,atm
7780,540,2025-09-27,completed,cod
7781,326,2025-05-28,completed,atm
7782,1250,2024-05-21,completed,card
7783,2295,2025-05-15,completed,card
7784,1367,2024-07-21,completed,card
7785,1552,2025-01-05,completed,card
7786,875,2025-02-12,completed,atm
7787,850,2025-06-18,completed,card
7788,1760,2024-07-10,completed,card
7789,255,2024-09-28,completed,atm
7790,248,2025-01-16,completed,card
7791,1414,2024-10-08,completed,atm
7792,15,2025-05-09,completed,wallet
7793,1579,2025-12-28,cancelled,card
7794,527,2025-08-14,completed,card
7795,684,2025-01-27,completed,card
7796,2064,2025-02-27,completed,card
7797,440,2024-05-23,completed,card
7798,1452,2025-01-28,completed,atm
7799,232,2025-03-26,completed,card
7800,1258,2024-02-12,completed,card
7801,2467,2024-09-15,cancelled,atm
7802,1677,2024-09-24,completed,wallet
7803,2357,2024-08-15,completed,atm
7804,1226,2024-03-16,completed,atm
7805,1318,2024-11-05,completed,wallet
7806,931,2025-10-24,completed,card
7807,2132,2024-02-19,completed,atm
7808,639,2024-12-30,completed,card
7809,572,2025-11-13,completed,cod
7810,1180,2025-11-30,completed,wallet
7811,1209,2024-03-22,completed,wallet
7812,266,2025-11-12,completed,card
7813,1528,2024-12-22,completed,atm
7814,1079,2024-03-20,completed,atm
7815,2103,2025-04-06,completed,wallet
7816,763,2025-04-03,completed,card
7817,1505,2024-06-02,completed,atm
7818,2103,2025-08-15,completed,atm
7819,528,2024-12-28,completed,atm
7820,1183,2024-07-01,completed,atm
7821,984,2025-04-24,completed,card
7822,890,2025-01-31,completed,card
7823,575,2025-09-24,completed,cod
7824,2304,2025-08-25,completed,atm
7825,1407,2025-01-26,completed,atm
7826,1176,2025-12-16,completed,wallet
7827,809,2024-08-06,completed,card
7828,2053,2025-11-05,completed,card
7829,330,2024-10-31,completed,atm
7830,910,2025-09-27,completed,atm
7831,373,2025-02-16,completed,cod
7832,2362,2024-07-30,completed,card
7833,2097,2024-02-09,completed,card
7834,818,2024-01-05,completed,wallet
7835,1292,2024-09-02,completed,atm
7836,436,2025-02-20,completed,cod
7837,1737,2025-06-18,completed,card
7838,2258,2024-06-24,completed,card
7839,307,2024-12-11,completed,atm
7840,127,2025-08-29,completed,card
7841,1403,2025-02-13,completed,card
7842,684,2025-07-26,completed,card
7843,1953,2025-01-19,completed,card
7844,1094,2024-08-28,completed,atm
7845,1955,2025-02-26,completed,cod
7846,2467,2024-03-20,completed,atm
7847,1602,2024-12-21,completed,card
7848,1698,2024-09-03,completed,card
7849,1148,2024-11-26,completed,card
7850,2381,2025-11-23,completed,atm
7851,582,2024-10-23,completed,card
7852,325,2024-01-09,completed,card
7853,527,2025-03-11,completed,atm
7854,675,2024-11-16,completed,card
7855,2087,2025-07-31,completed,card
7856,2395,2025-11-06,completed,wallet
7857,1447,2024-07-19,completed,atm
7858,1514,2025-01-16,completed,card
7859,2323,2025-02-11,completed,card
7860,527,2024-06-08,completed,card
7861,2066,2025-05-18,completed,cod
7862,1029,2024-03-27,completed,card
7863,293,2024-09-13,completed,wallet
7864,317,2024-05-29,completed,wallet
7865,1993,2024-07-10,completed,card
7866,752,2024-02-14,completed,card
7867,1907,2024-12-14,cancelled,atm
7868,383,2025-12-05,cancelled,atm
7869,2251,2024-01-04,completed,card
7870,1151,2025-05-31,completed,wallet
7871,116,2025-06-28,completed,card
7872,1370,2025-09-12,cancelled,cod
7873,139,2024-01-15,completed,card
7874,2142,2025-01-21,completed,card
7875,1704,2024-11-02,completed,wallet
7876,571,2024-10-01,completed,card
7877,1790,2025-11-03,completed,wallet
7878,1705,2025-09-06,completed,card
7879,659,2024-04-05,completed,atm
7880,2271,2024-04-07,completed,atm
7881,1022,2025-03-17,completed,atm
7882,1185,2025-11-19,completed,card
7883,146,2025-12-28,cancelled,wallet
7884,234,2024-01-03,completed,wallet
7885,2290,2025-10-19,completed,atm
7886,2125,2024-09-27,completed,atm
7887,2294,2024-02-05,completed,wallet
7888,864,2024-06-25,completed,card
7889,1589,2024-02-13,cancelled,card
7890,189,2024-08-13,completed,wallet
7891,2341,2025-06-03,completed,atm
7892,1500,2025-01-24,completed,card
7893,1863,2025-10-30,completed,card
7894,628,2025-02-27,completed,cod
7895,528,2024-06-28,completed,card
7896,1867,2025-08-03,completed,wallet
7897,698,2024-04-28,completed,wallet
7898,2447,2025-09-29,completed,cod
7899,1519,2025-08-10,completed,card
7900,811,2024-11-02,completed,card
7901,2488,2024-11-03,completed,atm
7902,1676,2024-06-15,completed,card
7903,368,2025-07-10,completed,card
7904,2378,2025-03-14,completed,wallet
7905,588,2025-05-03,completed,wallet
7906,1106,2024-11-01,completed,card
7907,2377,2025-10-21,completed,card
7908,219,2025-01-03,completed,wallet
7909,1516,2024-04-07,completed,wallet
7910,148,2025-12-23,completed,atm
7911,513,2025-06-07,completed,cod
7912,1852,2025-09-20,completed,cod
7913,1181,2024-03-30,completed,wallet
7914,1821,2025-12-07,completed,card
7915,1917,2025-05-01,completed,atm
7916,764,2024-11-21,completed,atm
7917,2376,2024-08-01,completed,cod
7918,2066,2024-03-13,completed,wallet
7919,2399,2024-09-23,completed,wallet
7920,1920,2024-10-10,completed,card
7921,1762,2025-01-22,completed,atm
7922,1845,2024-11-02,completed,card
7923,720,2024-12-06,completed,card
7924,1158,2024-08-15,completed,cod
7925,1717,2025-10-25,completed,cod
7926,206,2025-10-14,completed,card
7927,2264,2024-12-01,completed,card
7928,365,2024-07-31,completed,atm
7929,1060,2025-10-04,completed,card
7930,617,2025-12-21,completed,cod
7931,1697,2024-10-08,completed,wallet
7932,439,2025-12-07,completed,cod
7933,2180,2025-08-20,cancelled,card
7934,1105,2024-12-02,completed,card
7935,1374,2025-10-13,completed,card
7936,56,2024-04-21,completed,card
7937,982,2024-08-01,completed,card
7938,777,2025-10-04,completed,card
7939,1079,2025-02-11,completed,atm
7940,1978,2024-05-09,completed,wallet
7941,2208,2024-04-04,completed,card
7942,2494,2024-03-10,refunded,card
7943,838,2025-04-29,completed,cod
7944,1610,2024-06-22,completed,cod
7945,1632,2024-07-16,completed,card
7946,2088,2025-10-19,completed,atm
7947,2477,2025-05-22,completed,card
7948,386,2025-09-06,completed,card
7949,1640,2025-07-11,refunded,atm
7950,640,2024-07-01,completed,cod
7951,717,2025-08-01,completed,card
7952,2076,2024-11-24,completed,card
7953,773,2024-05-15,completed,atm
7954,2163,2024-10-10,cancelled,wallet
7955,1778,2025-11-22,completed,atm
7956,997,2025-07-28,completed,atm
7957,1255,2025-06-06,completed,cod
7958,1688,2024-11-24,completed,card
7959,1933,2025-03-26,completed,cod
7960,978,2025-02-23,completed,card
7961,1979,2025-03-05,cancelled,card
7962,2,2024-04-16,completed,card
7963,1891,2025-11-04,completed,atm
7964,2475,2025-11-22,completed,atm
7965,1126,2024-10-26,completed,cod
7966,2482,2025-11-09,refunded,cod
7967,1285,2024-08-11,completed,cod
7968,428,2024-06-25,completed,atm
7969,1001,2025-02-17,completed,atm
7970,109,2024-09-27,cancelled,card
7971,2349,2024-08-05,completed,card
7972,1723,2025-05-22,completed,card
7973,400,2024-11-23,completed,cod
7974,2404,2025-06-04,completed,card
7975,1309,2025-06-02,completed,card
7976,1459,2024-02-14,completed,card
7977,2229,2025-11-26,completed,card
7978,2187,2025-02-06,completed,card
7979,841,2024-07-03,completed,card
7980,856,2025-10-15,completed,atm
7981,882,2025-07-23,completed,wallet
7982,1265,2024-08-19,completed,card
7983,365,2024-11-26,completed,card
7984,1115,2024-10-16,completed,wallet
7985,260,2024-03-05,completed,atm
7986,1849,2025-11-09,completed,card
7987,1698,2025-10-16,completed,wallet
7988,1150,2025-11-22,completed,card
7989,991,2025-09-24,completed,card
7990,1379,2024-10-10,completed,card
7991,2464,2024-09-21,completed,atm
7992,369,2024-06-30,refunded,card
7993,2395,2024-11-12,completed,atm
7994,2423,2025-02-26,completed,card
7995,1018,2024-04-05,completed,wallet
7996,397,2025-01-04,completed,atm
7997,718,2024-01-27,completed,card
7998,2380,2025-10-08,completed,atm
7999,571,2025-03-28,completed,atm
8000,1125,2025-10-20,completed,cod
8001,790,2025-02-10,completed,wallet
8002,1718,2024-06-26,completed,atm
8003,317,2024-02-13,completed,card
8004,1436,2025-06-04,completed,card
8005,114,2024-10-11,completed,card
8006,1170,2024-06-11,completed,atm
8007,809,2025-04-10,completed,atm
8008,1667,2025-09-18,completed,wallet
8009,1229,2024-02-18,refunded,card
8010,492,2025-09-21,completed,wallet
8011,1137,2025-12-21,completed,card
8012,1763,2024-06-04,completed,atm
8013,754,2024-12-22,completed,wallet
8014,178,2024-08-07,completed,card
8015,696,2025-01-09,cancelled,card
8016,1316,2025-11-05,completed,card
8017,393,2025-04-19,completed,wallet
8018,1601,2024-02-27,completed,wallet
8019,1923,2025-04-25,completed,card
8020,878,2025-03-20,completed,card
8021,1720,2024-05-16,completed,wallet
8022,1907,2025-04-08,completed,atm
8023,1430,2025-07-11,completed,card
8024,2223,2024-05-06,completed,cod
8025,2145,2025-09-03,completed,card
8026,1363,2025-07-08,completed,cod
8027,2485,2025-10-02,completed,atm
8028,1625,2025-04-08,completed,atm
8029,2228,2024-11-18,completed,card
8030,502,2024-04-24,cancelled,card
8031,562,2024-10-16,completed,card
8032,138,2025-05-23,completed,atm
8033,495,2025-10-22,completed,atm
8034,1389,2024-08-15,completed,wallet
8035,410,2024-11-24,completed,atm
8036,1837,2025-05-16,completed,card
8037,1863,2024-06-18,completed,card
8038,227,2024-09-28,completed,card
8039,302,2025-10-31,completed,card
8040,1306,2024-11-03,completed,card
8041,1271,2024-09-19,completed,card
8042,2106,2024-07-27,completed,atm
8043,978,2025-07-09,completed,wallet
8044,982,2025-03-22,completed,card
8045,1106,2024-02-26,completed,card
8046,2226,2025-07-02,completed,cod
8047,1410,2024-02-29,completed,card
8048,1095,2025-05-16,completed,card
8049,2012,2025-02-19,completed,atm
8050,679,2025-08-11,completed,wallet
8051,408,2025-09-29,completed,wallet
8052,1050,2025-02-03,refunded,wallet
8053,1954,2024-08-06,completed,atm
8054,89,2025-09-27,completed,atm
8055,830,2024-01-18,completed,card
8056,1343,2024-11-18,refunded,wallet
8057,390,2024-07-17,completed,atm
8058,1478,2025-05-09,completed,card
8059,564,2024-11-17,completed,card
8060,1755,2024-10-10,completed,cod
8061,2442,2024-02-27,completed,atm
8062,267,2024-10-31,completed,atm
8063,5,2024-02-09,completed,atm
8064,289,2024-11-17,completed,card
8065,25,2025-10-21,completed,card
8066,582,2025-02-23,completed,card
8067,1660,2024-08-06,cancelled,card
8068,143,2025-05-05,completed,card
8069,2051,2025-06-29,completed,card
8070,1967,2025-08-05,completed,wallet
8071,18,2025-08-20,completed,atm
8072,946,2024-11-01,completed,atm
8073,1437,2024-10-14,completed,atm
8074,1808,2024-08-08,completed,card
8075,2053,2025-10-20,completed,atm
8076,1569,2024-01-24,completed,wallet
8077,2197,2024-09-18,completed,wallet
8078,795,2024-05-29,completed,card
8079,793,2024-09-30,cancelled,card
8080,96,2024-10-03,completed,atm
8081,1962,2025-05-12,refunded,card
8082,275,2025-04-17,completed,card
8083,305,2025-12-17,completed,cod
8084,588,2024-11-27,completed,card
8085,1204,2025-06-23,completed,cod
8086,2288,2024-02-26,completed,atm
8087,892,2025-06-19,completed,card
8088,1803,2025-01-23,completed,card
8089,1664,2024-01-22,completed,atm
8090,1155,2024-02-27,completed,atm
8091,1703,2024-12-18,completed,card
8092,2050,2024-05-17,completed,card
8093,1377,2025-12-10,completed,wallet
8094,2379,2025-02-18,refunded,atm
8095,801,2024-09-19,completed,card
8096,2060,2025-03-25,completed,card
8097,1439,2024-04-27,completed,card
8098,2466,2025-07-28,completed,card
8099,762,2024-08-11,completed,wallet
8100,2117,2025-04-09,completed,cod
8101,1540,2025-01-04,completed,card
8102,433,2025-07-22,completed,card
8103,2201,2025-01-02,completed,wallet
8104,1835,2025-09-06,completed,cod
8105,1968,2024-08-23,completed,card
8106,2460,2024-04-06,completed,card
8107,635,2025-06-07,completed,atm
8108,989,2024-05-28,completed,cod
8109,580,2025-07-09,completed,card
8110,1538,2024-06-25,completed,card
8111,569,2024-01-31,completed,card
8112,2397,2025-09-27,refunded,wallet
8113,2259,2024-05-31,completed,atm
8114,2315,2024-11-04,refunded,card
8115,1137,2024-02-18,completed,card
8116,86,2025-01-30,completed,atm
8117,923,2025-09-08,completed,card
8118,900,2024-05-05,completed,card
8119,2142,2025-08-06,cancelled,card
8120,105,2024-01-12,completed,card
8121,339,2024-06-14,completed,card
8122,1485,2025-03-18,completed,wallet
8123,578,2025-04-19,completed,wallet
8124,1064,2025-08-19,completed,atm
8125,1306,2025-11-02,completed,cod
8126,1044,2024-04-12,completed,card
8127,463,2024-01-16,cancelled,card
8128,2300,2025-01-05,completed,card
8129,2070,2025-03-29,completed,cod
8130,1898,2024-05-30,completed,wallet
8131,1924,2024-09-30,completed,atm
8132,757,2025-07-17,completed,card
8133,720,2025-06-08,completed,atm
8134,1006,2024-03-24,completed,card
8135,953,2025-06-04,completed,atm
8136,1694,2025-10-12,completed,card
8137,603,2024-08-12,completed,card
8138,529,2025-06-02,completed,card
8139,849,2025-03-01,completed,wallet
8140,2137,2024-11-16,completed,wallet
8141,45,2024-01-09,completed,atm
8142,216,2025-04-22,completed,wallet
8143,1950,2025-07-02,completed,atm
8144,366,2024-06-25,completed,card
8145,31,2025-04-14,completed,atm
8146,640,2024-05-26,completed,card
8147,36,2025-07-01,completed,atm
8148,845,2024-10-13,completed,card
8149,2006,2025-09-23,completed,wallet
8150,1781,2024-08-20,cancelled,cod
8151,2246,2024-02-29,completed,cod
8152,713,2025-08-24,cancelled,cod
8153,1451,2024-05-26,completed,atm
8154,1657,2025-03-14,completed,wallet
8155,2384,2024-09-17,completed,wallet
8156,1388,2024-01-11,completed,card
8157,1788,2025-11-18,completed,card
8158,1126,2025-06-07,refunded,wallet
8159,226,2024-10-21,completed,atm
8160,1543,2025-09-08,completed,card
8161,548,2025-05-23,completed,wallet
8162,1539,2025-01-06,completed,wallet
8163,1917,2024-08-30,completed,atm
8164,1588,2025-03-12,completed,wallet
8165,684,2024-11-19,completed,cod
8166,1069,2024-06-22,cancelled,card
8167,1693,2025-10-11,completed,card
8168,980,2024-09-07,completed,card
8169,660,2024-04-20,completed,wallet
8170,1052,2025-09-14,completed,card
8171,2179,2024-06-21,completed,atm
8172,1154,2024-02-22,completed,atm
8173,1459,2024-03-02,completed,card
8174,1958,2024-03-27,completed,card
8175,901,2025-05-08,completed,wallet
8176,552,2024-09-27,completed,atm
8177,305,2025-02-05,completed,atm
8178,887,2025-08-30,completed,card
8179,1611,2025-02-11,completed,card
8180,863,2024-10-19,completed,card
8181,2092,2025-09-21,completed,atm
8182,894,2025-12-31,completed,card
8183,2463,2024-02-10,completed,card
8184,2476,2024-09-08,completed,wallet
8185,20,2025-02-24,completed,atm
8186,2449,2025-12-21,cancelled,card
8187,1128,2024-06-19,cancelled,cod
8188,565,2024-08-09,completed,card
8189,1564,2025-04-29,completed,atm
8190,385,2025-04-09,completed,card
8191,1064,2024-11-01,completed,card
8192,679,2024-06-18,completed,wallet
8193,1865,2024-10-21,completed,card
8194,1890,2024-12-04,completed,wallet
8195,747,2024-01-11,completed,wallet
8196,20,2025-12-18,completed,card
8197,2476,2024-09-22,completed,cod
8198,1323,2025-01-23,completed,wallet
8199,1823,2025-06-26,completed,card
8200,2313,2025-10-05,completed,card
8201,1936,2024-11-16,completed,card
8202,104,2024-02-08,cancelled,card
8203,2359,2025-12-22,completed,card
8204,1501,2025-12-22,completed,card
8205,1828,2024-02-03,completed,card
8206,937,2025-04-11,completed,atm
8207,1595,2025-08-31,completed,wallet
8208,380,2024-11-09,completed,card
8209,763,2024-10-14,completed,wallet
8210,958,2025-06-21,completed,card
8211,2043,2024-02-25,completed,card
8212,2232,2025-06-12,completed,card
8213,1060,2024-04-30,completed,wallet
8214,2218,2025-06-09,completed,card
8215,565,2025-11-22,completed,card
8216,1234,2024-07-14,completed,atm
8217,2436,2024-01-22,completed,wallet
8218,1191,2024-10-04,refunded,card
8219,112,2025-04-28,completed,atm
8220,338,2025-07-01,completed,atm
8221,2348,2025-06-03,completed,card
8222,2252,2024-11-14,completed,wallet
8223,1932,2024-02-03,completed,card
8224,2459,2024-01-08,completed,card
8225,1182,2025-09-29,completed,card
8226,2477,2024-09-14,completed,card
8227,1244,2025-12-14,completed,atm
8228,1840,2024-10-02,completed,atm
8229,1324,2025-08-05,completed,cod
8230,116,2024-07-15,completed,atm
8231,203,2024-01-29,completed,atm
8232,2198,2024-03-10,completed,cod
8233,830,2025-08-10,completed,wallet
8234,2466,2024-02-20,completed,card
8235,1888,2024-02-26,completed,card
8236,1459,2025-05-16,completed,card
8237,2150,2025-11-24,completed,card
8238,2488,2024-10-21,completed,atm
8239,574,2025-08-27,completed,cod
8240,792,2025-12-06,completed,card
8241,119,2025-03-19,completed,atm
8242,1913,2025-12-14,completed,card
8243,319,2024-02-19,completed,card
8244,613,2024-06-21,completed,atm
8245,1,2025-01-22,completed,card
8246,1830,2025-09-14,completed,card
8247,351,2024-06-01,completed,card
8248,1788,2025-06-01,completed,card
8249,31,2025-01-15,completed,atm
8250,1744,2025-02-07,completed,atm
8251,2219,2025-12-09,completed,card
8252,2486,2025-11-14,completed,wallet
8253,1644,2024-03-29,completed,card
8254,1786,2024-03-08,completed,card
8255,1359,2025-12-08,completed,wallet
8256,68,2025-08-27,completed,card
8257,2089,2024-02-28,completed,atm
8258,2213,2024-12-30,completed,card
8259,467,2024-05-27,completed,card
8260,897,2024-04-17,completed,card
8261,1756,2024-09-01,completed,card
8262,295,2024-05-20,completed,atm
8263,1654,2025-07-24,completed,atm
8264,182,2025-07-28,completed,card
8265,1080,2024-12-29,completed,card
8266,1815,2025-10-11,completed,atm
8267,1874,2025-11-12,completed,cod
8268,594,2024-02-04,completed,card
8269,1141,2024-08-07,completed,cod
8270,2419,2024-03-05,completed,wallet
8271,1772,2025-02-21,completed,wallet
8272,2088,2024-05-03,completed,atm
8273,133,2024-01-23,completed,atm
8274,2035,2024-01-22,completed,atm
8275,341,2024-03-27,completed,card
8276,1636,2024-04-25,completed,card
8277,1356,2024-02-25,completed,card
8278,1791,2025-12-23,completed,wallet
8279,128,2024-09-09,completed,atm
8280,1506,2024-02-22,completed,atm
8281,2315,2024-07-08,completed,card
8282,1511,2024-09-25,completed,cod
8283,412,2024-03-27,completed,card
8284,1247,2024-07-05,completed,wallet
8285,1443,2024-03-08,completed,card
8286,1079,2024-07-28,completed,atm
8287,2216,2024-10-07,completed,cod
8288,379,2025-12-18,completed,card
8289,2025,2025-03-29,completed,atm
8290,648,2025-11-27,completed,atm
8291,2218,2025-06-27,completed,card
8292,755,2025-11-06,completed,atm
8293,2316,2024-10-17,completed,wallet
8294,195,2025-10-31,completed,wallet
8295,2433,2024-04-23,completed,card
8296,1778,2024-08-24,completed,wallet
8297,1158,2024-03-13,completed,card
8298,2368,2025-04-23,completed,card
8299,2053,2025-04-29,completed,card
8300,2290,2025-01-06,completed,atm
8301,716,2024-08-05,completed,card
8302,1021,2025-06-14,completed,cod
8303,1843,2025-09-15,completed,card
8304,1146,2024-10-10,completed,wallet
8305,2491,2025-03-04,completed,atm
8306,757,2024-01-25,completed,atm
8307,344,2025-02-21,completed,card
8308,425,2025-04-11,refunded,card
8309,1443,2024-11-03,completed,card
8310,942,2024-03-25,completed,atm
8311,2362,2025-09-13,completed,atm
8312,1803,2024-12-02,refunded,card
8313,498,2025-12-26,completed,atm
8314,2254,2025-11-02,cancelled,card
8315,1720,2025-02-22,completed,card
8316,683,2025-01-23,completed,atm
8317,1124,2024-01-30,completed,card
8318,205,2024-08-29,completed,atm
8319,2389,2025-05-21,completed,card
8320,491,2024-12-18,completed,card
8321,270,2025-04-08,completed,card
8322,1895,2024-03-04,completed,wallet
8323,2393,2024-02-19,refunded,card
8324,906,2025-02-11,refunded,cod
8325,2366,2025-04-05,completed,atm
8326,2034,2025-08-16,completed,card
8327,1107,2025-01-06,completed,card
8328,1271,2025-12-11,completed,atm
8329,1243,2024-05-14,completed,card
8330,2422,2025-04-07,completed,card
8331,951,2025-04-08,completed,card
8332,2169,2024-03-27,completed,card
8333,243,2025-04-30,completed,card
8334,2467,2024-06-12,completed,atm
8335,2246,2025-10-14,completed,card
8336,164,2025-12-09,completed,cod
8337,883,2024-12-21,completed,atm
8338,439,2024-09-19,completed,card
8339,194,2025-12-04,completed,card
8340,240,2024-11-15,completed,card
8341,1094,2025-07-05,completed,card
8342,1708,2025-06-06,completed,card
8343,718,2025-05-12,cancelled,card
8344,10,2025-11-10,completed,card
8345,963,2024-08-24,completed,card
8346,123,2024-01-20,completed,atm
8347,1273,2024-11-09,cancelled,card
8348,445,2024-10-03,completed,card
8349,1085,2024-07-28,completed,card
8350,231,2024-02-10,completed,wallet
8351,945,2025-04-05,completed,card
8352,1858,2025-06-01,completed,card
8353,730,2024-05-08,completed,atm
8354,2425,2024-04-17,completed,wallet
8355,1947,2025-11-03,completed,wallet
8356,2480,2024-01-14,completed,card
8357,1587,2024-08-13,completed,card
8358,2452,2024-08-25,completed,card
8359,1250,2025-07-28,completed,atm
8360,1790,2024-12-07,completed,card
8361,208,2024-01-21,completed,wallet
8362,812,2024-05-20,completed,card
8363,512,2025-08-26,completed,atm
8364,1898,2024-11-22,cancelled,atm
8365,1258,2025-05-15,completed,card
8366,1061,2024-06-22,completed,card
8367,17,2025-10-26,completed,atm
8368,2162,2025-03-25,completed,card
8369,1349,2025-09-23,completed,cod
8370,59,2025-08-22,completed,card
8371,788,2025-10-17,completed,card
8372,592,2024-09-13,completed,cod
8373,2067,2024-05-26,completed,card
8374,934,2025-04-02,completed,wallet
8375,952,2024-01-26,completed,atm
8376,2052,2024-03-25,completed,card
8377,1562,2025-09-06,completed,card
8378,825,2025-08-21,completed,card
8379,596,2025-08-07,completed,cod
8380,1726,2024-01-21,completed,card
8381,1254,2025-09-18,completed,wallet
8382,515,2024-09-21,completed,atm
8383,1007,2024-10-31,completed,atm
8384,842,2024-12-17,completed,card
8385,818,2024-10-05,completed,card
8386,1971,2025-04-12,completed,wallet
8387,829,2024-04-14,completed,wallet
8388,2075,2025-09-24,completed,card
8389,906,2024-02-24,completed,atm
8390,730,2024-02-09,completed,atm
8391,1516,2025-09-30,completed,card
8392,447,2025-01-16,completed,card
8393,831,2025-01-21,completed,card
8394,1024,2025-04-08,completed,card
8395,2091,2025-03-12,completed,card
8396,1545,2025-09-06,completed,card
8397,1639,2025-03-16,completed,card
8398,1591,2025-12-09,completed,wallet
8399,1525,2025-02-02,cancelled,card
8400,1047,2025-05-16,completed,atm
8401,1658,2025-06-28,completed,card
8402,1883,2025-06-01,completed,cod
8403,1189,2024-01-17,completed,cod
8404,273,2024-01-02,completed,card
8405,560,2024-01-03,completed,card
8406,659,2024-11-26,completed,card
8407,1530,2024-01-16,completed,card
8408,530,2024-06-23,completed,card
8409,579,2025-08-12,completed,card
8410,338,2024-07-09,completed,card
8411,1165,2024-12-01,completed,wallet
8412,1039,2025-08-30,completed,cod
8413,998,2024-05-04,completed,card
8414,2372,2024-03-15,completed,card
8415,579,2025-03-17,completed,card
8416,1060,2024-08-28,completed,card
8417,1177,2025-11-17,completed,card
8418,2153,2024-04-23,completed,atm
8419,1942,2024-02-23,completed,card
8420,123,2024-10-05,completed,atm
8421,1227,2024-04-15,refunded,wallet
8422,918,2024-03-23,completed,atm
8423,2106,2025-07-17,completed,card
8424,1896,2025-12-17,completed,card
8425,1912,2025-03-03,completed,atm
8426,1294,2025-11-23,completed,card
8427,2063,2024-11-11,completed,card
8428,1504,2024-02-20,completed,card
8429,65,2024-12-11,completed,wallet
8430,1230,2024-09-17,completed,card
8431,663,2024-08-03,completed,wallet
8432,526,2024-01-11,completed,card
8433,2052,2025-11-04,completed,wallet
8434,1521,2024-09-11,completed,cod
8435,1348,2025-09-17,completed,card
8436,1993,2024-08-28,refunded,card
8437,9,2024-11-24,completed,card
8438,2081,2024-08-21,completed,cod
8439,787,2024-03-02,completed,card
8440,1883,2025-08-03,completed,card
8441,1049,2025-11-25,completed,cod
8442,1441,2025-11-20,completed,card
8443,577,2024-12-08,completed,card
8444,1410,2024-02-01,completed,atm
8445,259,2024-04-07,completed,wallet
8446,1443,2025-03-03,completed,card
8447,98,2024-02-08,completed,card
8448,954,2024-09-17,completed,wallet
8449,459,2024-05-15,completed,atm
8450,663,2024-11-13,completed,card
8451,51,2024-06-11,completed,atm
8452,1362,2024-04-05,completed,atm
8453,1042,2024-10-15,completed,card
8454,2332,2024-02-17,completed,atm
8455,1447,2024-10-23,completed,card
8456,1807,2024-09-23,completed,atm
8457,2001,2025-03-25,completed,card
8458,1820,2025-09-21,completed,atm
8459,1664,2025-03-19,cancelled,atm
8460,824,2024-10-18,completed,cod
8461,36,2024-05-03,completed,wallet
8462,2077,2025-05-02,completed,card
8463,741,2024-06-24,completed,card
8464,1105,2025-08-18,completed,card
8465,714,2025-01-22,completed,card
8466,1109,2025-07-02,completed,wallet
8467,1052,2024-08-27,completed,card
8468,1387,2025-11-07,completed,cod
8469,505,2024-10-22,completed,card
8470,781,2024-10-14,completed,card
8471,2081,2025-08-17,completed,card
8472,1789,2025-11-22,completed,card
8473,742,2025-07-20,completed,cod
8474,1718,2025-08-25,completed,atm
8475,798,2024-05-20,completed,atm
8476,107,2024-11-13,cancelled,card
8477,827,2025-12-07,completed,card
8478,1149,2024-08-09,completed,atm
8479,2200,2025-06-10,completed,card
8480,1795,2025-07-16,completed,wallet
8481,1311,2024-11-08,completed,card
8482,2289,2024-04-29,completed,card
8483,175,2024-06-17,completed,card
8484,1553,2024-05-24,completed,card
8485,1032,2025-04-28,completed,card
8486,162,2025-11-28,completed,cod
8487,326,2024-01-06,refunded,card
8488,2283,2024-07-04,completed,wallet
8489,1223,2025-09-04,completed,wallet
8490,52,2024-09-20,completed,cod
8491,1548,2024-05-26,completed,card
8492,290,2025-05-21,completed,cod
8493,1453,2025-02-24,completed,wallet
8494,1855,2024-03-25,completed,card
8495,832,2024-04-01,completed,card
8496,1299,2025-12-09,completed,card
8497,1352,2024-08-30,completed,card
8498,849,2024-12-24,completed,wallet
8499,1703,2024-10-14,completed,wallet
8500,2088,2025-11-28,completed,wallet
8501,2091,2024-03-22,completed,card
8502,1777,2024-10-25,completed,cod
8503,510,2025-03-21,completed,card
8504,206,2025-10-16,refunded,atm
8505,516,2024-08-12,completed,card
8506,2049,2024-07-01,completed,atm
8507,1029,2025-11-13,completed,card
8508,2333,2024-12-12,completed,wallet
8509,2000,2024-08-02,completed,card
8510,745,2024-06-10,completed,atm
8511,961,2024-03-21,completed,cod
8512,2062,2025-05-29,completed,card
8513,709,2025-05-20,completed,wallet
8514,2175,2025-12-16,completed,atm
8515,1981,2024-06-20,completed,atm
8516,590,2024-01-02,completed,card
8517,1832,2024-01-14,completed,card
8518,218,2025-04-30,completed,cod
8519,2037,2025-03-06,completed,atm
8520,102,2025-01-06,completed,card
8521,1472,2024-05-31,cancelled,card
8522,1269,2025-08-30,completed,atm
8523,822,2024-10-30,completed,card
8524,1297,2024-02-04,completed,card
8525,1392,2024-08-21,completed,wallet
8526,509,2024-06-12,completed,atm
8527,999,2024-05-26,completed,atm
8528,2430,2025-07-15,completed,atm
8529,2252,2025-08-19,completed,atm
8530,1235,2024-09-19,completed,card
8531,381,2025-07-08,completed,card
8532,2025,2024-01-15,completed,atm
8533,2282,2024-03-21,completed,card
8534,197,2024-04-04,completed,card
8535,2385,2025-05-03,refunded,card
8536,135,2024-08-01,completed,card
8537,659,2025-12-18,completed,card
8538,783,2024-09-25,completed,card
8539,1906,2024-07-17,completed,atm
8540,2092,2024-05-07,refunded,wallet
8541,1540,2024-03-02,completed,card
8542,584,2024-02-26,completed,atm
8543,459,2025-07-17,completed,card
8544,138,2024-02-10,completed,wallet
8545,1492,2025-02-04,completed,atm
8546,133,2024-02-04,completed,wallet
8547,308,2025-08-30,completed,card
8548,2442,2024-10-07,completed,card
8549,407,2025-09-20,completed,card
8550,218,2025-10-09,completed,card
8551,1299,2024-03-27,completed,card
8552,955,2025-07-24,completed,card
8553,2424,2024-11-03,refunded,card
8554,222,2024-03-04,completed,card
8555,306,2025-04-18,cancelled,cod
8556,1436,2025-11-02,completed,wallet
8557,2371,2024-01-22,completed,cod
8558,770,2025-06-15,completed,card
8559,459,2024-01-20,completed,card
8560,2423,2025-07-23,completed,card
8561,982,2025-06-21,completed,atm
8562,236,2025-12-22,completed,card
8563,24,2025-10-22,completed,card
8564,971,2024-05-22,completed,card
8565,1009,2025-10-07,completed,card
8566,398,2024-04-06,completed,card
8567,1851,2024-12-17,completed,atm
8568,352,2024-12-14,completed,card
8569,1196,2025-03-04,completed,card
8570,1470,2024-06-05,completed,card
8571,2272,2024-03-20,completed,card
8572,1028,2024-04-08,completed,cod
8573,1063,2024-04-19,completed,card
8574,2174,2024-01-09,completed,card
8575,322,2024-05-15,refunded,atm
8576,2230,2025-11-11,completed,card
8577,802,2024-02-10,completed,atm
8578,1209,2025-01-05,completed,card
8579,189,2024-02-10,completed,card
8580,2408,2025-05-01,completed,wallet
8581,332,2025-10-15,cancelled,cod
8582,388,2024-07-29,completed,card
8583,2493,2024-07-21,completed,card
8584,1955,2025-04-07,completed,card
8585,1006,2025-10-09,completed,atm
8586,1480,2025-06-05,completed,cod
8587,1879,2024-11-26,completed,wallet
8588,1796,2024-09-02,completed,atm
8589,1389,2025-03-20,completed,card
8590,23,2024-11-16,completed,card
8591,1954,2025-03-30,completed,card
8592,225,2024-05-18,completed,atm
8593,120,2025-07-13,completed,atm
8594,45,2024-09-08,completed,wallet
8595,2210,2025-11-10,completed,card
8596,1748,2024-01-13,completed,wallet
8597,1328,2025-05-09,completed,cod
8598,337,2024-05-10,completed,card
8599,1294,2025-05-02,cancelled,card
8600,1858,2024-12-04,completed,card
8601,1737,2024-01-12,completed,card
8602,1799,2024-01-12,completed,card
8603,53,2025-10-07,completed,cod
8604,1509,2024-02-01,completed,card
8605,2160,2024-05-26,completed,card
8606,834,2025-06-18,completed,atm
8607,2107,2025-08-13,completed,card
8608,2309,2024-05-22,completed,atm
8609,2274,2025-05-23,completed,atm
8610,1624,2025-03-12,completed,wallet
8611,738,2025-05-06,completed,card
8612,1948,2024-02-25,refunded,wallet
8613,1467,2025-08-16,completed,wallet
8614,706,2024-12-14,completed,atm
8615,682,2024-07-07,completed,atm
8616,2358,2025-08-13,completed,atm
8617,1634,2025-08-15,completed,card
8618,1248,2024-09-29,completed,card
8619,1870,2025-10-14,completed,wallet
8620,1546,2025-04-04,completed,atm
8621,176,2024-11-01,completed,card
8622,249,2025-05-13,cancelled,atm
8623,1307,2025-10-02,completed,atm
8624,1654,2025-02-26,completed,atm
8625,1130,2025-02-22,completed,card
8626,232,2025-07-06,completed,card
8627,821,2024-02-25,completed,atm
8628,2205,2025-07-16,completed,card
8629,915,2025-08-31,completed,card
8630,2272,2025-01-18,completed,atm
8631,125,2025-02-17,completed,cod
8632,610,2025-05-30,completed,cod
8633,195,2025-10-15,completed,atm
8634,1395,2025-09-20,completed,card
8635,1516,2025-05-01,completed,wallet
8636,1636,2025-05-10,completed,atm
8637,1709,2024-09-24,completed,atm
8638,1704,2024-09-29,completed,card
8639,1467,2024-05-05,completed,atm
8640,2212,2024-03-10,completed,atm
8641,1987,2024-10-03,cancelled,atm
8642,2351,2025-12-31,refunded,card
8643,2147,2025-03-27,completed,card
8644,1693,2025-01-05,completed,cod
8645,839,2025-04-09,refunded,card
8646,110,2024-08-27,refunded,wallet
8647,234,2024-04-01,completed,card
8648,363,2024-02-10,completed,card
8649,1735,2024-07-23,completed,atm
8650,88,2025-07-18,completed,card
8651,945,2025-02-02,completed,cod
8652,325,2025-06-15,refunded,card
8653,924,2024-01-09,completed,atm
8654,700,2024-10-26,completed,card
8655,576,2024-01-22,completed,card
8656,262,2025-08-13,completed,card
8657,775,2025-07-30,completed,wallet
8658,1321,2024-09-03,completed,card
8659,1466,2024-07-08,completed,wallet
8660,1,2024-10-25,completed,atm
8661,2318,2024-05-10,completed,cod
8662,190,2024-05-31,completed,cod
8663,155,2024-09-17,completed,card
8664,1757,2024-02-17,completed,atm
8665,747,2025-03-25,completed,card
8666,133,2025-07-22,completed,cod
8667,274,2024-09-25,completed,cod
8668,235,2025-12-18,completed,card
8669,1298,2025-10-05,completed,card
8670,1896,2024-03-03,completed,atm
8671,511,2024-08-18,completed,card
8672,72,2024-03-25,completed,atm
8673,1186,2024-12-15,completed,wallet
8674,1480,2024-12-17,completed,card
8675,2419,2025-02-06,completed,atm
8676,1584,2024-10-26,completed,card
8677,499,2024-10-05,completed,card
8678,151,2025-03-22,completed,wallet
8679,1751,2024-12-25,completed,cod
8680,2483,2024-01-29,completed,cod
8681,1779,2025-06-21,completed,wallet
8682,1449,2024-03-12,cancelled,card
8683,382,2024-09-23,completed,card
8684,2282,2024-11-14,completed,card
8685,2272,2024-07-26,completed,card
8686,1549,2025-01-03,completed,cod
8687,2171,2024-09-11,completed,wallet
8688,428,2025-07-01,completed,atm
8689,532,2024-12-26,completed,card
8690,2443,2025-07-31,completed,card
8691,1597,2025-06-19,cancelled,wallet
8692,2420,2024-08-27,completed,card
8693,2199,2025-01-23,completed,atm
8694,1417,2025-12-10,completed,card
8695,515,2025-11-14,completed,card
8696,24,2024-12-25,completed,card
8697,1884,2024-05-04,completed,card
8698,1715,2025-04-01,refunded,atm
8699,145,2025-09-06,completed,card
8700,1403,2024-09-26,completed,wallet
8701,522,2024-11-10,completed,atm
8702,1010,2024-12-03,completed,card
8703,920,2024-03-28,completed,card
8704,231,2025-04-21,completed,card
8705,1407,2024-12-25,completed,card
8706,1133,2025-10-21,completed,card
8707,1128,2025-10-28,completed,card
8708,1829,2024-12-03,completed,card
8709,377,2024-01-16,completed,cod
8710,859,2025-01-25,completed,atm
8711,2111,2024-02-17,completed,card
8712,546,2024-02-17,completed,wallet
8713,2130,2025-10-03,completed,cod
8714,404,2024-11-11,completed,wallet
8715,1782,2024-09-04,completed,cod
8716,1927,2025-08-02,completed,atm
8717,120,2025-12-02,refunded,cod
8718,2141,2024-08-04,completed,card
8719,541,2025-01-10,completed,wallet
8720,1959,2024-09-05,completed,card
8721,1467,2024-07-26,completed,wallet
8722,1348,2024-07-30,completed,card
8723,1741,2024-03-21,completed,card
8724,1290,2025-07-10,completed,atm
8725,531,2025-10-23,completed,card
8726,2239,2025-03-25,completed,atm
8727,572,2024-02-03,completed,card
8728,1969,2024-06-16,cancelled,atm
8729,909,2025-11-24,completed,wallet
8730,1083,2024-02-15,completed,cod
8731,2047,2025-11-27,completed,cod
8732,2314,2024-01-08,completed,atm
8733,2351,2025-05-26,completed,wallet
8734,1777,2025-09-30,completed,card
8735,1490,2024-07-15,completed,wallet
8736,563,2024-01-13,completed,card
8737,2407,2024-01-26,completed,atm
8738,167,2024-11-30,completed,card
8739,501,2025-12-09,completed,wallet
8740,1357,2025-11-01,completed,card
8741,567,2024-05-18,completed,card
8742,1765,2024-01-11,completed,wallet
8743,1197,2024-11-12,cancelled,wallet
8744,1941,2025-08-11,completed,wallet
8745,1679,2025-01-09,completed,atm
8746,1334,2024-10-12,completed,card
8747,337,2024-04-24,completed,atm
8748,2062,2024-01-30,completed,atm
8749,2449,2025-11-15,completed,atm
8750,3,2025-12-15,completed,atm
8751,1989,2024-12-30,completed,atm
8752,1540,2025-07-24,completed,cod
8753,536,2025-08-17,completed,card
8754,2393,2024-03-28,cancelled,card
8755,1108,2025-10-28,completed,wallet
8756,1143,2024-09-26,completed,card
8757,913,2025-12-27,completed,atm
8758,971,2025-01-23,completed,card
8759,2344,2024-09-04,completed,card
8760,880,2024-11-02,completed,atm
8761,2160,2025-05-13,completed,card
8762,1453,2024-12-27,completed,card
8763,468,2024-05-20,completed,card
8764,375,2024-10-09,completed,card
8765,1579,2025-08-13,completed,atm
8766,1381,2025-08-10,completed,card
8767,1141,2024-11-17,completed,card
8768,85,2024-11-18,completed,atm
8769,1515,2025-03-14,completed,cod
8770,2284,2024-03-16,cancelled,atm
8771,2373,2025-08-24,completed,card
8772,2278,2024-05-24,completed,wallet
8773,1272,2025-12-03,completed,cod
8774,875,2024-12-29,completed,card
8775,279,2024-11-01,completed,card
8776,1113,2024-04-14,completed,atm
8777,1817,2024-06-07,completed,atm
8778,253,2024-06-27,completed,card
8779,363,2024-06-30,completed,card
8780,2107,2025-06-30,completed,card
8781,498,2024-06-17,refunded,card
8782,443,2024-01-27,completed,card
8783,582,2025-01-04,completed,card
8784,69,2025-01-19,completed,atm
8785,2088,2025-09-06,completed,wallet
8786,423,2024-01-21,completed,card
8787,1025,2025-02-09,completed,wallet
8788,994,2025-04-10,completed,atm
8789,1835,2025-03-05,completed,atm
8790,900,2025-08-22,completed,cod
8791,2160,2025-03-24,completed,atm
8792,1407,2024-12-11,completed,atm
8793,2436,2025-10-19,completed,wallet
8794,1054,2024-06-05,completed,atm
8795,991,2024-08-13,completed,cod
8796,2079,2025-10-04,completed,wallet
8797,1994,2025-03-03,completed,atm
8798,1648,2025-11-24,completed,card
8799,2138,2024-07-29,completed,cod
8800,1542,2024-11-19,completed,cod
8801,1769,2025-11-22,completed,atm
8802,149,2024-05-30,completed,card
8803,791,2025-08-28,completed,atm
8804,1880,2025-10-11,completed,card
8805,2090,2024-08-18,completed,card
8806,1715,2024-10-19,completed,atm
8807,1882,2025-01-30,completed,card
8808,1483,2025-09-25,completed,card
8809,1822,2025-07-14,completed,wallet
8810,827,2025-04-23,completed,cod
8811,1088,2025-11-27,completed,wallet
8812,455,2024-03-30,completed,atm
8813,2072,2025-06-13,completed,atm
8814,626,2025-07-01,completed,atm
8815,409,2025-12-23,completed,atm
8816,1490,2024-05-19,completed,card
8817,41,2025-06-19,completed,cod
8818,441,2024-10-06,cancelled,card
8819,608,2025-02-09,completed,wallet
8820,2045,2025-01-29,completed,wallet
8821,660,2024-07-04,completed,card
8822,1294,2025-06-20,completed,card
8823,1328,2024-12-26,completed,card
8824,1150,2025-07-06,completed,atm
8825,376,2024-12-22,completed,atm
8826,380,2024-10-23,completed,card
8827,1331,2024-01-21,completed,card
8828,396,2024-07-15,completed,card
8829,2385,2025-02-03,completed,cod
8830,17,2024-11-18,completed,atm
8831,57,2025-08-25,completed,wallet
8832,1949,2025-01-05,completed,card
8833,429,2024-05-23,completed,card
8834,580,2025-01-21,refunded,card
8835,1834,2024-01-31,completed,card
8836,1076,2025-01-10,completed,wallet
8837,1728,2024-11-10,completed,atm
8838,816,2025-07-02,completed,cod
8839,1532,2025-11-05,completed,wallet
8840,799,2024-02-02,completed,atm
8841,530,2024-03-10,completed,atm
8842,2253,2025-05-30,completed,atm
8843,1625,2024-03-31,completed,card
8844,1218,2024-10-01,completed,atm
8845,2207,2025-10-01,completed,card
8846,1860,2025-05-10,completed,card
8847,669,2025-06-03,completed,wallet
8848,1681,2025-07-12,refunded,cod
8849,1522,2024-01-04,completed,card
8850,335,2025-06-08,completed,card
8851,1803,2025-10-17,completed,card
8852,1186,2024-07-25,completed,card
8853,228,2024-05-01,completed,wallet
8854,1624,2025-04-09,completed,card
8855,489,2025-09-13,completed,card
8856,2368,2024-02-03,completed,atm
8857,1379,2025-02-16,cancelled,cod
8858,850,2025-10-27,completed,atm
8859,934,2024-07-27,completed,atm
8860,1363,2024-08-16,refunded,atm
8861,1678,2025-10-25,completed,atm
8862,1911,2025-02-19,completed,card
8863,1218,2024-12-28,completed,wallet
8864,339,2025-07-16,completed,card
8865,1910,2025-05-23,completed,atm
8866,1511,2024-01-21,completed,wallet
8867,1051,2024-04-23,completed,card
8868,1725,2025-11-25,completed,wallet
8869,448,2025-02-25,completed,cod
8870,2239,2024-10-02,completed,atm
8871,433,2025-12-28,completed,card
8872,398,2025-08-18,completed,cod
8873,1936,2024-05-10,cancelled,card
8874,86,2025-11-09,completed,cod
8875,718,2025-07-12,completed,card
8876,84,2025-12-09,completed,card
8877,522,2024-12-26,completed,card
8878,1564,2024-07-29,completed,wallet
8879,1651,2024-03-11,completed,cod
8880,373,2025-08-19,completed,atm
8881,1736,2024-07-08,completed,cod
8882,1358,2025-04-17,completed,atm
8883,602,2025-11-30,completed,card
8884,944,2024-09-18,completed,atm
8885,874,2024-09-09,completed,card
8886,2452,2025-07-29,completed,card
8887,898,2025-11-06,cancelled,card
8888,356,2025-07-17,completed,atm
8889,1181,2025-01-10,completed,card
8890,544,2025-06-07,completed,card
8891,968,2025-02-01,completed,cod
8892,1953,2024-03-30,completed,wallet
8893,176,2025-06-02,completed,atm
8894,2130,2025-09-02,completed,card
8895,1381,2024-11-12,cancelled,card
8896,589,2025-08-04,completed,card
8897,816,2025-03-07,completed,card
8898,610,2025-07-23,completed,card
8899,1486,2024-02-04,completed,wallet
8900,158,2025-11-19,completed,card
8901,876,2025-08-15,completed,atm
8902,2148,2024-08-16,completed,atm
8903,1813,2025-05-14,completed,card
8904,2072,2025-11-14,completed,card
8905,1724,2024-09-26,completed,atm
8906,2430,2025-06-04,completed,card
8907,589,2025-04-21,completed,wallet
8908,1939,2025-03-19,completed,wallet
8909,1623,2025-06-20,completed,card
8910,1143,2025-05-09,completed,atm
8911,89,2024-11-04,completed,card
8912,841,2024-01-05,completed,atm
8913,24,2025-04-21,completed,card
8914,1579,2025-11-05,completed,wallet
8915,696,2025-04-09,completed,atm
8916,569,2024-12-30,completed,wallet
8917,1045,2024-10-19,completed,atm
8918,484,2024-06-27,completed,card
8919,2059,2024-01-31,completed,card
8920,1986,2025-07-16,completed,card
8921,1377,2025-04-25,completed,atm
8922,21,2024-08-18,completed,atm
8923,595,2024-07-02,completed,wallet
8924,1952,2025-12-08,completed,atm
8925,1944,2024-08-11,completed,card
8926,393,2024-02-15,completed,atm
8927,2125,2024-05-12,completed,atm
8928,307,2025-05-20,completed,card
8929,1455,2025-05-22,completed,card
8930,738,2024-10-01,completed,card
8931,1923,2025-10-15,completed,atm
8932,1481,2025-07-14,completed,atm
8933,1856,2024-09-11,completed,card
8934,2347,2024-07-27,completed,card
8935,1062,2025-01-23,completed,atm
8936,2319,2024-10-29,completed,atm
8937,2315,2024-11-11,completed,cod
8938,913,2024-04-14,completed,wallet
8939,974,2025-04-05,completed,wallet
8940,2058,2024-06-27,completed,card
8941,764,2025-04-23,completed,card
8942,1964,2024-07-04,completed,card
8943,1096,2024-08-27,completed,cod
8944,84,2024-10-06,refunded,card
8945,1682,2024-01-18,completed,card
8946,620,2025-07-22,completed,card
8947,274,2024-12-02,completed,wallet
8948,2337,2025-10-04,completed,card
8949,432,2025-11-05,completed,card
8950,2317,2025-01-27,completed,card
8951,2358,2025-12-12,completed,card
8952,1286,2025-10-04,completed,wallet
8953,1649,2025-04-20,completed,card
8954,844,2025-10-21,completed,card
8955,1729,2024-02-02,completed,wallet
8956,1376,2025-10-11,completed,cod
8957,848,2025-08-02,completed,atm
8958,1941,2024-02-24,completed,card
8959,1789,2024-02-10,completed,card
8960,1721,2025-02-27,completed,wallet
8961,2079,2025-04-05,completed,card
8962,377,2024-04-10,completed,wallet
8963,1865,2025-12-05,completed,card
8964,1490,2024-09-01,completed,card
8965,898,2025-09-13,completed,atm
8966,1430,2024-01-14,completed,card
8967,1834,2024-03-01,completed,wallet
8968,2444,2025-05-18,completed,card
8969,1445,2025-03-07,completed,cod
8970,1866,2025-05-21,completed,wallet
8971,1769,2024-10-11,completed,atm
8972,1292,2025-02-01,completed,atm
8973,1503,2024-06-26,completed,card
8974,2253,2025-04-21,completed,atm
8975,73,2025-08-04,completed,wallet
8976,41,2025-05-13,completed,card
8977,307,2025-07-18,cancelled,atm
8978,817,2025-02-26,completed,card
8979,397,2024-11-02,completed,card
8980,872,2024-03-25,completed,cod
8981,1442,2025-10-30,completed,cod
8982,566,2025-03-11,cancelled,card
8983,958,2025-10-12,completed,atm
8984,2489,2024-10-19,completed,cod
8985,274,2025-03-12,completed,wallet
8986,1634,2025-01-05,completed,card
8987,1919,2024-02-28,completed,atm
8988,1055,2024-11-09,completed,cod
8989,1088,2025-10-21,completed,atm
8990,65,2025-12-24,completed,wallet
8991,970,2025-04-24,completed,atm
8992,2255,2025-09-02,refunded,card
8993,1691,2025-05-31,completed,card
8994,1202,2024-05-29,completed,atm
8995,1564,2024-11-25,completed,wallet
8996,868,2024-06-19,completed,card
8997,1525,2025-02-08,completed,atm
8998,73,2025-08-05,completed,atm
8999,950,2024-11-23,completed,atm
9000,757,2025-09-20,completed,cod
9001,918,2024-02-19,completed,cod
9002,2206,2024-10-20,completed,card
9003,2416,2025-10-19,completed,card
9004,2119,2025-10-14,completed,wallet
9005,1494,2025-01-14,completed,wallet
9006,1194,2024-08-26,completed,wallet
9007,1581,2025-06-12,completed,card
9008,1630,2024-02-04,completed,card
9009,2200,2025-12-13,refunded,atm
9010,1615,2024-10-15,refunded,cod
9011,130,2025-12-12,completed,card
9012,107,2025-04-02,completed,atm
9013,606,2024-07-19,cancelled,atm
9014,955,2024-04-26,completed,atm
9015,1211,2024-07-29,refunded,card
9016,302,2024-12-22,completed,card
9017,2065,2025-01-20,completed,atm
9018,2092,2024-06-12,cancelled,atm
9019,2421,2025-04-09,completed,atm
9020,1537,2024-06-19,cancelled,wallet
9021,364,2025-10-28,completed,card
9022,1067,2025-11-22,completed,atm
9023,1615,2025-11-30,completed,atm
9024,626,2024-10-01,completed,atm
9025,2469,2024-10-31,completed,atm
9026,1741,2025-01-22,completed,card
9027,1981,2024-09-28,completed,atm
9028,1362,2025-02-15,refunded,card
9029,407,2024-01-04,completed,card
9030,1260,2025-10-20,completed,card
9031,2377,2025-10-20,completed,card
9032,409,2025-03-28,completed,card
9033,862,2024-12-29,completed,wallet
9034,952,2024-05-19,completed,atm
9035,1695,2025-09-13,completed,card
9036,783,2024-12-22,completed,card
9037,1384,2025-05-12,completed,atm
9038,1791,2025-01-03,completed,card
9039,1397,2025-01-15,completed,card
9040,1657,2024-12-28,completed,card
9041,87,2024-05-17,completed,atm
9042,1279,2025-05-26,completed,card
9043,1581,2025-04-02,completed,card
9044,1531,2025-05-27,completed,wallet
9045,2135,2025-11-17,completed,atm
9046,1986,2025-10-19,completed,cod
9047,2084,2024-04-24,completed,card
9048,1840,2024-01-03,completed,card
9049,37,2024-11-03,completed,atm
9050,688,2025-05-24,completed,wallet
9051,1216,2025-02-12,completed,atm
9052,148,2024-04-29,completed,card
9053,1446,2025-11-15,completed,card
9054,854,2025-01-07,completed,card
9055,616,2024-12-21,completed,card
9056,624,2024-11-09,completed,card
9057,226,2025-06-30,completed,wallet
9058,2139,2025-05-13,completed,card
9059,1112,2024-01-09,completed,card
9060,1569,2024-06-16,completed,cod
9061,1759,2025-05-12,completed,card
9062,566,2024-02-29,completed,wallet
9063,2144,2024-01-25,completed,card
9064,1130,2025-08-19,completed,atm
9065,2488,2024-01-01,completed,card
9066,1695,2025-09-29,completed,card
9067,847,2024-08-22,completed,atm
9068,2239,2024-06-02,completed,card
9069,1851,2025-07-09,completed,atm
9070,1040,2024-02-08,cancelled,card
9071,1363,2025-07-17,completed,atm
9072,1280,2024-11-22,completed,card
9073,856,2025-08-18,completed,wallet
9074,2101,2024-12-18,completed,atm
9075,894,2024-01-20,completed,wallet
9076,603,2025-06-08,completed,cod
9077,1192,2025-01-30,completed,atm
9078,969,2024-10-27,completed,atm
9079,2481,2025-01-27,completed,card
9080,480,2024-08-15,completed,card
9081,469,2024-08-29,completed,card
9082,711,2024-09-01,completed,atm
9083,607,2024-06-18,completed,card
9084,704,2024-03-03,cancelled,atm
9085,91,2024-12-21,completed,atm
9086,1210,2025-06-16,completed,atm
9087,1915,2024-10-10,cancelled,atm
9088,2032,2025-01-30,completed,card
9089,457,2025-04-14,completed,card
9090,2219,2025-07-11,completed,card
9091,890,2024-12-11,completed,atm
9092,374,2025-02-25,completed,atm
9093,1227,2024-10-16,completed,wallet
9094,1896,2025-05-21,completed,card
9095,1887,2024-05-15,cancelled,cod
9096,2242,2025-07-04,completed,card
9097,932,2025-05-22,completed,atm
9098,1808,2025-02-19,refunded,wallet
9099,3,2024-01-23,completed,card
9100,2410,2025-11-16,completed,card
9101,320,2025-11-26,completed,atm
9102,511,2025-04-18,completed,card
9103,1783,2024-04-24,completed,card
9104,66,2024-12-27,completed,cod
9105,2295,2024-06-02,completed,wallet
9106,2458,2025-03-24,completed,card
9107,1422,2025-01-31,completed,card
9108,2302,2024-10-18,cancelled,wallet
9109,655,2025-04-20,completed,card
9110,2212,2025-06-12,completed,card
9111,1680,2024-06-16,completed,card
9112,1077,2025-04-08,completed,card
9113,926,2025-06-29,completed,atm
9114,1866,2025-08-08,completed,atm
9115,2368,2024-01-18,completed,atm
9116,2251,2024-03-07,completed,wallet
9117,2494,2024-11-12,completed,card
9118,489,2025-09-26,completed,card
9119,505,2025-12-01,completed,cod
9120,1942,2024-07-23,completed,atm
9121,1506,2025-02-03,completed,cod
9122,1345,2025-07-28,completed,wallet
9123,1842,2025-04-17,completed,card
9124,1275,2024-05-23,completed,card
9125,1825,2024-03-21,completed,atm
9126,1049,2025-01-07,completed,wallet
9127,1584,2025-09-09,completed,cod
9128,2007,2025-09-07,completed,atm
9129,1177,2025-04-25,completed,card
9130,740,2024-11-15,completed,atm
9131,324,2024-04-27,completed,card
9132,1912,2024-01-10,completed,atm
9133,1177,2025-04-04,completed,card
9134,1727,2025-06-17,cancelled,card
9135,1683,2025-05-25,completed,cod
9136,2121,2024-02-07,completed,card
9137,695,2024-07-08,completed,card
9138,2038,2025-07-21,refunded,card
9139,1574,2024-11-12,completed,cod
9140,1208,2024-06-22,completed,card
9141,675,2024-04-26,completed,card
9142,1364,2025-04-01,completed,cod
9143,393,2024-02-01,completed,cod
9144,1343,2025-10-22,completed,atm
9145,305,2025-07-26,completed,card
9146,406,2025-07-27,cancelled,card
9147,198,2024-11-27,cancelled,card
9148,627,2024-09-04,completed,card
9149,1151,2025-05-08,completed,card
9150,1985,2025-10-21,completed,wallet
9151,2143,2024-01-16,completed,card
9152,1682,2025-08-08,completed,atm
9153,291,2024-08-01,completed,wallet
9154,1999,2025-05-24,completed,card
9155,705,2024-03-15,completed,cod
9156,340,2025-09-11,completed,card
9157,2220,2025-12-12,completed,card
9158,2387,2024-08-03,cancelled,atm
9159,1670,2025-06-21,completed,wallet
9160,1240,2024-04-19,completed,card
9161,345,2025-02-21,completed,card
9162,2130,2024-05-31,completed,card
9163,2110,2025-11-02,completed,wallet
9164,951,2025-07-25,completed,cod
9165,1663,2025-11-03,completed,cod
9166,417,2024-03-27,completed,card
9167,503,2025-08-10,completed,atm
9168,1392,2025-03-11,completed,card
9169,1012,2024-05-17,completed,atm
9170,2345,2024-09-22,completed,card
9171,330,2024-08-25,completed,card
9172,981,2024-04-12,completed,card
9173,1881,2025-03-21,completed,card
9174,634,2024-04-30,cancelled,cod
9175,2059,2024-09-15,completed,wallet
9176,1379,2025-01-22,completed,card
9177,1026,2024-10-29,completed,card
9178,607,2024-02-20,completed,wallet
9179,1043,2025-05-06,completed,card
9180,1059,2025-08-16,completed,card
9181,2438,2025-12-08,completed,card
9182,2147,2025-04-09,completed,atm
9183,106,2025-11-26,completed,wallet
9184,1921,2025-04-10,completed,wallet
9185,2229,2024-07-01,completed,atm
9186,1298,2024-07-27,completed,atm
9187,729,2024-10-15,completed,atm
9188,1912,2025-12-04,completed,atm
9189,108,2024-03-30,completed,wallet
9190,1240,2024-05-25,completed,card
9191,1361,2024-07-25,completed,atm
9192,97,2024-10-24,completed,wallet
9193,2290,2024-12-28,completed,atm
9194,747,2024-04-22,completed,atm
9195,200,2024-11-23,completed,wallet
9196,1345,2024-12-16,completed,card
9197,963,2025-02-03,completed,atm
9198,1867,2024-06-04,completed,wallet
9199,1448,2025-05-31,completed,card
9200,2214,2025-06-08,completed,cod
9201,2321,2024-02-16,completed,atm
9202,291,2025-03-25,completed,atm
9203,1981,2024-03-10,completed,wallet
9204,1024,2024-08-03,completed,atm
9205,2436,2024-07-18,completed,atm
9206,184,2025-12-08,completed,card
9207,1495,2025-06-20,completed,card
9208,528,2025-12-14,completed,card
9209,720,2024-01-31,completed,cod
9210,615,2025-09-04,completed,card
9211,861,2025-10-29,completed,atm
9212,903,2025-05-21,completed,atm
9213,405,2024-05-15,completed,wallet
9214,202,2024-02-25,completed,card
9215,773,2025-07-30,completed,atm
9216,2151,2025-09-19,completed,card
9217,785,2025-03-06,completed,atm
9218,1273,2025-08-22,completed,card
9219,1449,2024-09-05,completed,card
9220,245,2024-06-29,completed,atm
9221,597,2025-07-12,completed,atm
9222,1259,2025-12-07,completed,card
9223,1718,2025-12-24,completed,card
9224,2155,2025-11-23,completed,card
9225,355,2025-06-22,completed,card
9226,566,2024-07-11,completed,wallet
9227,620,2024-08-30,cancelled,cod
9228,1895,2025-02-08,completed,atm
9229,2121,2025-09-21,completed,atm
9230,2347,2024-10-27,completed,wallet
9231,2212,2024-09-11,completed,card
9232,469,2025-10-21,completed,atm
9233,1696,2025-08-07,completed,card
9234,1807,2025-06-16,completed,card
9235,1213,2025-10-29,completed,atm
9236,2172,2024-08-02,completed,card
9237,1920,2024-09-26,completed,card
9238,1101,2024-07-23,completed,atm
9239,2423,2024-11-28,completed,cod
9240,1235,2024-11-13,completed,card
9241,733,2024-07-21,completed,card
9242,1092,2025-09-13,completed,wallet
9243,2460,2025-11-14,completed,card
9244,821,2024-06-24,completed,atm
9245,1910,2025-12-14,completed,atm
9246,81,2024-07-02,completed,wallet
9247,1488,2025-08-13,completed,card
9248,993,2024-07-01,completed,card
9249,1612,2024-04-19,completed,atm
9250,1329,2024-06-18,completed,card
9251,716,2025-03-24,completed,atm
9252,1961,2025-11-19,cancelled,cod
9253,2205,2024-03-08,completed,card
9254,1211,2024-11-19,completed,wallet
9255,2319,2024-12-05,completed,atm
9256,2095,2024-12-04,completed,atm
9257,1277,2024-02-24,completed,card
9258,133,2025-05-07,completed,card
9259,1377,2025-09-30,completed,card
9260,274,2024-09-06,completed,card
9261,853,2024-08-31,completed,card
9262,696,2025-07-13,completed,wallet
9263,2280,2024-05-18,completed,cod
9264,313,2024-02-16,completed,card
9265,605,2025-10-14,completed,card
9266,83,2024-12-02,completed,card
9267,405,2025-09-08,completed,atm
9268,2426,2024-01-29,completed,card
9269,363,2025-10-09,completed,card
9270,1714,2025-08-05,refunded,card
9271,1794,2024-09-05,completed,card
9272,829,2024-12-29,completed,card
9273,1377,2024-11-29,completed,card
9274,960,2024-01-15,cancelled,cod
9275,523,2024-09-19,completed,atm
9276,682,2024-12-24,completed,card
9277,1913,2025-04-30,completed,atm
9278,1221,2024-09-08,completed,cod
9279,945,2024-05-18,completed,card
9280,1144,2024-05-23,completed,wallet
9281,1667,2025-11-06,completed,card
9282,506,2024-11-10,completed,atm
9283,1458,2024-08-03,completed,card
9284,2028,2025-10-12,completed,cod
9285,1947,2025-08-21,completed,card
9286,1248,2024-04-09,completed,card
9287,2258,2024-04-02,completed,card
9288,1697,2025-10-28,completed,card
9289,2201,2025-01-02,completed,card
9290,1355,2025-10-11,completed,card
9291,1005,2024-06-14,refunded,card
9292,2344,2024-02-08,completed,wallet
9293,47,2024-10-13,completed,atm
9294,1782,2025-09-04,completed,card
9295,795,2024-07-10,completed,atm
9296,1423,2024-03-04,completed,card
9297,1541,2025-05-16,completed,atm
9298,534,2024-05-02,refunded,cod
9299,528,2025-10-05,completed,card
9300,2313,2025-03-10,completed,card
9301,1220,2025-03-09,refunded,atm
9302,1632,2024-11-25,completed,card
9303,2481,2025-09-25,completed,card
9304,1112,2025-09-02,completed,card
9305,768,2025-04-27,completed,wallet
9306,2440,2025-01-05,completed,wallet
9307,1784,2024-12-10,completed,wallet
9308,1773,2024-05-26,completed,atm
9309,1471,2024-02-06,completed,cod
9310,2204,2025-06-24,completed,card
9311,1500,2025-11-30,completed,cod
9312,1973,2025-06-23,completed,card
9313,1483,2025-12-08,completed,card
9314,494,2025-09-25,completed,atm
9315,864,2025-07-19,completed,atm
9316,1261,2025-11-20,completed,wallet
9317,87,2025-12-30,completed,atm
9318,1684,2024-01-16,completed,card
9319,666,2024-04-30,completed,card
9320,1317,2025-12-03,completed,card
9321,1224,2025-06-13,completed,card
9322,2096,2024-11-30,completed,cod
9323,374,2024-01-03,completed,wallet
9324,373,2024-02-02,completed,wallet
9325,1497,2025-09-27,completed,cod
9326,1305,2025-12-08,completed,atm
9327,1048,2025-11-30,completed,card
9328,2446,2025-07-23,cancelled,card
9329,1049,2024-11-04,completed,wallet
9330,435,2024-05-25,completed,card
9331,2207,2024-08-03,completed,cod
9332,1170,2025-10-28,completed,wallet
9333,399,2024-11-27,completed,cod
9334,1379,2024-05-07,completed,cod
9335,60,2024-09-04,completed,cod
9336,78,2024-08-31,cancelled,atm
9337,911,2025-12-24,completed,wallet
9338,1537,2025-04-10,completed,card
9339,209,2024-07-24,completed,card
9340,1563,2025-10-11,completed,card
9341,1029,2024-03-28,completed,card
9342,1313,2025-08-20,completed,atm
9343,2149,2025-09-24,completed,atm
9344,1828,2025-01-27,completed,atm
9345,1991,2024-09-09,completed,atm
9346,1791,2024-08-04,completed,card
9347,1441,2024-06-29,completed,card
9348,1520,2024-04-09,completed,cod
9349,1124,2025-05-27,completed,card
9350,502,2025-02-12,completed,card
9351,2341,2025-03-31,completed,atm
9352,1429,2025-11-03,completed,atm
9353,403,2024-12-22,completed,card
9354,965,2024-05-19,completed,card
9355,54,2024-06-07,completed,wallet
9356,975,2024-11-04,completed,wallet
9357,1456,2025-09-27,completed,card
9358,2055,2024-06-27,completed,card
9359,968,2025-08-27,completed,cod
9360,902,2024-11-01,completed,wallet
9361,1600,2024-07-05,completed,card
9362,1068,2025-08-11,completed,atm
9363,1948,2025-03-15,completed,atm
9364,725,2025-05-11,completed,wallet
9365,1362,2024-06-26,completed,card
9366,2194,2024-05-31,completed,card
9367,797,2025-04-08,completed,wallet
9368,448,2025-09-21,completed,atm
9369,700,2025-05-27,completed,atm
9370,841,2024-08-03,completed,atm
9371,408,2025-06-03,completed,atm
9372,758,2024-01-22,completed,card
9373,1012,2024-11-16,completed,wallet
9374,1202,2025-04-21,completed,wallet
9375,1352,2024-09-08,completed,card
9376,815,2025-01-05,completed,card
9377,1518,2024-06-14,completed,cod
9378,1648,2025-08-16,completed,wallet
9379,242,2025-04-29,completed,card
9380,2341,2024-07-20,completed,card
9381,2063,2025-06-06,completed,wallet
9382,436,2024-10-01,completed,cod
9383,26,2024-01-16,completed,card
9384,1794,2024-07-26,completed,cod
9385,1402,2024-08-23,completed,card
9386,896,2024-08-17,completed,card
9387,1192,2025-08-17,completed,atm
9388,1008,2024-08-30,completed,atm
9389,2252,2025-02-22,completed,card
9390,695,2024-05-06,completed,card
9391,1812,2024-11-03,completed,atm
9392,958,2024-07-11,refunded,card
9393,1239,2024-09-26,completed,card
9394,490,2024-03-04,completed,card
9395,258,2024-10-20,cancelled,cod
9396,1441,2024-05-24,completed,card
9397,1597,2025-12-25,completed,card
9398,1408,2025-01-11,completed,card
9399,1533,2025-03-11,completed,wallet
9400,2335,2025-06-29,completed,wallet
9401,1394,2024-09-07,completed,atm
9402,1078,2024-02-24,completed,cod
9403,1568,2025-11-24,completed,wallet
9404,925,2024-06-09,cancelled,card
9405,1964,2024-01-01,completed,wallet
9406,2110,2024-12-17,refunded,card
9407,1346,2025-02-21,completed,atm
9408,1648,2024-03-05,completed,atm
9409,1146,2024-10-18,completed,card
9410,971,2024-01-11,completed,atm
9411,666,2024-09-16,completed,card
9412,79,2024-06-09,completed,card
9413,2146,2024-07-10,completed,atm
9414,1183,2025-06-05,completed,atm
9415,2274,2024-11-07,completed,atm
9416,209,2024-06-08,completed,card
9417,1989,2024-09-12,refunded,wallet
9418,2128,2024-06-10,completed,cod
9419,2069,2024-07-28,completed,atm
9420,2407,2024-09-22,completed,card
9421,1032,2024-06-26,completed,wallet
9422,2004,2025-12-09,completed,wallet
9423,1671,2024-09-16,completed,card
9424,1930,2025-10-29,completed,card
9425,2210,2025-02-05,completed,card
9426,2183,2024-09-27,completed,atm
9427,1428,2025-03-07,completed,atm
9428,3,2024-02-22,completed,cod
9429,1939,2025-07-14,completed,atm
9430,1378,2024-12-30,completed,card
9431,1185,2025-12-07,completed,card
9432,2389,2025-03-09,completed,cod
9433,520,2025-09-09,cancelled,atm
9434,1671,2025-06-23,completed,atm
9435,1086,2025-09-24,completed,wallet
9436,1545,2024-07-22,completed,cod
9437,2122,2025-03-15,completed,card
9438,2162,2024-04-07,completed,atm
9439,484,2025-12-10,completed,atm
9440,650,2024-03-24,completed,card
9441,638,2025-01-19,completed,cod
9442,2288,2024-03-24,refunded,card
9443,1225,2024-06-11,completed,atm
9444,432,2025-02-13,completed,card
9445,265,2024-07-07,refunded,card
9446,993,2024-05-06,completed,card
9447,2335,2024-06-21,completed,card
9448,2345,2025-08-03,completed,wallet
9449,1272,2025-05-23,completed,atm
9450,1812,2025-01-11,completed,card
9451,2284,2024-01-19,completed,wallet
9452,1884,2025-06-24,completed,atm
9453,1958,2025-06-12,completed,card
9454,646,2024-07-21,completed,wallet
9455,1461,2025-11-27,completed,wallet
9456,126,2025-04-01,completed,cod
9457,1377,2024-05-03,completed,atm
9458,1304,2025-12-02,completed,card
9459,1705,2024-10-01,completed,card
9460,704,2025-07-16,cancelled,card
9461,1509,2025-01-10,completed,card
9462,2459,2024-10-14,completed,wallet
9463,789,2025-09-23,completed,atm
9464,198,2025-10-08,completed,wallet
9465,2481,2024-12-04,completed,atm
9466,1946,2025-09-22,completed,card
9467,973,2025-12-09,completed,cod
9468,858,2024-10-31,completed,card
9469,983,2025-02-14,completed,card
9470,187,2025-03-09,completed,card
9471,1165,2025-12-11,completed,card
9472,1843,2025-02-24,completed,card
9473,2211,2024-02-25,completed,card
9474,2453,2024-09-28,completed,wallet
9475,1101,2025-08-13,completed,cod
9476,2318,2024-02-16,completed,atm
9477,2026,2024-03-11,cancelled,atm
9478,904,2024-09-07,completed,wallet
9479,1090,2024-03-07,completed,cod
9480,534,2025-11-27,completed,card
9481,483,2025-08-15,completed,atm
9482,1628,2024-08-26,completed,atm
9483,2459,2024-01-17,completed,cod
9484,1337,2024-12-07,completed,card
9485,2174,2025-11-06,completed,wallet
9486,157,2025-09-16,completed,card
9487,61,2025-05-05,cancelled,card
9488,1078,2025-02-07,completed,atm
9489,1058,2024-02-18,completed,card
9490,323,2025-10-09,completed,card
9491,2174,2025-05-10,cancelled,wallet
9492,1573,2025-03-02,completed,card
9493,66,2024-05-29,completed,atm
9494,1322,2025-07-13,completed,cod
9495,376,2024-10-12,completed,card
9496,1582,2025-12-10,completed,card
9497,780,2025-01-12,completed,wallet
9498,1756,2024-03-04,completed,card
9499,2447,2024-10-28,completed,atm
9500,1105,2024-01-12,completed,card
9501,1331,2024-12-06,completed,atm
9502,757,2024-01-04,completed,card
9503,244,2024-10-12,completed,atm
9504,1470,2024-05-18,completed,wallet
9505,366,2025-09-26,completed,card
9506,1385,2024-11-13,completed,card
9507,1303,2025-08-05,completed,wallet
9508,2387,2024-03-10,completed,card
9509,1501,2024-07-24,completed,card
9510,1713,2024-05-14,completed,atm
9511,1933,2024-02-11,completed,atm
9512,1780,2025-05-22,completed,wallet
9513,434,2024-09-18,completed,card
9514,2421,2025-12-31,completed,atm
9515,1976,2024-01-29,completed,card
9516,1079,2024-05-27,completed,card
9517,1918,2024-02-15,completed,card
9518,1325,2025-03-01,completed,card
9519,2110,2024-03-23,cancelled,card
9520,2287,2024-02-04,completed,card
9521,705,2025-07-07,cancelled,wallet
9522,1057,2024-09-02,completed,card
9523,94,2024-11-27,completed,card
9524,1895,2025-04-01,completed,wallet
9525,1165,2024-05-10,completed,atm
9526,2308,2025-11-10,completed,cod
9527,2327,2024-03-28,completed,atm
9528,1650,2025-03-01,completed,atm
9529,1102,2024-12-02,completed,card
9530,1985,2024-04-05,completed,card
9531,1227,2025-04-10,completed,card
9532,2460,2024-04-26,completed,card
9533,474,2024-02-18,completed,wallet
9534,1847,2024-05-18,refunded,atm
9535,416,2024-06-20,completed,atm
9536,1664,2024-03-08,completed,card
9537,2427,2024-12-01,completed,card
9538,2137,2024-09-29,completed,card
9539,1157,2024-05-12,completed,card
9540,90,2024-03-06,completed,atm
9541,1398,2025-12-08,completed,wallet
9542,1691,2024-06-01,completed,card
9543,492,2024-09-02,cancelled,card
9544,364,2024-10-05,completed,card
9545,776,2025-05-29,completed,cod
9546,1169,2025-11-05,completed,atm
9547,1137,2025-01-08,completed,atm
9548,136,2025-08-10,completed,card
9549,2291,2025-03-01,completed,card
9550,765,2025-11-21,completed,card
9551,414,2024-04-19,cancelled,card
9552,2234,2025-08-07,completed,card
9553,635,2025-12-12,completed,wallet
9554,681,2024-02-26,completed,atm
9555,260,2024-09-18,completed,atm
9556,1234,2024-09-24,completed,atm
9557,1895,2025-01-20,completed,wallet
9558,1960,2024-04-26,completed,card
9559,1368,2024-02-24,completed,atm
9560,1758,2025-11-10,completed,atm
9561,1625,2025-01-03,completed,wallet
9562,1150,2025-07-18,completed,wallet
9563,84,2025-06-25,completed,atm
9564,1573,2024-03-31,completed,atm
9565,1344,2025-09-14,completed,card
9566,2126,2025-04-19,completed,card
9567,1813,2025-02-25,completed,wallet
9568,1216,2025-05-08,completed,atm
9569,1198,2025-11-13,completed,atm
9570,15,2024-06-02,completed,card
9571,1047,2025-09-10,completed,card
9572,1089,2025-09-01,completed,card
9573,1500,2025-08-26,completed,card
9574,1303,2024-08-02,completed,atm
9575,2129,2024-09-24,completed,atm
9576,1252,2024-09-11,refunded,atm
9577,47,2024-06-03,completed,card
9578,895,2024-05-22,completed,card
9579,1368,2025-11-27,completed,card
9580,2449,2024-03-09,completed,card
9581,897,2025-01-10,refunded,atm
9582,1889,2024-06-05,completed,card
9583,600,2024-06-11,completed,wallet
9584,2413,2024-03-14,completed,wallet
9585,180,2024-09-27,completed,cod
9586,34,2024-09-01,completed,wallet
9587,1646,2025-07-11,completed,atm
9588,507,2025-03-14,completed,card
9589,1240,2024-04-29,completed,card
9590,567,2024-08-23,completed,card
9591,1107,2025-07-09,completed,card
9592,372,2024-03-13,completed,wallet
9593,45,2024-02-14,completed,card
9594,1831,2025-08-25,completed,card
9595,1526,2025-08-21,completed,card
9596,2268,2024-07-03,completed,atm
9597,584,2024-12-02,completed,atm
9598,1322,2025-06-11,completed,wallet
9599,144,2025-06-21,completed,atm
9600,2455,2025-11-10,completed,atm
9601,2364,2024-07-23,completed,wallet
9602,437,2024-11-06,completed,atm
9603,835,2024-07-22,completed,atm
9604,421,2025-12-23,completed,card
9605,1478,2025-01-24,completed,card
9606,500,2025-04-15,completed,card
9607,1763,2024-07-21,completed,card
9608,1331,2024-03-14,completed,card
9609,1393,2025-10-14,completed,card
9610,2418,2024-10-20,completed,cod
9611,577,2024-07-02,completed,card
9612,1326,2024-04-28,completed,card
9613,2233,2024-12-08,completed,atm
9614,1921,2025-08-07,refunded,wallet
9615,1689,2024-07-07,completed,card
9616,2029,2025-08-24,cancelled,wallet
9617,2107,2025-09-12,completed,card
9618,1025,2024-02-03,completed,cod
9619,1397,2024-12-30,refunded,cod
9620,334,2025-03-10,completed,atm
9621,883,2025-10-20,completed,atm
9622,835,2024-03-22,completed,card
9623,1129,2025-06-20,refunded,wallet
9624,447,2024-07-15,completed,wallet
9625,374,2024-08-29,completed,card
9626,324,2024-03-25,completed,atm
9627,1668,2025-10-30,completed,cod
9628,55,2025-03-21,completed,card
9629,266,2025-12-12,cancelled,atm
9630,422,2025-08-21,completed,atm
9631,598,2025-04-13,completed,card
9632,91,2024-04-18,completed,atm
9633,2000,2025-11-05,cancelled,card
9634,819,2025-07-21,completed,atm
9635,464,2024-11-05,completed,card
9636,1721,2024-02-19,completed,atm
9637,761,2024-10-21,completed,card
9638,914,2025-10-02,completed,atm
9639,2053,2025-08-21,completed,wallet
9640,2227,2025-12-21,completed,card
9641,2113,2024-04-06,completed,card
9642,1060,2024-11-09,completed,card
9643,252,2024-09-08,completed,card
9644,1743,2025-07-02,completed,cod
9645,2408,2024-11-27,completed,card
9646,906,2025-05-27,completed,card
9647,1943,2024-05-25,completed,wallet
9648,604,2024-08-13,completed,card
9649,1794,2025-08-02,completed,card
9650,101,2025-11-26,completed,wallet
9651,1237,2024-02-05,completed,atm
9652,1313,2024-02-22,completed,atm
9653,2066,2025-06-29,completed,cod
9654,1222,2024-10-12,completed,card
9655,2350,2025-06-08,completed,atm
9656,1604,2025-07-17,completed,atm
9657,2387,2024-09-04,completed,card
9658,2052,2025-07-15,completed,card
9659,1798,2024-11-22,completed,card
9660,1805,2025-10-16,completed,wallet
9661,1307,2024-04-30,completed,atm
9662,1749,2024-01-03,completed,card
9663,495,2024-07-16,completed,atm
9664,1089,2025-04-04,completed,card
9665,1239,2024-11-07,completed,card
9666,1758,2024-04-24,completed,atm
9667,1681,2025-12-07,completed,card
9668,1097,2024-09-07,completed,card
9669,622,2025-02-25,completed,cod
9670,1736,2025-05-20,completed,wallet
9671,2216,2024-12-19,completed,wallet
9672,1509,2024-03-08,completed,card
9673,1761,2024-11-09,completed,card
9674,2478,2025-01-15,completed,cod
9675,86,2025-07-12,completed,wallet
9676,108,2024-01-28,completed,atm
9677,236,2024-12-22,completed,wallet
9678,1403,2024-12-27,completed,atm
9679,649,2024-08-25,completed,cod
9680,2215,2025-01-07,completed,cod
9681,2421,2025-01-17,completed,cod
9682,878,2024-10-13,completed,card
9683,146,2024-11-01,completed,wallet
9684,1903,2025-07-18,completed,wallet
9685,1253,2024-12-25,completed,card
9686,1852,2024-08-26,completed,atm
9687,1519,2025-02-03,completed,card
9688,726,2025-05-30,completed,card
9689,957,2024-11-12,completed,card
9690,2301,2025-09-11,completed,cod
9691,317,2025-03-22,refunded,card
9692,1109,2024-07-08,completed,wallet
9693,1975,2025-08-15,completed,wallet
9694,2413,2025-04-11,cancelled,card
9695,1744,2025-07-21,completed,wallet
9696,810,2025-11-29,completed,card
9697,528,2025-09-06,completed,card
9698,1563,2024-08-04,completed,cod
9699,142,2024-03-17,completed,atm
9700,701,2024-12-07,completed,atm
9701,872,2024-10-05,completed,card
9702,661,2024-04-27,completed,card
9703,1778,2025-06-19,completed,cod
9704,2001,2024-10-29,completed,card
9705,2441,2024-09-13,completed,card
9706,448,2025-05-26,completed,cod
9707,1857,2024-06-07,completed,card
9708,2212,2024-02-17,completed,card
9709,162,2025-03-14,completed,wallet
9710,2003,2025-02-07,completed,card
9711,989,2024-03-15,completed,card
9712,2221,2024-11-02,completed,atm
9713,2456,2024-09-27,completed,card
9714,500,2025-11-13,completed,card
9715,483,2025-07-11,completed,wallet
9716,1130,2025-11-09,completed,wallet
9717,969,2025-03-26,completed,atm
9718,239,2025-01-19,completed,card
9719,283,2024-12-08,completed,card
9720,906,2024-01-22,completed,cod
9721,1749,2024-08-30,completed,atm
9722,2390,2024-01-12,completed,card
9723,2443,2025-04-15,completed,atm
9724,1774,2025-09-19,completed,atm
9725,1577,2024-05-06,completed,card
9726,1489,2024-06-18,completed,cod
9727,237,2025-02-12,completed,card
9728,871,2025-05-22,completed,card
9729,704,2024-08-28,completed,card
9730,1607,2024-07-16,completed,wallet
9731,1426,2025-05-29,completed,card
9732,2014,2025-06-07,completed,card
9733,1188,2024-05-15,completed,card
9734,1349,2024-06-21,completed,wallet
9735,424,2024-12-21,completed,wallet
9736,1398,2024-07-31,completed,card
9737,2259,2025-12-08,completed,card
9738,1990,2025-03-26,completed,card
9739,1431,2025-06-21,completed,wallet
9740,1729,2025-03-14,completed,wallet
9741,742,2024-08-19,completed,card
9742,308,2024-11-05,completed,card
9743,184,2024-10-16,completed,wallet
9744,2014,2024-10-20,completed,wallet
9745,664,2024-03-03,completed,atm
9746,1794,2025-04-17,completed,card
9747,1067,2025-04-05,completed,card
9748,653,2024-04-21,completed,wallet
9749,924,2024-01-11,completed,wallet
9750,655,2024-03-22,completed,card
9751,144,2025-05-22,completed,card
9752,1565,2025-01-27,cancelled,atm
9753,681,2025-06-16,completed,wallet
9754,1439,2025-07-31,completed,card
9755,318,2025-10-15,completed,card
9756,639,2025-03-28,completed,atm
9757,2490,2025-09-15,completed,cod
9758,581,2025-02-20,completed,card
9759,1145,2025-10-21,completed,card
9760,2098,2025-11-26,completed,wallet
9761,139,2024-06-08,completed,card
9762,1577,2025-07-20,completed,card
9763,966,2025-11-24,completed,cod
9764,276,2025-01-16,completed,card
9765,1730,2024-09-21,completed,atm
9766,2331,2025-01-13,completed,card
9767,240,2025-07-08,completed,atm
9768,1743,2024-07-02,completed,atm
9769,1751,2024-07-30,completed,card
9770,68,2025-04-07,completed,card
9771,1864,2024-12-17,completed,card
9772,1997,2024-01-18,completed,card
9773,220,2024-11-30,completed,atm
9774,959,2025-07-19,completed,cod
9775,637,2024-07-26,completed,atm
9776,2355,2024-04-12,completed,atm
9777,1244,2024-09-05,refunded,card
9778,1005,2024-04-18,completed,card
9779,713,2025-01-15,completed,atm
9780,1095,2025-10-15,completed,card
9781,2406,2024-07-11,completed,atm
9782,2469,2024-10-02,completed,atm
9783,868,2025-12-26,cancelled,atm
9784,967,2024-06-07,completed,card
9785,1538,2024-06-15,completed,wallet
9786,658,2024-06-08,completed,card
9787,1721,2025-06-09,completed,wallet
9788,652,2025-04-13,completed,card
9789,1359,2024-03-22,completed,atm
9790,1689,2024-07-02,completed,atm
9791,92,2025-12-17,completed,atm
9792,940,2025-05-26,completed,card
9793,2362,2025-12-27,completed,atm
9794,1618,2025-02-24,completed,atm
9795,1707,2025-05-22,completed,wallet
9796,586,2024-07-18,completed,atm
9797,1616,2025-03-23,completed,card
9798,1386,2025-06-15,completed,wallet
9799,276,2024-10-14,completed,wallet
9800,1052,2024-08-17,completed,atm
9801,2462,2025-01-27,completed,card
9802,2275,2025-09-01,completed,card
9803,239,2024-06-10,completed,atm
9804,367,2024-11-13,completed,atm
9805,569,2025-05-07,completed,card
9806,1180,2024-10-03,completed,card
9807,1545,2024-07-17,completed,atm
9808,2231,2024-05-21,completed,cod
9809,1962,2025-01-04,completed,wallet
9810,529,2024-10-18,completed,atm
9811,2198,2025-11-20,completed,card
9812,873,2024-05-06,completed,atm
9813,1193,2025-03-22,completed,card
9814,1679,2025-05-02,completed,card
9815,450,2024-10-30,completed,card
9816,1340,2025-10-02,refunded,card
9817,465,2024-07-10,completed,atm
9818,2124,2025-04-11,completed,atm
9819,2384,2025-07-09,completed,atm
9820,2310,2025-12-09,completed,card
9821,467,2025-09-02,completed,card
9822,1417,2025-10-29,completed,atm
9823,1938,2024-10-05,completed,card
9824,2324,2025-11-07,completed,atm
9825,166,2024-06-16,completed,atm
9826,2089,2025-08-18,completed,card
9827,1461,2025-04-03,completed,card
9828,1961,2024-05-03,cancelled,cod
9829,2068,2025-05-04,completed,cod
9830,4,2024-03-28,completed,cod
9831,884,2024-08-22,completed,cod
9832,920,2024-04-04,completed,cod
9833,734,2024-09-15,completed,cod
9834,1497,2025-05-24,completed,card
9835,1727,2024-05-25,completed,card
9836,1296,2024-06-02,completed,card
9837,1689,2024-02-25,completed,atm
9838,1809,2024-05-13,completed,card
9839,677,2025-04-14,completed,card
9840,1636,2024-03-17,completed,atm
9841,2337,2024-08-06,completed,cod
9842,681,2025-03-10,completed,card
9843,2476,2024-11-14,completed,cod
9844,1536,2024-04-22,completed,card
9845,493,2025-01-20,completed,card
9846,954,2025-05-07,completed,card
9847,2462,2024-12-09,completed,card
9848,1193,2024-04-23,completed,card
9849,1746,2024-05-03,completed,wallet
9850,2040,2024-06-25,completed,atm
9851,910,2024-06-30,completed,card
9852,1119,2024-07-13,completed,wallet
9853,1864,2025-06-29,completed,atm
9854,2403,2024-09-25,completed,cod
9855,458,2024-02-29,completed,atm
9856,2371,2025-12-10,cancelled,card
9857,433,2025-09-04,completed,cod
9858,920,2025-08-13,refunded,wallet
9859,2079,2025-07-15,completed,card
9860,1343,2024-08-20,refunded,card
9861,455,2025-01-31,completed,card
9862,89,2025-01-22,completed,cod
9863,1610,2024-11-02,completed,card
9864,431,2024-12-14,completed,atm
9865,1565,2024-07-23,completed,card
9866,2497,2025-11-25,completed,card
9867,922,2025-11-05,completed,wallet
9868,2500,2024-11-20,completed,atm
9869,834,2024-09-30,completed,cod
9870,2388,2024-12-30,completed,atm
9871,673,2025-11-17,completed,wallet
9872,2354,2025-05-26,completed,card
9873,2046,2025-04-22,cancelled,atm
9874,1579,2024-07-29,completed,card
9875,1526,2024-07-28,completed,atm
9876,566,2024-05-03,completed,atm
9877,679,2025-11-08,completed,atm
9878,1224,2024-01-27,completed,atm
9879,2190,2025-12-02,cancelled,atm
9880,2182,2024-12-02,completed,card
9881,1046,2024-02-24,completed,card
9882,1570,2025-04-26,completed,atm
9883,2036,2024-11-06,completed,card
9884,2195,2025-07-03,completed,cod
9885,1948,2024-07-18,completed,wallet
9886,665,2024-06-05,completed,card
9887,1727,2025-01-21,cancelled,atm
9888,1857,2025-08-16,completed,atm
9889,227,2024-11-19,completed,atm
9890,1089,2024-05-19,completed,cod
9891,450,2025-03-30,completed,card
9892,155,2025-09-12,completed,atm
9893,1706,2025-03-23,completed,card
9894,1213,2024-03-01,completed,card
9895,1929,2024-07-20,completed,card
9896,2333,2025-06-27,completed,wallet
9897,162,2024-07-05,completed,card
9898,94,2024-05-13,completed,wallet
9899,132,2024-04-28,completed,wallet
9900,58,2024-08-20,completed,atm
9901,2186,2024-01-02,completed,card
9902,2030,2024-10-18,completed,card
9903,876,2025-05-01,completed,card
9904,1005,2024-07-17,completed,cod
9905,219,2025-09-08,completed,card
9906,2489,2024-12-23,completed,card
9907,1447,2024-02-27,completed,card
9908,1043,2025-12-12,completed,wallet
9909,1007,2024-06-20,cancelled,card
9910,1526,2024-08-30,completed,atm
9911,894,2024-02-03,completed,card
9912,1499,2024-09-15,completed,wallet
9913,120,2024-10-26,completed,atm
9914,381,2024-04-01,completed,card
9915,1675,2024-04-05,refunded,atm
9916,2318,2025-07-30,completed,card
9917,1824,2025-01-16,completed,card
9918,439,2025-07-21,completed,wallet
9919,632,2024-07-18,completed,cod
9920,2113,2025-03-24,completed,card
9921,636,2025-05-19,completed,atm
9922,2224,2024-09-01,completed,card
9923,2255,2025-06-22,completed,wallet
9924,1737,2024-04-21,completed,card
9925,331,2024-05-11,completed,atm
9926,1782,2024-09-03,completed,atm
9927,1658,2024-12-17,completed,cod
9928,397,2025-10-01,completed,card
9929,926,2024-03-23,completed,card
9930,1378,2025-11-01,completed,card
9931,523,2024-01-20,completed,card
9932,918,2025-03-21,completed,cod
9933,2368,2024-08-26,refunded,cod
9934,242,2025-01-05,completed,wallet
9935,187,2024-09-08,completed,card
9936,991,2025-04-17,completed,wallet
9937,1011,2024-04-05,completed,atm
9938,1830,2025-05-03,completed,cod
9939,299,2024-01-22,completed,card
9940,2104,2025-06-17,completed,cod
9941,1246,2025-12-15,completed,atm
9942,332,2024-05-02,completed,cod
9943,2056,2024-03-21,completed,atm
9944,30,2025-04-13,completed,card
9945,92,2024-05-21,completed,atm
9946,2165,2024-11-18,completed,card
9947,1789,2025-09-23,completed,card
9948,1583,2024-05-19,completed,wallet
9949,1460,2025-07-16,completed,card
9950,2205,2025-02-14,completed,card
9951,1132,2024-06-11,completed,card
9952,1403,2024-06-16,completed,wallet
9953,449,2025-10-09,completed,card
9954,392,2024-06-07,completed,wallet
9955,1401,2024-10-12,completed,wallet
9956,599,2024-07-16,completed,atm
9957,1932,2025-02-28,completed,atm
9958,2033,2025-09-26,completed,atm
9959,149,2025-09-09,completed,atm
9960,1847,2025-04-27,completed,atm
9961,82,2025-03-16,completed,card
9962,1620,2025-08-15,completed,card
9963,1650,2024-11-17,completed,atm
9964,2123,2025-06-25,completed,atm
9965,374,2025-03-04,completed,card
9966,1828,2025-08-22,completed,wallet
9967,1016,2024-09-11,completed,card
9968,415,2024-02-05,completed,card
9969,1219,2024-08-21,completed,card
9970,758,2024-02-22,completed,atm
9971,67,2025-12-20,completed,card
9972,1270,2025-10-24,completed,card
9973,8,2024-11-24,completed,card
9974,1076,2025-02-11,completed,atm
9975,641,2024-11-25,refunded,atm
9976,2196,2025-08-03,completed,atm
9977,1247,2025-03-23,completed,card
9978,1149,2025-04-28,completed,cod
9979,1628,2025-06-06,completed,atm
9980,142,2024-11-07,completed,card
9981,1174,2025-01-22,completed,card
9982,1890,2025-10-02,completed,atm
9983,456,2025-11-21,cancelled,card
9984,1794,2024-10-30,completed,atm
9985,1062,2025-09-17,completed,card
9986,133,2024-05-20,cancelled,card
9987,2035,2025-09-20,completed,wallet
9988,38,2025-08-12,completed,wallet
9989,1620,2025-12-20,completed,atm
9990,192,2024-04-09,completed,atm
9991,1125,2024-12-03,completed,card
9992,1354,2025-05-21,cancelled,atm
9993,442,2024-10-07,refunded,wallet
9994,409,2025-04-12,completed,atm
9995,1165,2024-09-13,completed,wallet
9996,1452,2024-01-25,completed,card
9997,264,2024-08-23,completed,card
9998,533,2024-02-29,completed,wallet
9999,1440,2025-06-17,completed,atm
10000,533,2024-06-04,completed,atm
10001,1049,2024-05-26,cancelled,card
10002,2221,2025-06-28,completed,atm
10003,354,2024-11-23,completed,wallet
10004,2158,2025-11-18,completed,card
10005,918,2024-02-20,completed,atm
10006,1267,2024-07-10,completed,cod
10007,929,2025-11-11,completed,atm
10008,1667,2024-03-19,completed,card
10009,2303,2024-08-05,completed,atm
10010,196,2024-09-20,completed,card
10011,489,2024-09-22,completed,card
10012,1928,2025-03-21,completed,atm
10013,1306,2025-02-13,completed,card
10014,2237,2024-03-29,completed,wallet
10015,283,2025-03-10,completed,cod
10016,1796,2024-07-24,completed,atm
10017,12,2024-05-04,completed,wallet
10018,2478,2024-05-12,completed,card
10019,1496,2024-07-02,completed,card
10020,2305,2024-06-12,completed,atm
10021,2041,2025-05-21,completed,card
10022,1284,2025-12-04,completed,atm
10023,684,2024-02-25,completed,card
10024,343,2024-07-19,completed,atm
10025,961,2024-05-13,completed,card
10026,244,2024-07-06,completed,card
10027,1189,2024-09-12,completed,cod
10028,2067,2024-10-25,refunded,card
10029,2260,2024-11-13,completed,card
10030,2103,2025-05-30,completed,atm
10031,2190,2024-08-24,completed,wallet
10032,194,2025-07-05,completed,atm
10033,169,2024-03-23,completed,card
10034,1431,2025-03-04,completed,card
10035,948,2025-12-31,completed,atm
10036,2245,2025-03-14,completed,cod
10037,344,2025-03-24,completed,card
10038,465,2025-07-31,completed,atm
10039,1810,2024-11-09,completed,card
10040,1643,2024-09-10,completed,atm
10041,150,2024-04-04,completed,card
10042,1625,2024-06-12,completed,card
10043,1464,2024-04-25,completed,atm
10044,510,2025-12-07,completed,card
10045,662,2025-02-19,completed,wallet
10046,1536,2024-03-10,refunded,atm
10047,923,2025-10-02,refunded,wallet
10048,1214,2025-12-20,completed,card
10049,1755,2024-11-16,completed,card
10050,419,2024-08-24,completed,card
10051,1685,2025-11-23,completed,card
10052,545,2025-04-22,cancelled,card
10053,2196,2024-02-09,completed,card
10054,2307,2025-01-25,completed,atm
10055,2093,2025-08-20,completed,card
10056,23,2025-01-31,completed,card
10057,1386,2024-05-09,completed,wallet
10058,2376,2024-05-01,completed,card
10059,2171,2025-12-22,completed,card
10060,2129,2024-03-30,completed,card
10061,391,2025-12-28,completed,card
10062,619,2024-02-21,completed,wallet
10063,349,2024-09-03,completed,atm
10064,1925,2025-08-07,completed,atm
10065,2033,2025-05-13,completed,card
10066,1345,2024-09-25,completed,card
10067,1250,2024-03-28,completed,card
10068,2194,2024-06-24,completed,card
10069,1883,2024-11-17,completed,card
10070,956,2025-05-28,cancelled,card
10071,918,2024-03-10,completed,card
10072,553,2025-05-29,completed,card
10073,2244,2024-10-29,completed,atm
10074,889,2025-07-19,completed,wallet
10075,784,2024-02-24,completed,wallet
10076,772,2024-12-09,completed,atm
10077,1429,2025-03-27,completed,card
10078,384,2025-01-21,completed,card
10079,799,2024-08-17,completed,atm
10080,972,2024-04-25,completed,card
10081,286,2025-05-03,cancelled,atm
10082,2091,2024-11-15,completed,card
10083,2180,2024-01-22,completed,card
10084,792,2025-12-18,refunded,card
10085,1746,2024-06-16,completed,atm
10086,270,2024-12-27,completed,wallet
10087,1036,2024-05-09,completed,card
10088,2175,2025-06-23,completed,card
10089,1550,2024-07-04,cancelled,wallet
10090,18,2024-06-26,completed,card
10091,1916,2024-06-02,completed,atm
10092,188,2024-12-06,completed,wallet
10093,1170,2024-02-12,completed,card
10094,1121,2024-10-24,completed,wallet
10095,881,2025-01-02,completed,card
10096,2390,2025-03-24,completed,cod
10097,404,2025-06-13,completed,card
10098,535,2024-01-28,completed,card
10099,928,2025-08-30,completed,card
10100,1033,2024-08-27,completed,cod
10101,2402,2024-06-22,completed,atm
10102,682,2024-06-26,completed,card
10103,2455,2024-01-21,completed,atm
10104,2098,2024-02-07,completed,card
10105,1380,2024-07-29,refunded,card
10106,2207,2024-04-28,completed,card
10107,641,2024-04-25,completed,atm
10108,1172,2024-06-30,completed,atm
10109,1436,2025-08-31,completed,card
10110,858,2025-11-04,completed,card
10111,1517,2024-02-10,completed,wallet
10112,662,2024-08-05,completed,atm
10113,2485,2025-11-28,completed,card
10114,1853,2024-04-18,cancelled,wallet
10115,761,2025-01-07,completed,card
10116,2296,2024-12-07,completed,card
10117,667,2024-11-14,completed,atm
10118,875,2025-07-18,completed,cod
10119,151,2024-12-04,completed,card
10120,623,2025-04-18,completed,wallet
10121,2360,2024-11-04,completed,card
10122,717,2024-06-02,completed,card
10123,894,2025-08-13,completed,card
10124,2019,2024-01-08,completed,card
10125,2143,2025-08-23,completed,atm
10126,2281,2025-02-07,completed,card
10127,1640,2024-02-05,completed,atm
10128,2366,2024-09-23,completed,card
10129,1459,2024-11-04,completed,card
10130,881,2024-09-23,completed,card
10131,1237,2025-07-30,completed,card
10132,881,2025-10-01,completed,card
10133,414,2025-04-06,completed,card
10134,1243,2024-08-25,completed,card
10135,884,2025-04-07,completed,atm
10136,179,2024-06-02,completed,card
10137,865,2025-09-28,completed,atm
10138,656,2025-12-25,cancelled,card
10139,1009,2024-03-30,completed,atm
10140,784,2025-12-05,completed,wallet
10141,2211,2025-01-22,completed,card
10142,566,2024-02-12,cancelled,atm
10143,571,2025-09-30,completed,card
10144,2363,2024-04-01,completed,atm
10145,1732,2024-12-13,cancelled,cod
10146,1587,2025-05-11,completed,atm
10147,1062,2025-11-01,completed,wallet
10148,1718,2024-04-22,completed,card
10149,1152,2025-07-06,completed,card
10150,2239,2024-05-25,completed,card
10151,120,2025-03-08,completed,cod
10152,368,2024-09-10,completed,card
10153,741,2025-03-28,completed,atm
10154,272,2025-10-31,refunded,wallet
10155,2253,2024-10-23,completed,card
10156,1337,2024-07-14,completed,wallet
10157,1019,2024-07-20,completed,card
10158,1709,2024-11-04,completed,card
10159,1747,2024-11-07,completed,card
10160,1663,2024-06-15,completed,card
10161,1860,2025-11-01,completed,card
10162,825,2025-12-03,refunded,atm
10163,497,2024-10-30,completed,atm
10164,1623,2024-08-25,completed,atm
10165,1015,2025-07-23,completed,atm
10166,2360,2025-01-24,completed,card
10167,1154,2025-06-03,completed,card
10168,1450,2024-09-04,completed,wallet
10169,1669,2024-08-04,completed,cod
10170,1222,2024-11-23,completed,atm
10171,334,2025-06-11,completed,wallet
10172,42,2024-05-10,completed,atm
10173,1292,2024-05-13,completed,wallet
10174,917,2024-11-01,completed,card
10175,1418,2025-02-05,refunded,card
10176,1180,2024-09-27,completed,card
10177,1844,2024-02-01,completed,card
10178,389,2025-03-15,completed,wallet
10179,1219,2024-03-11,completed,card
10180,2092,2024-01-03,completed,cod
10181,714,2024-03-22,completed,atm
10182,358,2025-04-06,completed,atm
10183,514,2024-11-20,completed,atm
10184,672,2024-11-17,completed,wallet
10185,267,2024-07-03,completed,card
10186,1500,2024-07-17,completed,card
10187,1923,2025-09-10,completed,card
10188,1957,2024-10-20,completed,wallet
10189,2066,2024-07-07,completed,card
10190,1230,2025-08-14,completed,card
10191,2089,2025-01-21,completed,card
10192,901,2024-01-25,completed,card
10193,2096,2025-02-23,completed,card
10194,1672,2024-04-30,completed,wallet
10195,1526,2024-07-24,completed,card
10196,1200,2025-09-08,completed,wallet
10197,1823,2025-09-13,completed,card
10198,480,2024-04-06,completed,card
10199,118,2025-07-04,completed,card
10200,1512,2025-02-16,completed,cod
10201,180,2024-10-26,cancelled,card
10202,395,2024-04-05,completed,card
10203,545,2024-12-04,cancelled,card
10204,184,2024-07-15,completed,card
10205,1357,2024-02-15,completed,card
10206,855,2025-01-19,completed,atm
10207,1889,2025-09-05,completed,atm
10208,52,2024-06-25,completed,card
10209,1403,2024-12-26,completed,atm
10210,556,2024-04-02,refunded,atm
10211,965,2024-09-30,completed,card
10212,1449,2024-03-16,completed,card
10213,819,2024-09-20,completed,card
10214,522,2025-03-17,completed,cod
10215,1544,2025-03-15,completed,cod
10216,2367,2025-05-01,completed,card
10217,1102,2025-08-15,refunded,card
10218,617,2024-01-06,completed,card
10219,2247,2025-05-21,completed,wallet
10220,2326,2025-02-01,completed,wallet
10221,497,2025-09-26,completed,card
10222,2052,2025-01-24,completed,card
10223,638,2025-06-30,completed,card
10224,1149,2024-07-12,refunded,card
10225,923,2025-04-11,completed,atm
10226,759,2025-07-27,completed,card
10227,1799,2024-03-04,completed,card
10228,340,2025-01-19,completed,wallet
10229,1944,2024-07-03,completed,card
10230,2246,2025-01-01,completed,card
10231,54,2025-01-07,completed,card
10232,1642,2024-09-30,completed,cod
10233,1286,2025-12-07,completed,card
10234,1606,2025-04-23,completed,card
10235,1645,2024-11-20,completed,card
10236,197,2024-01-20,completed,atm
10237,1941,2025-04-02,completed,cod
10238,1264,2024-06-09,completed,card
10239,2204,2024-12-02,completed,card
10240,578,2024-01-08,completed,card
10241,249,2024-10-30,cancelled,card
10242,9,2024-03-30,completed,card
10243,1100,2024-03-10,completed,card
10244,2161,2024-12-15,completed,card
10245,1810,2024-12-09,completed,card
10246,1942,2024-11-28,completed,card
10247,1112,2025-01-15,completed,atm
10248,1290,2024-04-01,completed,wallet
10249,1571,2024-07-03,completed,card
10250,1054,2025-06-14,completed,wallet
10251,993,2025-03-07,completed,card
10252,1442,2024-03-26,completed,card
10253,1838,2025-10-03,completed,card
10254,26,2024-01-04,completed,atm
10255,1933,2024-06-08,completed,wallet
10256,386,2024-01-08,cancelled,atm
10257,2118,2025-03-17,completed,atm
10258,1153,2025-07-30,completed,wallet
10259,1452,2024-09-05,completed,card
10260,379,2024-03-22,completed,card
10261,2271,2025-10-08,completed,card
10262,2094,2024-06-07,completed,card
10263,1677,2025-12-22,completed,card
10264,2465,2025-05-18,completed,card
10265,920,2025-05-30,completed,wallet
10266,319,2024-11-13,completed,card
10267,1304,2025-07-29,completed,wallet
10268,329,2025-11-11,cancelled,atm
10269,671,2025-12-15,completed,card
10270,753,2025-10-20,completed,card
10271,878,2024-09-21,completed,atm
10272,1329,2024-09-14,completed,card
10273,2212,2025-08-14,completed,cod
10274,41,2024-03-05,completed,atm
10275,880,2024-01-23,refunded,wallet
10276,1746,2024-10-10,completed,cod
10277,592,2024-07-14,completed,atm
10278,515,2025-10-31,cancelled,atm
10279,1746,2025-02-05,completed,card
10280,873,2025-04-07,completed,atm
10281,288,2024-08-22,completed,wallet
10282,1510,2024-01-12,completed,wallet
10283,1861,2025-10-09,completed,card
10284,761,2024-04-03,completed,card
10285,2252,2024-01-11,refunded,cod
10286,328,2025-04-19,completed,atm
10287,592,2024-01-24,completed,card
10288,620,2024-12-23,completed,card
10289,1086,2025-08-31,completed,atm
10290,1490,2024-07-16,completed,cod
10291,2016,2024-07-02,completed,cod
10292,2444,2024-05-13,completed,card
10293,469,2025-07-11,completed,atm
10294,670,2024-02-18,completed,card
10295,1691,2025-05-29,completed,card
10296,1042,2025-10-28,completed,cod
10297,120,2024-10-11,completed,cod
10298,114,2025-12-05,completed,card
10299,1861,2025-04-24,cancelled,atm
10300,183,2025-02-17,completed,card
10301,2284,2025-05-08,completed,card
10302,1630,2024-03-13,refunded,card
10303,554,2024-11-15,completed,atm
10304,162,2025-03-31,completed,atm
10305,733,2025-09-08,completed,card
10306,1093,2024-12-18,completed,atm
10307,108,2024-07-09,completed,card
10308,1551,2024-10-16,completed,card
10309,999,2024-05-02,completed,card
10310,311,2025-12-24,completed,card
10311,760,2024-07-13,refunded,card
10312,141,2024-10-24,completed,card
10313,1005,2025-09-28,cancelled,wallet
10314,2359,2024-02-14,completed,wallet
10315,2107,2025-02-02,completed,atm
10316,2112,2024-05-28,completed,card
10317,2446,2025-11-12,completed,card
10318,390,2024-04-19,completed,wallet
10319,2002,2025-02-22,completed,wallet
10320,2294,2025-01-24,completed,atm
10321,486,2024-01-20,completed,wallet
10322,1946,2025-07-26,completed,wallet
10323,2326,2024-11-21,completed,card
10324,1983,2024-07-21,completed,card
10325,1028,2025-11-08,completed,card
10326,117,2024-07-31,completed,atm
10327,669,2024-06-26,completed,cod
10328,1870,2025-10-19,completed,wallet
10329,1702,2024-11-13,completed,atm
10330,1135,2024-06-26,completed,card
10331,1665,2025-07-06,completed,atm
10332,2382,2025-07-11,completed,wallet
10333,1257,2025-05-07,completed,card
10334,1414,2024-07-20,completed,atm
10335,625,2025-01-12,completed,card
10336,1256,2025-10-16,completed,wallet
10337,495,2025-05-20,cancelled,wallet
10338,1228,2024-09-30,cancelled,card
10339,621,2025-06-14,completed,atm
10340,15,2024-12-03,completed,card
10341,606,2025-04-11,completed,atm
10342,45,2025-07-04,completed,card
10343,2495,2025-01-28,completed,cod
10344,1172,2024-09-19,completed,atm
10345,1196,2025-03-25,completed,card
10346,788,2025-10-28,completed,card
10347,217,2025-10-20,completed,card
10348,649,2025-06-07,cancelled,wallet
10349,1090,2024-12-31,refunded,wallet
10350,2110,2024-12-22,completed,card
10351,647,2024-05-30,completed,card
10352,859,2024-10-31,completed,atm
10353,1361,2025-07-20,completed,card
10354,677,2024-07-07,completed,card
10355,262,2024-09-17,completed,wallet
10356,1660,2024-01-03,completed,cod
10357,807,2024-11-20,completed,atm
10358,2024,2024-08-12,completed,atm
10359,2317,2025-04-01,completed,card
10360,1796,2025-10-02,completed,atm
10361,305,2025-06-10,completed,cod
10362,2126,2025-04-09,completed,atm
10363,2356,2024-05-23,completed,cod
10364,481,2024-10-21,completed,atm
10365,2172,2025-09-01,completed,card
10366,531,2025-11-14,completed,wallet
10367,1053,2024-10-27,completed,atm
10368,1538,2024-12-10,completed,card
10369,1230,2025-06-11,completed,card
10370,634,2025-11-09,completed,card
10371,740,2025-01-02,completed,atm
10372,1491,2025-05-01,completed,card
10373,73,2024-02-18,completed,wallet
10374,928,2024-11-24,cancelled,wallet
10375,1425,2024-09-03,completed,cod
10376,590,2024-06-16,completed,card
10377,2370,2024-05-10,completed,card
10378,1004,2025-11-02,completed,card
10379,2105,2024-11-23,completed,cod
10380,309,2025-07-07,completed,cod
10381,1498,2025-12-09,completed,card
10382,1615,2024-03-02,refunded,card
10383,897,2025-01-15,completed,atm
10384,1082,2025-03-09,completed,cod
10385,1746,2024-10-06,completed,atm
10386,1469,2025-12-01,completed,wallet
10387,1403,2024-04-10,completed,cod
10388,1824,2024-02-06,completed,wallet
10389,2360,2025-11-06,cancelled,cod
10390,2239,2024-11-28,completed,cod
10391,2341,2024-08-09,completed,card
10392,821,2025-04-18,completed,card
10393,2273,2025-01-22,completed,atm
10394,773,2025-04-04,completed,atm
10395,1008,2024-07-07,completed,card
10396,131,2024-03-20,completed,atm
10397,2231,2024-11-19,completed,card
10398,508,2024-01-18,completed,card
10399,447,2025-06-28,completed,card
10400,930,2024-08-27,completed,card
10401,325,2024-04-13,completed,wallet
10402,1844,2025-05-19,completed,card
10403,1938,2024-06-25,completed,atm
10404,92,2024-04-24,completed,atm
10405,1074,2025-02-26,cancelled,atm
10406,2220,2025-04-02,completed,atm
10407,1698,2025-12-21,completed,card
10408,1108,2025-11-12,completed,card
10409,1397,2025-08-11,completed,card
10410,116,2025-07-28,cancelled,card
10411,1164,2025-02-20,completed,card
10412,1195,2025-08-28,completed,wallet
10413,224,2025-02-23,completed,wallet
10414,1557,2025-07-03,completed,atm
10415,410,2024-09-10,completed,card
10416,967,2024-01-18,completed,atm
10417,396,2024-04-12,completed,card
10418,1159,2025-02-16,completed,atm
10419,303,2024-03-03,completed,cod
10420,2455,2024-01-25,completed,card
10421,1690,2025-09-18,completed,atm
10422,193,2025-10-11,completed,card
10423,1867,2025-10-09,completed,wallet
10424,1495,2025-06-25,completed,card
10425,1013,2025-01-30,completed,wallet
10426,390,2024-08-22,cancelled,card
10427,1680,2025-01-11,completed,cod
10428,1799,2025-01-04,completed,wallet
10429,67,2024-06-06,completed,wallet
10430,1288,2025-12-04,completed,atm
10431,1783,2024-10-05,completed,card
10432,1884,2025-05-02,completed,wallet
10433,2014,2024-02-13,completed,wallet
10434,2482,2025-11-05,completed,wallet
10435,2068,2024-10-05,completed,wallet
10436,715,2024-08-14,completed,wallet
10437,1216,2025-02-01,completed,card
10438,912,2025-02-22,completed,atm
10439,1166,2025-06-25,completed,card
10440,257,2025-12-24,completed,card
10441,2310,2025-12-28,cancelled,atm
10442,228,2024-04-05,completed,atm
10443,1972,2024-11-25,completed,card
10444,1907,2024-10-23,completed,atm
10445,916,2025-01-02,completed,atm
10446,2345,2025-09-15,completed,card
10447,2418,2024-05-20,refunded,atm
10448,1693,2024-02-19,completed,card
10449,395,2024-03-27,completed,card
10450,2158,2024-08-09,completed,card
10451,427,2025-01-14,completed,card
10452,691,2024-09-11,completed,wallet
10453,1019,2024-07-18,completed,wallet
10454,1663,2024-09-14,completed,card
10455,1910,2024-06-04,completed,card
10456,302,2025-04-09,completed,atm
10457,2033,2024-11-06,completed,atm
10458,1937,2025-04-12,completed,atm
10459,1412,2024-03-10,completed,card
10460,1208,2024-03-07,completed,card
10461,2388,2025-05-01,completed,card
10462,2314,2024-07-22,completed,cod
10463,135,2025-03-11,completed,card
10464,1747,2024-04-18,completed,card
10465,114,2025-09-13,completed,card
10466,2085,2025-09-26,completed,atm
10467,2245,2024-03-21,completed,atm
10468,1859,2024-07-25,completed,card
10469,798,2025-06-25,completed,atm
10470,1487,2025-06-14,completed,card
10471,2236,2025-01-10,completed,atm
10472,2219,2024-12-10,completed,card
10473,787,2025-06-30,completed,card
10474,1814,2025-04-13,completed,card
10475,686,2025-05-08,completed,wallet
10476,1409,2024-02-14,completed,wallet
10477,1787,2025-03-28,completed,atm
10478,942,2024-04-06,completed,cod
10479,1556,2024-05-16,completed,atm
10480,623,2025-08-08,completed,card
10481,1723,2024-07-01,completed,card
10482,824,2025-08-10,completed,atm
10483,2286,2024-08-15,completed,cod
10484,1699,2025-01-30,completed,atm
10485,1121,2025-01-25,completed,atm
10486,324,2025-10-18,completed,card
10487,997,2025-10-29,completed,atm
10488,2392,2024-09-24,refunded,atm
10489,974,2024-03-29,completed,atm
10490,1692,2025-10-09,completed,card
10491,354,2024-11-01,completed,card
10492,1291,2024-08-26,completed,card
10493,479,2025-02-16,completed,atm
10494,1716,2025-07-11,completed,wallet
10495,1267,2025-04-06,completed,card
10496,1274,2024-08-04,completed,atm
10497,683,2024-11-05,completed,wallet
10498,555,2025-04-09,completed,card
10499,523,2024-05-26,completed,wallet
10500,161,2024-08-10,completed,atm
10501,2435,2024-09-02,completed,atm
10502,2144,2024-02-05,cancelled,wallet
10503,825,2024-03-14,completed,card
10504,2300,2024-12-11,completed,wallet
10505,386,2024-06-02,completed,card
10506,1819,2024-04-15,completed,card
10507,1266,2024-12-14,completed,card
10508,1756,2025-08-05,completed,atm
10509,909,2024-07-06,completed,card
10510,1828,2024-09-26,completed,atm
10511,2250,2024-08-28,completed,card
10512,376,2025-10-05,completed,atm
10513,123,2025-10-04,cancelled,card
10514,250,2025-10-28,completed,wallet
10515,2398,2025-11-19,completed,card
10516,2278,2024-11-14,completed,card
10517,1483,2024-02-04,completed,card
10518,1881,2024-06-26,completed,wallet
10519,2122,2025-11-24,completed,card
10520,2094,2025-11-12,completed,atm
10521,1753,2024-10-17,completed,wallet
10522,1786,2024-10-05,completed,atm
10523,1523,2024-12-22,completed,atm
10524,1687,2025-12-21,completed,wallet
10525,14,2025-10-02,completed,card
10526,860,2025-12-07,completed,card
10527,80,2024-12-04,completed,card
10528,1612,2025-04-30,completed,card
10529,115,2025-12-12,completed,cod
10530,201,2025-05-23,completed,card
10531,610,2025-04-20,completed,wallet
10532,1816,2025-01-10,completed,cod
10533,489,2024-05-25,completed,wallet
10534,873,2025-11-02,completed,card
10535,560,2025-05-17,completed,atm
10536,245,2024-11-13,completed,atm
10537,687,2025-06-21,completed,atm
10538,1789,2025-02-28,completed,atm
10539,2458,2025-04-23,completed,wallet
10540,1925,2025-08-27,completed,cod
10541,2375,2024-03-27,completed,cod
10542,2165,2025-04-17,completed,card
10543,824,2024-01-01,completed,atm
10544,2348,2024-10-26,completed,card
10545,2342,2024-09-30,completed,atm
10546,1388,2024-04-15,completed,card
10547,1227,2024-12-28,completed,card
10548,1872,2025-07-28,completed,atm
10549,280,2025-10-14,completed,atm
10550,2364,2025-07-11,cancelled,card
10551,2472,2025-05-14,completed,wallet
10552,404,2024-06-05,completed,card
10553,1454,2024-12-13,completed,cod
10554,1119,2024-08-16,completed,card
10555,2022,2025-07-15,completed,wallet
10556,449,2024-06-29,completed,card
10557,1232,2024-02-18,completed,card
10558,2371,2025-09-14,completed,atm
10559,1653,2024-04-01,completed,card
10560,254,2024-04-15,completed,atm
10561,1646,2025-08-18,completed,card
10562,442,2025-02-24,completed,card
10563,2472,2025-04-21,completed,cod
10564,358,2024-05-07,completed,card
10565,1747,2024-03-23,completed,card
10566,2375,2025-12-14,completed,wallet
10567,2047,2025-10-23,completed,atm
10568,1499,2025-06-16,completed,card
10569,1182,2025-04-15,refunded,card
10570,1054,2025-10-05,completed,card
10571,1053,2025-12-18,cancelled,wallet
10572,1108,2024-05-21,completed,card
10573,261,2024-08-22,completed,atm
10574,1815,2024-06-06,completed,atm
10575,2271,2024-11-04,completed,atm
10576,169,2024-12-25,completed,card
10577,1255,2025-07-12,completed,card
10578,1627,2024-01-18,completed,wallet
10579,1571,2025-04-19,completed,card
10580,1059,2024-05-26,completed,cod
10581,2031,2025-12-08,completed,wallet
10582,878,2024-06-21,completed,card
10583,1474,2025-07-18,completed,card
10584,1424,2024-02-25,completed,card
10585,1430,2024-07-04,completed,cod
10586,1054,2024-05-26,completed,card
10587,1555,2025-12-06,completed,atm
10588,1117,2025-02-26,completed,card
10589,1099,2024-02-04,completed,cod
10590,509,2025-03-16,completed,cod
10591,1194,2024-07-17,completed,wallet
10592,561,2024-01-28,completed,cod
10593,764,2024-01-03,completed,card
10594,432,2024-04-28,completed,wallet
10595,1734,2024-05-07,completed,card
10596,1221,2024-01-19,completed,card
10597,1043,2025-03-24,refunded,card
10598,248,2025-02-15,completed,atm
10599,113,2025-07-05,completed,card
10600,2360,2024-06-19,completed,wallet
10601,1333,2025-06-14,refunded,atm
10602,92,2024-11-11,completed,card
10603,1112,2025-03-07,completed,wallet
10604,2195,2025-07-11,completed,atm
10605,2372,2024-03-19,completed,wallet
10606,381,2024-03-24,completed,card
10607,1997,2025-06-13,completed,card
10608,185,2024-08-29,completed,card
10609,671,2025-09-20,completed,wallet
10610,1736,2024-07-19,completed,wallet
10611,2045,2025-03-12,completed,atm
10612,518,2024-06-30,completed,card
10613,1651,2024-12-14,completed,card
10614,50,2025-12-29,completed,card
10615,379,2025-09-27,completed,card
10616,2177,2025-11-23,completed,card
10617,1256,2024-05-06,completed,card
10618,1135,2024-02-08,completed,cod
10619,382,2024-11-03,completed,card
10620,1080,2024-07-30,completed,atm
10621,1907,2024-08-26,completed,card
10622,474,2024-01-26,completed,card
10623,717,2025-01-11,completed,cod
10624,508,2024-03-18,completed,cod
10625,551,2025-01-08,completed,card
10626,1069,2025-04-19,completed,atm
10627,2346,2025-09-07,cancelled,card
10628,2498,2025-10-19,completed,atm
10629,1767,2025-01-11,completed,card
10630,774,2025-07-08,completed,card
10631,839,2025-03-01,completed,atm
10632,1705,2025-10-23,completed,wallet
10633,1725,2024-05-28,completed,card
10634,1306,2025-03-28,completed,card
10635,1278,2024-09-25,completed,card
10636,1608,2025-08-24,cancelled,atm
10637,871,2025-02-27,completed,card
10638,1838,2024-09-22,completed,card
10639,1097,2024-08-30,completed,card
10640,2115,2025-02-03,completed,card
10641,2069,2024-09-19,completed,atm
10642,1625,2025-04-16,completed,card
10643,2452,2025-09-07,completed,card
10644,2368,2024-01-26,completed,cod
10645,918,2025-09-02,completed,cod
10646,1976,2025-12-04,completed,card
10647,480,2025-06-26,completed,atm
10648,971,2025-07-17,completed,card
10649,886,2025-09-06,completed,card
10650,1695,2025-02-16,completed,card
10651,784,2025-10-04,refunded,card
10652,1798,2025-09-13,cancelled,card
10653,1114,2024-11-18,completed,atm
10654,37,2024-09-23,completed,atm
10655,801,2024-09-01,cancelled,card
10656,874,2024-01-12,completed,card
10657,1008,2024-08-06,completed,card
10658,2313,2025-08-19,completed,card
10659,1419,2025-01-27,completed,card
10660,843,2024-07-23,refunded,wallet
10661,2239,2024-06-10,completed,card
10662,1213,2024-03-20,completed,card
10663,990,2024-12-16,completed,cod
10664,1089,2025-02-18,completed,card
10665,546,2024-05-19,completed,cod
10666,2139,2024-08-04,completed,atm
10667,1483,2024-06-16,completed,card
10668,290,2024-03-01,completed,atm
10669,668,2024-05-18,completed,wallet
10670,46,2024-01-23,completed,card
10671,170,2025-11-21,completed,card
10672,1587,2024-01-11,completed,atm
10673,1211,2024-05-01,completed,card
10674,1297,2025-08-01,completed,card
10675,1731,2024-12-15,completed,card
10676,1712,2024-09-25,completed,wallet
10677,865,2025-02-17,completed,atm
10678,1326,2025-05-01,completed,card
10679,2014,2025-04-29,cancelled,wallet
10680,1335,2024-12-25,completed,card
10681,1173,2025-10-10,completed,card
10682,1992,2025-08-05,completed,card
10683,102,2025-05-04,completed,card
10684,188,2024-04-13,cancelled,atm
10685,2116,2024-12-15,refunded,card
10686,1191,2024-03-23,completed,atm
10687,818,2024-05-06,completed,card
10688,76,2025-01-18,completed,wallet
10689,646,2024-03-17,completed,wallet
10690,433,2025-05-03,completed,atm
10691,946,2024-04-25,cancelled,card
10692,1041,2024-08-24,cancelled,card
10693,1837,2024-10-06,completed,cod
10694,284,2025-09-05,completed,wallet
10695,1447,2024-03-04,completed,card
10696,878,2025-04-14,completed,card
10697,1064,2025-03-19,completed,atm
10698,897,2024-10-22,completed,cod
10699,1651,2024-12-04,completed,card
10700,275,2025-10-04,completed,atm
10701,846,2024-03-27,completed,atm
10702,2196,2024-09-03,completed,atm
10703,1425,2024-11-06,completed,card
10704,206,2025-11-18,completed,card
10705,2142,2025-11-12,completed,card
10706,895,2024-06-04,completed,card
10707,900,2025-08-28,completed,card
10708,371,2025-05-06,completed,card
10709,1535,2024-11-05,completed,card
10710,242,2025-03-12,completed,atm
10711,168,2025-01-29,completed,card
10712,2396,2024-03-18,completed,atm
10713,1165,2025-10-02,completed,cod
10714,1036,2024-02-25,completed,card
10715,401,2025-08-19,completed,card
10716,515,2024-10-25,completed,card
10717,822,2024-04-22,completed,card
10718,1928,2024-12-17,completed,atm
10719,417,2024-02-01,completed,card
10720,1007,2024-06-20,completed,card
10721,1996,2025-08-08,completed,card
10722,1230,2024-06-22,cancelled,card
10723,1157,2025-06-17,completed,wallet
10724,2145,2024-06-21,completed,cod
10725,345,2025-09-24,completed,card
10726,202,2024-03-03,completed,wallet
10727,585,2025-09-19,completed,card
10728,1569,2024-12-24,completed,cod
10729,200,2024-05-15,completed,atm
10730,152,2024-12-07,refunded,card
10731,549,2025-12-06,completed,card
10732,581,2025-08-27,completed,card
10733,945,2025-04-28,completed,card
10734,2275,2024-03-05,completed,wallet
10735,1148,2025-07-23,completed,atm
10736,1769,2025-08-12,cancelled,card
10737,2325,2024-11-20,completed,wallet
10738,7,2025-11-30,refunded,atm
10739,1976,2025-07-16,completed,atm
10740,1654,2024-07-17,completed,card
10741,1707,2024-10-06,completed,wallet
10742,241,2024-11-04,completed,atm
10743,1333,2025-09-27,completed,cod
10744,1914,2025-06-09,completed,card
10745,1286,2024-11-28,completed,atm
10746,307,2025-02-20,completed,cod
10747,1151,2024-04-24,completed,cod
10748,2191,2025-02-14,completed,atm
10749,1227,2025-09-23,completed,card
10750,1872,2024-09-11,completed,wallet
10751,1341,2025-01-11,completed,card
10752,1649,2024-09-07,completed,card
10753,862,2024-09-11,completed,card
10754,436,2024-08-26,completed,card
10755,893,2024-09-14,completed,atm
10756,950,2024-05-10,completed,atm
10757,1318,2024-11-24,completed,card
10758,1120,2025-11-22,completed,card
10759,2269,2025-05-19,completed,cod
10760,2225,2025-10-24,completed,card
10761,656,2025-12-18,completed,card
10762,1383,2025-03-18,completed,card
10763,998,2024-02-12,completed,atm
10764,605,2024-06-07,completed,atm
10765,1206,2024-07-12,completed,card
10766,1691,2024-08-30,completed,wallet
10767,1365,2025-01-05,completed,card
10768,2043,2025-05-02,completed,card
10769,1319,2024-06-20,completed,card
10770,215,2025-12-14,completed,atm
10771,145,2025-11-30,completed,atm
10772,412,2025-05-15,completed,card
10773,1319,2024-08-19,completed,atm
10774,360,2025-08-16,completed,atm
10775,2104,2024-09-13,completed,atm
10776,1990,2024-10-12,completed,wallet
10777,567,2024-10-08,completed,atm
10778,1708,2024-11-04,completed,atm
10779,13,2024-12-10,completed,card
10780,808,2025-10-19,completed,wallet
10781,1711,2025-12-08,completed,card
10782,61,2025-04-11,completed,atm
10783,1928,2024-08-15,completed,card
10784,1015,2025-09-21,completed,card
10785,635,2025-08-28,refunded,card
10786,2110,2024-11-23,completed,cod
10787,2220,2025-04-26,completed,atm
10788,74,2024-07-21,cancelled,atm
10789,1982,2024-04-18,completed,card
10790,30,2024-02-29,completed,cod
10791,886,2025-01-08,completed,cod
10792,2010,2024-06-16,completed,card
10793,2354,2025-05-09,completed,cod
10794,2000,2024-05-19,completed,card
10795,972,2025-04-16,completed,cod
10796,1050,2024-08-14,completed,cod
10797,539,2025-01-22,completed,card
10798,1876,2024-12-08,completed,card
10799,1245,2024-03-20,completed,card
10800,1439,2025-09-02,completed,card
10801,1690,2024-02-06,completed,card
10802,846,2025-07-16,completed,atm
10803,668,2024-04-14,completed,card
10804,50,2025-07-23,refunded,card
10805,2393,2025-02-18,completed,atm
10806,109,2025-12-30,completed,card
10807,1487,2025-02-07,completed,wallet
10808,2195,2025-11-17,completed,atm
10809,2357,2025-02-13,completed,cod
10810,949,2025-11-20,completed,card
10811,812,2025-05-18,completed,wallet
10812,1948,2024-10-08,completed,card
10813,539,2025-08-03,completed,card
10814,105,2024-10-25,completed,card
10815,1852,2024-10-10,completed,card
10816,1877,2025-05-21,completed,atm
10817,42,2024-09-10,completed,wallet
10818,2041,2025-08-20,completed,atm
10819,657,2025-02-09,completed,card
10820,2389,2025-10-10,completed,wallet
10821,2075,2024-02-04,completed,atm
10822,42,2024-11-04,completed,wallet
10823,2488,2025-07-21,completed,card
10824,2124,2024-06-28,completed,cod
10825,278,2024-12-24,completed,card
10826,747,2024-01-12,completed,wallet
10827,1683,2025-06-10,refunded,atm
10828,181,2025-01-28,completed,cod
10829,2017,2025-02-10,completed,card
10830,1862,2024-09-18,cancelled,card
10831,1328,2025-08-30,completed,cod
10832,1252,2025-09-06,completed,atm
10833,2046,2025-02-25,completed,card
10834,747,2024-02-17,completed,card
10835,907,2025-06-05,completed,card
10836,327,2025-08-28,completed,wallet
10837,584,2025-10-25,completed,card
10838,481,2024-10-11,completed,card
10839,2243,2024-05-26,completed,wallet
10840,1386,2025-11-19,completed,card
10841,187,2024-07-16,completed,atm
10842,1221,2025-03-05,completed,atm
10843,2084,2025-07-17,completed,card
10844,568,2024-11-16,completed,card
10845,400,2024-03-20,completed,card
10846,1764,2025-12-26,completed,card
10847,2232,2025-04-26,completed,card
10848,800,2024-09-07,completed,cod
10849,2477,2024-09-20,completed,wallet
10850,2359,2025-05-23,completed,wallet
10851,735,2025-05-31,completed,card
10852,924,2025-04-25,completed,atm
10853,617,2025-03-03,cancelled,card
10854,472,2025-06-26,completed,card
10855,1100,2025-04-08,completed,atm
10856,2183,2024-09-18,cancelled,cod
10857,1927,2024-06-12,completed,card
10858,739,2024-09-30,completed,card
10859,151,2025-02-17,completed,card
10860,2115,2025-11-26,completed,card
10861,1193,2024-12-30,completed,wallet
10862,722,2024-09-23,completed,card
10863,174,2025-12-04,completed,wallet
10864,1229,2024-02-27,refunded,atm
10865,1628,2025-03-28,completed,atm
10866,1192,2025-01-04,completed,wallet
10867,576,2025-06-19,completed,wallet
10868,2258,2024-04-12,refunded,card
10869,1924,2025-01-31,completed,card
10870,1701,2025-04-22,completed,card
10871,1616,2024-07-17,completed,atm
10872,34,2025-02-26,cancelled,atm
10873,1995,2025-06-24,completed,card
10874,2193,2025-05-06,completed,atm
10875,117,2024-11-11,completed,cod
10876,1803,2025-09-20,completed,wallet
10877,2471,2024-07-22,completed,card
10878,643,2024-04-12,completed,atm
10879,1782,2025-08-25,completed,card
10880,860,2024-05-26,completed,atm
10881,1537,2025-08-09,completed,card
10882,1788,2024-06-10,completed,card
10883,111,2024-11-25,completed,atm
10884,245,2024-09-20,completed,atm
10885,1064,2024-11-12,completed,cod
10886,873,2025-07-18,completed,atm
10887,1252,2024-02-03,completed,card
10888,110,2024-02-17,completed,card
10889,564,2025-07-06,completed,cod
10890,790,2024-07-14,completed,card
10891,2050,2024-09-26,refunded,card
10892,69,2025-09-21,completed,wallet
10893,564,2025-07-13,refunded,atm
10894,305,2025-01-13,completed,card
10895,1981,2024-02-18,completed,wallet
10896,265,2025-08-17,completed,card
10897,2198,2024-01-05,completed,atm
10898,231,2024-09-06,completed,atm
10899,2067,2025-05-12,completed,wallet
10900,1255,2025-09-26,completed,card
10901,1339,2024-12-12,completed,card
10902,2219,2024-04-07,completed,wallet
10903,2464,2025-06-05,completed,atm
10904,1035,2024-11-05,completed,wallet
10905,1821,2024-04-16,completed,card
10906,2042,2024-11-27,completed,card
10907,1667,2025-08-01,completed,atm
10908,2298,2024-08-31,completed,card
10909,2357,2024-11-20,completed,card
10910,988,2025-04-13,cancelled,atm
10911,570,2025-03-01,completed,wallet
10912,1652,2024-05-14,completed,atm
10913,2117,2024-12-16,completed,wallet
10914,308,2024-06-02,completed,atm
10915,629,2024-10-19,completed,card
10916,126,2024-02-22,completed,card
10917,2098,2025-08-01,completed,card
10918,1708,2025-05-03,completed,card
10919,1073,2025-11-19,completed,atm
10920,1196,2025-12-09,completed,card
10921,439,2025-05-28,completed,atm
10922,493,2025-12-11,completed,wallet
10923,942,2025-02-06,completed,cod
10924,1809,2024-05-12,completed,atm
10925,2155,2025-05-18,completed,cod
10926,860,2024-10-26,completed,card
10927,2135,2025-02-04,completed,wallet
10928,2031,2024-08-27,completed,card
10929,1,2025-04-04,completed,card
10930,2067,2025-11-07,completed,cod
10931,1170,2024-08-02,completed,atm
10932,35,2025-06-18,completed,atm
10933,1710,2024-01-08,refunded,atm
10934,1635,2025-11-23,completed,atm
10935,5,2025-10-02,completed,atm
10936,553,2024-04-28,completed,cod
10937,1372,2024-07-09,completed,atm
10938,1128,2024-07-22,completed,cod
10939,2320,2025-02-24,completed,atm
10940,1768,2024-04-17,completed,card
10941,104,2025-08-12,completed,wallet
10942,117,2024-03-16,completed,atm
10943,945,2024-12-25,completed,card
10944,1083,2024-08-01,completed,card
10945,1313,2024-09-18,completed,wallet
10946,2282,2024-01-11,completed,atm
10947,749,2025-02-05,completed,card
10948,1092,2024-11-19,completed,card
10949,1460,2024-10-28,completed,card
10950,745,2025-06-29,completed,wallet
10951,775,2024-02-07,completed,cod
10952,1763,2024-06-30,completed,wallet
10953,1010,2024-09-15,completed,card
10954,363,2024-07-07,completed,card
10955,2394,2025-02-04,completed,wallet
10956,2413,2024-11-23,completed,card
10957,1520,2025-06-12,completed,card
10958,710,2025-12-26,completed,card
10959,1319,2025-02-25,completed,card
10960,1491,2025-05-28,completed,card
10961,1414,2024-05-19,completed,card
10962,2239,2025-04-24,completed,wallet
10963,2000,2024-06-30,completed,card
10964,1455,2025-11-24,completed,atm
10965,2434,2025-11-16,completed,wallet
10966,1533,2025-03-10,completed,card
10967,2180,2024-12-31,completed,card
10968,2147,2024-06-20,completed,card
10969,1858,2025-07-17,completed,atm
10970,719,2024-07-10,completed,atm
10971,557,2025-12-22,completed,card
10972,345,2025-12-01,completed,card
10973,430,2025-07-02,completed,atm
10974,794,2024-04-29,completed,card
10975,912,2024-10-30,completed,card
10976,1178,2024-05-15,completed,card
10977,2451,2024-11-04,completed,atm
10978,2202,2024-11-14,completed,card
10979,1630,2025-07-02,completed,card
10980,1715,2025-12-17,completed,card
10981,2140,2025-09-23,completed,card
10982,196,2024-09-29,completed,cod
10983,1374,2025-06-07,completed,atm
10984,775,2025-12-27,completed,atm
10985,512,2024-12-11,completed,atm
10986,1879,2025-11-03,completed,card
10987,1056,2024-09-24,completed,card
10988,535,2025-07-19,completed,atm
10989,2027,2025-11-20,completed,card
10990,1153,2025-08-14,completed,card
10991,2076,2024-09-09,completed,card
10992,2082,2024-08-14,completed,wallet
10993,1001,2025-10-23,refunded,cod
10994,1485,2025-10-07,completed,card
10995,1315,2024-04-23,completed,cod
10996,1760,2024-06-03,completed,wallet
10997,664,2025-04-27,completed,card
10998,2237,2024-06-06,completed,wallet
10999,359,2024-08-25,refunded,card
11000,2070,2024-05-24,completed,atm
11001,1999,2024-10-26,completed,atm
11002,2449,2024-11-25,completed,atm
11003,1128,2025-12-12,completed,cod
11004,1326,2025-06-23,completed,card
11005,2402,2024-09-26,completed,cod
11006,165,2025-03-03,completed,card
11007,1766,2024-05-19,completed,card
11008,254,2025-06-09,completed,card
11009,972,2024-05-01,completed,atm
11010,2186,2025-11-19,refunded,card
11011,215,2025-10-27,completed,card
11012,1934,2025-10-18,completed,atm
11013,1938,2025-01-20,completed,wallet
11014,2132,2025-08-04,completed,card
11015,1636,2025-01-18,completed,atm
11016,1455,2024-01-23,completed,card
11017,777,2024-10-06,completed,card
11018,2347,2024-02-15,completed,card
11019,1594,2024-07-20,completed,atm
11020,960,2025-05-04,completed,card
11021,1443,2024-06-02,completed,atm
11022,1881,2024-11-01,completed,card
11023,706,2024-10-24,completed,card
11024,1970,2025-05-30,completed,wallet
11025,1919,2025-01-24,completed,cod
11026,381,2025-01-22,cancelled,card
11027,1585,2025-07-17,completed,card
11028,41,2024-10-27,completed,wallet
11029,2226,2025-12-05,completed,wallet
11030,1870,2025-08-02,completed,atm
11031,403,2024-07-14,completed,wallet
11032,1112,2025-03-13,completed,atm
11033,597,2024-03-14,completed,card
11034,739,2025-01-08,completed,wallet
11035,2489,2024-01-08,completed,card
11036,2478,2024-11-04,completed,card
11037,1099,2025-08-31,completed,card
11038,1347,2024-10-05,completed,card
11039,1289,2024-11-23,completed,wallet
11040,509,2025-02-16,completed,cod
11041,770,2024-01-20,completed,cod
11042,1171,2025-12-17,completed,card
11043,1723,2025-04-26,completed,wallet
11044,2260,2024-10-07,completed,card
11045,101,2024-05-21,completed,card
11046,331,2024-04-29,cancelled,wallet
11047,2432,2024-03-10,completed,atm
11048,2030,2024-01-01,completed,wallet
11049,14,2025-04-25,completed,cod
11050,1751,2025-03-12,completed,card
11051,1069,2024-12-18,completed,wallet
11052,1132,2024-03-11,completed,atm
11053,986,2025-12-17,completed,wallet
11054,1142,2024-02-06,completed,card
11055,976,2024-12-22,completed,card
11056,1513,2024-05-02,completed,wallet
11057,1762,2025-12-29,completed,card
11058,430,2025-09-11,completed,atm
11059,909,2024-05-30,completed,wallet
11060,2494,2025-11-09,completed,atm
11061,1710,2024-11-28,completed,card
11062,638,2025-11-05,completed,card
11063,1155,2025-05-13,completed,card
11064,1928,2025-05-07,completed,card
11065,2002,2024-07-03,completed,wallet
11066,1409,2024-02-28,completed,wallet
11067,1946,2025-01-29,refunded,wallet
11068,1459,2025-01-03,completed,wallet
11069,236,2025-12-13,completed,wallet
11070,1167,2024-04-28,completed,atm
11071,881,2024-12-22,completed,card
11072,883,2025-09-18,completed,wallet
11073,324,2025-12-21,completed,card
11074,2117,2025-04-22,completed,card
11075,728,2025-08-05,completed,card
11076,1112,2025-12-28,completed,card
11077,2371,2025-05-15,completed,wallet
11078,2014,2024-03-03,completed,card
11079,444,2024-11-08,refunded,card
11080,2081,2024-11-21,completed,atm
11081,1685,2024-09-04,completed,atm
11082,291,2025-02-13,completed,atm
11083,1441,2025-06-04,completed,atm
11084,1255,2024-12-31,completed,card
11085,831,2024-09-10,completed,card
11086,677,2024-05-15,completed,card
11087,2163,2024-08-13,cancelled,atm
11088,85,2025-10-25,completed,atm
11089,1694,2024-08-05,completed,atm
11090,2298,2025-04-02,completed,wallet
11091,248,2024-09-30,completed,card
11092,2313,2025-09-10,completed,atm
11093,1198,2025-08-31,cancelled,card
11094,681,2024-12-31,completed,atm
11095,2457,2025-03-14,completed,card
11096,4,2025-03-01,completed,card
11097,1959,2025-09-07,completed,card
11098,1215,2025-08-27,completed,wallet
11099,695,2025-10-19,completed,atm
11100,247,2024-07-08,completed,atm
11101,939,2025-02-11,completed,card
11102,1835,2025-04-24,completed,wallet
11103,93,2025-07-12,completed,wallet
11104,1222,2025-10-21,completed,card
11105,2201,2025-08-17,completed,cod
11106,1697,2024-07-10,completed,atm
11107,1411,2024-12-01,completed,atm
11108,969,2024-01-05,completed,wallet
11109,1876,2025-02-28,completed,card
11110,49,2024-11-30,completed,atm
11111,2439,2024-09-09,completed,card
11112,800,2024-07-08,completed,card
11113,1375,2024-10-14,completed,card
11114,1530,2025-08-25,completed,card
11115,1057,2024-04-15,completed,atm
11116,2465,2024-02-04,completed,atm
11117,1263,2024-02-29,completed,atm
11118,1634,2025-06-22,completed,atm
11119,2371,2024-04-14,completed,card
11120,2072,2024-02-11,completed,card
11121,1488,2024-08-30,cancelled,card
11122,948,2024-12-23,completed,cod
11123,1641,2024-10-03,completed,card
11124,1303,2024-07-05,completed,card
11125,1117,2025-09-30,completed,card
11126,35,2025-03-23,completed,card
11127,1501,2024-01-08,completed,card
11128,642,2025-01-18,completed,wallet
11129,1411,2025-04-11,completed,card
11130,28,2024-08-25,completed,atm
11131,636,2025-12-06,completed,atm
11132,1277,2024-12-22,completed,wallet
11133,2075,2024-11-04,completed,wallet
11134,701,2025-08-15,completed,atm
11135,716,2024-09-29,completed,atm
11136,749,2025-08-05,completed,atm
11137,48,2024-04-03,cancelled,cod
11138,968,2024-05-03,completed,card
11139,330,2024-09-30,completed,card
11140,438,2025-09-28,completed,atm
11141,1943,2025-09-30,completed,atm
11142,1822,2024-04-18,completed,card
11143,154,2024-01-06,completed,card
11144,1062,2024-09-18,completed,wallet
11145,2370,2024-04-03,completed,atm
11146,1692,2025-04-24,completed,cod
11147,1299,2024-08-30,completed,cod
11148,1409,2024-02-27,completed,wallet
11149,691,2024-08-04,completed,atm
11150,244,2025-08-22,completed,atm
11151,247,2025-12-09,completed,card
11152,634,2024-11-22,completed,atm
11153,1533,2024-07-23,completed,atm
11154,1049,2025-01-30,completed,atm
11155,825,2025-03-31,completed,cod
11156,888,2025-03-30,completed,wallet
11157,1838,2025-01-05,completed,card
11158,2474,2024-04-23,completed,atm
11159,2345,2025-08-28,completed,card
11160,316,2025-06-18,completed,card
11161,1355,2024-05-13,completed,card
11162,1065,2025-04-09,completed,card
11163,262,2024-01-17,completed,card
11164,981,2025-08-02,completed,atm
11165,2034,2025-02-18,completed,atm
11166,2439,2024-04-24,completed,wallet
11167,764,2025-03-21,completed,cod
11168,2099,2024-10-23,completed,wallet
11169,729,2024-08-23,completed,wallet
11170,1928,2024-06-16,completed,card
11171,12,2024-01-18,completed,card
11172,1758,2024-07-28,completed,card
11173,1085,2024-03-08,completed,wallet
11174,2035,2024-12-26,completed,card
11175,1730,2024-12-23,refunded,cod
11176,870,2025-06-26,completed,card
11177,359,2024-06-19,completed,wallet
11178,2031,2025-02-09,completed,cod
11179,474,2024-03-17,completed,card
11180,624,2025-07-16,completed,card
11181,1896,2024-04-04,completed,wallet
11182,1655,2024-01-01,completed,wallet
11183,185,2025-03-27,completed,wallet
11184,1814,2025-03-12,completed,atm
11185,2458,2025-11-18,completed,wallet
11186,1957,2025-08-19,completed,cod
11187,146,2025-05-19,refunded,card
11188,863,2024-05-12,completed,card
11189,904,2024-08-12,completed,atm
11190,558,2025-10-03,completed,card
11191,698,2024-06-05,completed,wallet
11192,2131,2025-03-29,completed,atm
11193,222,2025-07-02,completed,card
11194,200,2025-05-15,completed,atm
11195,1129,2025-02-27,completed,cod
11196,1993,2024-06-13,completed,card
11197,1182,2025-05-24,completed,card
11198,2132,2025-01-29,completed,card
11199,134,2024-01-21,completed,wallet
11200,354,2025-04-24,completed,card
11201,2165,2025-03-14,completed,card
11202,2489,2025-10-14,completed,card
11203,1080,2025-08-29,completed,card
11204,1373,2025-02-18,completed,card
11205,1665,2025-01-02,cancelled,atm
11206,1312,2024-06-09,completed,wallet
11207,1394,2024-02-07,completed,card
11208,878,2025-11-18,cancelled,card
11209,160,2025-06-14,completed,card
11210,928,2025-12-11,completed,card
11211,717,2024-03-26,completed,card
11212,1078,2024-08-13,completed,card
11213,2096,2024-07-26,completed,card
11214,1367,2024-11-23,completed,card
11215,666,2024-01-30,completed,wallet
11216,749,2024-10-02,completed,card
11217,29,2025-08-22,completed,atm
11218,372,2025-10-04,completed,atm
11219,199,2025-11-05,completed,card
11220,1186,2025-07-14,completed,card
11221,510,2024-09-09,completed,atm
11222,1692,2024-12-01,completed,card
11223,1994,2025-10-23,completed,card
11224,129,2024-01-30,completed,cod
11225,1863,2025-02-24,completed,card
11226,2047,2024-03-30,completed,wallet
11227,402,2025-10-30,completed,cod
11228,782,2025-07-29,completed,atm
11229,2494,2025-05-02,completed,atm
11230,2198,2025-09-16,completed,atm
11231,686,2024-03-10,completed,cod
11232,135,2025-12-11,completed,card
11233,818,2025-10-25,completed,wallet
11234,1745,2024-05-20,completed,card
11235,871,2025-10-22,completed,card
11236,1207,2025-12-03,completed,card
11237,2083,2024-07-01,completed,card
11238,2035,2024-04-18,completed,wallet
11239,531,2025-12-16,completed,wallet
11240,974,2025-01-20,completed,atm
11241,448,2025-06-16,completed,wallet
11242,302,2025-09-20,completed,atm
11243,2242,2024-02-09,completed,atm
11244,1682,2024-10-10,completed,cod
11245,373,2024-03-06,completed,card
11246,854,2025-08-02,completed,atm
11247,1181,2025-12-12,completed,card
11248,226,2025-08-09,cancelled,card
11249,1690,2024-10-26,completed,atm
11250,677,2024-06-05,completed,card
11251,2069,2025-10-12,cancelled,card
11252,922,2025-09-12,completed,card
11253,125,2024-06-17,completed,cod
11254,336,2024-07-31,completed,atm
11255,265,2024-04-07,completed,atm
11256,393,2025-10-30,completed,atm
11257,1308,2024-02-14,completed,atm
11258,2006,2025-04-10,completed,cod
11259,12,2025-11-11,completed,card
11260,1810,2025-06-01,completed,card
11261,2312,2024-07-20,completed,atm
11262,666,2025-08-31,completed,card
11263,1540,2025-10-02,completed,card
11264,272,2025-11-03,completed,atm
11265,1243,2024-07-01,completed,atm
11266,1661,2025-11-23,completed,atm
11267,166,2024-05-27,completed,card
11268,1278,2025-08-19,completed,atm
11269,1963,2025-11-03,completed,card
11270,2243,2025-12-20,completed,wallet
11271,247,2024-09-11,completed,card
11272,1471,2024-08-23,cancelled,card
11273,1962,2024-03-14,completed,atm
11274,1157,2025-11-06,completed,card
11275,2192,2024-06-21,completed,atm
11276,1220,2024-03-06,completed,card
11277,1061,2024-05-15,completed,card
11278,2082,2024-02-19,refunded,card
11279,1394,2025-06-11,completed,card
11280,1064,2025-01-25,completed,card
11281,721,2024-12-06,completed,atm
11282,1699,2024-02-16,completed,card
11283,588,2025-12-30,completed,card
11284,1785,2025-12-02,completed,atm
11285,292,2024-10-31,completed,card
11286,446,2025-08-19,completed,card
11287,1121,2024-05-05,completed,card
11288,2079,2024-02-04,completed,card
11289,264,2024-07-17,completed,cod
11290,820,2024-06-23,cancelled,card
11291,1813,2024-03-15,completed,cod
11292,234,2024-09-16,completed,card
11293,430,2025-04-01,refunded,atm
11294,299,2025-09-18,completed,atm
11295,1814,2025-09-14,completed,cod
11296,1986,2025-11-22,completed,card
11297,55,2024-04-13,completed,wallet
11298,2166,2025-08-28,completed,cod
11299,761,2024-09-28,completed,wallet
11300,1086,2025-01-30,completed,card
11301,2393,2024-11-15,cancelled,wallet
11302,1647,2025-07-21,completed,card
11303,2117,2025-12-30,completed,card
11304,2312,2024-07-15,completed,atm
11305,2352,2024-01-23,completed,card
11306,1795,2024-04-17,completed,wallet
11307,562,2025-03-03,completed,wallet
11308,362,2025-06-25,completed,card
11309,1489,2025-06-20,completed,atm
11310,1575,2024-01-03,completed,atm
11311,194,2025-06-12,completed,wallet
11312,1745,2025-02-07,completed,atm
11313,385,2024-06-02,completed,atm
11314,2331,2024-04-30,completed,card
11315,1329,2024-06-23,refunded,atm
11316,1337,2024-03-20,completed,wallet
11317,421,2025-11-20,completed,cod
11318,1273,2024-01-30,completed,cod
11319,752,2024-06-22,completed,atm
11320,1761,2024-12-28,completed,atm
11321,220,2025-09-04,completed,card
11322,1583,2024-08-02,refunded,card
11323,500,2025-11-27,completed,card
11324,1992,2025-05-25,cancelled,wallet
11325,2362,2025-01-15,completed,card
11326,1807,2024-12-31,completed,wallet
11327,600,2025-09-13,completed,card
11328,1803,2024-02-06,completed,card
11329,2022,2024-10-26,completed,card
11330,852,2024-11-16,completed,atm
11331,2110,2024-09-11,completed,atm
11332,1429,2025-11-14,completed,card
11333,1525,2024-07-07,completed,card
11334,1694,2024-10-26,completed,card
11335,212,2025-07-03,completed,atm
11336,1192,2025-09-06,completed,card
11337,1114,2025-05-02,completed,card
11338,2088,2025-04-27,completed,atm
11339,24,2025-04-24,completed,atm
11340,1001,2025-11-28,refunded,wallet
11341,718,2025-03-18,completed,card
11342,631,2024-08-07,completed,cod
11343,1271,2024-05-23,completed,card
11344,545,2025-01-01,completed,wallet
11345,1382,2025-09-23,completed,card
11346,571,2024-06-15,completed,card
11347,2256,2024-03-29,completed,cod
11348,276,2025-02-20,completed,atm
11349,568,2024-05-25,completed,wallet
11350,1042,2024-11-29,completed,wallet
11351,1935,2024-07-25,completed,atm
11352,621,2024-05-12,completed,wallet
11353,2021,2024-08-26,completed,card
11354,2278,2024-07-05,completed,atm
11355,1668,2024-04-04,completed,wallet
11356,1238,2024-08-23,completed,card
11357,1508,2024-08-26,completed,card
11358,409,2025-07-11,completed,card
11359,552,2024-06-11,refunded,card
11360,1899,2024-10-10,completed,card
11361,2173,2025-04-19,completed,wallet
11362,1284,2024-10-24,completed,card
11363,1967,2025-11-05,completed,atm
11364,783,2024-09-30,refunded,atm
11365,962,2025-07-27,completed,card
11366,1703,2025-04-26,completed,atm
11367,385,2024-11-19,completed,atm
11368,617,2025-06-30,refunded,atm
11369,595,2024-12-20,completed,card
11370,751,2024-01-09,completed,card
11371,320,2024-04-24,completed,card
11372,804,2024-09-05,completed,atm
11373,148,2025-03-01,cancelled,card
11374,219,2025-12-24,completed,card
11375,427,2024-05-04,completed,card
11376,481,2024-07-05,completed,card
11377,881,2024-05-07,completed,wallet
11378,1088,2025-11-23,completed,wallet
11379,785,2024-12-01,completed,atm
11380,2347,2025-09-06,completed,card
11381,753,2024-12-04,completed,atm
11382,376,2025-12-03,completed,card
11383,1485,2025-03-16,completed,card
11384,1829,2025-06-24,completed,wallet
11385,2161,2025-05-01,completed,cod
11386,1488,2025-12-24,completed,wallet
11387,226,2024-05-02,completed,atm
11388,738,2025-09-30,completed,atm
11389,527,2024-06-09,completed,wallet
11390,1624,2025-07-07,completed,card
11391,2400,2025-06-04,completed,card
11392,118,2025-05-28,completed,card
11393,2120,2025-12-05,completed,cod
11394,85,2024-11-20,completed,atm
11395,1060,2025-02-08,completed,card
11396,1616,2024-02-16,completed,card
11397,1431,2024-04-13,completed,atm
11398,69,2025-12-31,completed,card
11399,126,2024-09-09,completed,card
11400,1159,2024-11-21,completed,card
11401,891,2025-09-16,completed,cod
11402,1145,2025-10-31,completed,card
11403,2401,2025-03-14,completed,cod
11404,1809,2024-11-15,completed,card
11405,142,2024-12-11,completed,card
11406,2235,2024-12-18,completed,atm
11407,1098,2025-05-17,completed,atm
11408,2247,2024-11-26,completed,card
11409,1745,2025-01-27,completed,wallet
11410,861,2024-04-04,completed,card
11411,1856,2025-07-02,completed,wallet
11412,1712,2025-03-24,completed,card
11413,2086,2024-09-04,completed,cod
11414,1069,2024-07-05,completed,card
11415,1006,2024-06-13,completed,card
11416,860,2024-02-28,refunded,card
11417,1977,2025-11-07,completed,card
11418,1692,2024-03-24,completed,atm
11419,2479,2025-01-05,completed,card
11420,1414,2024-05-15,completed,card
11421,1068,2025-05-23,cancelled,card
11422,567,2025-04-09,completed,atm
11423,2104,2025-03-16,completed,card
11424,2107,2025-11-04,completed,card
11425,871,2024-03-14,completed,card
11426,1592,2024-04-25,completed,card
11427,2126,2024-04-17,completed,wallet
11428,995,2024-06-12,completed,atm
11429,736,2024-10-20,completed,atm
11430,1541,2025-04-22,completed,cod
11431,2393,2024-08-21,completed,atm
11432,1578,2025-09-02,completed,card
11433,1148,2024-01-30,completed,wallet
11434,2086,2024-07-04,completed,card
11435,18,2024-02-23,completed,atm
11436,2402,2025-05-05,completed,card
11437,611,2025-07-31,completed,card
11438,439,2024-04-18,completed,card
11439,1846,2024-12-08,cancelled,card
11440,1872,2024-11-13,completed,atm
11441,1591,2024-11-26,completed,card
11442,742,2025-06-16,completed,cod
11443,1099,2025-04-18,completed,cod
11444,2244,2025-02-17,completed,wallet
11445,4,2025-10-22,completed,wallet
11446,1506,2025-01-11,completed,wallet
11447,740,2024-02-16,completed,wallet
11448,1766,2024-01-31,completed,wallet
11449,1903,2025-08-04,completed,wallet
11450,2020,2025-07-22,completed,card
11451,462,2025-06-17,refunded,card
11452,769,2024-11-28,completed,card
11453,2135,2025-09-23,completed,card
11454,2232,2025-08-21,completed,wallet
11455,1455,2025-10-31,completed,wallet
11456,56,2025-08-11,completed,atm
11457,450,2024-03-20,completed,card
11458,458,2025-12-21,completed,card
11459,598,2025-06-28,completed,atm
11460,2239,2024-03-30,completed,wallet
11461,1034,2024-05-15,completed,card
11462,1176,2024-03-19,cancelled,wallet
11463,61,2024-06-10,completed,atm
11464,1744,2024-03-25,completed,atm
11465,456,2025-03-31,completed,card
11466,27,2024-03-02,completed,wallet
11467,1040,2025-06-05,completed,card
11468,1047,2024-08-29,completed,card
11469,2237,2024-05-21,completed,wallet
11470,1597,2024-03-01,completed,card
11471,570,2025-04-22,completed,atm
11472,2225,2024-01-31,completed,wallet
11473,358,2025-12-09,completed,card
11474,64,2024-06-13,completed,atm
11475,2219,2024-11-20,completed,atm
11476,1136,2024-03-31,completed,card
11477,477,2025-12-10,completed,atm
11478,2313,2024-11-25,completed,cod
11479,2293,2024-10-13,completed,atm
11480,862,2025-09-08,completed,wallet
11481,646,2025-09-13,completed,card
11482,648,2024-01-06,completed,wallet
11483,2269,2025-04-17,completed,card
11484,1205,2024-03-14,completed,card
11485,539,2025-06-12,completed,atm
11486,206,2024-12-16,completed,wallet
11487,24,2024-04-16,completed,card
11488,2276,2025-10-24,completed,card
11489,248,2024-02-13,completed,atm
11490,373,2025-11-27,completed,card
11491,72,2025-01-29,completed,atm
11492,799,2025-04-05,completed,atm
11493,1316,2024-01-18,completed,atm
11494,332,2025-05-16,completed,card
11495,1836,2025-08-19,completed,card
11496,694,2024-06-02,completed,atm
11497,1962,2025-04-03,completed,wallet
11498,1649,2024-09-08,completed,card
11499,2339,2025-06-08,completed,card
11500,575,2025-05-12,completed,atm
11501,687,2025-10-08,completed,card
11502,1392,2024-12-16,completed,card
11503,1029,2025-11-17,completed,atm
11504,1224,2025-08-12,completed,wallet
11505,1841,2024-07-27,completed,card
11506,1825,2024-07-03,refunded,card
11507,1756,2024-11-11,completed,wallet
11508,1867,2024-01-27,completed,atm
11509,524,2024-04-20,completed,card
11510,1978,2025-12-04,completed,card
11511,190,2024-09-27,completed,atm
11512,1340,2025-12-24,completed,card
11513,2500,2025-07-02,completed,atm
11514,87,2024-04-18,completed,cod
11515,116,2025-03-29,completed,card
11516,286,2024-03-10,completed,atm
11517,669,2025-05-04,completed,atm
11518,239,2024-05-06,completed,wallet
11519,1896,2025-03-01,completed,card
11520,1923,2024-06-12,completed,card
11521,2320,2024-12-23,completed,atm
11522,811,2025-04-03,completed,wallet
11523,250,2024-05-26,cancelled,atm
11524,43,2024-07-28,completed,atm
11525,1021,2024-06-30,completed,wallet
11526,934,2025-12-17,completed,card
11527,649,2025-06-27,completed,card
11528,1706,2024-10-03,cancelled,atm
11529,1606,2024-08-17,cancelled,card
11530,1830,2024-03-18,completed,wallet
11531,1444,2024-03-02,completed,atm
11532,938,2025-08-13,cancelled,card
11533,2098,2025-09-02,completed,atm
11534,1028,2024-03-07,completed,card
11535,734,2025-10-20,completed,card
11536,150,2025-03-24,completed,cod
11537,1759,2024-06-19,completed,card
11538,1018,2025-05-14,completed,wallet
11539,420,2025-03-27,completed,wallet
11540,2449,2025-02-04,completed,card
11541,1036,2024-02-23,completed,wallet
11542,1885,2024-01-07,completed,atm
11543,383,2024-07-04,completed,card
11544,2211,2025-09-01,completed,card
11545,281,2025-04-18,completed,cod
11546,496,2025-05-14,completed,atm
11547,2212,2025-10-11,completed,wallet
11548,2105,2024-09-12,completed,wallet
11549,1945,2024-01-30,cancelled,wallet
11550,2002,2025-12-25,completed,atm
11551,1952,2025-07-12,completed,card
11552,1594,2025-05-25,completed,card
11553,1347,2025-09-24,completed,card
11554,619,2025-09-12,completed,cod
11555,2010,2024-06-23,completed,card
11556,976,2025-11-27,refunded,atm
11557,1278,2025-01-02,completed,card
11558,1054,2024-05-05,completed,atm
11559,551,2024-06-07,completed,atm
11560,2026,2024-02-12,completed,atm
11561,2006,2024-02-07,completed,wallet
11562,2266,2025-01-29,completed,card
11563,1817,2025-02-16,completed,card
11564,385,2025-07-07,refunded,card
11565,394,2025-02-23,completed,card
11566,2353,2025-04-29,completed,card
11567,989,2024-01-19,completed,card
11568,668,2025-12-03,completed,card
11569,246,2025-09-11,completed,atm
11570,254,2024-05-26,completed,card
11571,1887,2025-04-23,completed,atm
11572,2218,2024-12-06,completed,card
11573,1963,2025-11-26,completed,cod
11574,1911,2024-08-06,completed,card
11575,1578,2025-02-15,completed,card
11576,448,2024-07-02,completed,card
11577,1291,2025-12-09,completed,cod
11578,408,2025-06-22,completed,atm
11579,2237,2024-12-07,completed,card
11580,1176,2025-02-06,completed,card
11581,2066,2024-06-29,cancelled,cod
11582,491,2024-08-17,completed,card
11583,1351,2024-11-28,completed,card
11584,604,2024-01-06,completed,card
11585,241,2025-05-11,completed,atm
11586,885,2025-11-10,completed,card
11587,1564,2024-11-06,completed,card
11588,1812,2025-06-15,cancelled,card
11589,621,2025-12-27,completed,wallet
11590,2273,2025-07-08,completed,card
11591,734,2025-03-29,completed,wallet
11592,140,2025-11-13,completed,atm
11593,670,2024-09-17,completed,wallet
11594,2004,2024-05-17,completed,cod
11595,2053,2025-08-23,completed,atm
11596,1725,2025-10-05,completed,card
11597,1724,2024-07-28,completed,card
11598,1918,2025-03-27,cancelled,card
11599,647,2025-11-17,completed,atm
11600,1745,2025-02-11,completed,atm
11601,751,2024-01-01,completed,card
11602,1826,2025-10-16,completed,card
11603,327,2024-04-25,completed,cod
11604,1394,2024-02-25,completed,wallet
11605,377,2025-12-23,completed,card
11606,1642,2024-08-18,completed,atm
11607,2016,2024-11-17,cancelled,atm
11608,205,2025-08-14,completed,wallet
11609,1344,2024-06-18,completed,card
11610,1238,2025-08-22,completed,card
11611,1471,2024-02-18,completed,card
11612,1407,2024-11-02,completed,atm
11613,738,2025-03-21,completed,card
11614,1559,2024-04-16,completed,wallet
11615,1533,2024-05-04,completed,card
11616,2337,2025-09-20,completed,card
11617,1383,2025-05-06,completed,card
11618,2040,2025-08-16,completed,cod
11619,1111,2025-06-02,completed,wallet
11620,1718,2024-12-05,completed,atm
11621,1100,2025-11-21,completed,card
11622,1511,2024-08-26,completed,card
11623,281,2025-03-03,completed,wallet
11624,1560,2024-06-15,completed,card
11625,2182,2025-03-15,completed,card
11626,2041,2024-11-05,completed,atm
11627,2105,2024-07-17,completed,card
11628,684,2025-04-19,completed,cod
11629,1092,2025-02-08,completed,atm
11630,1053,2024-08-11,completed,card
11631,1844,2025-06-06,completed,cod
11632,919,2024-12-03,cancelled,card
11633,670,2024-05-15,completed,card
11634,1859,2025-04-30,completed,cod
11635,1056,2025-04-24,completed,card
11636,2296,2024-10-15,completed,atm
11637,977,2024-01-27,completed,card
11638,1541,2024-02-10,completed,atm
11639,597,2025-04-20,completed,wallet
11640,2011,2025-06-29,completed,card
11641,509,2025-08-10,completed,wallet
11642,1490,2024-12-20,completed,wallet
11643,2410,2025-08-22,completed,card
11644,1719,2025-02-22,completed,card
11645,122,2025-07-12,completed,card
11646,1427,2025-09-27,completed,card
11647,2195,2024-01-01,completed,card
11648,2157,2024-12-06,completed,wallet
11649,66,2024-03-15,completed,card
11650,1298,2024-09-17,completed,wallet
11651,1115,2025-04-04,completed,card
11652,603,2024-05-24,completed,card
11653,1110,2025-12-31,completed,wallet
11654,516,2025-09-09,completed,atm
11655,2309,2024-11-20,completed,card
11656,1292,2024-03-26,completed,card
11657,1333,2025-07-05,completed,card
11658,1987,2025-09-08,completed,wallet
11659,2158,2025-10-20,completed,card
11660,1194,2024-01-09,completed,card
11661,2457,2024-04-30,completed,wallet
11662,2278,2025-10-13,completed,card
11663,2474,2024-06-09,completed,card
11664,1193,2024-06-02,completed,card
11665,174,2025-04-15,completed,atm
11666,1153,2025-11-13,completed,card
11667,471,2025-03-09,completed,atm
11668,2075,2025-03-24,completed,atm
11669,1704,2025-02-16,completed,card
11670,490,2025-06-29,cancelled,card
11671,1766,2025-10-22,completed,atm
11672,187,2025-12-20,completed,wallet
11673,2119,2025-08-24,completed,cod
11674,2,2024-08-15,completed,wallet
11675,2184,2024-08-25,completed,atm
11676,89,2025-08-15,completed,atm
11677,1823,2025-06-01,completed,card
11678,700,2024-04-27,completed,wallet
11679,1143,2024-01-25,completed,atm
11680,2248,2024-05-21,completed,card
11681,2479,2025-05-10,completed,atm
11682,2420,2024-06-18,completed,atm
11683,8,2024-03-13,completed,atm
11684,1667,2025-02-24,completed,cod
11685,1148,2025-12-07,completed,wallet
11686,2442,2024-05-27,completed,wallet
11687,1871,2024-02-19,refunded,wallet
11688,1322,2025-09-19,completed,card
11689,1762,2025-10-07,cancelled,wallet
11690,175,2025-04-10,completed,atm
11691,198,2025-05-01,completed,card
11692,1022,2024-06-28,completed,wallet
11693,251,2024-09-29,completed,card
11694,2452,2024-04-17,completed,cod
11695,136,2024-02-06,completed,card
11696,2051,2024-12-19,completed,wallet
11697,1405,2024-08-18,completed,card
11698,736,2025-12-14,completed,atm
11699,1195,2024-12-04,completed,wallet
11700,2111,2024-04-13,completed,atm
11701,1266,2024-08-10,completed,card
11702,820,2025-07-26,refunded,cod
11703,875,2024-10-21,completed,card
11704,2324,2025-11-22,completed,card
11705,1065,2025-05-20,completed,atm
11706,1798,2025-12-14,completed,wallet
11707,1803,2025-11-22,cancelled,wallet
11708,2153,2025-11-24,completed,card
11709,2339,2024-05-07,completed,card
11710,99,2025-11-04,cancelled,card
11711,1282,2024-03-01,completed,card
11712,941,2024-08-07,completed,card
11713,1370,2024-08-09,completed,card
11714,390,2024-03-06,completed,cod
11715,1428,2024-03-01,completed,atm
11716,1393,2024-09-27,completed,card
11717,248,2025-08-10,completed,card
11718,1806,2025-02-24,completed,card
11719,967,2025-06-15,completed,card
11720,186,2025-05-12,completed,cod
11721,1082,2024-06-23,completed,wallet
11722,1823,2024-02-17,completed,wallet
11723,769,2024-08-11,completed,card
11724,1263,2025-08-09,completed,card
11725,1868,2024-06-10,completed,card
11726,1708,2024-05-15,completed,card
11727,2189,2024-05-01,completed,card
11728,1562,2024-09-03,completed,card
11729,1404,2024-01-06,completed,card
11730,1443,2024-08-30,completed,card
11731,364,2024-03-01,completed,atm
11732,355,2024-04-13,completed,card
11733,1193,2025-01-12,completed,wallet
11734,1601,2025-09-28,completed,card
11735,1672,2025-04-30,completed,card
11736,1529,2024-02-16,completed,card
11737,230,2025-12-31,cancelled,wallet
11738,885,2025-09-09,completed,wallet
11739,935,2024-05-21,completed,card
11740,763,2024-03-09,completed,card
11741,90,2024-06-29,completed,wallet
11742,1138,2024-01-29,completed,atm
11743,683,2024-07-04,completed,card
11744,1494,2024-08-07,completed,card
11745,1526,2024-12-07,completed,card
11746,304,2025-02-20,completed,wallet
11747,2043,2025-03-05,completed,wallet
11748,1613,2025-06-09,completed,card
11749,896,2025-04-15,completed,card
11750,637,2024-04-29,cancelled,atm
11751,2079,2025-03-20,completed,atm
11752,2136,2024-04-03,refunded,wallet
11753,1410,2025-11-12,completed,card
11754,765,2024-08-19,completed,card
11755,5,2025-05-31,completed,cod
11756,1140,2025-12-19,completed,cod
11757,2295,2024-11-11,completed,atm
11758,138,2025-01-22,completed,atm
11759,2156,2025-06-09,completed,atm
11760,862,2025-08-18,completed,wallet
11761,1852,2024-03-13,completed,card
11762,500,2025-07-05,completed,atm
11763,307,2025-10-20,completed,card
11764,673,2024-09-05,completed,wallet
11765,563,2025-01-08,completed,card
11766,30,2024-04-02,completed,card
11767,1629,2025-05-04,completed,atm
11768,1733,2024-06-07,completed,atm
11769,1902,2025-07-25,completed,atm
11770,862,2024-05-19,completed,wallet
11771,805,2024-11-30,completed,card
11772,2459,2024-06-13,completed,wallet
11773,790,2025-05-20,completed,cod
11774,1797,2024-10-31,completed,card
11775,2135,2025-01-26,completed,atm
11776,52,2025-03-13,completed,card
11777,453,2025-03-30,completed,card
11778,756,2025-07-31,completed,cod
11779,367,2025-03-23,completed,card
11780,1868,2025-09-08,completed,atm
11781,996,2024-10-13,completed,card
11782,1812,2024-08-04,completed,card
11783,1377,2025-04-02,completed,atm
11784,421,2025-08-25,completed,card
11785,2093,2024-04-11,completed,card
11786,1005,2024-01-10,completed,card
11787,1163,2025-07-30,completed,cod
11788,732,2025-07-02,completed,atm
11789,2112,2025-03-11,completed,card
11790,279,2025-10-07,completed,wallet
11791,759,2024-11-23,completed,card
11792,996,2025-11-06,completed,wallet
11793,2309,2025-08-03,completed,card
11794,356,2024-11-23,completed,cod
11795,827,2024-05-24,cancelled,wallet
11796,269,2024-02-19,completed,wallet
11797,478,2024-01-21,completed,atm
11798,1161,2025-09-14,completed,wallet
11799,1868,2025-04-26,completed,card
11800,2280,2025-11-28,cancelled,card
11801,2197,2024-08-10,completed,atm
11802,309,2025-05-03,completed,atm
11803,1438,2025-09-30,completed,atm
11804,2129,2024-09-24,completed,card
11805,2363,2024-03-28,completed,wallet
11806,1386,2025-04-09,completed,wallet
11807,1729,2025-08-09,completed,wallet
11808,363,2025-07-30,completed,cod
11809,1489,2024-03-11,completed,card
11810,2424,2024-02-19,completed,atm
11811,1563,2024-03-10,completed,cod
11812,388,2024-12-29,completed,cod
11813,285,2024-10-18,completed,card
11814,28,2025-05-25,completed,card
11815,971,2025-01-29,completed,cod
11816,1268,2024-04-02,completed,wallet
11817,2272,2025-06-01,completed,wallet
11818,1771,2025-03-12,completed,card
11819,1491,2024-01-20,completed,card
11820,2369,2025-02-16,completed,card
11821,182,2025-01-12,completed,atm
11822,2020,2025-03-13,completed,card
11823,49,2024-08-26,completed,card
11824,1804,2025-02-20,completed,card
11825,1450,2025-11-16,completed,card
11826,2386,2024-06-08,completed,wallet
11827,1125,2025-07-22,completed,card
11828,1630,2024-02-29,completed,card
11829,2442,2024-03-13,completed,cod
11830,2372,2025-08-29,refunded,card
11831,1023,2025-02-26,completed,cod
11832,1816,2024-04-05,completed,wallet
11833,1887,2025-09-02,completed,wallet
11834,1916,2024-04-30,completed,card
11835,629,2024-10-05,completed,atm
11836,2191,2024-08-27,completed,card
11837,1655,2025-11-13,completed,wallet
11838,1044,2025-01-03,completed,card
11839,1956,2024-03-08,completed,card
11840,175,2025-10-13,completed,card
11841,690,2025-10-13,completed,atm
11842,1940,2025-11-02,completed,cod
11843,1827,2024-05-24,completed,card
11844,1007,2025-03-15,completed,atm
11845,2348,2024-08-19,completed,card
11846,2012,2024-08-30,completed,card
11847,1777,2025-04-09,completed,cod
11848,93,2024-04-23,completed,card
11849,1283,2025-06-20,completed,card
11850,902,2024-12-15,completed,card
11851,1097,2024-10-02,completed,atm
11852,1355,2024-08-01,completed,card
11853,2177,2024-03-22,completed,card
11854,626,2025-03-22,completed,cod
11855,1620,2025-12-11,completed,card
11856,565,2024-10-29,completed,atm
11857,411,2025-05-28,completed,card
11858,1805,2024-05-31,completed,card
11859,2053,2024-01-23,completed,wallet
11860,226,2024-02-21,completed,card
11861,1380,2024-05-14,completed,card
11862,428,2024-11-21,cancelled,atm
11863,1100,2024-09-02,completed,card
11864,2425,2025-07-06,refunded,card
11865,2489,2024-12-18,completed,card
11866,780,2025-04-03,completed,card
11867,1549,2024-04-22,completed,card
11868,400,2025-03-15,completed,card
11869,628,2024-08-21,completed,card
11870,2348,2024-01-20,completed,card
11871,1072,2025-02-06,completed,card
11872,1107,2025-03-31,completed,card
11873,334,2024-05-13,completed,atm
11874,923,2025-11-27,completed,card
11875,907,2025-08-11,completed,wallet
11876,1765,2025-05-14,completed,card
11877,1624,2024-05-21,completed,atm
11878,383,2025-09-07,completed,cod
11879,891,2025-04-06,completed,card
11880,651,2024-08-04,completed,card
11881,2102,2024-02-25,completed,card
11882,1098,2024-09-12,refunded,card
11883,2070,2025-08-04,completed,wallet
11884,503,2024-02-19,completed,wallet
11885,1301,2025-11-28,completed,card
11886,487,2025-09-14,completed,card
11887,1013,2025-02-17,completed,card
11888,218,2025-02-25,completed,card
11889,1679,2024-08-26,completed,atm
11890,2466,2025-10-17,completed,card
11891,1417,2025-09-15,completed,cod
11892,2341,2025-09-01,completed,wallet
11893,1706,2025-05-04,completed,wallet
11894,1539,2024-05-06,completed,card
11895,1562,2025-12-04,completed,card
11896,2090,2024-03-10,completed,card
11897,1938,2025-01-17,completed,wallet
11898,1112,2024-05-10,completed,card
11899,1350,2025-12-14,completed,cod
11900,1856,2025-07-10,completed,card
11901,1177,2024-02-12,completed,card
11902,1942,2024-05-22,completed,wallet
11903,837,2025-05-24,completed,card
11904,715,2024-01-12,completed,card
11905,1579,2025-06-19,completed,card
11906,1371,2025-11-13,completed,atm
11907,853,2024-09-01,completed,atm
11908,1256,2025-09-07,completed,atm
11909,431,2024-03-07,completed,card
11910,1513,2025-09-15,completed,atm
11911,1846,2024-09-13,completed,card
11912,1442,2024-05-30,cancelled,card
11913,2266,2025-01-11,completed,atm
11914,374,2024-04-25,completed,card
11915,2131,2025-06-05,completed,atm
11916,1523,2025-01-03,completed,card
11917,2347,2024-01-22,cancelled,atm
11918,674,2024-06-03,completed,wallet
11919,2001,2024-03-19,completed,card
11920,1432,2025-04-13,completed,cod
11921,1221,2025-09-08,completed,atm
11922,2373,2025-01-25,completed,card
11923,829,2024-12-29,completed,card
11924,1717,2024-10-18,completed,card
11925,61,2025-12-24,completed,card
11926,1187,2025-12-14,completed,card
11927,79,2024-08-17,completed,card
11928,681,2025-03-26,completed,atm
11929,204,2024-06-21,completed,cod
11930,116,2025-12-22,completed,card
11931,191,2024-08-05,completed,card
11932,1354,2024-12-18,completed,card
11933,1701,2024-05-04,completed,card
11934,621,2024-06-30,completed,atm
11935,108,2024-11-28,completed,atm
11936,1382,2024-04-25,completed,wallet
11937,1506,2025-07-06,completed,cod
11938,2104,2025-02-08,completed,atm
11939,1221,2024-01-13,completed,atm
11940,799,2024-08-10,completed,card
11941,2157,2025-05-16,completed,cod
11942,82,2024-01-22,completed,atm
11943,2089,2024-04-14,completed,card
11944,503,2024-02-11,completed,card
11945,2174,2025-09-02,completed,wallet
11946,515,2024-05-13,cancelled,atm
11947,1238,2025-03-07,completed,atm
11948,1129,2025-11-26,completed,atm
11949,358,2025-02-03,completed,wallet
11950,614,2025-08-07,completed,card
11951,1918,2025-03-31,completed,card
11952,1921,2025-04-12,completed,card
11953,674,2025-11-30,completed,atm
11954,2470,2024-06-02,completed,card
11955,385,2024-08-19,completed,card
11956,1392,2024-04-10,completed,card
11957,349,2025-04-07,completed,card
11958,2452,2024-08-20,completed,atm
11959,1417,2024-07-29,completed,card
11960,1188,2024-02-08,completed,card
11961,2348,2025-03-24,completed,wallet
11962,374,2024-11-30,completed,card
11963,250,2025-12-29,completed,card
11964,1761,2024-09-22,completed,card
11965,1183,2025-01-09,completed,atm
11966,1537,2025-09-26,completed,atm
11967,2202,2024-05-22,completed,card
11968,972,2024-06-16,completed,card
11969,2481,2024-01-11,completed,card
11970,1403,2025-02-25,completed,card
11971,2253,2025-08-19,completed,atm
11972,1792,2024-12-03,completed,wallet
11973,1044,2024-01-22,completed,wallet
11974,247,2024-06-23,completed,card
11975,1411,2025-09-02,completed,atm
11976,1481,2024-02-01,completed,atm
11977,2153,2024-03-19,completed,card
11978,2294,2024-06-17,completed,card
11979,2061,2025-10-02,completed,wallet
11980,677,2024-09-14,completed,card
11981,687,2025-05-05,completed,wallet
11982,223,2024-10-12,completed,card
11983,1316,2024-08-25,completed,card
11984,718,2024-05-11,completed,card
11985,539,2025-03-20,completed,card
11986,1531,2024-07-10,refunded,atm
11987,2035,2025-11-17,completed,cod
11988,2191,2024-10-01,completed,card
11989,209,2025-11-26,completed,atm
11990,1424,2025-09-30,completed,atm
11991,59,2024-10-12,completed,cod
11992,125,2024-04-30,completed,card
11993,261,2025-12-05,completed,cod
11994,1178,2025-05-02,completed,atm
11995,61,2024-02-15,completed,card
11996,2280,2024-04-23,completed,card
11997,155,2025-09-26,completed,atm
11998,2229,2024-12-24,completed,cod
11999,2427,2025-02-20,completed,card
12000,2189,2024-01-12,cancelled,atm
12001,1665,2024-12-24,completed,card
12002,142,2025-02-12,completed,card
12003,975,2024-01-27,completed,card
12004,1530,2024-12-18,completed,cod
12005,560,2025-02-08,completed,card
12006,2405,2024-10-24,completed,card
12007,673,2025-10-03,completed,card
12008,115,2024-04-12,completed,atm
12009,1013,2025-07-07,completed,card
12010,2481,2025-11-30,completed,card
12011,1079,2025-05-30,completed,atm
12012,1667,2024-10-16,completed,card
12013,656,2025-11-26,completed,card
12014,23,2024-05-19,completed,atm
12015,909,2025-03-09,completed,card
12016,296,2024-11-01,cancelled,wallet
12017,2365,2024-02-13,completed,atm
12018,2202,2024-01-29,completed,wallet
12019,1282,2025-10-30,completed,cod
12020,371,2024-01-29,completed,atm
12021,2473,2025-02-04,completed,card
12022,2409,2025-11-14,completed,wallet
12023,720,2024-10-29,completed,card
12024,1461,2025-04-16,completed,atm
12025,796,2024-02-07,completed,card
12026,1148,2025-06-17,completed,card
12027,1049,2024-01-31,completed,card
12028,572,2024-08-18,completed,wallet
12029,756,2025-11-06,completed,card
12030,187,2025-09-17,completed,card
12031,1498,2024-04-24,completed,atm
12032,821,2025-02-18,completed,cod
12033,156,2024-08-27,completed,atm
12034,1885,2024-01-02,completed,card
12035,1968,2024-06-22,completed,atm
12036,142,2024-09-06,completed,wallet
12037,1031,2025-03-31,completed,cod
12038,576,2024-02-17,completed,card
12039,67,2024-12-20,completed,cod
12040,799,2024-01-08,completed,card
12041,1818,2025-12-24,completed,card
12042,377,2024-12-26,completed,atm
12043,1128,2025-10-26,completed,card
12044,1010,2025-08-16,completed,card
12045,856,2024-12-26,completed,atm
12046,476,2024-04-03,completed,wallet
12047,1677,2024-11-15,completed,atm
12048,1649,2025-03-10,completed,card
12049,1418,2025-09-23,completed,wallet
12050,439,2024-10-11,completed,card
12051,514,2024-02-14,completed,card
12052,1360,2024-02-26,completed,card
12053,2393,2024-05-26,completed,wallet
12054,1913,2024-04-17,completed,card
12055,1750,2025-01-30,completed,wallet
12056,1134,2025-04-23,completed,atm
12057,382,2024-04-27,completed,card
12058,1889,2024-01-11,completed,card
12059,541,2024-11-26,completed,atm
12060,1185,2024-11-25,completed,atm
12061,704,2025-09-22,completed,card
12062,2121,2025-02-10,completed,atm
12063,1398,2024-05-30,completed,card
12064,2319,2024-11-16,completed,card
12065,702,2025-04-05,completed,cod
12066,319,2024-03-24,completed,card
12067,146,2025-04-25,cancelled,atm
12068,278,2024-01-21,completed,card
12069,1561,2024-05-04,completed,card
12070,1428,2024-01-10,completed,card
12071,789,2025-11-18,completed,atm
12072,1371,2025-04-20,completed,atm
12073,1191,2025-09-23,completed,wallet
12074,2265,2024-05-04,completed,card
12075,2163,2024-07-30,completed,card
12076,1966,2024-02-09,completed,cod
12077,1758,2024-11-09,completed,atm
12078,2269,2024-01-03,completed,wallet
12079,2145,2025-04-18,completed,atm
12080,2424,2024-11-14,completed,card
12081,2082,2024-05-18,completed,wallet
12082,1059,2025-01-24,completed,atm
12083,246,2024-01-25,completed,card
12084,29,2024-09-11,completed,card
12085,1400,2024-11-20,completed,card
12086,1560,2025-01-31,completed,cod
12087,2125,2024-09-28,completed,wallet
12088,524,2024-03-28,completed,cod
12089,724,2024-03-26,completed,card
12090,1831,2025-01-25,cancelled,atm
12091,2383,2024-08-30,completed,card
12092,2294,2025-02-12,completed,card
12093,2325,2025-07-04,completed,card
12094,2005,2025-01-01,completed,cod
12095,2408,2025-11-10,completed,wallet
12096,792,2024-11-21,completed,cod
12097,398,2025-04-09,completed,atm
12098,363,2024-09-17,completed,wallet
12099,1026,2024-04-23,completed,cod
12100,383,2024-08-13,completed,wallet
12101,1307,2024-06-02,completed,card
12102,1267,2024-05-04,completed,card
12103,2483,2025-01-17,completed,card
12104,1320,2024-10-15,completed,wallet
12105,389,2025-10-19,completed,atm
12106,651,2025-04-27,completed,card
12107,721,2024-10-21,completed,wallet
12108,101,2025-09-22,cancelled,atm
12109,471,2024-01-26,completed,card
12110,1683,2024-12-08,completed,atm
12111,2134,2025-01-17,completed,atm
12112,1978,2024-03-05,completed,card
12113,438,2024-03-21,cancelled,wallet
12114,2300,2024-06-19,completed,card
12115,1560,2024-04-12,completed,card
12116,1595,2025-07-14,completed,atm
12117,1184,2025-06-10,cancelled,card
12118,172,2025-05-22,completed,atm
12119,1388,2025-07-05,completed,card
12120,1920,2025-07-01,completed,card
12121,221,2024-10-24,completed,card
12122,1176,2024-06-02,completed,card
12123,331,2024-10-02,completed,wallet
12124,1494,2024-02-07,completed,card
12125,2285,2024-06-14,completed,atm
12126,18,2025-05-09,completed,card
12127,1149,2025-05-12,completed,cod
12128,2235,2025-12-18,completed,cod
12129,1247,2025-03-04,completed,card
12130,1672,2025-01-19,completed,card
12131,64,2025-08-14,completed,card
12132,1697,2025-04-09,completed,wallet
12133,1909,2024-05-03,completed,card
12134,1627,2025-09-09,completed,atm
12135,226,2024-07-10,completed,wallet
12136,2437,2025-06-14,completed,wallet
12137,2015,2024-10-02,completed,card
12138,420,2025-06-23,completed,atm
12139,1404,2024-04-22,completed,wallet
12140,879,2024-11-26,completed,atm
12141,1435,2024-06-28,completed,atm
12142,215,2025-04-11,completed,card
12143,781,2025-07-01,cancelled,cod
12144,402,2024-10-20,completed,atm
12145,692,2025-08-10,completed,wallet
12146,2452,2024-01-01,completed,card
12147,1880,2024-04-14,completed,atm
12148,2497,2024-11-07,cancelled,card
12149,1356,2025-03-28,completed,card
12150,2088,2025-10-16,completed,atm
12151,233,2025-11-29,completed,atm
12152,998,2025-07-24,completed,card
12153,457,2025-07-02,completed,wallet
12154,1902,2025-08-24,completed,card
12155,1273,2025-05-28,completed,cod
12156,196,2025-04-02,completed,card
12157,681,2025-05-02,completed,card
12158,1534,2025-12-10,completed,atm
12159,296,2025-11-14,completed,card
12160,182,2024-08-17,cancelled,card
12161,1067,2024-09-08,completed,card
12162,383,2025-12-07,completed,card
12163,1458,2025-06-17,completed,atm
12164,650,2025-12-15,completed,atm
12165,482,2025-08-07,completed,card
12166,2237,2025-04-17,completed,wallet
12167,1914,2024-03-29,completed,atm
12168,398,2025-08-14,completed,card
12169,549,2024-11-12,completed,card
12170,2034,2024-07-08,completed,card
12171,1637,2025-10-25,completed,wallet
12172,981,2024-10-29,completed,wallet
12173,482,2025-07-24,completed,card
12174,858,2024-10-26,completed,card
12175,1694,2024-06-20,completed,wallet
12176,802,2025-01-25,completed,atm
12177,1633,2025-02-20,completed,wallet
12178,225,2025-04-07,completed,atm
12179,1535,2024-04-29,completed,card
12180,585,2025-11-17,completed,card
12181,966,2024-05-05,completed,cod
12182,2224,2024-01-15,completed,wallet
12183,1036,2025-08-09,completed,card
12184,1344,2025-08-03,completed,wallet
12185,1651,2025-07-17,completed,atm
12186,429,2024-09-04,completed,wallet
12187,560,2025-07-17,completed,card
12188,2133,2025-03-27,completed,card
12189,1549,2025-03-17,completed,card
12190,2485,2025-07-21,completed,wallet
12191,2163,2025-05-10,completed,card
12192,1107,2025-03-02,completed,card
12193,1581,2024-07-03,completed,card
12194,603,2024-03-18,completed,card
12195,2445,2024-09-12,completed,atm
12196,422,2025-04-15,completed,card
12197,524,2024-04-17,cancelled,atm
12198,1135,2025-02-15,completed,card
12199,1070,2024-09-20,completed,cod
12200,740,2025-01-01,completed,wallet
12201,2323,2024-02-19,completed,cod
12202,25,2024-11-28,completed,wallet
12203,1988,2024-09-27,completed,card
12204,602,2024-10-07,refunded,wallet
12205,2258,2024-05-06,refunded,atm
12206,1415,2024-02-02,completed,wallet
12207,1261,2025-04-06,completed,atm
12208,976,2024-09-15,completed,card
12209,437,2025-09-23,completed,atm
12210,1274,2025-11-02,completed,card
12211,75,2025-06-23,completed,card
12212,1798,2025-05-26,completed,card
12213,2359,2024-11-12,completed,atm
12214,1226,2024-11-04,completed,card
12215,1347,2024-08-11,completed,cod
12216,2168,2025-09-28,completed,card
12217,2487,2024-11-24,completed,wallet
12218,1822,2024-03-30,completed,wallet
12219,1879,2024-12-01,completed,atm
12220,2010,2024-07-19,completed,card
12221,256,2025-10-01,completed,cod
12222,861,2025-09-13,completed,card
12223,483,2024-11-19,completed,atm
12224,1071,2025-02-23,completed,card
12225,1834,2025-03-09,completed,card
12226,316,2024-07-02,completed,cod
12227,123,2024-04-09,completed,cod
12228,274,2024-01-02,completed,card
12229,2254,2025-10-21,completed,atm
12230,1071,2024-01-23,completed,atm
12231,986,2024-04-29,cancelled,card
12232,2084,2025-09-05,completed,card
12233,1454,2025-07-29,completed,card
12234,452,2024-03-21,completed,atm
12235,1744,2025-09-17,completed,wallet
12236,70,2025-07-21,completed,card
12237,967,2025-03-12,completed,card
12238,1539,2025-05-15,completed,card
12239,2051,2025-07-11,completed,card
12240,155,2025-01-12,completed,wallet
12241,2111,2024-09-02,completed,card
12242,140,2025-09-18,completed,atm
12243,1390,2025-02-18,completed,wallet
12244,694,2024-01-26,completed,atm
12245,2311,2025-04-26,cancelled,atm
12246,1269,2024-02-09,completed,atm
12247,560,2025-06-29,completed,atm
12248,1809,2024-02-19,completed,wallet
12249,2474,2025-11-05,completed,card
12250,1243,2024-06-15,completed,card
12251,1250,2025-12-28,completed,atm
12252,1344,2024-02-18,completed,wallet
12253,456,2025-11-03,completed,card
12254,1351,2024-10-19,completed,atm
12255,1810,2025-01-20,completed,card
12256,1807,2025-07-28,completed,atm
12257,2464,2024-10-28,completed,atm
12258,231,2024-10-02,completed,card
12259,2332,2025-07-14,completed,atm
12260,1804,2024-10-28,completed,card
12261,1458,2024-07-28,completed,card
12262,2136,2024-04-06,completed,atm
12263,1422,2025-10-13,completed,cod
12264,554,2024-09-02,cancelled,cod
12265,434,2025-04-24,completed,card
12266,1843,2025-01-24,completed,card
12267,46,2025-04-01,completed,card
12268,1590,2024-04-24,completed,card
12269,2148,2024-06-11,completed,atm
12270,2238,2025-06-07,completed,card
12271,867,2025-04-03,completed,card
12272,131,2024-10-19,completed,wallet
12273,2251,2024-11-18,completed,wallet
12274,294,2025-08-01,completed,card
12275,1634,2024-10-19,completed,cod
12276,1580,2025-12-09,completed,card
12277,713,2024-11-14,completed,card
12278,235,2024-04-05,completed,cod
12279,346,2024-08-30,completed,atm
12280,511,2024-12-17,completed,card
12281,1249,2024-12-09,completed,atm
12282,1648,2024-02-08,completed,wallet
12283,2099,2025-11-25,completed,wallet
12284,1083,2024-06-16,completed,cod
12285,131,2025-07-06,completed,card
12286,2070,2025-11-09,completed,atm
12287,2480,2025-07-21,completed,cod
12288,2234,2025-07-19,completed,card
12289,620,2024-05-06,refunded,wallet
12290,187,2025-01-22,completed,atm
12291,1870,2024-08-30,completed,card
12292,174,2024-07-05,completed,card
12293,465,2024-03-31,completed,card
12294,1819,2025-08-03,refunded,card
12295,2229,2025-06-11,completed,card
12296,2118,2025-12-01,completed,wallet
12297,2262,2025-04-13,completed,atm
12298,793,2024-04-19,completed,card
12299,1620,2025-07-07,completed,atm
12300,250,2025-01-15,completed,atm
12301,493,2025-01-20,completed,atm
12302,2367,2025-02-15,cancelled,card
12303,1315,2025-12-26,completed,card
12304,2312,2024-09-10,completed,card
12305,1550,2024-09-03,completed,atm
12306,1552,2024-10-23,completed,card
12307,2028,2024-08-12,completed,cod
12308,372,2024-09-19,completed,wallet
12309,1678,2025-09-26,completed,card
12310,893,2024-02-26,completed,card
12311,1363,2024-01-03,completed,card
12312,460,2024-03-15,completed,card
12313,1394,2025-07-29,completed,cod
12314,1998,2025-11-12,completed,atm
12315,1376,2024-12-10,completed,card
12316,1422,2025-09-26,cancelled,card
12317,201,2025-11-23,cancelled,card
12318,2366,2024-10-18,completed,wallet
12319,1977,2025-07-23,completed,card
12320,621,2024-02-14,completed,card
12321,1798,2024-10-24,completed,atm
12322,1283,2025-08-30,completed,card
12323,2295,2025-01-15,completed,card
12324,512,2025-01-08,completed,atm
12325,1196,2025-04-24,completed,card
12326,987,2024-10-21,completed,card
12327,415,2024-05-17,completed,atm
12328,1932,2025-03-02,completed,card
12329,206,2024-11-30,refunded,atm
12330,1876,2024-10-22,completed,atm
12331,2200,2025-03-22,completed,card
12332,598,2025-10-09,completed,cod
12333,1298,2025-02-25,completed,card
12334,991,2024-04-22,completed,atm
12335,1194,2025-06-19,completed,card
12336,1108,2024-10-14,completed,cod
12337,920,2024-11-10,completed,card
12338,552,2025-08-25,completed,cod
12339,1180,2024-09-15,completed,wallet
12340,410,2024-04-04,completed,atm
12341,1107,2025-12-11,completed,card
12342,18,2025-08-15,completed,card
12343,1240,2024-04-11,completed,atm
12344,2195,2025-04-30,completed,card
12345,1539,2024-06-12,completed,card
12346,447,2024-02-03,completed,atm
12347,665,2024-10-17,completed,cod
12348,637,2024-09-18,completed,card
12349,905,2024-09-27,completed,cod
12350,2044,2025-06-27,completed,card
12351,121,2025-12-07,completed,atm
12352,2347,2024-10-06,completed,card
12353,2107,2024-06-05,completed,wallet
12354,1747,2025-04-01,completed,wallet
12355,1521,2025-05-09,completed,wallet
12356,742,2025-07-04,completed,card
12357,2307,2025-10-05,completed,card
12358,1993,2025-08-17,completed,card
12359,587,2024-08-16,completed,card
12360,1255,2024-04-29,completed,atm
12361,1594,2025-06-11,completed,atm
12362,1327,2025-05-01,completed,card
12363,1226,2024-01-09,completed,card
12364,1780,2024-04-22,completed,atm
12365,1487,2024-11-04,completed,card
12366,1619,2025-10-29,completed,cod
12367,797,2025-08-19,completed,card
12368,2085,2024-06-04,completed,atm
12369,1844,2025-04-17,completed,card
12370,174,2024-04-30,completed,card
12371,1436,2025-06-20,completed,cod
12372,162,2024-10-22,completed,card
12373,1,2025-02-15,completed,wallet
12374,2382,2025-09-10,cancelled,card
12375,1699,2024-05-21,completed,wallet
12376,2365,2025-03-30,completed,wallet
12377,2327,2025-04-30,completed,card
12378,2302,2025-03-06,completed,card
12379,899,2024-01-12,completed,card
12380,241,2025-04-16,completed,card
12381,1155,2024-10-09,completed,card
12382,1199,2024-06-06,completed,atm
12383,1122,2025-01-16,cancelled,cod
12384,293,2024-08-13,refunded,wallet
12385,177,2024-04-14,completed,card
12386,2267,2024-05-01,completed,wallet
12387,939,2024-02-29,refunded,card
12388,95,2024-09-23,completed,cod
12389,1067,2024-08-13,completed,card
12390,1380,2025-09-20,completed,atm
12391,919,2024-12-22,completed,cod
12392,175,2024-07-08,completed,card
12393,1713,2025-11-03,completed,card
12394,2437,2024-03-16,completed,card
12395,1904,2025-04-10,completed,wallet
12396,1163,2025-10-10,completed,card
12397,916,2024-12-13,completed,cod
12398,480,2024-08-31,completed,card
12399,441,2025-02-12,completed,atm
12400,894,2024-10-30,completed,card
12401,2146,2025-02-24,completed,card
12402,1465,2024-03-11,completed,atm
12403,825,2025-01-25,completed,wallet
12404,1557,2024-10-18,completed,card
12405,1226,2024-11-07,cancelled,atm
12406,2297,2024-01-13,cancelled,card
12407,558,2024-06-19,completed,card
12408,1875,2025-05-27,completed,cod
12409,2207,2024-04-19,completed,card
12410,542,2024-02-28,completed,card
12411,15,2024-03-25,completed,wallet
12412,2109,2025-11-29,completed,card
12413,1358,2024-12-19,completed,wallet
12414,2009,2025-05-09,completed,card
12415,578,2024-12-14,completed,card
12416,1542,2025-07-02,completed,card
12417,747,2025-11-27,completed,card
12418,2232,2024-09-04,completed,card
12419,1419,2025-08-04,completed,atm
12420,1198,2024-11-14,completed,card
12421,408,2024-06-28,completed,atm
12422,208,2025-08-17,completed,cod
12423,351,2024-09-08,completed,card
12424,1907,2025-11-02,completed,card
12425,1122,2025-06-22,completed,card
12426,2142,2025-03-12,completed,wallet
12427,1740,2025-03-08,completed,wallet
12428,417,2025-11-25,completed,atm
12429,1077,2024-01-10,completed,card
12430,2085,2025-10-04,completed,card
12431,1154,2025-03-08,completed,card
12432,1285,2025-05-27,completed,wallet
12433,927,2025-04-23,completed,card
12434,1081,2024-06-20,completed,atm
12435,1166,2024-05-06,completed,card
12436,2321,2024-09-21,completed,card
12437,2036,2025-05-16,completed,card
12438,155,2025-02-10,completed,atm
12439,1358,2025-07-29,completed,cod
12440,2060,2025-06-13,completed,card
12441,2106,2025-05-11,completed,card
12442,345,2024-08-16,completed,card
12443,422,2025-08-06,completed,atm
12444,123,2024-05-13,completed,atm
12445,1089,2024-10-06,completed,wallet
12446,441,2024-12-06,completed,card
12447,1103,2025-01-19,completed,card
12448,1643,2024-12-24,completed,card
12449,1849,2025-09-05,completed,wallet
12450,2186,2024-04-03,completed,card
12451,1152,2025-12-23,completed,card
12452,108,2025-04-28,completed,card
12453,593,2024-10-07,completed,wallet
12454,866,2024-11-09,completed,atm
12455,877,2024-05-28,completed,atm
12456,1034,2025-08-06,completed,card
12457,1164,2025-04-24,completed,cod
12458,1080,2024-03-10,completed,card
12459,2359,2024-07-20,completed,wallet
12460,2166,2025-06-16,completed,atm
12461,1772,2024-02-04,completed,card
12462,97,2025-04-23,completed,cod
12463,980,2025-08-24,completed,card
12464,1285,2024-05-22,completed,atm
12465,906,2025-07-13,completed,atm
12466,2035,2024-10-04,completed,atm
12467,885,2024-06-13,completed,atm
12468,1408,2025-05-31,completed,wallet
12469,1829,2024-07-20,completed,card
12470,501,2024-05-10,completed,card
12471,1451,2025-10-01,completed,card
12472,695,2024-06-24,completed,wallet
12473,1555,2024-11-01,completed,card
12474,1070,2025-06-21,completed,atm
12475,1889,2024-06-24,completed,card
12476,431,2025-11-26,completed,card
12477,41,2025-04-23,cancelled,card
12478,448,2025-05-14,completed,card
12479,1876,2025-04-04,completed,card
12480,2270,2025-07-22,completed,card
12481,1977,2024-02-07,completed,atm
12482,487,2025-11-11,completed,card
12483,342,2024-03-01,completed,card
12484,1275,2025-08-26,completed,card
12485,108,2025-02-14,completed,cod
12486,813,2024-10-22,refunded,cod
12487,941,2025-05-12,completed,card
12488,1571,2024-01-15,completed,card
12489,1021,2025-12-03,completed,card
12490,1841,2024-03-27,completed,cod
12491,2122,2024-12-30,completed,atm
12492,718,2024-01-28,completed,card
12493,1477,2024-11-06,completed,card
12494,2132,2024-05-20,completed,card
12495,1965,2025-06-16,completed,atm
12496,366,2024-04-07,completed,card
12497,126,2024-12-22,completed,atm
12498,65,2024-07-12,completed,wallet
12499,377,2024-02-29,completed,cod
12500,2391,2024-06-28,completed,wallet
12501,1129,2024-09-06,completed,card
12502,508,2024-05-08,completed,atm
12503,1600,2024-11-25,completed,cod
12504,1716,2025-03-29,completed,card
12505,1305,2024-07-01,completed,card
12506,1656,2024-07-12,completed,card
12507,2145,2024-09-03,completed,card
12508,154,2024-12-06,completed,cod
12509,458,2025-02-17,completed,atm
12510,798,2024-06-03,completed,card
12511,1419,2024-07-22,completed,card
12512,2417,2024-10-03,completed,atm
12513,2217,2025-10-19,completed,card
12514,115,2024-05-19,completed,card
12515,359,2025-06-03,completed,atm
12516,1593,2025-01-21,completed,card
12517,200,2025-05-10,completed,card
12518,1064,2025-12-25,completed,card
12519,2441,2024-11-03,completed,card
12520,535,2024-11-18,completed,card
12521,1984,2024-07-23,completed,atm
12522,2397,2025-05-14,completed,card
12523,1051,2025-08-28,completed,card
12524,2233,2024-02-07,completed,atm
12525,262,2024-09-23,completed,card
12526,516,2025-04-09,completed,card
12527,1777,2024-04-05,completed,wallet
12528,194,2024-09-25,completed,atm
12529,960,2025-06-02,completed,atm
12530,216,2024-06-26,completed,atm
12531,756,2025-11-06,completed,card
12532,2129,2024-03-24,completed,cod
12533,1606,2024-08-18,completed,wallet
12534,1022,2025-01-26,completed,card
12535,406,2024-10-20,completed,card
12536,941,2024-01-17,completed,atm
12537,1061,2025-11-29,completed,wallet
12538,2032,2025-08-01,completed,atm
12539,153,2024-06-28,completed,card
12540,2482,2024-07-12,completed,card
12541,393,2024-09-09,completed,atm
12542,2418,2025-02-27,completed,card
12543,2064,2025-08-31,completed,card
12544,2111,2025-12-01,completed,atm
12545,36,2025-01-12,completed,cod
12546,610,2024-07-22,completed,card
12547,426,2024-06-13,completed,atm
12548,2125,2025-04-23,completed,card
12549,84,2025-01-31,completed,atm
12550,404,2025-10-06,completed,atm
12551,1355,2024-04-04,completed,atm
12552,989,2024-11-18,refunded,wallet
12553,1644,2025-07-14,completed,atm
12554,834,2025-09-26,completed,card
12555,181,2025-11-08,refunded,wallet
12556,2167,2025-03-02,completed,card
12557,1577,2024-01-13,completed,cod
12558,956,2025-07-02,cancelled,atm
12559,1403,2024-06-01,refunded,atm
12560,2233,2025-05-20,completed,card
12561,5,2025-06-25,completed,cod
12562,445,2024-06-23,completed,atm
12563,510,2025-11-28,completed,atm
12564,1119,2024-07-01,completed,card
12565,1929,2024-06-05,completed,atm
12566,1393,2025-01-04,completed,atm
12567,2151,2025-01-15,completed,atm
12568,611,2024-03-18,completed,atm
12569,1492,2024-08-12,completed,atm
12570,871,2025-05-28,completed,wallet
12571,2328,2024-04-22,completed,card
12572,826,2025-11-26,cancelled,cod
12573,2120,2024-08-01,completed,atm
12574,2002,2025-09-12,completed,atm
12575,1596,2024-10-13,completed,card
12576,2419,2024-03-25,completed,wallet
12577,105,2025-08-29,completed,card
12578,848,2025-12-13,completed,wallet
12579,750,2025-12-08,completed,cod
12580,1577,2024-03-08,completed,card
12581,2014,2024-11-05,completed,card
12582,1442,2025-06-07,completed,card
12583,621,2025-08-10,completed,card
12584,1236,2025-07-19,completed,card
12585,1774,2024-03-11,completed,card
12586,746,2024-10-15,completed,atm
12587,165,2025-12-09,completed,card
12588,2128,2024-02-05,completed,atm
12589,647,2025-03-16,cancelled,cod
12590,179,2025-11-18,completed,wallet
12591,2378,2024-04-02,completed,card
12592,1215,2025-01-10,completed,cod
12593,1048,2025-03-05,completed,cod
12594,1080,2025-04-10,completed,card
12595,907,2025-09-02,completed,card
12596,1240,2024-08-30,refunded,cod
12597,1686,2024-10-18,completed,atm
12598,703,2025-05-30,completed,card
12599,2424,2024-12-22,completed,atm
12600,772,2025-03-28,completed,card
12601,1443,2025-08-11,completed,card
12602,748,2024-04-26,completed,card
12603,1046,2024-06-14,completed,atm
12604,1819,2025-08-21,completed,card
12605,1546,2025-04-01,completed,atm
12606,637,2024-01-01,completed,atm
12607,396,2024-03-08,completed,card
12608,1309,2025-10-08,refunded,wallet
12609,2400,2025-03-23,completed,card
12610,1359,2024-05-28,completed,atm
12611,1518,2025-07-28,completed,card
12612,2442,2024-01-22,completed,card
12613,746,2025-09-01,completed,card
12614,1406,2024-02-03,completed,atm
12615,538,2025-06-25,completed,atm
12616,1988,2025-01-17,completed,atm
12617,1338,2024-10-24,completed,card
12618,1003,2024-02-23,completed,cod
12619,1563,2025-06-15,completed,atm
12620,1263,2025-08-28,completed,card
12621,1646,2024-11-25,completed,card
12622,250,2024-06-02,refunded,card
12623,1660,2024-04-17,cancelled,wallet
12624,1380,2024-12-31,completed,atm
12625,1034,2024-08-18,completed,card
12626,1139,2024-02-18,completed,atm
12627,211,2024-06-27,completed,card
12628,2179,2025-12-07,completed,wallet
12629,462,2024-01-04,completed,cod
12630,2263,2025-03-19,completed,cod
12631,341,2024-06-14,completed,card
12632,875,2024-06-03,completed,card
12633,275,2025-08-23,completed,card
12634,285,2025-03-31,completed,atm
12635,1133,2025-12-08,completed,card
12636,954,2024-04-05,completed,card
12637,132,2024-12-11,completed,wallet
12638,252,2025-04-11,completed,atm
12639,2077,2024-06-07,completed,card
12640,2012,2025-09-11,completed,card
12641,830,2025-02-08,completed,card
12642,1147,2025-09-01,completed,atm
12643,1410,2025-05-06,completed,atm
12644,1442,2024-04-23,completed,card
12645,209,2024-02-10,completed,card
12646,2327,2024-06-07,completed,card
12647,82,2024-05-25,completed,card
12648,1923,2025-11-09,completed,atm
12649,2463,2024-10-30,completed,wallet
12650,404,2024-12-24,completed,atm
12651,1151,2025-04-16,completed,card
12652,797,2024-04-29,completed,atm
12653,663,2024-06-03,completed,atm
12654,17,2024-09-04,completed,atm
12655,2303,2025-08-09,completed,card
12656,694,2025-01-25,completed,card
12657,1967,2025-03-05,completed,card
12658,1565,2024-07-10,completed,card
12659,1060,2024-01-06,completed,card
12660,1059,2025-08-25,completed,wallet
12661,282,2025-10-19,completed,cod
12662,1432,2025-04-17,completed,card
12663,930,2025-09-29,completed,card
12664,2222,2024-01-27,completed,wallet
12665,1373,2025-05-26,completed,card
12666,373,2025-11-23,completed,atm
12667,2033,2024-07-23,completed,card
12668,921,2025-03-08,completed,atm
12669,2234,2024-10-17,completed,card
12670,1275,2025-03-23,completed,card
12671,2306,2025-07-04,completed,atm
12672,2101,2025-02-08,completed,card
12673,2134,2025-08-23,completed,card
12674,1172,2024-02-04,completed,card
12675,1010,2024-10-01,completed,card
12676,485,2025-08-21,completed,cod
12677,1842,2024-03-11,completed,atm
12678,1476,2025-07-04,completed,wallet
12679,583,2025-05-18,completed,card
12680,2166,2025-07-28,completed,card
12681,1836,2024-07-24,refunded,card
12682,1258,2024-09-06,completed,card
12683,1272,2024-08-14,completed,card
12684,23,2025-12-24,completed,card
12685,49,2024-08-01,completed,atm
12686,1749,2024-06-24,completed,wallet
12687,964,2024-03-12,completed,card
12688,217,2024-02-03,completed,wallet
12689,1883,2024-11-18,completed,card
12690,1602,2024-08-29,completed,wallet
12691,1447,2025-01-02,completed,card
12692,2314,2024-07-04,completed,card
12693,1270,2024-01-17,completed,card
12694,1583,2024-09-12,completed,card
12695,1896,2025-06-19,completed,card
12696,1844,2024-06-14,completed,card
12697,1363,2024-09-06,completed,cod
12698,1737,2024-02-27,completed,card
12699,113,2025-09-19,completed,wallet
12700,814,2025-07-09,completed,cod
12701,1881,2024-06-26,completed,atm
12702,621,2025-07-17,completed,atm
12703,1986,2024-12-07,completed,wallet
12704,659,2024-11-15,completed,card
12705,2382,2025-10-20,completed,atm
12706,117,2025-06-26,completed,card
12707,2449,2025-12-16,completed,atm
12708,557,2024-06-25,completed,card
12709,1238,2024-12-21,completed,atm
12710,1261,2024-10-15,completed,atm
12711,1358,2024-11-19,completed,wallet
12712,2275,2025-03-25,completed,wallet
12713,1436,2024-05-01,completed,wallet
12714,1586,2025-02-03,completed,card
12715,1893,2024-10-05,completed,wallet
12716,125,2024-03-27,completed,card
12717,1014,2024-11-15,completed,card
12718,939,2025-08-17,completed,card
12719,2265,2024-01-23,refunded,card
12720,1850,2025-06-03,completed,atm
12721,332,2024-03-23,completed,card
12722,694,2025-05-03,completed,card
12723,1646,2025-06-29,completed,card
12724,324,2024-09-17,completed,card
12725,160,2024-04-24,completed,card
12726,1943,2024-09-01,refunded,card
12727,2411,2025-08-02,cancelled,atm
12728,484,2025-02-27,completed,cod
12729,1011,2024-11-06,completed,wallet
12730,2256,2025-06-19,completed,card
12731,419,2024-12-21,completed,card
12732,1558,2024-03-30,completed,wallet
12733,1433,2024-06-02,completed,atm
12734,1609,2024-10-07,completed,card
12735,1524,2025-01-08,completed,atm
12736,2131,2025-11-27,completed,cod
12737,2322,2025-07-24,completed,card
12738,388,2025-02-28,completed,card
12739,2468,2025-02-26,completed,cod
12740,1957,2025-04-25,cancelled,card
12741,1097,2024-01-24,cancelled,atm
12742,1963,2024-12-16,completed,card
12743,1967,2025-03-17,cancelled,card
12744,405,2025-06-03,completed,atm
12745,1419,2024-08-21,completed,card
12746,506,2025-08-04,completed,wallet
12747,1291,2024-10-18,cancelled,card
12748,2237,2024-04-11,completed,wallet
12749,1527,2025-12-21,completed,atm
12750,41,2025-12-26,cancelled,card
12751,1527,2025-12-10,completed,atm
12752,1490,2024-04-12,completed,card
12753,1585,2024-04-06,completed,atm
12754,152,2025-07-04,completed,atm
12755,443,2024-01-14,completed,card
12756,940,2025-09-17,completed,atm
12757,502,2024-09-03,completed,cod
12758,2394,2025-03-11,completed,card
12759,1209,2025-05-14,cancelled,card
12760,2335,2024-08-31,completed,cod
12761,110,2024-07-12,completed,card
12762,469,2025-06-14,completed,atm
12763,340,2025-12-27,completed,card
12764,1837,2024-02-10,completed,card
12765,1173,2024-03-11,completed,card
12766,1976,2025-09-21,completed,card
12767,2009,2024-12-30,completed,atm
12768,1605,2024-06-27,completed,card
12769,1600,2025-04-16,completed,card
12770,1805,2024-01-16,completed,atm
12771,207,2024-08-11,completed,atm
12772,121,2024-04-11,completed,card
12773,536,2025-06-27,refunded,cod
12774,384,2024-01-23,completed,card
12775,983,2025-10-06,cancelled,card
12776,1369,2024-03-13,completed,card
12777,19,2025-10-31,completed,atm
12778,23,2024-01-08,completed,card
12779,1685,2024-05-15,completed,atm
12780,1537,2025-03-12,completed,cod
12781,556,2024-10-03,completed,atm
12782,1799,2024-08-10,completed,card
12783,1832,2025-04-29,completed,cod
12784,561,2025-11-07,completed,card
12785,1045,2025-10-23,refunded,wallet
12786,877,2024-12-17,completed,cod
12787,2037,2025-12-22,completed,card
12788,2143,2025-10-30,completed,wallet
12789,2301,2024-02-07,completed,card
12790,2145,2024-08-29,completed,card
12791,753,2025-01-29,completed,card
12792,526,2025-05-25,completed,wallet
12793,1937,2025-10-20,completed,wallet
12794,2255,2024-07-22,completed,atm
12795,1067,2025-06-07,completed,card
12796,459,2024-04-28,completed,card
12797,2275,2025-09-02,completed,cod
12798,2015,2025-03-14,refunded,card
12799,969,2025-08-29,cancelled,atm
12800,2325,2024-02-27,completed,card
12801,1455,2024-04-23,completed,card
12802,182,2024-06-23,completed,card
12803,2140,2024-01-09,completed,card
12804,1107,2024-09-24,completed,wallet
12805,2483,2025-12-20,completed,card
12806,934,2024-03-07,completed,card
12807,310,2024-08-16,completed,card
12808,1705,2024-08-09,completed,card
12809,1963,2025-04-02,completed,card
12810,105,2024-11-26,completed,card
12811,1939,2025-10-13,completed,card
12812,1095,2025-07-12,completed,atm
12813,1710,2025-02-12,completed,card
12814,2164,2024-07-20,completed,wallet
12815,1398,2025-07-24,completed,wallet
12816,844,2025-03-08,completed,atm
12817,1495,2024-04-30,completed,atm
12818,816,2025-03-12,completed,card
12819,902,2024-12-22,completed,card
12820,1132,2025-09-09,completed,atm
12821,153,2025-11-14,completed,cod
12822,1647,2024-09-29,completed,card
12823,470,2024-08-12,completed,atm
12824,1363,2024-09-07,completed,cod
12825,262,2025-06-06,completed,card
12826,345,2024-02-29,completed,card
12827,2262,2024-07-25,completed,card
12828,435,2025-06-02,completed,atm
12829,238,2024-10-29,completed,card
12830,1159,2024-09-05,completed,card
12831,373,2025-03-02,completed,atm
12832,1287,2024-05-17,completed,cod
12833,1628,2025-01-17,completed,card
12834,854,2025-11-01,completed,cod
12835,1824,2025-05-20,completed,atm
12836,1624,2024-07-02,cancelled,atm
12837,2447,2024-09-29,completed,atm
12838,2153,2025-06-24,completed,cod
12839,1390,2025-10-17,completed,card
12840,650,2024-07-22,completed,atm
12841,1908,2025-01-12,completed,card
12842,1971,2025-03-09,cancelled,card
12843,25,2024-06-02,completed,atm
12844,1305,2025-12-16,completed,card
12845,2325,2024-09-02,completed,card
12846,2093,2024-03-22,completed,atm
12847,1717,2024-09-02,completed,wallet
12848,1147,2024-06-12,completed,cod
12849,1491,2025-08-03,completed,card
12850,2450,2024-12-01,completed,card
12851,1947,2025-02-02,completed,card
12852,1282,2025-02-21,completed,card
12853,2029,2024-08-14,completed,card
12854,2341,2024-03-05,completed,card
12855,1133,2025-10-29,completed,card
12856,228,2025-02-21,completed,wallet
12857,2211,2024-10-16,completed,atm
12858,902,2024-07-02,completed,atm
12859,455,2024-08-23,cancelled,card
12860,2427,2024-05-22,cancelled,card
12861,1364,2024-08-03,refunded,atm
12862,49,2025-02-10,completed,card
12863,107,2025-09-28,completed,card
12864,1497,2024-09-19,completed,card
12865,2023,2025-06-14,completed,card
12866,2349,2024-10-11,completed,atm
12867,2088,2024-05-21,completed,cod
12868,1562,2024-07-07,completed,card
12869,1018,2024-06-02,completed,atm
12870,1222,2024-10-09,completed,wallet
12871,2366,2024-09-06,completed,card
12872,1740,2025-07-28,completed,wallet
12873,1862,2024-05-16,completed,atm
12874,1835,2024-10-22,completed,atm
12875,2199,2025-05-14,completed,card
12876,870,2025-02-17,completed,atm
12877,1864,2024-07-27,completed,card
12878,775,2025-01-08,completed,card
12879,1493,2024-04-08,completed,atm
12880,974,2025-10-21,completed,card
12881,1858,2024-03-21,completed,card
12882,287,2025-11-08,completed,card
12883,2285,2025-12-28,completed,card
12884,2393,2024-12-28,completed,card
12885,2397,2025-11-23,completed,card
12886,897,2025-03-08,completed,atm
12887,1633,2024-04-29,completed,card
12888,704,2025-08-27,completed,atm
12889,1507,2024-06-10,completed,wallet
12890,256,2025-04-03,completed,card
12891,1240,2024-02-20,completed,card
12892,1831,2025-06-28,completed,atm
12893,2062,2024-06-14,completed,wallet
12894,1372,2024-05-24,completed,wallet
12895,1367,2024-09-07,completed,card
12896,2477,2025-11-29,completed,wallet
12897,2096,2024-08-25,completed,card
12898,1291,2024-12-19,completed,atm
12899,1880,2025-02-11,completed,atm
12900,383,2025-08-04,completed,card
12901,1994,2025-10-20,completed,card
12902,2399,2024-07-30,completed,card
12903,2086,2024-04-04,completed,wallet
12904,386,2024-05-07,completed,card
12905,1566,2025-03-29,completed,wallet
12906,810,2025-05-01,completed,atm
12907,1326,2024-10-29,completed,wallet
12908,1707,2024-01-25,completed,wallet
12909,1228,2025-04-26,completed,atm
12910,1547,2025-10-17,cancelled,atm
12911,1150,2025-04-25,completed,card
12912,91,2024-03-17,completed,wallet
12913,1948,2025-10-30,refunded,atm
12914,549,2025-04-27,completed,card
12915,2464,2025-07-07,completed,atm
12916,1451,2024-07-07,completed,atm
12917,882,2024-10-24,completed,card
12918,1986,2024-11-16,completed,wallet
12919,193,2025-02-03,completed,atm
12920,133,2025-03-10,completed,card
12921,1688,2025-01-29,completed,wallet
12922,2037,2024-11-11,completed,atm
12923,753,2025-02-04,completed,cod
12924,1529,2025-03-21,refunded,card
12925,100,2024-03-03,completed,card
12926,285,2025-03-30,cancelled,atm
12927,2330,2024-11-20,completed,atm
12928,2254,2025-05-21,refunded,card
12929,1140,2025-03-08,completed,wallet
12930,186,2024-09-14,completed,cod
12931,794,2025-12-22,completed,atm
12932,940,2024-02-02,completed,card
12933,1053,2025-12-15,completed,atm
12934,841,2025-05-19,completed,card
12935,927,2024-08-01,completed,cod
12936,1157,2024-03-11,completed,atm
12937,740,2024-05-04,completed,card
12938,1748,2024-11-16,refunded,wallet
12939,2444,2025-12-04,completed,cod
12940,2471,2025-11-04,completed,atm
12941,2133,2025-08-16,completed,card
12942,1326,2025-07-06,completed,atm
12943,2180,2025-03-28,completed,atm
12944,658,2025-03-10,completed,atm
12945,1292,2025-12-23,completed,wallet
12946,1125,2025-08-10,completed,card
12947,192,2025-04-19,completed,card
12948,2375,2025-04-12,completed,atm
12949,1717,2024-07-26,completed,atm
12950,502,2024-05-14,completed,card
12951,707,2025-05-01,completed,atm
12952,2284,2024-01-25,completed,card
12953,467,2025-07-09,completed,atm
12954,888,2025-02-21,completed,wallet
12955,2211,2024-07-11,completed,card
12956,685,2024-01-22,cancelled,card
12957,1874,2025-08-26,completed,atm
12958,1741,2025-05-26,completed,atm
12959,883,2025-04-13,completed,atm
12960,1422,2025-11-16,completed,wallet
12961,1417,2025-01-05,completed,card
12962,2329,2024-12-05,completed,cod
12963,727,2025-03-07,completed,atm
12964,631,2024-07-30,completed,cod
12965,2385,2025-12-27,completed,card
12966,767,2024-07-31,completed,card
12967,946,2024-01-17,completed,card
12968,649,2024-06-26,completed,card
12969,635,2025-09-11,completed,card
12970,2007,2024-08-22,completed,atm
12971,116,2025-02-02,completed,card
12972,414,2024-08-05,completed,card
12973,1584,2025-04-01,completed,atm
12974,1813,2024-10-20,completed,card
12975,1942,2025-05-09,completed,wallet
12976,1658,2025-08-05,completed,atm
12977,2431,2024-05-07,completed,atm
12978,2258,2025-11-02,completed,cod
12979,139,2024-02-17,completed,atm
12980,381,2024-10-26,completed,wallet
12981,1593,2025-11-10,completed,card
12982,1721,2024-03-23,completed,atm
12983,1787,2024-11-05,completed,cod
12984,590,2025-12-04,completed,atm
12985,1634,2025-05-09,completed,cod
12986,492,2025-07-13,completed,wallet
12987,1844,2024-05-25,completed,card
12988,2057,2025-06-16,completed,card
12989,1121,2025-06-14,completed,atm
12990,754,2025-10-20,completed,atm
12991,490,2025-08-25,cancelled,atm
12992,1973,2025-05-09,completed,card
12993,335,2025-08-15,completed,atm
12994,179,2024-12-01,completed,card
12995,1436,2025-09-28,completed,wallet
12996,384,2024-02-12,completed,card
12997,2437,2024-06-11,completed,wallet
12998,172,2025-06-29,completed,card
12999,1450,2024-09-24,completed,atm
13000,199,2024-12-18,completed,card
13001,2263,2024-11-16,completed,card
13002,2124,2025-09-16,completed,atm
13003,462,2024-02-07,completed,card
13004,1808,2024-05-29,completed,wallet
13005,1603,2025-05-06,completed,card
13006,1119,2024-07-10,completed,card
13007,1985,2024-04-02,completed,card
13008,960,2024-06-23,completed,card
13009,1480,2025-06-05,completed,wallet
13010,667,2025-01-03,completed,card
13011,1613,2025-07-17,completed,card
13012,77,2025-01-14,completed,atm
13013,207,2024-05-17,completed,cod
13014,1347,2025-03-04,completed,wallet
13015,25,2024-03-04,cancelled,card
13016,286,2024-05-19,completed,cod
13017,1661,2024-11-22,completed,wallet
13018,1627,2025-11-30,completed,card
13019,781,2025-08-30,completed,card
13020,2134,2024-08-07,completed,card
13021,236,2024-02-08,completed,card
13022,2356,2025-05-22,completed,card
13023,464,2024-04-14,completed,atm
13024,2230,2024-01-06,completed,card
13025,1008,2024-04-14,completed,card
13026,2498,2025-05-15,completed,cod
13027,1473,2025-01-08,completed,card
13028,97,2025-06-20,completed,card
13029,986,2025-12-15,cancelled,card
13030,1601,2025-06-16,completed,card
13031,1374,2025-07-02,completed,wallet
13032,1208,2024-08-15,completed,cod
13033,1497,2024-03-03,completed,card
13034,1258,2025-09-03,completed,card
13035,679,2025-09-06,completed,atm
13036,133,2025-09-09,completed,card
13037,980,2025-04-29,completed,card
13038,1616,2025-02-09,completed,card
13039,455,2024-02-24,completed,atm
13040,188,2024-11-14,completed,card
13041,1956,2024-09-09,completed,atm
13042,1423,2025-01-08,completed,atm
13043,410,2024-03-03,completed,card
13044,1623,2024-08-11,cancelled,cod
13045,1890,2025-07-30,completed,card
13046,2309,2025-08-23,completed,wallet
13047,5,2025-05-01,completed,card
13048,763,2024-04-24,completed,cod
13049,2380,2025-08-02,completed,card
13050,1080,2024-01-30,completed,card
13051,180,2024-05-23,completed,atm
13052,948,2025-06-21,completed,card
13053,407,2025-04-21,completed,wallet
13054,1301,2025-03-05,refunded,card
13055,501,2025-07-13,completed,atm
13056,1355,2025-05-10,completed,atm
13057,1684,2025-02-13,completed,cod
13058,715,2025-09-21,completed,wallet
13059,335,2024-04-21,completed,cod
13060,2270,2024-01-19,completed,card
13061,1203,2024-03-24,completed,card
13062,2080,2025-02-10,completed,card
13063,1768,2024-07-23,completed,card
13064,2101,2025-11-22,completed,atm
13065,2149,2025-10-29,completed,card
13066,1640,2024-07-16,completed,atm
13067,2039,2025-01-03,completed,card
13068,205,2025-01-31,completed,card
13069,2149,2024-03-18,completed,card
13070,404,2024-01-11,completed,wallet
13071,52,2024-08-27,completed,wallet
13072,255,2024-05-18,completed,atm
13073,1110,2025-11-03,cancelled,card
13074,1480,2024-08-29,completed,card
13075,1363,2025-12-16,completed,wallet
13076,451,2024-12-26,completed,card
13077,2486,2024-04-14,cancelled,card
13078,1265,2024-04-18,completed,card
13079,1482,2024-10-06,completed,wallet
13080,2297,2025-01-10,completed,wallet
13081,170,2025-08-30,completed,card
13082,832,2024-09-23,completed,wallet
13083,2111,2024-07-20,completed,atm
13084,1206,2025-09-17,completed,atm
13085,545,2025-03-26,completed,card
13086,2164,2024-05-14,completed,card
13087,323,2025-10-23,cancelled,wallet
13088,1558,2025-11-25,completed,card
13089,2464,2024-10-15,completed,card
13090,1267,2025-07-24,cancelled,wallet
13091,1087,2025-11-20,completed,card
13092,462,2024-08-16,completed,wallet
13093,1754,2025-02-21,completed,card
13094,594,2025-08-29,completed,wallet
13095,1397,2025-10-10,completed,wallet
13096,855,2024-11-01,completed,atm
13097,2337,2024-10-19,completed,atm
13098,1027,2025-12-31,completed,atm
13099,1806,2025-09-17,completed,atm
13100,2025,2024-07-31,completed,card
13101,1956,2024-06-23,cancelled,card
13102,630,2025-04-14,refunded,card
13103,997,2025-09-19,completed,card
13104,1489,2025-05-20,completed,atm
13105,621,2025-08-04,completed,atm
13106,1267,2024-06-02,completed,atm
13107,605,2025-10-19,completed,card
13108,1700,2024-01-15,completed,atm
13109,1892,2025-03-07,completed,card
13110,293,2025-02-24,completed,wallet
13111,2473,2025-05-30,completed,wallet
13112,279,2024-11-07,completed,wallet
13113,1873,2024-04-28,completed,atm
13114,1930,2025-05-09,completed,atm
13115,2424,2024-05-17,completed,card
13116,578,2024-11-24,completed,card
13117,681,2024-07-19,completed,card
13118,4,2025-05-29,completed,atm
13119,78,2024-12-10,completed,card
13120,2093,2025-01-02,completed,card
13121,1937,2025-09-13,completed,card
13122,1667,2024-10-18,completed,wallet
13123,636,2025-01-31,completed,wallet
13124,2005,2024-08-31,completed,card
13125,229,2024-10-17,refunded,card
13126,1406,2024-01-01,completed,wallet
13127,877,2024-06-18,completed,wallet
13128,165,2024-05-24,completed,atm
13129,215,2025-11-03,completed,card
13130,1170,2025-06-10,completed,card
13131,830,2025-06-04,completed,card
13132,2299,2025-03-24,completed,card
13133,2270,2025-11-02,completed,card
13134,1059,2024-08-22,completed,atm
13135,2159,2025-12-25,completed,cod
13136,184,2025-12-12,completed,card
13137,513,2024-11-30,completed,atm
13138,1123,2025-12-28,completed,card
13139,2286,2025-11-14,completed,atm
13140,1274,2025-11-01,completed,card
13141,148,2025-10-06,completed,wallet
13142,1438,2025-06-20,completed,card
13143,2496,2025-04-12,completed,wallet
13144,8,2025-09-24,completed,card
13145,915,2024-01-07,completed,card
13146,257,2024-06-22,completed,card
13147,2131,2025-03-15,completed,atm
13148,859,2025-08-10,completed,card
13149,1097,2024-08-26,cancelled,cod
13150,1060,2025-07-03,completed,card
13151,1653,2024-03-26,completed,atm
13152,782,2024-06-10,refunded,card
13153,1124,2024-07-10,completed,card
13154,2107,2025-08-09,completed,wallet
13155,2360,2025-09-14,completed,card
13156,559,2024-07-04,completed,cod
13157,403,2025-08-15,completed,cod
13158,2336,2025-03-20,completed,card
13159,65,2025-01-06,refunded,card
13160,2275,2024-09-12,cancelled,atm
13161,1812,2025-10-09,refunded,wallet
13162,1419,2025-12-24,completed,atm
13163,344,2025-08-03,completed,card
13164,1982,2024-12-14,completed,card
13165,2424,2024-10-08,completed,card
13166,2011,2024-04-07,completed,card
13167,825,2025-07-15,completed,cod
13168,902,2025-10-06,completed,card
13169,859,2025-07-10,completed,atm
13170,1894,2024-03-20,completed,wallet
13171,972,2024-06-15,completed,cod
13172,334,2025-12-14,completed,card
13173,53,2024-01-31,completed,card
13174,1569,2024-07-15,completed,atm
13175,1352,2024-06-12,completed,wallet
13176,2279,2024-07-11,completed,card
13177,1630,2024-09-25,completed,atm
13178,1122,2024-05-24,completed,atm
13179,1313,2025-12-03,completed,atm
13180,1990,2024-05-28,completed,card
13181,1243,2024-11-28,completed,cod
13182,1359,2024-04-24,completed,card
13183,260,2025-10-15,completed,card
13184,2138,2024-01-30,completed,atm
13185,625,2025-05-25,completed,atm
13186,221,2025-02-21,completed,card
13187,1455,2025-05-22,refunded,atm
13188,253,2025-04-25,completed,card
13189,104,2024-01-19,completed,atm
13190,1549,2024-03-03,completed,card
13191,1230,2024-03-30,completed,card
13192,303,2024-10-20,completed,atm
13193,1218,2024-10-08,completed,card
13194,1384,2024-01-07,completed,wallet
13195,1376,2024-04-23,completed,cod
13196,457,2024-01-04,completed,card
13197,1593,2025-07-06,completed,card
13198,2495,2024-01-07,completed,atm
13199,779,2025-07-03,completed,card
13200,1330,2025-11-26,completed,atm
13201,1910,2024-05-16,completed,cod
13202,1048,2025-10-21,completed,wallet
13203,1512,2025-06-07,refunded,card
13204,542,2025-12-28,cancelled,card
13205,1465,2025-10-11,completed,cod
13206,685,2025-05-21,completed,card
13207,196,2025-02-05,completed,cod
13208,1226,2025-04-13,completed,card
13209,1617,2024-12-12,completed,card
13210,2413,2024-02-16,completed,cod
13211,93,2024-02-08,completed,wallet
13212,554,2024-03-18,completed,wallet
13213,2076,2025-11-10,refunded,wallet
13214,642,2025-03-14,completed,atm
13215,1223,2025-03-17,completed,card
13216,1042,2024-05-22,completed,card
13217,1089,2024-11-24,completed,card
13218,1064,2024-12-08,completed,card
13219,1277,2025-08-31,completed,cod
13220,2335,2024-10-25,completed,card
13221,451,2025-04-03,completed,card
13222,2270,2025-01-30,completed,card
13223,737,2025-01-21,completed,card
13224,56,2025-02-08,completed,card
13225,2479,2025-02-02,completed,card
13226,1342,2024-01-22,completed,atm
13227,1347,2025-11-03,completed,card
13228,307,2025-04-21,completed,card
13229,1779,2025-05-19,completed,card
13230,1212,2025-12-07,completed,card
13231,648,2024-06-17,completed,card
13232,2175,2024-06-28,completed,card
13233,405,2024-02-13,completed,wallet
13234,1300,2025-08-02,completed,atm
13235,40,2024-09-16,completed,card
13236,1618,2025-04-10,completed,atm
13237,2009,2025-09-11,completed,wallet
13238,391,2024-01-01,completed,card
13239,2340,2024-11-20,completed,wallet
13240,1120,2025-02-19,completed,card
13241,1494,2024-09-08,completed,card
13242,746,2024-05-12,completed,atm
13243,1506,2024-10-15,completed,card
13244,540,2024-01-18,completed,cod
13245,757,2024-10-18,refunded,cod
13246,1869,2025-09-28,completed,card
13247,1484,2025-08-12,completed,atm
13248,2424,2025-11-25,completed,card
13249,2018,2024-07-23,completed,wallet
13250,1678,2025-11-23,completed,cod
13251,802,2024-04-11,completed,wallet
13252,2324,2025-09-18,completed,card
13253,1129,2024-06-10,refunded,card
13254,639,2024-05-04,completed,card
13255,1719,2024-06-11,completed,wallet
13256,750,2024-06-06,completed,cod
13257,1828,2025-12-23,completed,card
13258,1725,2024-03-24,completed,card
13259,1354,2024-02-16,completed,card
13260,1312,2025-01-25,cancelled,wallet
13261,1563,2024-06-21,completed,wallet
13262,45,2024-06-08,completed,atm
13263,1908,2024-04-17,completed,wallet
13264,2291,2025-07-10,completed,wallet
13265,87,2024-11-28,completed,atm
13266,234,2024-04-04,completed,atm
13267,2158,2024-09-21,completed,card
13268,804,2025-12-23,completed,card
13269,1729,2024-12-30,completed,atm
13270,1283,2025-11-18,completed,atm
13271,2272,2025-01-05,completed,atm
13272,2067,2024-07-13,completed,atm
13273,77,2024-05-21,completed,card
13274,2239,2024-01-13,completed,card
13275,841,2025-10-14,completed,wallet
13276,1748,2024-09-14,completed,cod
13277,880,2024-11-15,completed,atm
13278,1695,2024-01-14,completed,card
13279,1463,2024-04-16,completed,wallet
13280,2316,2024-05-14,completed,card
13281,380,2024-08-07,completed,atm
13282,1460,2025-02-12,completed,atm
13283,1963,2025-08-11,completed,atm
13284,1426,2025-09-23,completed,cod
13285,305,2024-01-06,completed,card
13286,1455,2024-12-06,completed,atm
13287,241,2025-09-03,completed,card
13288,52,2025-04-11,completed,wallet
13289,257,2024-01-27,completed,card
13290,1208,2025-10-04,cancelled,wallet
13291,514,2024-10-25,completed,atm
13292,531,2024-07-07,completed,atm
13293,1727,2024-11-12,completed,card
13294,2158,2025-07-14,completed,card
13295,1408,2025-10-11,completed,card
13296,1350,2025-10-05,completed,card
13297,710,2025-10-11,completed,card
13298,1754,2025-09-30,completed,card
13299,963,2024-06-27,completed,card
13300,1813,2024-03-24,cancelled,card
13301,1768,2025-09-28,completed,atm
13302,1753,2025-05-25,completed,cod
13303,1230,2025-04-24,completed,card
13304,579,2024-10-02,completed,cod
13305,1039,2024-10-12,completed,card
13306,1521,2024-08-25,completed,card
13307,1373,2024-07-12,completed,wallet
13308,770,2025-12-10,completed,card
13309,227,2024-03-02,completed,card
13310,1855,2025-04-05,completed,atm
13311,654,2025-12-29,completed,atm
13312,979,2024-07-24,completed,atm
13313,1605,2024-09-01,completed,atm
13314,140,2025-09-06,cancelled,card
13315,1713,2024-04-10,completed,card
13316,2358,2024-12-06,completed,card
13317,2491,2025-02-25,completed,card
13318,2127,2024-03-22,completed,card
13319,697,2024-02-04,completed,card
13320,2490,2025-01-15,completed,card
13321,1081,2024-03-30,completed,card
13322,216,2024-10-01,completed,wallet
13323,2178,2024-04-24,completed,wallet
13324,540,2025-04-08,completed,wallet
13325,1410,2024-10-21,completed,card
13326,2090,2024-06-22,completed,card
13327,1869,2025-02-25,completed,card
13328,105,2024-11-20,completed,atm
13329,1791,2025-06-20,completed,wallet
13330,1240,2024-01-27,completed,atm
13331,1746,2025-08-17,completed,card
13332,694,2025-09-23,completed,atm
13333,161,2025-08-13,completed,wallet
13334,290,2024-12-10,completed,atm
13335,2072,2024-08-29,completed,atm
13336,1975,2024-08-16,completed,card
13337,749,2025-09-29,completed,cod
13338,1503,2024-08-10,completed,card
13339,154,2025-02-15,completed,card
13340,464,2025-02-13,completed,card
13341,549,2024-10-03,completed,card
13342,1499,2025-12-09,completed,atm
13343,450,2024-02-19,completed,atm
13344,2087,2025-10-15,completed,cod
13345,1514,2024-10-25,cancelled,card
13346,2211,2024-07-01,completed,card
13347,793,2025-04-16,completed,wallet
13348,530,2024-12-08,completed,card
13349,2106,2025-05-08,completed,wallet
13350,832,2024-01-29,completed,atm
13351,146,2024-09-05,completed,card
13352,960,2025-08-08,completed,card
13353,1934,2025-11-21,completed,card
13354,1484,2024-01-13,completed,atm
13355,1733,2025-04-05,completed,card
13356,1732,2024-05-15,completed,atm
13357,387,2025-04-29,completed,card
13358,852,2024-03-02,refunded,card
13359,2011,2025-07-09,cancelled,atm
13360,2174,2024-05-15,completed,card
13361,2288,2025-03-18,completed,wallet
13362,1641,2024-05-12,completed,card
13363,2432,2025-03-28,completed,atm
13364,672,2025-03-05,completed,card
13365,1945,2024-01-07,completed,atm
13366,2180,2025-08-18,completed,card
13367,1322,2024-01-11,completed,card
13368,240,2024-01-10,completed,card
13369,514,2025-12-05,completed,atm
13370,1202,2025-02-04,completed,card
13371,723,2025-11-21,completed,wallet
13372,747,2024-04-19,completed,card
13373,68,2024-02-18,completed,card
13374,1382,2024-10-18,completed,atm
13375,857,2024-11-05,completed,card
13376,2182,2024-10-14,completed,cod
13377,1827,2025-11-28,completed,card
13378,1738,2024-08-06,completed,card
13379,1483,2024-07-19,completed,atm
13380,640,2025-05-26,cancelled,card
13381,1064,2025-05-13,completed,atm
13382,586,2024-02-06,completed,atm
13383,1145,2024-12-11,completed,cod
13384,114,2025-05-27,completed,wallet
13385,492,2024-10-14,completed,card
13386,827,2024-04-01,completed,atm
13387,721,2024-06-23,refunded,card
13388,1213,2024-03-14,completed,atm
13389,1758,2024-05-05,completed,card
13390,1656,2024-01-20,cancelled,card
13391,1471,2025-09-07,completed,atm
13392,294,2025-08-07,completed,atm
13393,966,2024-04-03,completed,atm
13394,1159,2024-11-20,completed,card
13395,34,2024-10-13,completed,card
13396,409,2024-12-29,completed,atm
13397,2436,2025-01-08,completed,wallet
13398,1236,2025-05-26,completed,wallet
13399,1896,2025-04-15,completed,card
13400,2219,2024-08-09,completed,card
13401,2346,2024-04-05,cancelled,atm
13402,715,2024-01-26,completed,card
13403,332,2025-10-24,completed,card
13404,488,2025-11-01,completed,atm
13405,2129,2024-12-24,completed,atm
13406,988,2025-02-23,completed,atm
13407,988,2025-12-28,completed,wallet
13408,2390,2025-03-23,cancelled,atm
13409,1940,2025-10-05,completed,card
13410,254,2024-01-16,completed,card
13411,2419,2024-10-18,completed,atm
13412,1344,2024-05-28,completed,wallet
13413,1617,2025-10-05,completed,card
13414,240,2024-08-12,completed,cod
13415,961,2025-07-02,completed,card
13416,998,2024-06-07,completed,card
13417,1456,2024-06-20,completed,card
13418,1466,2025-12-07,refunded,atm
13419,898,2024-07-19,cancelled,cod
13420,1679,2024-04-18,completed,card
13421,1891,2024-12-24,completed,wallet
13422,1574,2025-02-25,completed,atm
13423,1097,2025-07-08,completed,card
13424,668,2024-04-20,completed,atm
13425,1547,2025-11-03,completed,card
13426,1999,2024-11-09,completed,wallet
13427,336,2025-10-27,completed,card
13428,1123,2024-02-21,completed,card
13429,2249,2024-08-15,completed,wallet
13430,1805,2025-09-13,completed,card
13431,2237,2025-09-02,completed,card
13432,1844,2024-06-10,cancelled,card
13433,1501,2025-08-23,completed,wallet
13434,773,2025-08-25,completed,card
13435,2338,2024-07-28,completed,cod
13436,952,2025-04-10,completed,card
13437,1627,2025-12-20,completed,card
13438,2287,2025-06-30,completed,card
13439,2381,2025-10-03,completed,atm
13440,208,2025-12-04,completed,card
13441,484,2024-12-25,completed,atm
13442,2428,2024-06-13,completed,card
13443,305,2024-04-29,completed,card
13444,1136,2024-05-26,completed,cod
13445,364,2024-06-22,completed,wallet
13446,965,2025-05-05,completed,card
13447,2147,2024-08-23,completed,atm
13448,2328,2025-12-24,completed,card
13449,629,2025-01-23,completed,card
13450,1201,2024-03-30,completed,atm
13451,2289,2024-08-15,completed,card
13452,1191,2024-11-27,completed,card
13453,1714,2024-09-28,completed,card
13454,1907,2025-02-24,completed,card
13455,2391,2024-03-10,completed,card
13456,1403,2025-03-24,completed,card
13457,659,2024-05-30,completed,card
13458,1418,2025-01-19,completed,wallet
13459,1767,2025-12-20,completed,card
13460,581,2024-05-28,completed,atm
13461,127,2024-12-02,completed,cod
13462,130,2025-12-19,completed,card
13463,1859,2025-05-20,completed,card
13464,734,2025-10-15,completed,card
13465,340,2024-09-04,completed,card
13466,749,2024-03-09,refunded,card
13467,2305,2025-09-25,completed,cod
13468,532,2025-08-02,completed,atm
13469,1073,2024-08-11,cancelled,cod
13470,2007,2025-02-08,completed,atm
13471,2146,2025-12-30,completed,card
13472,2346,2025-08-13,completed,atm
13473,183,2024-02-03,completed,card
13474,586,2025-03-10,completed,atm
13475,933,2024-06-30,completed,card
13476,1945,2025-05-03,completed,card
13477,736,2024-06-15,completed,wallet
13478,289,2025-09-02,completed,cod
13479,447,2024-05-31,refunded,atm
13480,1140,2024-06-29,completed,atm
13481,1348,2025-11-23,completed,atm
13482,895,2024-02-27,completed,card
13483,2267,2025-11-03,completed,card
13484,68,2024-04-22,completed,atm
13485,1661,2024-12-29,completed,atm
13486,1045,2025-08-24,completed,atm
13487,2101,2024-05-11,completed,card
13488,2414,2025-06-02,completed,card
13489,478,2025-04-05,completed,card
13490,1120,2025-12-03,completed,wallet
13491,1692,2024-12-26,completed,wallet
13492,2357,2024-02-07,completed,cod
13493,1401,2025-08-07,completed,cod
13494,6,2024-10-08,completed,card
13495,605,2024-01-20,completed,card
13496,684,2025-11-13,completed,card
13497,473,2024-06-28,completed,card
13498,397,2025-01-16,completed,card
13499,2222,2025-02-10,completed,card
13500,365,2024-02-04,cancelled,atm
13501,269,2025-07-20,completed,atm
13502,1408,2024-07-05,completed,card
13503,1545,2024-09-10,completed,card
13504,1926,2025-04-30,completed,atm
13505,1884,2025-01-13,completed,atm
13506,333,2024-03-14,completed,card
13507,2238,2024-12-28,refunded,card
13508,657,2024-12-11,completed,card
13509,2003,2024-11-27,completed,card
13510,1042,2024-03-01,completed,card
13511,141,2024-02-01,completed,atm
13512,2431,2025-08-12,completed,card
13513,445,2024-12-26,completed,card
13514,1793,2024-06-22,completed,card
13515,237,2024-05-24,completed,atm
13516,2316,2024-03-19,completed,card
13517,1636,2025-11-06,completed,card
13518,15,2025-06-08,completed,wallet
13519,700,2024-02-11,completed,card
13520,1316,2024-03-17,completed,atm
13521,840,2024-11-28,completed,atm
13522,2439,2024-10-19,completed,atm
13523,317,2024-10-16,cancelled,card
13524,754,2025-07-14,completed,card
13525,2326,2024-07-25,completed,atm
13526,1321,2025-08-25,completed,wallet
13527,260,2025-04-18,completed,atm
13528,1212,2024-08-27,completed,card
13529,2274,2024-04-25,completed,atm
13530,1339,2024-05-27,completed,card
13531,1670,2025-07-30,completed,card
13532,312,2024-05-30,completed,atm
13533,1310,2024-10-06,cancelled,card
13534,913,2024-09-22,completed,card
13535,1473,2025-01-16,completed,card
13536,1597,2025-07-29,completed,cod
13537,1911,2025-04-16,completed,card
13538,1274,2025-09-26,completed,card
13539,1693,2025-03-15,completed,cod
13540,1620,2025-06-10,completed,wallet
13541,94,2024-11-05,completed,card
13542,2276,2025-01-11,completed,wallet
13543,962,2025-01-15,completed,card
13544,2370,2024-09-10,completed,atm
13545,2438,2024-05-21,completed,atm
13546,910,2025-09-03,completed,card
13547,1804,2024-08-08,completed,card
13548,89,2025-02-10,completed,card
13549,1259,2025-09-29,completed,card
13550,1676,2024-02-18,completed,cod
13551,568,2025-05-30,cancelled,card
13552,286,2025-07-10,completed,wallet
13553,1573,2025-07-30,completed,wallet
13554,2111,2024-05-14,cancelled,card
13555,2041,2025-11-19,completed,card
13556,1380,2024-05-04,completed,card
13557,153,2024-06-16,cancelled,card
13558,1155,2024-04-13,completed,card
13559,2195,2024-02-07,completed,card
13560,1378,2025-06-02,completed,cod
13561,2317,2024-11-01,cancelled,atm
13562,53,2024-08-13,completed,atm
13563,764,2025-05-26,completed,card
13564,624,2025-10-04,completed,card
13565,206,2024-10-14,completed,card
13566,210,2024-03-25,cancelled,card
13567,55,2024-10-08,completed,cod
13568,1136,2024-05-23,completed,card
13569,1950,2025-07-22,completed,card
13570,1817,2024-02-05,completed,wallet
13571,2252,2025-12-28,completed,atm
13572,1995,2025-04-28,completed,atm
13573,1214,2025-01-07,completed,atm
13574,331,2024-04-14,completed,cod
13575,692,2024-04-22,completed,card
13576,1231,2024-05-03,completed,wallet
13577,33,2024-09-07,completed,cod
13578,2365,2025-08-04,completed,card
13579,166,2025-05-26,completed,card
13580,970,2025-08-30,completed,atm
13581,501,2024-11-30,completed,card
13582,281,2024-01-13,completed,atm
13583,255,2025-12-03,completed,atm
13584,1147,2024-11-08,completed,card
13585,600,2025-11-28,completed,atm
13586,1032,2024-07-14,refunded,wallet
13587,1474,2025-01-13,completed,card
13588,600,2025-03-26,completed,card
13589,46,2024-05-16,completed,atm
13590,319,2025-07-20,completed,card
13591,2207,2024-08-05,completed,wallet
13592,2322,2025-05-07,completed,card
13593,1867,2024-04-19,completed,atm
13594,190,2024-04-13,completed,wallet
13595,1686,2025-06-08,completed,card
13596,1986,2025-01-23,completed,cod
13597,1262,2025-12-19,completed,card
13598,807,2025-10-21,completed,atm
13599,924,2024-06-23,completed,card
13600,2495,2024-08-05,cancelled,card
13601,233,2024-12-24,completed,cod
13602,742,2025-03-21,completed,card
13603,592,2024-04-18,completed,atm
13604,1259,2025-03-20,completed,card
13605,271,2025-01-25,completed,card
13606,773,2024-05-04,completed,card
13607,831,2025-07-01,completed,card
13608,1634,2025-03-31,completed,card
13609,2390,2024-02-05,completed,card
13610,49,2024-06-07,completed,cod
13611,1539,2025-04-29,completed,card
13612,1559,2024-11-09,refunded,card
13613,1330,2025-08-10,completed,atm
13614,1704,2024-08-20,completed,card
13615,2347,2025-12-01,completed,card
13616,2004,2025-12-19,completed,atm
13617,1561,2024-09-26,completed,wallet
13618,913,2025-08-18,completed,card
13619,731,2025-05-05,refunded,card
13620,401,2024-02-06,completed,card
13621,1882,2025-07-18,completed,atm
13622,1415,2025-02-08,completed,cod
13623,68,2024-12-25,completed,atm
13624,1579,2024-04-29,completed,atm
13625,1904,2025-12-23,completed,card
13626,2481,2025-07-02,completed,atm
13627,1800,2025-06-06,completed,cod
13628,877,2024-12-28,completed,cod
13629,641,2025-09-21,completed,atm
13630,961,2025-06-24,completed,card
13631,1908,2025-10-17,completed,atm
13632,2392,2024-01-28,completed,card
13633,376,2024-12-05,completed,card
13634,394,2024-05-31,completed,card
13635,1441,2025-11-03,completed,card
13636,2474,2025-03-19,completed,wallet
13637,837,2024-02-12,completed,atm
13638,2440,2024-07-28,completed,card
13639,1694,2024-09-22,completed,card
13640,369,2025-05-16,completed,card
13641,1806,2024-03-11,completed,atm
13642,1946,2024-07-22,completed,atm
13643,2175,2024-06-09,completed,cod
13644,1932,2024-12-16,completed,atm
13645,1650,2025-03-25,completed,card
13646,356,2024-05-01,completed,wallet
13647,1969,2024-04-03,completed,card
13648,1185,2025-04-17,completed,card
13649,1461,2024-07-16,completed,card
13650,540,2024-06-28,completed,cod
13651,1161,2025-04-16,completed,atm
13652,469,2025-01-27,completed,card
13653,1172,2025-05-25,completed,atm
13654,1033,2025-12-29,completed,atm
13655,1211,2024-12-19,completed,wallet
13656,1603,2024-10-28,completed,card
13657,1339,2025-06-30,completed,atm
13658,2166,2024-02-18,completed,atm
13659,756,2024-08-08,completed,atm
13660,1437,2025-08-20,completed,card
13661,2199,2024-10-08,completed,card
13662,1908,2025-08-28,completed,card
13663,2077,2025-07-23,completed,card
13664,2205,2025-05-05,completed,atm
13665,1655,2025-02-23,completed,card
13666,197,2024-03-09,completed,atm
13667,1418,2025-03-26,cancelled,card
13668,1647,2025-12-02,completed,cod
13669,2054,2024-07-09,completed,cod
13670,2254,2025-05-02,completed,card
13671,388,2024-05-12,completed,card
13672,2246,2024-05-20,completed,atm
13673,931,2025-04-25,completed,atm
13674,1790,2025-06-10,completed,card
13675,433,2024-06-04,completed,atm
13676,810,2024-12-16,completed,card
13677,1416,2024-11-07,completed,card
13678,1914,2024-03-04,completed,atm
13679,1638,2025-05-10,completed,card
13680,472,2025-04-24,completed,card
13681,1671,2024-12-16,completed,cod
13682,1705,2025-02-20,completed,atm
13683,1389,2025-01-31,completed,card
13684,2475,2024-11-17,completed,cod
13685,829,2024-06-25,completed,cod
13686,684,2025-02-16,completed,atm
13687,461,2024-05-24,completed,card
13688,156,2024-12-17,completed,card
13689,2199,2024-07-21,completed,card
13690,378,2025-02-15,completed,wallet
13691,1750,2024-12-12,completed,wallet
13692,266,2024-09-25,completed,atm
13693,913,2024-07-27,completed,atm
13694,1318,2024-05-18,completed,wallet
13695,815,2025-12-18,completed,wallet
13696,446,2024-06-10,completed,atm
13697,1358,2025-12-29,completed,wallet
13698,266,2025-03-27,refunded,cod
13699,2002,2024-03-25,completed,card
13700,2296,2024-06-23,completed,atm
13701,1855,2025-04-27,completed,card
13702,752,2024-02-02,completed,card
13703,762,2025-09-15,completed,atm
13704,1617,2024-05-25,completed,card
13705,1313,2024-01-25,completed,card
13706,2434,2025-10-03,completed,atm
13707,325,2025-04-14,completed,wallet
13708,112,2025-06-22,refunded,card
13709,502,2024-02-25,completed,card
13710,292,2024-07-07,completed,card
13711,765,2024-10-20,completed,card
13712,1007,2024-07-07,completed,cod
13713,1603,2024-11-20,completed,atm
13714,1663,2024-12-28,cancelled,card
13715,24,2025-05-15,completed,wallet
13716,2186,2024-08-20,completed,atm
13717,631,2025-08-26,completed,atm
13718,214,2024-06-07,completed,wallet
13719,2335,2025-07-12,completed,wallet
13720,2178,2024-11-02,completed,card
13721,308,2025-09-15,completed,wallet
13722,309,2025-08-24,completed,card
13723,2436,2024-12-28,completed,wallet
13724,396,2025-02-08,completed,card
13725,1097,2024-07-25,completed,card
13726,565,2025-07-17,refunded,card
13727,1983,2024-02-11,cancelled,card
13728,1158,2025-07-31,completed,card
13729,926,2024-03-06,completed,card
13730,273,2024-05-01,completed,atm
13731,185,2025-08-29,completed,card
13732,1944,2024-10-22,completed,card
13733,2002,2024-11-08,completed,atm
13734,198,2024-04-28,completed,wallet
13735,1246,2025-06-09,completed,card
13736,831,2025-06-27,refunded,atm
13737,1739,2024-02-17,completed,card
13738,1697,2024-07-23,completed,cod
13739,1306,2025-06-20,completed,card
13740,402,2025-05-31,completed,card
13741,1436,2024-08-20,completed,card
13742,94,2024-04-05,completed,cod
13743,17,2024-07-16,completed,card
13744,423,2024-05-15,completed,card
13745,446,2025-02-27,completed,card
13746,2105,2025-06-16,completed,card
13747,2269,2025-07-10,completed,atm
13748,842,2025-09-12,completed,atm
13749,113,2024-12-27,completed,card
13750,750,2025-12-23,completed,card
13751,2459,2024-04-05,completed,cod
13752,2008,2025-01-13,completed,card
13753,550,2024-11-10,completed,atm
13754,2269,2024-08-20,completed,wallet
13755,579,2024-10-22,completed,card
13756,2356,2024-03-17,completed,card
13757,251,2025-12-14,completed,card
13758,1702,2025-03-10,completed,card
13759,870,2024-07-05,completed,card
13760,946,2024-05-07,completed,card
13761,1787,2024-04-08,cancelled,atm
13762,2155,2024-06-02,completed,card
13763,370,2025-07-16,completed,card
13764,95,2024-06-13,completed,cod
13765,188,2024-11-16,completed,cod
13766,155,2025-12-06,completed,cod
13767,1171,2025-02-07,completed,card
13768,116,2024-11-27,completed,atm
13769,1007,2025-06-01,completed,card
13770,1276,2025-07-30,completed,card
13771,1268,2024-09-02,completed,card
13772,1758,2025-11-01,completed,card
13773,1437,2024-02-24,completed,card
13774,669,2025-10-16,completed,card
13775,1617,2024-07-09,completed,wallet
13776,662,2024-02-24,completed,wallet
13777,1340,2025-07-06,completed,cod
13778,1465,2024-08-13,completed,cod
13779,491,2025-11-14,completed,atm
13780,1614,2024-07-11,completed,card
13781,1167,2024-01-22,completed,wallet
13782,282,2025-07-09,completed,card
13783,2178,2024-07-27,completed,card
13784,1758,2024-02-06,completed,cod
13785,1536,2024-11-04,completed,card
13786,1836,2025-01-20,completed,card
13787,1150,2024-07-19,completed,atm
13788,1857,2024-02-16,completed,atm
13789,2448,2024-08-18,completed,atm
13790,2413,2025-08-23,completed,wallet
13791,1916,2024-01-25,completed,card
13792,1426,2024-05-14,completed,card
13793,20,2024-03-08,completed,wallet
13794,2346,2024-11-01,completed,atm
13795,1214,2025-02-14,completed,card
13796,2326,2025-03-10,completed,card
13797,514,2024-07-27,completed,atm
13798,477,2024-10-03,completed,card
13799,1971,2025-10-13,completed,cod
13800,650,2025-06-28,completed,card
13801,2217,2024-09-11,completed,cod
13802,1108,2025-09-11,completed,card
13803,1073,2024-09-10,completed,card
13804,1505,2024-09-24,completed,card
13805,205,2024-07-09,completed,card
13806,240,2025-05-23,completed,atm
13807,523,2025-07-21,completed,atm
13808,194,2025-08-29,completed,wallet
13809,1483,2024-10-21,completed,card
13810,848,2024-04-23,completed,atm
13811,1149,2024-01-20,cancelled,atm
13812,1879,2025-12-03,completed,card
13813,2210,2024-09-27,completed,wallet
13814,254,2024-06-13,completed,card
13815,1698,2024-05-22,completed,card
13816,1424,2025-11-25,completed,atm
13817,332,2024-09-03,completed,card
13818,207,2024-04-02,completed,wallet
13819,1309,2024-09-18,completed,atm
13820,2212,2024-10-11,completed,card
13821,182,2025-09-16,cancelled,card
13822,2430,2025-02-11,refunded,card
13823,988,2024-07-10,completed,card
13824,2235,2024-12-21,completed,wallet
13825,1602,2024-12-02,cancelled,wallet
13826,118,2025-03-19,completed,atm
13827,239,2025-11-06,completed,card
13828,1515,2024-09-17,completed,atm
13829,1333,2025-11-24,completed,wallet
13830,1821,2024-01-08,completed,card
13831,1415,2025-03-01,completed,atm
13832,1342,2024-04-22,completed,card
13833,1058,2025-10-09,completed,wallet
13834,1273,2024-07-11,completed,atm
13835,1695,2025-01-10,completed,card
13836,793,2025-01-24,completed,card
13837,1710,2025-04-28,completed,card
13838,1520,2025-05-03,completed,wallet
13839,1984,2024-09-06,completed,atm
13840,1649,2024-01-26,completed,card
13841,1095,2025-08-18,completed,cod
13842,36,2025-04-17,completed,atm
13843,1336,2024-07-20,completed,card
13844,1534,2024-01-15,completed,card
13845,1248,2024-10-10,completed,card
13846,109,2024-09-01,completed,atm
13847,1394,2024-09-18,completed,card
13848,723,2025-12-12,completed,card
13849,43,2025-07-12,completed,atm
13850,358,2025-07-09,completed,card
13851,891,2025-12-31,completed,atm
13852,2004,2025-09-13,completed,wallet
13853,2395,2024-02-03,cancelled,card
13854,1855,2025-10-15,completed,wallet
13855,2464,2025-07-01,completed,wallet
13856,1825,2025-11-06,completed,cod
13857,1442,2025-03-03,completed,wallet
13858,1554,2025-05-02,completed,wallet
13859,1922,2024-01-01,completed,atm
13860,1673,2024-01-16,completed,card
13861,801,2024-06-19,completed,card
13862,516,2025-07-04,completed,atm
13863,89,2024-10-17,completed,card
13864,1014,2025-02-03,completed,atm
13865,2064,2024-09-14,completed,atm
13866,537,2024-12-28,completed,card
13867,860,2025-10-24,completed,card
13868,2465,2025-02-19,completed,atm
13869,1795,2025-03-08,completed,card
13870,980,2025-06-06,completed,card
13871,634,2024-07-10,completed,cod
13872,1325,2024-11-01,completed,wallet
13873,1813,2025-05-13,completed,wallet
13874,6,2024-03-12,completed,card
13875,1380,2025-10-08,completed,atm
13876,1256,2025-09-06,completed,card
13877,264,2024-04-14,completed,atm
13878,1015,2025-11-05,cancelled,card
13879,2076,2025-03-29,completed,wallet
13880,535,2025-03-15,completed,card
13881,692,2024-10-03,completed,atm
13882,2106,2024-12-31,completed,card
13883,1242,2025-05-13,completed,cod
13884,958,2025-12-18,cancelled,card
13885,579,2024-10-30,completed,card
13886,2093,2025-09-25,completed,wallet
13887,29,2025-03-28,completed,card
13888,215,2025-01-06,completed,wallet
13889,2493,2024-04-16,completed,atm
13890,1947,2025-07-31,completed,cod
13891,2390,2025-02-24,completed,atm
13892,2098,2024-11-22,completed,card
13893,1691,2024-09-21,completed,atm
13894,1059,2024-12-25,completed,card
13895,1221,2024-01-03,completed,wallet
13896,1338,2025-12-19,cancelled,card
13897,1226,2025-07-23,completed,cod
13898,2014,2025-10-11,completed,card
13899,2175,2024-11-05,completed,card
13900,57,2024-04-12,completed,cod
13901,1963,2025-06-12,completed,wallet
13902,1945,2024-10-14,completed,wallet
13903,114,2024-04-22,completed,wallet
13904,968,2024-12-18,completed,card
13905,2331,2025-07-27,completed,wallet
13906,2229,2025-02-19,completed,wallet
13907,152,2024-02-25,completed,wallet
13908,1490,2024-01-09,completed,card
13909,1506,2024-08-25,completed,cod
13910,481,2024-05-15,completed,card
13911,1434,2025-03-16,completed,card
13912,880,2024-02-08,completed,card
13913,65,2025-02-02,completed,card
13914,639,2024-03-12,completed,wallet
13915,1133,2025-01-28,completed,wallet
13916,2376,2024-07-22,completed,card
13917,607,2024-10-01,completed,card
13918,320,2025-08-18,completed,atm
13919,2007,2024-12-23,cancelled,card
13920,438,2025-08-19,completed,card
13921,456,2025-08-20,completed,card
13922,1379,2024-07-20,completed,card
13923,643,2025-06-12,completed,wallet
13924,2475,2025-09-09,completed,wallet
13925,1993,2024-05-24,completed,card
13926,580,2024-02-10,completed,card
13927,2086,2024-03-28,completed,card
13928,647,2025-02-11,completed,wallet
13929,2150,2024-04-30,completed,card
13930,1148,2024-10-25,completed,card
13931,1727,2025-03-18,completed,card
13932,235,2024-09-24,cancelled,cod
13933,1212,2025-10-24,completed,atm
13934,30,2024-08-26,completed,card
13935,534,2024-08-23,completed,atm
13936,474,2024-01-01,completed,atm
13937,307,2025-07-02,completed,wallet
13938,937,2024-04-07,completed,card
13939,1713,2025-10-03,completed,cod
13940,1217,2024-11-12,completed,card
13941,872,2024-04-21,completed,atm
13942,1923,2024-09-15,completed,atm
13943,1649,2025-10-14,completed,wallet
13944,1403,2024-01-21,completed,card
13945,49,2025-09-22,completed,wallet
13946,362,2024-04-06,completed,cod
13947,2285,2025-01-15,completed,card
13948,2187,2024-12-25,completed,card
13949,266,2024-05-16,completed,card
13950,910,2025-10-03,completed,card
13951,349,2024-02-07,completed,card
13952,65,2025-12-10,completed,card
13953,2240,2025-07-23,completed,atm
13954,1011,2024-05-03,completed,cod
13955,254,2024-11-14,completed,card
13956,2036,2024-03-20,completed,card
13957,99,2024-12-31,completed,card
13958,537,2025-05-15,completed,atm
13959,2007,2024-10-06,completed,card
13960,477,2024-07-31,completed,atm
13961,733,2025-11-16,completed,card
13962,644,2025-12-27,completed,cod
13963,2107,2025-05-21,completed,card
13964,2462,2024-07-08,completed,wallet
13965,2241,2024-11-24,completed,cod
13966,683,2025-03-03,completed,card
13967,2275,2025-03-17,completed,wallet
13968,1484,2024-12-11,completed,card
13969,1220,2024-02-10,completed,card
13970,114,2024-09-10,completed,atm
13971,713,2025-06-28,completed,cod
13972,21,2025-12-30,completed,card
13973,935,2025-03-14,completed,card
13974,1553,2024-03-28,completed,atm
13975,1265,2025-05-26,completed,card
13976,1839,2024-01-15,completed,card
13977,140,2024-10-31,completed,card
13978,849,2024-11-21,completed,atm
13979,1121,2025-02-26,completed,card
13980,555,2025-10-30,completed,card
13981,1343,2024-11-14,completed,atm
13982,99,2024-02-02,completed,atm
13983,373,2025-10-14,completed,wallet
13984,1520,2024-08-06,completed,wallet
13985,950,2024-11-19,completed,card
13986,2073,2024-10-22,completed,atm
13987,1749,2024-05-30,completed,cod
13988,443,2024-12-20,completed,wallet
13989,2406,2025-11-24,completed,atm
13990,1875,2024-12-27,completed,atm
13991,446,2025-01-06,completed,card
13992,2220,2025-01-08,completed,card
13993,328,2024-05-22,completed,card
13994,1834,2025-08-22,completed,card
13995,486,2025-10-20,completed,card
13996,903,2024-06-28,completed,wallet
13997,1622,2024-04-11,completed,card
13998,2133,2025-01-24,completed,card
13999,2381,2025-12-08,completed,wallet
14000,119,2025-03-24,completed,card
14001,479,2025-09-03,completed,wallet
14002,536,2024-03-03,completed,card
14003,1245,2024-01-14,completed,card
14004,659,2025-05-25,completed,card
14005,382,2024-12-26,completed,atm
14006,522,2025-01-16,completed,atm
14007,251,2024-03-08,completed,card
14008,2263,2025-03-17,completed,card
14009,268,2025-08-14,completed,atm
14010,2088,2024-12-22,completed,card
14011,1591,2025-03-04,completed,card
14012,438,2024-12-17,completed,cod
14013,407,2025-05-29,completed,card
14014,2120,2025-05-01,completed,card
14015,1672,2024-03-18,completed,card
14016,188,2024-10-13,completed,card
14017,858,2024-06-26,completed,card
14018,1980,2025-04-05,completed,wallet
14019,1066,2024-12-24,completed,cod
14020,750,2025-09-24,completed,card
14021,28,2025-08-20,completed,card
14022,2108,2024-02-17,completed,cod
14023,1139,2025-01-31,completed,card
14024,1230,2025-05-20,completed,card
14025,382,2025-08-14,completed,card
14026,2226,2025-05-14,completed,atm
14027,205,2024-09-28,completed,wallet
14028,1941,2024-08-28,completed,card
14029,939,2025-10-03,completed,card
14030,1929,2025-01-31,completed,wallet
14031,423,2024-07-28,completed,atm
14032,1451,2024-08-26,completed,card
14033,150,2024-04-22,completed,atm
14034,1458,2025-10-29,completed,atm
14035,1259,2024-05-17,completed,card
14036,2242,2025-10-03,completed,cod
14037,1597,2025-04-03,completed,atm
14038,1542,2024-08-20,completed,atm
14039,428,2025-01-17,completed,wallet
14040,571,2024-08-10,cancelled,card
14041,444,2025-06-22,completed,card
14042,1844,2025-02-21,completed,wallet
14043,991,2025-03-07,completed,card
14044,173,2024-01-30,completed,card
14045,1091,2025-07-11,completed,card
14046,2014,2025-07-15,completed,card
14047,452,2024-06-15,cancelled,card
14048,348,2025-10-26,completed,cod
14049,1839,2025-07-15,completed,atm
14050,511,2024-01-07,completed,card
14051,1695,2024-12-27,completed,card
14052,545,2024-02-05,completed,card
14053,1290,2024-01-28,completed,card
14054,2428,2025-09-09,completed,card
14055,2378,2024-06-10,completed,card
14056,18,2025-01-27,completed,card
14057,2238,2025-07-28,completed,atm
14058,2331,2024-08-20,completed,card
14059,1387,2024-09-29,completed,wallet
14060,2011,2024-12-02,cancelled,cod
14061,1216,2025-05-19,completed,atm
14062,94,2025-11-14,completed,atm
14063,778,2025-11-16,refunded,card
14064,1601,2024-01-13,completed,atm
14065,489,2025-09-27,completed,wallet
14066,2067,2024-10-12,completed,atm
14067,520,2025-04-09,completed,card
14068,92,2025-12-05,completed,atm
14069,325,2024-06-12,completed,atm
14070,695,2024-12-23,completed,atm
14071,2012,2025-09-03,completed,card
14072,1128,2025-04-14,completed,card
14073,2493,2024-02-24,cancelled,atm
14074,1551,2024-11-24,completed,atm
14075,339,2024-12-29,completed,atm
14076,1433,2024-09-08,refunded,cod
14077,2265,2025-01-07,completed,card
14078,1298,2025-08-19,completed,card
14079,574,2025-11-27,completed,card
14080,837,2024-11-24,completed,card
14081,415,2024-10-24,completed,card
14082,1305,2025-03-15,cancelled,card
14083,38,2025-08-16,completed,card
14084,1813,2024-06-08,refunded,card
14085,866,2025-10-20,completed,card
14086,1818,2025-11-11,completed,card
14087,1120,2025-04-12,completed,card
14088,63,2025-08-11,completed,card
14089,2299,2025-03-10,completed,atm
14090,683,2024-06-21,completed,atm
14091,333,2024-11-11,completed,cod
14092,406,2024-04-18,completed,atm
14093,898,2025-06-07,completed,card
14094,1311,2025-11-27,completed,wallet
14095,1599,2024-06-10,completed,card
14096,1073,2025-12-26,completed,card
14097,1045,2025-12-29,completed,card
14098,726,2025-09-20,completed,card
14099,1584,2025-09-05,completed,card
14100,1872,2024-11-03,completed,card
14101,1768,2024-12-25,completed,card
14102,546,2024-01-09,completed,card
14103,1435,2024-03-16,completed,atm
14104,590,2025-02-28,completed,atm
14105,1295,2025-04-19,cancelled,atm
14106,675,2024-10-25,completed,wallet
14107,1879,2024-12-17,cancelled,card
14108,1395,2024-11-28,completed,wallet
14109,2006,2024-11-27,completed,card
14110,714,2025-09-09,completed,card
14111,1921,2025-03-16,completed,card
14112,193,2025-05-06,completed,card
14113,975,2024-03-18,completed,card
14114,702,2024-09-24,completed,card
14115,2375,2024-12-10,completed,atm
14116,2489,2025-03-21,completed,atm
14117,22,2025-08-29,completed,card
14118,1517,2025-07-12,completed,card
14119,1448,2024-01-19,completed,atm
14120,139,2025-07-28,completed,card
14121,598,2025-04-06,completed,atm
14122,1851,2024-09-04,completed,wallet
14123,167,2024-07-28,completed,card
14124,843,2024-09-28,completed,card
14125,1241,2025-03-10,completed,card
14126,1128,2024-06-21,completed,atm
14127,1468,2025-07-16,completed,cod
14128,1566,2025-01-30,completed,card
14129,921,2025-01-25,completed,card
14130,648,2025-08-14,completed,atm
14131,1512,2025-08-23,completed,atm
14132,2435,2025-01-27,completed,card
14133,2482,2025-11-05,completed,card
14134,723,2025-08-17,completed,card
14135,1881,2024-04-29,completed,atm
14136,831,2025-06-27,completed,wallet
14137,142,2024-10-14,completed,atm
14138,1951,2025-04-29,cancelled,wallet
14139,1872,2024-08-09,completed,card
14140,950,2024-09-10,completed,card
14141,1641,2024-07-11,completed,atm
14142,2116,2024-04-24,completed,card
14143,300,2025-12-17,completed,atm
14144,835,2025-12-31,completed,wallet
14145,1813,2024-03-09,completed,atm
14146,1396,2024-08-09,completed,cod
14147,1655,2024-06-16,completed,card
14148,491,2025-09-18,completed,wallet
14149,1955,2025-05-24,completed,atm
14150,1999,2024-12-31,completed,card
14151,303,2025-05-09,completed,wallet
14152,1993,2024-12-02,completed,card
14153,1176,2025-09-25,completed,wallet
14154,148,2025-10-24,completed,card
14155,1237,2025-08-17,completed,atm
14156,1234,2024-02-28,completed,card
14157,1137,2024-08-31,completed,card
14158,2149,2025-09-22,completed,cod
14159,641,2024-10-13,completed,cod
14160,1893,2024-03-17,completed,atm
14161,125,2024-10-25,completed,cod
14162,1619,2025-10-29,completed,card
14163,1430,2024-02-16,completed,card
14164,1949,2025-12-29,completed,card
14165,1175,2025-10-30,completed,card
14166,2047,2025-03-21,completed,atm
14167,2101,2025-05-19,completed,wallet
14168,1390,2025-01-06,completed,atm
14169,2318,2025-08-18,completed,card
14170,2002,2025-06-08,completed,atm
14171,1358,2024-07-06,completed,card
14172,553,2024-12-02,refunded,wallet
14173,782,2024-12-24,completed,card
14174,1745,2024-10-10,completed,atm
14175,599,2024-07-31,completed,card
14176,1379,2024-04-23,refunded,atm
14177,726,2025-09-21,completed,card
14178,1057,2024-04-17,completed,wallet
14179,1531,2025-04-06,completed,card
14180,1279,2025-07-30,completed,card
14181,588,2024-12-18,completed,cod
14182,410,2024-12-14,completed,card
14183,1075,2025-11-25,completed,card
14184,1606,2024-01-20,completed,atm
14185,530,2025-07-13,completed,atm
14186,1633,2024-09-26,completed,cod
14187,2427,2024-03-04,completed,card
14188,213,2025-01-24,completed,card
14189,1477,2025-09-06,completed,card
14190,658,2025-08-13,completed,card
14191,321,2024-10-15,completed,wallet
14192,1989,2025-07-14,completed,card
14193,235,2025-11-11,completed,wallet
14194,1200,2024-05-30,completed,card
14195,1250,2025-05-10,completed,cod
14196,271,2025-09-15,completed,card
14197,1682,2024-09-21,cancelled,wallet
14198,2369,2025-11-22,completed,card
14199,1681,2025-01-25,completed,atm
14200,586,2025-09-16,completed,card
14201,1638,2024-11-19,completed,card
14202,1740,2025-11-02,completed,card
14203,2120,2025-08-06,completed,card
14204,825,2024-01-10,completed,wallet
14205,1642,2025-11-09,completed,card
14206,1039,2024-06-19,completed,card
14207,7,2024-09-05,completed,atm
14208,761,2024-05-02,completed,card
14209,2079,2025-06-13,completed,card
14210,2132,2025-11-11,completed,card
14211,1627,2025-11-09,completed,card
14212,376,2024-04-29,completed,card
14213,535,2024-12-23,completed,card
14214,2440,2024-07-29,completed,card
14215,1253,2024-09-01,completed,atm
14216,926,2025-04-13,cancelled,atm
14217,1215,2025-12-29,completed,card
14218,1135,2024-02-14,completed,atm
14219,1308,2025-12-06,completed,card
14220,1840,2024-05-15,refunded,card
14221,1205,2025-04-26,completed,wallet
14222,579,2024-03-03,completed,card
14223,1291,2024-02-03,completed,card
14224,751,2025-05-09,completed,wallet
14225,1440,2024-08-22,completed,card
14226,1773,2024-08-05,completed,atm
14227,484,2025-02-14,completed,card
14228,249,2025-06-15,completed,card
14229,306,2025-03-31,completed,atm
14230,1400,2025-08-11,completed,card
14231,1732,2024-07-23,completed,wallet
14232,733,2025-02-10,completed,card
14233,1291,2024-02-22,completed,card
14234,1023,2025-09-19,completed,card
14235,1329,2024-12-17,completed,card
14236,267,2024-05-15,completed,atm
14237,788,2024-07-02,completed,atm
14238,2172,2024-06-25,completed,card
14239,1642,2024-06-17,completed,card
14240,949,2024-04-05,completed,wallet
14241,1468,2024-02-11,completed,card
14242,998,2024-11-11,completed,card
14243,2014,2025-06-29,completed,card
14244,734,2025-09-05,completed,card
14245,2443,2025-09-01,cancelled,wallet
14246,664,2025-12-05,completed,card
14247,617,2024-01-28,completed,card
14248,1311,2025-03-22,completed,cod
14249,415,2024-10-11,completed,card
14250,573,2024-04-03,completed,atm
14251,2239,2025-03-06,completed,card
14252,1076,2024-11-30,completed,card
14253,1127,2025-03-25,refunded,wallet
14254,1816,2025-08-05,completed,card
14255,1385,2024-05-25,completed,card
14256,2238,2024-07-29,refunded,wallet
14257,917,2025-08-03,completed,card
14258,57,2024-06-02,completed,atm
14259,1920,2025-08-08,completed,wallet
14260,33,2025-01-27,completed,wallet
14261,586,2024-12-18,completed,atm
14262,2273,2024-03-02,completed,wallet
14263,2183,2024-03-19,completed,atm
14264,622,2024-05-04,completed,card
14265,643,2024-09-05,completed,wallet
14266,592,2025-04-16,completed,card
14267,1585,2025-10-03,completed,card
14268,2239,2025-04-15,completed,card
14269,944,2025-05-05,completed,cod
14270,379,2025-02-16,completed,atm
14271,1796,2025-03-21,completed,card
14272,2272,2024-05-15,completed,cod
14273,182,2024-08-18,completed,card
14274,1403,2024-05-23,cancelled,atm
14275,864,2024-09-28,completed,card
14276,1931,2024-12-21,completed,card
14277,1239,2025-08-26,completed,card
14278,1101,2025-02-04,completed,cod
14279,1304,2024-09-23,completed,atm
14280,1059,2024-11-29,completed,card
14281,857,2025-07-13,completed,atm
14282,467,2024-07-02,completed,cod
14283,370,2025-08-06,completed,atm
14284,1904,2024-01-08,completed,card
14285,1865,2025-12-31,completed,cod
14286,2157,2025-10-28,completed,card
14287,194,2025-01-02,completed,wallet
14288,1742,2024-07-05,completed,card
14289,1034,2024-10-26,completed,card
14290,2205,2024-12-23,completed,cod
14291,1726,2025-09-22,completed,atm
14292,1573,2024-07-03,completed,card
14293,603,2025-09-05,completed,atm
14294,270,2024-03-25,completed,atm
14295,1324,2025-01-20,completed,atm
14296,541,2024-12-24,completed,card
14297,2126,2025-02-18,completed,wallet
14298,2214,2024-07-27,completed,atm
14299,1589,2025-07-17,completed,cod
14300,1523,2025-11-05,completed,atm
14301,117,2025-12-08,completed,atm
14302,1697,2024-02-12,completed,card
14303,697,2024-06-15,completed,card
14304,351,2025-06-24,completed,card
14305,2102,2025-12-30,completed,card
14306,2213,2025-09-21,completed,card
14307,1830,2025-11-05,completed,atm
14308,79,2025-05-31,completed,atm
14309,1473,2025-02-26,completed,card
14310,476,2025-04-25,completed,card
14311,339,2025-03-18,completed,atm
14312,1557,2025-05-28,completed,card
14313,497,2024-03-13,completed,cod
14314,841,2024-05-15,completed,card
14315,1351,2025-08-23,completed,wallet
14316,562,2024-09-22,completed,cod
14317,2154,2025-01-30,completed,wallet
14318,991,2025-05-02,completed,card
14319,904,2024-05-06,completed,atm
14320,890,2025-11-22,completed,card
14321,599,2024-09-13,completed,card
14322,1904,2024-02-09,completed,card
14323,1346,2024-05-12,completed,wallet
14324,1806,2025-04-01,refunded,card
14325,2050,2025-01-21,completed,card
14326,2298,2025-10-11,cancelled,card
14327,468,2024-02-17,completed,card
14328,1656,2024-12-05,completed,card
14329,1261,2025-06-10,cancelled,wallet
14330,164,2025-10-30,completed,card
14331,283,2025-08-03,completed,atm
14332,1877,2024-11-13,completed,card
14333,1832,2025-12-20,completed,atm
14334,2039,2025-11-05,completed,card
14335,1120,2024-07-08,completed,card
14336,1165,2025-05-30,completed,atm
14337,473,2025-04-13,completed,cod
14338,703,2025-04-26,completed,card
14339,2344,2025-01-14,completed,cod
14340,1475,2024-05-11,completed,card
14341,2333,2024-04-17,completed,card
14342,328,2024-10-12,completed,cod
14343,1344,2024-01-27,completed,atm
14344,65,2024-07-28,completed,atm
14345,2275,2024-08-06,completed,wallet
14346,793,2024-05-10,completed,atm
14347,1104,2025-05-26,completed,atm
14348,2298,2024-09-07,completed,card
14349,1303,2024-10-09,completed,atm
14350,1985,2024-12-14,completed,card
14351,396,2024-07-30,completed,card
14352,1214,2024-11-21,completed,atm
14353,869,2024-10-21,completed,cod
14354,2224,2025-09-22,completed,cod
14355,1288,2024-10-19,completed,card
14356,550,2024-01-26,completed,card
14357,203,2024-08-12,completed,card
14358,1415,2025-08-19,completed,atm
14359,2147,2024-08-29,completed,wallet
14360,159,2024-04-05,completed,atm
14361,141,2024-02-09,completed,card
14362,1556,2025-12-27,completed,wallet
14363,1134,2024-06-11,completed,card
14364,1059,2025-05-15,completed,wallet
14365,1947,2024-12-05,completed,wallet
14366,1783,2025-09-21,completed,card
14367,163,2024-01-22,completed,card
14368,1385,2025-01-16,completed,cod
14369,2229,2025-05-07,completed,card
14370,701,2025-10-24,completed,atm
14371,489,2024-05-07,completed,card
14372,2421,2025-12-03,completed,atm
14373,1554,2024-06-09,completed,card
14374,2448,2025-08-30,completed,card
14375,1063,2025-12-16,completed,wallet
14376,1535,2024-09-09,completed,card
14377,1968,2025-05-04,completed,card
14378,720,2024-01-10,completed,atm
14379,1273,2025-01-08,completed,card
14380,1428,2025-11-26,completed,card
14381,737,2025-08-30,completed,atm
14382,2369,2024-09-04,completed,card
14383,282,2024-09-15,completed,atm
14384,530,2025-11-11,completed,card
14385,961,2024-11-13,completed,card
14386,1972,2025-04-28,cancelled,wallet
14387,729,2025-11-18,completed,card
14388,2351,2024-12-27,completed,atm
14389,1185,2025-09-18,completed,wallet
14390,876,2025-09-01,completed,card
14391,429,2024-11-19,completed,wallet
14392,584,2025-09-12,refunded,atm
14393,1774,2025-01-30,completed,card
14394,1800,2025-07-30,completed,card
14395,2044,2025-12-11,completed,card
14396,1590,2024-01-09,completed,card
14397,2390,2025-03-15,completed,card
14398,1160,2024-01-05,completed,card
14399,1301,2025-04-21,completed,card
14400,1061,2025-09-29,completed,atm
14401,1142,2024-07-01,completed,card
14402,2089,2025-09-25,completed,wallet
14403,1318,2024-11-08,completed,card
14404,725,2025-10-05,completed,card
14405,990,2025-03-25,completed,card
14406,1466,2024-07-03,completed,card
14407,765,2025-05-16,completed,atm
14408,699,2025-07-27,completed,card
14409,1078,2025-12-22,completed,card
14410,1565,2025-04-15,completed,card
14411,357,2025-01-03,completed,cod
14412,1325,2025-10-11,completed,cod
14413,1422,2025-01-31,completed,atm
14414,950,2025-11-09,completed,card
14415,1254,2024-09-09,completed,cod
14416,474,2025-11-23,completed,wallet
14417,1364,2025-07-08,completed,atm
14418,324,2025-12-20,completed,card
14419,1532,2025-10-06,completed,atm
14420,1654,2024-03-31,completed,card
14421,1381,2025-05-09,completed,wallet
14422,1653,2024-04-21,completed,atm
14423,308,2025-02-23,completed,cod
14424,1478,2025-11-30,completed,card
14425,692,2025-12-20,completed,card
14426,14,2025-04-18,completed,cod
14427,1522,2025-09-30,completed,wallet
14428,2218,2024-05-01,completed,atm
14429,330,2024-02-11,completed,card
14430,2402,2024-11-17,completed,card
14431,2006,2024-12-25,completed,wallet
14432,459,2024-08-20,completed,atm
14433,206,2025-05-03,completed,atm
14434,813,2024-01-30,completed,card
14435,1867,2025-11-15,completed,atm
14436,922,2024-12-08,cancelled,cod
14437,442,2025-02-22,completed,atm
14438,1562,2024-05-22,completed,atm
14439,692,2024-02-06,completed,card
14440,1196,2024-11-01,completed,wallet
14441,1124,2025-05-12,completed,card
14442,2486,2024-01-18,completed,card
14443,1240,2025-02-21,completed,card
14444,2111,2024-02-29,completed,atm
14445,935,2025-01-17,completed,atm
14446,2164,2024-04-14,completed,atm
14447,1588,2024-06-18,refunded,card
14448,255,2025-06-14,completed,card
14449,1171,2024-07-28,completed,wallet
14450,1412,2024-04-05,completed,cod
14451,2173,2025-11-08,completed,card
14452,956,2024-12-12,completed,card
14453,2282,2025-08-28,completed,card
14454,1193,2024-04-30,completed,card
14455,1908,2024-03-25,completed,wallet
14456,1001,2024-04-03,completed,card
14457,744,2025-02-26,completed,wallet
14458,914,2025-03-21,completed,wallet
14459,1940,2024-02-26,completed,card
14460,1301,2025-07-20,completed,atm
14461,1604,2024-11-06,cancelled,wallet
14462,1283,2025-09-14,completed,card
14463,1531,2025-10-25,refunded,card
14464,818,2024-01-05,completed,atm
14465,1775,2025-10-10,completed,card
14466,1720,2025-07-02,completed,card
14467,630,2024-07-29,completed,card
14468,1732,2025-08-13,completed,cod
14469,2029,2024-03-31,completed,atm
14470,117,2024-07-30,completed,atm
14471,649,2025-04-25,completed,card
14472,45,2024-09-25,completed,card
14473,1538,2025-04-07,completed,atm
14474,1755,2025-01-07,completed,wallet
14475,1455,2025-11-16,completed,wallet
14476,2135,2025-02-08,completed,card
14477,1187,2024-03-13,completed,card
14478,286,2025-10-25,refunded,card
14479,279,2025-08-26,completed,atm
14480,1376,2025-12-23,completed,atm
14481,290,2025-08-16,completed,wallet
14482,2357,2025-01-01,completed,card
14483,194,2025-03-09,completed,wallet
14484,959,2024-09-27,completed,cod
14485,723,2025-02-27,completed,cod
14486,2083,2024-01-22,completed,atm
14487,989,2024-08-22,completed,cod
14488,2262,2025-05-29,completed,atm
14489,1359,2025-09-02,completed,card
14490,2197,2025-06-20,completed,wallet
14491,166,2025-11-29,completed,wallet
14492,943,2024-01-10,completed,card
14493,707,2024-12-08,completed,cod
14494,932,2024-02-25,completed,card
14495,2295,2025-06-16,completed,wallet
14496,1031,2025-01-18,completed,wallet
14497,1453,2025-09-27,completed,card
14498,1944,2025-08-02,completed,card
14499,851,2024-12-16,completed,card
14500,1933,2025-09-27,completed,card
14501,971,2024-08-22,completed,atm
14502,3,2024-01-20,completed,cod
14503,626,2024-03-20,completed,card
14504,1180,2025-06-06,completed,card
14505,320,2024-12-31,completed,card
14506,43,2024-10-22,completed,wallet
14507,1711,2025-10-14,completed,atm
14508,88,2024-12-12,completed,card
14509,647,2024-12-17,completed,atm
14510,1148,2024-10-24,completed,wallet
14511,150,2024-03-14,completed,card
14512,657,2024-05-15,completed,wallet
14513,2475,2025-01-08,completed,card
14514,2164,2025-05-28,completed,card
14515,1236,2024-05-18,completed,card
14516,56,2024-02-09,completed,card
14517,1210,2024-04-25,completed,card
14518,331,2025-12-18,completed,card
14519,1919,2024-07-26,completed,card
14520,640,2025-08-15,completed,atm
14521,221,2025-10-05,completed,cod
14522,593,2024-03-05,cancelled,wallet
14523,1949,2024-11-05,completed,card
14524,1307,2025-07-08,completed,card
14525,1355,2024-11-23,completed,wallet
14526,640,2024-10-24,completed,atm
14527,2110,2024-07-01,completed,card
14528,1597,2024-05-21,completed,atm
14529,2221,2025-10-17,completed,atm
14530,1877,2024-01-02,cancelled,atm
14531,1318,2024-07-25,completed,atm
14532,1439,2024-08-05,completed,card
14533,1210,2025-01-01,completed,atm
14534,1282,2024-02-05,completed,cod
14535,1787,2025-06-29,refunded,cod
14536,2358,2024-09-27,completed,atm
14537,1933,2025-01-29,completed,atm
14538,1694,2025-10-20,completed,atm
14539,2025,2025-05-15,completed,card
14540,1591,2024-04-26,completed,atm
14541,1768,2024-01-26,completed,card
14542,775,2025-07-23,completed,cod
14543,987,2025-04-25,completed,card
14544,1563,2025-03-19,completed,atm
14545,1393,2025-10-16,completed,wallet
14546,1904,2024-11-02,completed,atm
14547,1046,2024-10-24,completed,card
14548,1907,2024-12-07,completed,card
14549,1815,2024-12-08,completed,card
14550,94,2025-10-27,completed,card
14551,187,2025-06-10,completed,atm
14552,2238,2025-05-27,completed,card
14553,1038,2024-07-26,cancelled,card
14554,1447,2024-10-08,completed,card
14555,2444,2024-04-03,cancelled,atm
14556,430,2024-11-01,completed,wallet
14557,1438,2024-11-27,completed,card
14558,1716,2024-06-22,completed,card
14559,1826,2025-06-23,completed,cod
14560,541,2024-10-14,completed,atm
14561,2437,2024-01-03,completed,wallet
14562,1200,2025-02-05,completed,card
14563,406,2024-08-12,completed,card
14564,2191,2024-02-02,completed,card
14565,2466,2024-08-05,completed,card
14566,236,2024-04-27,completed,card
14567,2171,2025-04-29,completed,card
14568,899,2025-10-12,completed,atm
14569,1690,2024-07-20,completed,card
14570,1983,2025-08-26,completed,card
14571,470,2025-03-24,completed,atm
14572,760,2025-04-23,completed,atm
14573,1778,2024-04-16,completed,wallet
14574,419,2024-05-15,completed,card
14575,1326,2025-08-21,completed,atm
14576,1315,2024-11-30,completed,atm
14577,99,2025-09-11,completed,atm
14578,1775,2025-12-08,completed,atm
14579,1057,2024-05-14,completed,atm
14580,2395,2024-07-12,completed,wallet
14581,24,2025-05-27,completed,card
14582,886,2025-07-08,completed,wallet
14583,288,2024-09-08,completed,card
14584,1484,2025-08-18,completed,wallet
14585,828,2025-02-03,completed,card
14586,620,2025-06-27,completed,card
14587,639,2024-11-27,completed,wallet
14588,110,2025-10-31,completed,card
14589,700,2024-06-15,completed,wallet
14590,516,2024-02-05,completed,card
14591,1090,2025-05-23,completed,atm
14592,342,2025-07-01,completed,cod
14593,1624,2025-12-19,completed,card
14594,1831,2024-03-12,completed,wallet
14595,1758,2024-05-31,completed,atm
14596,444,2025-07-11,completed,card
14597,1151,2024-05-26,completed,card
14598,1051,2025-11-12,completed,atm
14599,1285,2025-06-25,completed,atm
14600,1874,2025-04-26,cancelled,atm
14601,2384,2025-11-04,completed,cod
14602,985,2025-12-17,refunded,cod
14603,1561,2024-06-25,completed,atm
14604,215,2025-04-11,completed,cod
14605,1082,2024-06-02,completed,card
14606,1196,2024-01-29,completed,atm
14607,1088,2024-03-25,completed,atm
14608,1754,2024-10-19,completed,wallet
14609,655,2025-08-24,completed,wallet
14610,2214,2025-11-27,completed,atm
14611,51,2025-03-07,completed,wallet
14612,957,2024-03-02,completed,atm
14613,1880,2025-02-20,completed,card
14614,1233,2025-08-07,completed,card
14615,671,2025-01-14,completed,card
14616,2117,2024-12-24,completed,wallet
14617,683,2025-09-21,completed,card
14618,1677,2024-10-14,completed,atm
14619,1978,2024-10-01,completed,card
14620,163,2024-04-27,completed,atm
14621,2257,2024-04-05,completed,card
14622,760,2025-12-16,completed,wallet
14623,1389,2025-01-20,completed,card
14624,430,2025-03-07,refunded,wallet
14625,681,2025-09-02,completed,atm
14626,1751,2025-09-05,completed,atm
14627,1441,2025-02-28,completed,wallet
14628,186,2025-03-03,completed,card
14629,345,2024-08-05,completed,atm
14630,863,2025-01-31,refunded,card
14631,2171,2025-07-04,completed,card
14632,431,2025-09-14,completed,card
14633,764,2025-11-26,completed,card
14634,291,2024-01-26,completed,card
14635,194,2025-04-02,completed,wallet
14636,1256,2024-01-31,completed,atm
14637,1969,2025-04-20,completed,card
14638,171,2025-10-25,refunded,card
14639,235,2024-06-26,completed,card
14640,2066,2025-03-22,completed,card
14641,1745,2024-07-14,completed,card
14642,110,2025-02-03,completed,card
14643,2355,2024-07-30,completed,atm
14644,1109,2024-06-02,completed,card
14645,297,2024-05-12,completed,atm
14646,1533,2024-01-14,completed,card
14647,867,2025-10-18,refunded,card
14648,1816,2024-12-02,completed,card
14649,1608,2024-12-25,completed,card
14650,930,2025-04-14,completed,wallet
14651,1118,2025-01-08,completed,cod
14652,575,2025-06-02,completed,card
14653,1197,2024-06-08,completed,atm
14654,2211,2025-12-22,completed,wallet
14655,177,2025-01-11,completed,atm
14656,1923,2025-10-28,completed,card
14657,174,2024-04-17,completed,card
14658,2489,2024-11-15,refunded,card
14659,2383,2024-11-14,completed,wallet
14660,1939,2025-09-15,completed,cod
14661,1597,2024-03-09,completed,card
14662,1316,2024-10-27,completed,wallet
14663,635,2025-12-22,completed,cod
14664,2105,2024-11-04,completed,card
14665,2160,2024-01-15,completed,card
14666,73,2025-09-22,completed,cod
14667,82,2025-04-21,completed,cod
14668,1559,2025-10-22,completed,card
14669,2264,2024-10-23,completed,card
14670,634,2024-02-07,completed,atm
14671,1311,2024-11-29,completed,wallet
14672,1832,2024-07-23,completed,cod
14673,468,2024-07-09,completed,wallet
14674,1921,2024-10-12,completed,card
14675,1448,2025-01-01,completed,card
14676,1551,2025-10-01,completed,card
14677,2443,2024-07-16,cancelled,card
14678,340,2024-09-22,completed,card
14679,846,2025-01-04,completed,atm
14680,161,2025-10-22,completed,cod
14681,1445,2025-07-09,completed,card
14682,107,2024-08-02,completed,card
14683,2078,2024-11-09,completed,atm
14684,1039,2024-08-18,completed,card
14685,345,2024-11-17,completed,card
14686,834,2024-11-03,completed,card
14687,879,2025-02-03,completed,atm
14688,2107,2025-08-31,completed,cod
14689,564,2024-04-18,completed,cod
14690,378,2024-03-17,completed,card
14691,1964,2025-04-02,completed,atm
14692,1744,2024-06-18,completed,card
14693,959,2024-11-20,refunded,atm
14694,933,2024-10-31,completed,card
14695,2101,2024-10-04,completed,atm
14696,54,2024-02-09,completed,card
14697,1846,2025-09-18,completed,atm
14698,248,2024-09-24,completed,card
14699,1008,2024-10-10,completed,cod
14700,478,2024-10-30,completed,atm
14701,1068,2025-03-27,completed,atm
14702,621,2024-11-06,completed,card
14703,2490,2025-10-12,completed,atm
14704,210,2025-12-24,completed,wallet
14705,1642,2025-02-04,completed,card
14706,1393,2025-04-24,completed,wallet
14707,1944,2024-03-20,completed,card
14708,1706,2024-09-07,completed,wallet
14709,992,2025-05-05,completed,wallet
14710,773,2025-03-24,completed,card
14711,1717,2024-02-07,completed,atm
14712,713,2024-10-23,completed,atm
14713,1435,2024-10-22,completed,wallet
14714,2438,2024-10-22,completed,atm
14715,1841,2024-07-14,completed,card
14716,180,2025-05-21,completed,card
14717,235,2024-02-17,completed,atm
14718,1984,2024-07-17,completed,wallet
14719,1879,2025-06-25,completed,card
14720,926,2025-06-10,completed,wallet
14721,2088,2025-05-24,completed,card
14722,1381,2024-09-01,completed,card
14723,2162,2025-11-26,completed,card
14724,1530,2024-12-16,completed,atm
14725,904,2024-02-07,completed,cod
14726,875,2024-01-16,completed,card
14727,1237,2025-09-24,completed,card
14728,2012,2024-09-27,completed,card
14729,138,2025-01-28,completed,card
14730,1051,2024-07-11,completed,atm
14731,518,2025-08-19,completed,card
14732,138,2025-05-19,completed,card
14733,563,2024-02-26,completed,atm
14734,2079,2024-06-09,completed,atm
14735,1399,2024-04-19,completed,card
14736,2347,2025-10-03,completed,card
14737,219,2025-02-01,completed,atm
14738,419,2025-06-20,completed,card
14739,1514,2025-05-11,completed,wallet
14740,1190,2024-11-15,completed,card
14741,1339,2025-07-23,completed,card
14742,1344,2025-05-07,completed,atm
14743,2433,2025-05-26,completed,wallet
14744,2371,2024-03-01,completed,card
14745,888,2024-09-08,completed,card
14746,2298,2025-06-30,completed,card
14747,1786,2024-12-18,completed,wallet
14748,1765,2024-01-29,completed,card
14749,1094,2024-08-27,completed,wallet
14750,804,2024-07-24,cancelled,atm
14751,1800,2025-05-22,completed,atm
14752,1340,2025-06-11,completed,atm
14753,349,2025-05-27,completed,card
14754,1313,2024-04-17,completed,card
14755,1368,2025-08-31,completed,wallet
14756,1567,2024-03-29,completed,wallet
14757,1185,2024-08-24,completed,card
14758,2076,2024-11-18,completed,cod
14759,1395,2025-02-14,completed,cod
14760,2139,2025-12-14,completed,card
14761,1717,2025-11-08,refunded,atm
14762,2499,2024-08-22,completed,card
14763,2089,2024-08-19,completed,card
14764,2229,2024-03-24,refunded,wallet
14765,163,2024-07-29,completed,wallet
14766,1537,2025-06-13,completed,card
14767,1485,2025-05-21,completed,atm
14768,1327,2025-12-16,completed,card
14769,217,2025-05-26,completed,atm
14770,1954,2025-10-03,completed,card
14771,2321,2025-01-06,completed,atm
14772,1929,2024-05-12,completed,card
14773,2026,2025-05-10,completed,card
14774,1316,2024-05-17,completed,card
14775,1789,2024-08-03,completed,card
14776,1997,2024-05-04,completed,cod
14777,1580,2024-05-28,completed,atm
14778,2331,2025-05-30,completed,atm
14779,400,2024-12-14,completed,card
14780,1006,2025-09-07,completed,wallet
14781,2141,2025-01-25,completed,cod
14782,971,2024-09-13,cancelled,atm
14783,1187,2024-10-28,completed,card
14784,2299,2024-11-29,completed,card
14785,2492,2025-06-15,completed,card
14786,1107,2025-06-03,completed,wallet
14787,288,2024-09-09,completed,card
14788,541,2024-08-18,completed,card
14789,1167,2024-03-28,completed,wallet
14790,2029,2025-11-12,completed,wallet
14791,664,2025-09-20,completed,atm
14792,445,2025-11-04,completed,card
14793,361,2025-12-31,completed,cod
14794,1178,2024-05-16,cancelled,card
14795,1582,2024-12-15,completed,card
14796,198,2024-11-08,refunded,cod
14797,1676,2024-02-14,completed,atm
14798,1254,2025-11-25,completed,atm
14799,1832,2025-07-08,completed,atm
14800,108,2024-03-05,completed,atm
14801,419,2025-09-08,cancelled,card
14802,2211,2024-04-10,completed,atm
14803,2458,2025-07-14,completed,card
14804,1937,2025-11-10,completed,wallet
14805,1443,2025-10-06,completed,card
14806,1913,2024-06-12,completed,card
14807,1954,2025-05-02,completed,atm
14808,1146,2024-11-23,completed,card
14809,1028,2024-08-27,completed,card
14810,257,2025-09-11,completed,card
14811,274,2025-03-03,completed,wallet
14812,1774,2025-02-10,completed,card
14813,1568,2025-12-07,completed,atm
14814,1471,2024-01-01,completed,card
14815,729,2024-06-21,completed,wallet
14816,863,2024-11-28,completed,card
14817,369,2024-03-09,completed,card
14818,871,2024-08-17,completed,wallet
14819,1452,2024-06-08,completed,card
14820,1187,2024-08-03,completed,card
14821,1320,2025-07-17,completed,card
14822,1671,2024-12-02,completed,wallet
14823,2066,2024-11-30,completed,atm
14824,572,2025-09-22,completed,cod
14825,1154,2025-12-28,completed,atm
14826,1837,2024-05-16,completed,cod
14827,819,2024-06-07,completed,atm
14828,614,2024-10-30,completed,cod
14829,639,2024-05-26,completed,cod
14830,1534,2024-12-06,completed,card
14831,1425,2025-05-12,completed,card
14832,1298,2024-10-05,completed,card
14833,2369,2025-09-22,completed,cod
14834,946,2025-05-10,completed,atm
14835,2490,2025-07-10,completed,card
14836,276,2024-05-16,completed,card
14837,724,2024-04-29,completed,atm
14838,169,2025-06-05,completed,wallet
14839,432,2025-12-03,completed,cod
14840,558,2024-05-22,completed,card
14841,1183,2024-06-23,completed,atm
14842,92,2024-10-14,refunded,wallet
14843,1005,2025-09-16,completed,atm
14844,424,2025-07-22,completed,card
14845,2255,2024-04-29,completed,card
14846,555,2024-06-29,completed,atm
14847,1806,2024-06-09,completed,wallet
14848,1360,2024-09-29,completed,cod
14849,1454,2024-11-02,completed,card
14850,2187,2025-03-20,completed,card
14851,621,2025-12-18,completed,cod
14852,2230,2025-09-30,completed,atm
14853,1684,2025-08-31,completed,card
14854,1724,2024-05-17,completed,card
14855,1852,2024-10-15,completed,atm
14856,1233,2024-09-22,completed,wallet
14857,1523,2024-01-29,completed,atm
14858,105,2024-12-24,completed,card
14859,1409,2025-10-21,completed,atm
14860,1892,2024-04-23,completed,card
14861,868,2025-03-05,completed,wallet
14862,2153,2024-07-25,completed,card
14863,105,2025-09-03,completed,wallet
14864,983,2025-12-03,completed,card
14865,915,2024-06-20,completed,card
14866,1910,2025-10-06,completed,card
14867,63,2024-07-23,completed,card
14868,365,2025-07-16,completed,card
14869,2003,2025-10-13,completed,wallet
14870,1511,2024-07-26,completed,atm
14871,1166,2025-01-05,completed,card
14872,633,2025-01-17,completed,card
14873,158,2024-08-21,completed,wallet
14874,942,2025-11-12,completed,atm
14875,872,2024-01-15,completed,card
14876,2326,2025-04-02,completed,atm
14877,1584,2024-03-27,completed,wallet
14878,1556,2024-02-01,completed,cod
14879,479,2025-01-26,completed,atm
14880,1400,2024-01-01,completed,card
14881,439,2025-07-19,completed,atm
14882,1259,2025-12-22,completed,atm
14883,2143,2024-12-09,completed,atm
14884,2417,2025-07-21,completed,atm
14885,346,2024-08-10,completed,card
14886,237,2024-09-11,completed,atm
14887,2232,2025-04-11,completed,atm
14888,1811,2025-10-02,completed,card
14889,751,2024-03-29,completed,card
14890,2188,2025-09-13,completed,atm
14891,1321,2024-02-28,completed,card
14892,747,2024-03-12,completed,card
14893,1068,2025-06-12,completed,cod
14894,588,2024-01-17,completed,card
14895,955,2025-02-06,completed,card
14896,17,2025-06-02,completed,card
14897,1992,2024-12-06,completed,card
14898,324,2024-05-02,completed,card
14899,1281,2025-12-10,completed,atm
14900,2135,2024-04-23,completed,wallet
14901,1165,2025-01-24,completed,atm
14902,271,2025-01-07,completed,wallet
14903,1543,2025-08-09,completed,wallet
14904,1470,2025-04-19,cancelled,atm
14905,2363,2025-12-28,completed,card
14906,813,2025-11-16,completed,cod
14907,683,2025-08-04,completed,wallet
14908,2238,2024-03-27,completed,atm
14909,1830,2025-06-14,completed,card
14910,1346,2024-08-16,completed,card
14911,245,2024-10-09,completed,cod
14912,134,2024-03-13,completed,cod
14913,1457,2024-12-23,completed,atm
14914,2188,2025-02-17,cancelled,cod
14915,2487,2025-06-16,completed,card
14916,701,2024-11-17,completed,atm
14917,1525,2024-06-06,completed,wallet
14918,1326,2024-06-19,completed,card
14919,60,2025-01-25,completed,cod
14920,194,2025-08-05,completed,cod
14921,2080,2025-02-06,completed,card
14922,2249,2025-08-15,completed,card
14923,1845,2024-04-19,cancelled,card
14924,273,2024-11-24,completed,wallet
14925,1730,2025-03-02,completed,card
14926,1138,2024-11-19,completed,wallet
14927,1149,2025-08-23,completed,cod
14928,894,2024-12-13,completed,atm
14929,363,2025-04-18,completed,atm
14930,1434,2025-01-15,completed,cod
14931,2439,2024-11-12,completed,card
14932,2334,2024-07-04,completed,card
14933,739,2025-02-18,completed,atm
14934,2287,2024-03-23,completed,atm
14935,2327,2025-11-18,completed,card
14936,140,2025-03-12,completed,atm
14937,2383,2025-03-31,completed,card
14938,1205,2024-01-21,completed,wallet
14939,1880,2024-12-01,completed,atm
14940,1440,2025-12-19,completed,atm
14941,280,2024-12-05,completed,atm
14942,1813,2024-05-26,completed,card
14943,657,2024-09-13,cancelled,card
14944,2010,2025-08-06,completed,card
14945,127,2024-12-04,completed,card
14946,1361,2025-02-10,completed,wallet
14947,141,2025-07-20,completed,card
14948,1301,2024-06-15,completed,card
14949,466,2024-09-02,completed,atm
14950,517,2024-08-23,completed,atm
14951,367,2025-12-16,completed,atm
14952,1773,2025-06-19,completed,wallet
14953,241,2025-12-21,refunded,wallet
14954,1203,2025-11-13,completed,card
14955,47,2024-11-16,completed,cod
14956,2054,2024-01-22,completed,atm
14957,1900,2025-06-20,completed,atm
14958,1023,2025-10-18,completed,wallet
14959,469,2025-08-17,completed,card
14960,732,2025-05-15,refunded,atm
14961,1485,2025-08-02,completed,card
14962,2041,2024-12-30,cancelled,cod
14963,1149,2024-09-22,completed,card
14964,770,2024-02-20,completed,card
14965,106,2025-05-13,completed,atm
14966,1735,2025-05-04,completed,card
14967,2319,2024-02-27,completed,atm
14968,2031,2024-05-30,cancelled,card
14969,1807,2024-11-15,completed,atm
14970,2434,2025-08-27,completed,atm
14971,390,2024-11-18,completed,wallet
14972,2398,2024-05-08,completed,atm
14973,1372,2024-09-24,cancelled,atm
14974,888,2024-05-04,completed,card
14975,2286,2025-12-04,cancelled,card
14976,698,2025-05-22,completed,card
14977,1584,2024-03-22,completed,card
14978,1322,2024-06-25,completed,card
14979,2070,2024-01-03,completed,atm
14980,858,2025-10-26,completed,card
14981,1405,2024-01-06,cancelled,card
14982,2039,2024-09-19,completed,card
14983,310,2024-01-03,completed,wallet
14984,308,2025-06-16,completed,card
14985,975,2025-05-04,completed,wallet
14986,184,2024-11-05,completed,atm
14987,1456,2025-05-16,completed,wallet
14988,67,2024-09-22,completed,atm
14989,498,2024-03-15,completed,cod
14990,832,2024-05-10,completed,card
14991,2008,2025-05-12,completed,card
14992,6,2024-05-26,completed,card
14993,2357,2025-06-04,completed,cod
14994,1205,2025-10-20,completed,atm
14995,166,2025-10-11,completed,card
14996,1743,2025-04-01,completed,card
14997,1561,2024-09-22,completed,card
14998,1796,2025-07-04,completed,wallet
14999,1044,2024-02-28,completed,cod
15000,10,2024-06-18,completed,card
15001,887,2024-03-15,completed,wallet
15002,168,2024-08-28,completed,cod
15003,2359,2024-03-03,completed,atm
15004,2074,2024-09-27,completed,card
15005,137,2025-06-21,refunded,card
15006,877,2025-04-18,completed,atm
15007,641,2024-01-10,completed,card
15008,1488,2024-03-21,completed,wallet
15009,178,2025-04-26,completed,card
15010,2197,2025-04-27,completed,card
15011,1966,2024-09-16,completed,atm
15012,1786,2025-07-19,completed,card
15013,1469,2025-09-09,completed,card
15014,1625,2025-04-14,completed,card
15015,639,2024-05-07,completed,atm
15016,1161,2025-05-13,completed,card
15017,56,2025-08-30,completed,card
15018,1584,2024-06-09,completed,card
15019,1246,2025-04-25,completed,card
15020,963,2025-04-24,completed,card
15021,1440,2024-10-21,completed,card
15022,766,2025-03-27,completed,atm
15023,2474,2024-06-05,completed,atm
15024,2319,2024-10-25,completed,cod
15025,2024,2024-11-19,completed,card
15026,463,2024-06-15,completed,card
15027,979,2025-11-06,completed,wallet
15028,1699,2024-05-28,completed,card
15029,2434,2024-07-22,completed,wallet
15030,26,2024-09-04,completed,cod
15031,297,2025-07-23,completed,atm
15032,1487,2025-02-13,cancelled,wallet
15033,1975,2025-11-13,completed,atm
15034,1585,2025-04-02,completed,card
15035,928,2024-06-05,completed,cod
15036,1731,2024-02-26,completed,wallet
15037,736,2025-05-24,completed,card
15038,1716,2024-09-28,completed,wallet
15039,17,2024-06-08,completed,card
15040,298,2025-02-12,completed,atm
15041,264,2025-05-06,completed,atm
15042,1228,2024-06-22,cancelled,wallet
15043,1010,2024-12-18,completed,wallet
15044,2265,2024-09-09,completed,atm
15045,1359,2025-10-07,completed,cod
15046,101,2024-10-28,completed,card
15047,651,2025-07-25,completed,card
15048,1669,2024-11-03,completed,card
15049,1388,2024-08-19,completed,atm
15050,1501,2024-10-21,completed,atm
15051,1833,2025-12-11,completed,cod
15052,2244,2024-08-22,completed,card
15053,596,2024-10-26,cancelled,card
15054,1755,2024-05-12,completed,atm
15055,1067,2024-05-19,completed,atm
15056,1225,2024-11-14,completed,card
15057,447,2025-11-09,completed,card
15058,1645,2024-07-23,completed,card
15059,2033,2025-04-02,completed,card
15060,2293,2025-04-22,refunded,atm
15061,1784,2025-02-18,completed,card
15062,344,2025-09-01,completed,card
15063,429,2024-09-23,completed,card
15064,2205,2025-06-14,completed,card
15065,690,2024-07-03,completed,card
15066,478,2025-02-14,completed,cod
15067,2295,2024-05-01,completed,atm
15068,24,2024-11-18,completed,atm
15069,507,2024-08-12,completed,card
15070,651,2024-11-02,completed,card
15071,1859,2024-09-21,completed,atm
15072,602,2025-03-18,completed,card
15073,1162,2024-04-16,completed,card
15074,798,2024-01-29,completed,atm
15075,200,2024-08-17,refunded,atm
15076,498,2024-01-21,completed,atm
15077,1472,2024-06-21,completed,card
15078,1169,2025-03-20,completed,wallet
15079,2119,2025-10-09,completed,atm
15080,1575,2025-08-31,completed,atm
15081,24,2025-11-29,completed,card
15082,964,2024-04-25,completed,atm
15083,830,2024-08-26,completed,cod
15084,1411,2025-09-28,completed,atm
15085,1064,2024-08-01,completed,cod
15086,2310,2025-12-17,completed,cod
15087,1292,2024-06-23,completed,card
15088,400,2024-01-16,completed,card
15089,41,2024-05-02,completed,card
15090,359,2024-10-10,completed,cod
15091,593,2024-06-23,completed,atm
15092,6,2025-06-28,completed,card
15093,508,2025-06-12,completed,card
15094,2210,2024-01-29,completed,wallet
15095,286,2025-08-10,completed,atm
15096,196,2025-02-20,completed,card
15097,2475,2025-11-09,completed,cod
15098,856,2024-05-05,completed,card
15099,1542,2024-01-30,completed,card
15100,789,2025-11-14,completed,wallet
15101,836,2025-10-20,completed,card
15102,957,2024-01-19,completed,card
15103,2417,2024-09-24,completed,cod
15104,1259,2025-11-22,completed,cod
15105,1274,2025-08-20,completed,card
15106,1595,2025-10-06,completed,card
15107,2246,2025-08-29,completed,atm
15108,2193,2025-10-16,refunded,atm
15109,1854,2024-12-11,completed,card
15110,761,2025-05-02,completed,card
15111,788,2025-09-17,completed,wallet
15112,1419,2024-05-13,completed,atm
15113,1170,2025-08-25,completed,wallet
15114,2010,2024-08-09,completed,card
15115,2111,2024-03-08,completed,card
15116,2421,2024-01-06,completed,card
15117,1595,2025-07-06,cancelled,card
15118,1115,2024-04-04,completed,card
15119,1289,2024-05-28,completed,atm
15120,12,2025-11-26,completed,wallet
15121,476,2025-09-11,completed,card
15122,701,2024-06-24,completed,wallet
15123,2290,2024-05-22,cancelled,card
15124,2315,2024-07-14,completed,atm
15125,1493,2025-08-02,completed,card
15126,566,2025-04-28,completed,atm
15127,1447,2024-04-14,completed,card
15128,1069,2025-12-27,completed,wallet
15129,2491,2025-02-17,completed,card
15130,1618,2024-10-27,completed,card
15131,1805,2025-05-09,completed,atm
15132,960,2025-08-12,completed,card
15133,2119,2025-10-21,completed,atm
15134,1212,2024-07-02,completed,wallet
15135,1069,2024-08-13,completed,card
15136,1943,2025-12-20,completed,card
15137,1577,2024-10-13,completed,cod
15138,911,2025-08-19,completed,atm
15139,2291,2024-11-01,completed,card
15140,2467,2024-03-17,completed,wallet
15141,2194,2025-10-10,completed,card
15142,764,2024-08-31,completed,card
15143,1059,2025-11-15,completed,card
15144,2484,2024-06-08,completed,atm
15145,2157,2024-10-26,completed,wallet
15146,378,2024-10-14,completed,cod
15147,2039,2024-09-11,completed,card
15148,1633,2024-12-22,completed,atm
15149,1878,2025-10-21,refunded,card
15150,813,2024-08-15,completed,cod
15151,310,2024-07-11,completed,card
15152,365,2024-01-25,completed,card
15153,1522,2025-07-26,completed,atm
15154,154,2024-11-07,completed,card
15155,1566,2025-07-19,completed,card
15156,717,2024-08-01,completed,wallet
15157,527,2024-04-24,completed,atm
15158,1540,2025-12-22,refunded,card
15159,463,2024-09-07,completed,cod
15160,484,2024-04-16,completed,atm
15161,592,2025-07-19,completed,cod
15162,1463,2025-10-17,completed,card
15163,448,2025-03-29,cancelled,card
15164,2089,2025-07-27,completed,card
15165,527,2025-03-11,completed,card
15166,768,2024-07-23,completed,cod
15167,495,2025-04-04,cancelled,atm
15168,1870,2024-01-26,completed,wallet
15169,1723,2024-01-04,completed,wallet
15170,1788,2025-04-16,completed,card
15171,2225,2025-08-22,completed,wallet
15172,1805,2025-11-28,completed,atm
15173,914,2025-10-15,completed,atm
15174,275,2024-01-03,completed,cod
15175,2385,2025-07-03,completed,cod
15176,732,2025-08-27,completed,atm
15177,880,2024-06-25,completed,atm
15178,2095,2024-01-16,completed,card
15179,1745,2025-04-17,completed,cod
15180,262,2025-01-04,completed,card
15181,1270,2024-11-10,completed,card
15182,511,2025-07-09,refunded,atm
15183,1868,2024-07-24,completed,wallet
15184,722,2024-07-03,completed,atm
15185,1066,2025-12-02,completed,card
15186,2363,2024-09-11,completed,atm
15187,2194,2025-01-26,completed,cod
15188,138,2025-09-05,completed,card
15189,1961,2024-06-04,completed,wallet
15190,2076,2025-04-06,completed,cod
15191,2320,2024-11-21,completed,card
15192,1201,2025-11-28,completed,wallet
15193,2426,2025-09-16,completed,card
15194,2013,2024-05-23,completed,card
15195,2402,2025-06-04,completed,wallet
15196,1889,2024-03-11,completed,card
15197,1004,2024-02-02,completed,atm
15198,799,2024-06-30,completed,cod
15199,2427,2025-03-06,completed,atm
15200,202,2024-10-29,completed,card
15201,614,2025-02-23,completed,card
15202,1729,2025-01-21,completed,card
15203,1780,2024-08-05,completed,card
15204,4,2025-06-22,completed,card
15205,976,2025-05-24,completed,atm
15206,1016,2024-11-28,completed,card
15207,541,2024-07-04,completed,cod
15208,1170,2025-06-20,cancelled,card
15209,1926,2025-12-23,completed,card
15210,1194,2024-08-22,completed,atm
15211,1233,2024-04-13,completed,card
15212,1675,2025-08-31,cancelled,card
15213,970,2025-01-19,completed,cod
15214,2196,2025-05-08,completed,card
15215,1111,2025-08-30,completed,wallet
15216,1795,2024-01-31,completed,atm
15217,2406,2024-08-29,completed,card
15218,223,2025-02-17,completed,card
15219,1443,2025-07-09,completed,atm
15220,2492,2024-12-24,completed,card
15221,599,2025-03-27,completed,card
15222,933,2024-10-29,completed,card
15223,1443,2025-09-22,cancelled,cod
15224,163,2025-01-30,completed,cod
15225,2307,2024-10-12,cancelled,atm
15226,2113,2024-01-16,completed,card
15227,647,2024-01-07,completed,card
15228,2327,2024-11-22,completed,atm
15229,492,2024-12-19,completed,card
15230,1470,2025-06-15,completed,card
15231,245,2024-09-22,completed,card
15232,580,2025-11-07,completed,atm
15233,602,2024-10-28,completed,card
15234,1777,2025-07-29,completed,card
15235,1323,2024-03-24,completed,card
15236,287,2024-07-08,completed,atm
15237,2042,2025-12-15,completed,atm
15238,690,2025-12-27,completed,card
15239,2476,2025-11-22,completed,card
15240,228,2025-08-09,completed,atm
15241,1996,2024-08-31,completed,card
15242,1984,2025-07-07,completed,cod
15243,688,2024-02-14,completed,card
15244,1267,2025-04-16,completed,cod
15245,2483,2025-05-10,completed,card
15246,2356,2025-07-10,completed,wallet
15247,392,2024-05-05,completed,wallet
15248,55,2025-02-21,completed,wallet
15249,1924,2025-09-21,completed,card
15250,260,2024-01-02,completed,card
15251,637,2025-10-13,completed,atm
15252,1703,2024-02-09,completed,card
15253,1157,2025-06-08,completed,atm
15254,1638,2025-01-31,completed,atm
15255,1840,2025-07-27,completed,card
15256,863,2024-02-11,completed,atm
15257,399,2024-10-13,completed,card
15258,806,2024-04-07,completed,cod
15259,2217,2025-03-14,completed,card
15260,2313,2025-01-11,completed,card
15261,254,2025-09-10,completed,card
15262,1793,2024-09-29,completed,cod
15263,1590,2025-11-29,completed,card
15264,2008,2024-12-02,completed,card
15265,902,2025-12-01,completed,card
15266,1653,2024-06-28,completed,card
15267,1430,2024-11-10,completed,wallet
15268,54,2025-10-01,completed,wallet
15269,2158,2025-12-07,refunded,card
15270,1277,2025-12-26,completed,atm
15271,2160,2024-09-13,completed,card
15272,45,2025-03-26,completed,card
15273,759,2025-07-15,cancelled,card
15274,1113,2025-09-27,completed,cod
15275,2029,2024-05-24,completed,wallet
15276,947,2025-01-29,completed,card
15277,977,2025-05-08,completed,wallet
15278,1675,2025-02-06,completed,wallet
15279,1689,2024-10-20,completed,card
15280,619,2024-12-02,completed,card
15281,236,2025-12-23,completed,atm
15282,95,2024-10-11,completed,card
15283,1509,2025-04-11,completed,card
15284,2464,2025-08-20,completed,wallet
15285,311,2024-04-16,completed,card
15286,1756,2024-05-14,completed,wallet
15287,43,2024-02-13,completed,card
15288,1315,2025-11-07,completed,atm
15289,1036,2024-05-01,completed,card
15290,814,2025-11-27,completed,card
15291,631,2024-03-14,completed,card
15292,232,2024-11-24,completed,atm
15293,626,2025-04-09,completed,card
15294,1219,2024-10-18,completed,card
15295,844,2025-08-22,completed,wallet
15296,2432,2024-06-05,completed,card
15297,2324,2025-03-06,refunded,card
15298,1983,2024-12-15,completed,atm
15299,1003,2024-10-21,completed,card
15300,317,2024-01-10,completed,atm
15301,2259,2025-09-11,completed,card
15302,1926,2025-05-19,completed,atm
15303,2044,2025-02-07,completed,card
15304,1351,2025-02-13,completed,card
15305,2099,2025-08-30,completed,card
15306,343,2024-11-15,completed,card
15307,1529,2024-06-17,completed,atm
15308,1323,2024-02-15,completed,cod
15309,1872,2024-02-15,completed,atm
15310,2385,2025-01-30,completed,cod
15311,930,2025-01-15,completed,atm
15312,2211,2024-05-21,completed,atm
15313,2495,2024-12-01,completed,atm
15314,662,2024-04-08,completed,atm
15315,24,2025-10-27,completed,card
15316,338,2024-02-05,completed,card
15317,744,2025-12-20,completed,wallet
15318,1178,2024-11-16,completed,card
15319,2057,2025-07-04,completed,card
15320,1408,2025-03-05,completed,cod
15321,313,2024-09-28,completed,card
15322,1485,2024-12-01,completed,card
15323,1019,2024-06-15,completed,card
15324,1816,2024-06-22,completed,card
15325,2463,2025-09-09,completed,wallet
15326,2301,2024-04-25,completed,card
15327,1005,2024-01-25,completed,cod
15328,2331,2024-07-04,completed,card
15329,31,2024-05-06,completed,card
15330,1083,2024-06-11,completed,card
15331,760,2024-09-01,cancelled,atm
15332,403,2025-01-19,completed,card
15333,1891,2024-06-09,completed,card
15334,614,2024-10-28,completed,wallet
15335,1145,2025-07-18,completed,atm
15336,1286,2025-01-16,completed,atm
15337,725,2024-12-28,completed,atm
15338,1351,2025-10-16,completed,wallet
15339,954,2024-02-10,completed,atm
15340,661,2024-09-03,completed,card
15341,322,2025-10-05,completed,cod
15342,1874,2024-09-18,completed,card
15343,734,2025-06-13,completed,card
15344,956,2025-01-01,completed,card
15345,1125,2024-10-07,completed,atm
15346,2360,2024-05-04,completed,card
15347,608,2024-02-25,completed,atm
15348,808,2024-02-12,completed,atm
15349,1441,2024-08-01,completed,wallet
15350,1909,2025-12-15,completed,card
15351,948,2025-08-17,completed,card
15352,1313,2025-06-15,completed,wallet
15353,1603,2025-12-08,completed,card
15354,1864,2024-02-12,completed,card
15355,1306,2024-06-28,completed,wallet
15356,2443,2025-02-20,completed,cod
15357,2333,2024-08-10,completed,wallet
15358,402,2024-10-21,completed,card
15359,1032,2025-07-08,completed,card
15360,114,2025-08-28,completed,atm
15361,2465,2024-02-26,completed,atm
15362,1533,2025-09-15,refunded,card
15363,990,2024-10-31,completed,atm
15364,1707,2025-05-02,completed,cod
15365,785,2025-04-26,completed,cod
15366,1458,2024-02-07,completed,atm
15367,1513,2024-02-13,completed,wallet
15368,623,2025-06-06,completed,atm
15369,1064,2024-03-22,completed,atm
15370,2444,2024-07-08,completed,wallet
15371,916,2024-02-09,completed,card
15372,2098,2025-03-03,completed,card
15373,1659,2024-08-04,completed,card
15374,139,2025-01-17,completed,card
15375,1259,2025-01-10,completed,wallet
15376,1475,2025-11-07,completed,card
15377,668,2024-08-22,refunded,wallet
15378,2292,2024-03-16,refunded,card
15379,1497,2024-10-15,completed,atm
15380,2227,2024-07-21,completed,card
15381,868,2024-09-11,completed,card
15382,1319,2024-03-25,completed,card
15383,2208,2025-09-09,completed,wallet
15384,2389,2025-01-29,completed,wallet
15385,900,2025-08-21,completed,atm
15386,2217,2025-10-22,completed,card
15387,878,2024-06-12,completed,card
15388,2173,2025-03-22,completed,wallet
15389,2016,2024-11-22,completed,card
15390,1651,2025-01-09,completed,card
15391,1067,2025-09-13,completed,card
15392,499,2025-02-09,completed,card
15393,1070,2025-03-06,completed,wallet
15394,2292,2025-12-05,completed,atm
15395,1904,2025-03-20,cancelled,card
15396,1509,2024-06-19,completed,card
15397,1302,2025-03-11,completed,card
15398,1313,2024-07-17,completed,card
15399,2361,2024-06-04,completed,card
15400,81,2024-07-29,completed,card
15401,1184,2024-05-09,completed,card
15402,419,2025-04-29,completed,card
15403,2108,2024-10-25,completed,wallet
15404,1383,2024-12-20,completed,atm
15405,892,2024-03-26,completed,wallet
15406,405,2025-09-27,completed,card
15407,829,2024-09-08,completed,card
15408,1268,2024-03-22,completed,atm
15409,728,2024-01-24,completed,card
15410,785,2025-10-24,completed,cod
15411,1430,2024-12-23,completed,cod
15412,158,2024-10-22,completed,card
15413,2028,2024-01-20,cancelled,card
15414,620,2024-08-13,completed,card
15415,605,2024-05-01,completed,atm
15416,1858,2024-09-07,completed,wallet
15417,247,2025-11-16,completed,wallet
15418,217,2024-05-01,completed,wallet
15419,1809,2024-07-13,completed,atm
15420,294,2025-03-24,completed,card
15421,733,2024-04-05,completed,card
15422,287,2024-10-26,completed,wallet
15423,2244,2025-05-01,completed,card
15424,1661,2025-11-17,completed,card
15425,1478,2025-03-31,completed,atm
15426,1238,2024-03-26,completed,cod
15427,19,2024-10-23,completed,wallet
15428,30,2024-07-29,completed,cod
15429,614,2025-01-23,completed,card
15430,1689,2024-05-08,cancelled,card
15431,1512,2024-11-25,completed,wallet
15432,677,2024-05-02,completed,card
15433,901,2024-06-29,completed,card
15434,568,2025-12-28,cancelled,card
15435,615,2025-11-19,completed,wallet
15436,1574,2025-04-21,completed,atm
15437,540,2024-09-05,completed,atm
15438,485,2024-06-23,completed,cod
15439,2246,2025-11-13,completed,card
15440,1274,2024-12-03,completed,card
15441,1332,2025-03-31,completed,atm
15442,597,2024-12-22,completed,card
15443,18,2025-07-12,completed,card
15444,1800,2024-01-14,completed,card
15445,252,2025-02-02,completed,wallet
15446,1958,2025-02-05,completed,atm
15447,2349,2024-09-03,completed,wallet
15448,280,2025-11-07,completed,atm
15449,148,2024-06-10,completed,card
15450,491,2024-01-06,completed,atm
15451,2161,2025-09-08,completed,atm
15452,1900,2024-07-03,completed,card
15453,2183,2024-08-27,completed,atm
15454,1757,2024-09-30,completed,wallet
15455,1234,2025-07-09,cancelled,atm
15456,1948,2025-08-08,completed,cod
15457,1220,2024-09-12,completed,card
15458,283,2024-12-21,cancelled,cod
15459,1414,2025-11-27,completed,cod
15460,1279,2025-02-05,completed,card
15461,2297,2024-06-28,completed,atm
15462,1819,2024-07-08,completed,card
15463,2085,2025-11-16,completed,cod
15464,137,2024-02-18,completed,card
15465,2244,2025-12-05,completed,card
15466,1942,2025-05-14,completed,atm
15467,725,2024-07-07,completed,cod
15468,2352,2024-04-11,completed,card
15469,925,2025-04-11,completed,card
15470,1105,2025-11-10,refunded,card
15471,884,2024-03-01,completed,card
15472,646,2025-08-20,completed,atm
15473,168,2025-09-28,completed,atm
15474,1061,2025-12-05,completed,atm
15475,208,2025-04-30,completed,card
15476,843,2025-10-11,completed,card
15477,1927,2025-04-10,completed,card
15478,2472,2024-11-12,completed,wallet
15479,2394,2024-10-13,completed,atm
15480,1163,2025-10-03,completed,wallet
15481,2384,2024-07-14,completed,card
15482,1201,2025-05-20,completed,card
15483,464,2024-09-25,completed,atm
15484,1991,2025-10-02,completed,cod
15485,808,2025-03-27,completed,card
15486,1603,2025-12-21,completed,wallet
15487,200,2024-01-08,completed,card
15488,1994,2025-09-28,completed,wallet
15489,508,2024-11-05,completed,card
15490,2357,2025-07-09,completed,atm
15491,448,2024-06-08,completed,atm
15492,885,2025-12-31,completed,cod
15493,1056,2024-11-20,completed,card
15494,2147,2024-06-30,completed,card
15495,1369,2025-09-20,cancelled,wallet
15496,113,2025-04-12,completed,cod
15497,2123,2024-03-21,completed,card
15498,617,2025-12-08,completed,wallet
15499,570,2024-11-14,cancelled,card
15500,1653,2025-01-23,completed,card
15501,473,2025-07-12,completed,atm
15502,1204,2025-02-16,refunded,card
15503,1077,2025-11-06,refunded,card
15504,1094,2024-10-18,completed,card
15505,2304,2025-12-30,completed,card
15506,1484,2025-02-15,completed,atm
15507,506,2024-02-01,completed,card
15508,1174,2025-02-23,completed,card
15509,2337,2024-07-16,completed,card
15510,2083,2025-09-14,completed,atm
15511,404,2025-07-08,completed,card
15512,644,2025-10-02,completed,cod
15513,1191,2024-10-11,refunded,card
15514,108,2025-10-01,completed,card
15515,2427,2024-11-25,completed,wallet
15516,2465,2024-08-12,completed,wallet
15517,2170,2025-06-18,completed,atm
15518,141,2024-08-04,completed,atm
15519,239,2025-07-03,completed,card
15520,2440,2024-10-11,completed,card
15521,903,2025-06-08,completed,card
15522,140,2025-03-25,completed,card
15523,525,2024-09-24,completed,cod
15524,1601,2024-09-03,completed,wallet
15525,1972,2024-02-22,completed,card
15526,350,2025-03-18,completed,atm
15527,1098,2024-04-12,refunded,card
15528,1639,2024-02-03,completed,cod
15529,403,2025-05-14,completed,atm
15530,2433,2025-07-07,completed,card
15531,251,2024-08-19,completed,card
15532,1666,2024-03-30,refunded,atm
15533,1516,2025-05-07,completed,atm
15534,1911,2024-10-19,completed,wallet
15535,1793,2025-11-02,completed,card
15536,343,2024-08-04,completed,wallet
15537,1365,2025-02-18,completed,wallet
15538,1680,2025-05-24,completed,cod
15539,1664,2025-04-18,completed,card
15540,1914,2024-05-21,completed,atm
15541,1685,2024-11-22,cancelled,cod
15542,1815,2024-08-24,completed,card
15543,111,2025-05-10,completed,cod
15544,826,2024-05-17,completed,atm
15545,2197,2024-07-03,completed,wallet
15546,942,2025-03-13,completed,cod
15547,1845,2024-01-31,completed,atm
15548,861,2025-08-22,completed,wallet
15549,1950,2024-02-03,completed,card
15550,2337,2024-12-10,completed,atm
15551,294,2025-07-21,completed,atm
15552,394,2025-06-27,completed,wallet
15553,1834,2024-03-17,completed,card
15554,1075,2024-12-22,completed,atm
15555,1578,2025-03-16,completed,card
15556,518,2025-07-20,completed,card
15557,97,2025-01-24,completed,card
15558,679,2024-12-13,completed,cod
15559,1188,2025-12-05,completed,wallet
15560,1801,2024-08-02,completed,cod
15561,485,2024-09-11,completed,card
15562,2144,2025-11-13,completed,atm
15563,1979,2025-06-09,completed,wallet
15564,808,2025-04-15,completed,card
15565,26,2024-07-17,completed,card
15566,948,2025-06-06,completed,card
15567,2276,2024-03-30,completed,card
15568,1568,2024-09-11,cancelled,wallet
15569,906,2025-02-08,completed,wallet
15570,2190,2025-06-14,completed,card
15571,1559,2024-06-22,completed,card
15572,2008,2024-07-18,completed,wallet
15573,1581,2025-04-17,completed,card
15574,746,2024-08-10,completed,cod
15575,2023,2024-08-23,completed,card
15576,1514,2024-12-10,completed,card
15577,633,2025-08-01,completed,atm
15578,2179,2024-08-30,completed,card
15579,1961,2025-05-04,completed,card
15580,1284,2025-12-15,completed,card
15581,1635,2025-12-01,completed,atm
15582,1109,2024-06-14,completed,card
15583,2402,2024-03-29,completed,atm
15584,49,2024-08-21,completed,atm
15585,2247,2025-07-26,completed,cod
15586,1717,2024-11-26,completed,atm
15587,308,2025-08-16,completed,card
15588,1130,2025-01-14,completed,card
15589,625,2025-06-26,completed,card
15590,1809,2025-05-06,completed,wallet
15591,258,2025-03-11,completed,card
15592,1122,2024-01-24,completed,atm
15593,1802,2024-07-05,completed,card
15594,824,2024-03-28,completed,wallet
15595,984,2024-09-19,completed,wallet
15596,483,2024-10-31,completed,card
15597,722,2024-04-24,completed,card
15598,785,2024-01-15,completed,atm
15599,903,2025-04-24,completed,cod
15600,1639,2025-08-15,completed,card
15601,1575,2025-12-13,completed,card
15602,719,2025-12-17,completed,atm
15603,1770,2025-09-26,completed,wallet
15604,2228,2024-10-20,completed,card
15605,2301,2025-10-02,completed,card
15606,1468,2025-03-01,completed,cod
15607,2187,2024-01-05,completed,card
15608,54,2024-11-24,completed,card
15609,574,2024-05-21,completed,card
15610,2248,2025-03-24,completed,atm
15611,2314,2024-11-03,completed,card
15612,799,2025-03-19,completed,cod
15613,961,2025-11-21,refunded,card
15614,956,2025-01-13,completed,card
15615,1190,2024-11-13,completed,wallet
15616,2292,2025-06-07,completed,cod
15617,1160,2024-05-24,refunded,card
15618,1755,2024-09-19,completed,card
15619,2171,2024-05-05,completed,wallet
15620,524,2024-12-16,completed,atm
15621,1411,2025-09-21,cancelled,atm
15622,6,2024-11-08,completed,wallet
15623,795,2025-03-29,completed,card
15624,846,2025-03-18,completed,atm
15625,1307,2024-07-18,completed,card
15626,1866,2025-10-26,completed,cod
15627,639,2025-11-01,completed,card
15628,1364,2024-02-04,completed,card
15629,2252,2025-02-10,completed,atm
15630,385,2025-07-28,completed,card
15631,1354,2025-06-09,completed,card
15632,1923,2025-01-10,completed,atm
15633,1523,2025-12-10,refunded,card
15634,2455,2025-01-20,completed,card
15635,1546,2025-10-02,completed,wallet
15636,1219,2025-07-06,completed,wallet
15637,1769,2024-07-05,completed,wallet
15638,1500,2024-10-29,completed,card
15639,558,2025-10-21,completed,atm
15640,1755,2024-12-01,completed,atm
15641,2486,2024-07-29,completed,wallet
15642,361,2024-08-25,completed,card
15643,1411,2025-06-13,completed,card
15644,523,2024-09-13,completed,atm
15645,306,2024-03-21,completed,card
15646,1250,2025-05-27,completed,cod
15647,1532,2025-08-14,completed,card
15648,1527,2025-03-31,completed,atm
15649,703,2025-07-31,completed,atm
15650,1706,2025-09-27,completed,cod
15651,1466,2024-02-11,completed,atm
15652,2294,2025-07-05,completed,card
15653,1436,2025-07-11,completed,card
15654,791,2025-08-21,completed,card
15655,325,2025-12-27,completed,atm
15656,1301,2025-03-28,completed,atm
15657,1956,2025-07-24,completed,card
15658,1995,2024-12-16,completed,card
15659,1417,2025-06-02,completed,wallet
15660,1873,2024-03-24,completed,atm
15661,1784,2024-10-29,completed,wallet
15662,1095,2024-03-21,completed,wallet
15663,437,2025-07-24,completed,wallet
15664,1685,2024-02-13,completed,atm
15665,620,2025-05-11,completed,wallet
15666,649,2024-08-08,completed,wallet
15667,111,2024-06-13,completed,card
15668,2010,2024-01-29,completed,card
15669,1254,2025-11-03,completed,card
15670,400,2025-04-04,completed,card
15671,985,2025-02-11,completed,card
15672,494,2024-02-23,completed,wallet
15673,571,2024-11-17,completed,card
15674,492,2024-12-02,completed,card
15675,907,2025-02-19,completed,cod
15676,1540,2024-06-18,completed,card
15677,1851,2025-04-23,completed,card
15678,1618,2024-09-20,completed,atm
15679,901,2024-03-23,completed,card
15680,438,2024-12-23,completed,atm
15681,1405,2025-07-14,completed,card
15682,530,2025-12-25,completed,card
15683,513,2024-03-11,completed,card
15684,1683,2024-08-16,completed,cod
15685,1674,2025-12-22,completed,cod
15686,2153,2024-10-04,refunded,card
15687,1132,2024-09-25,completed,atm
15688,1288,2024-07-13,completed,card
15689,620,2024-08-22,completed,atm
15690,1629,2024-12-29,cancelled,card
15691,918,2024-06-02,completed,cod
15692,1196,2025-04-20,completed,card
15693,930,2024-02-09,cancelled,card
15694,534,2024-03-25,completed,card
15695,1472,2025-05-14,completed,card
15696,2159,2024-07-28,completed,atm
15697,1642,2025-01-18,completed,wallet
15698,1560,2025-07-12,completed,card
15699,733,2024-01-01,completed,card
15700,260,2024-04-21,completed,card
15701,2429,2025-01-15,completed,wallet
15702,1083,2024-08-13,completed,card
15703,641,2025-06-10,completed,atm
15704,116,2025-04-15,completed,card
15705,363,2025-06-27,completed,card
15706,2461,2025-06-21,completed,atm
15707,1099,2025-05-22,completed,card
15708,2324,2024-08-13,completed,cod
15709,1383,2025-04-04,completed,wallet
15710,1730,2024-11-23,completed,card
15711,2479,2024-05-11,refunded,wallet
15712,1634,2024-01-04,completed,atm
15713,116,2024-08-12,cancelled,card
15714,118,2025-03-14,completed,cod
15715,1321,2025-04-26,refunded,atm
15716,895,2025-01-29,completed,atm
15717,935,2024-05-12,completed,card
15718,2264,2025-09-27,completed,atm
15719,1900,2025-04-23,completed,card
15720,803,2024-02-23,completed,wallet
15721,2028,2025-08-20,completed,card
15722,1519,2025-07-10,completed,cod
15723,2371,2025-05-31,completed,card
15724,870,2025-01-25,cancelled,card
15725,1853,2024-02-29,completed,atm
15726,272,2025-08-01,completed,atm
15727,68,2025-12-14,completed,atm
15728,2349,2025-10-27,completed,card
15729,315,2025-06-01,completed,cod
15730,293,2025-10-24,completed,cod
15731,212,2025-02-01,completed,cod
15732,2075,2025-01-14,completed,card
15733,1019,2024-01-24,completed,atm
15734,1969,2025-10-04,completed,card
15735,2320,2025-08-23,completed,wallet
15736,853,2024-08-31,completed,card
15737,1674,2024-10-10,completed,card
15738,571,2025-05-18,completed,cod
15739,1574,2024-09-16,completed,card
15740,2309,2025-09-12,completed,cod
15741,528,2024-05-15,completed,atm
15742,141,2024-07-18,completed,cod
15743,2101,2025-02-18,completed,card
15744,873,2024-03-30,completed,cod
15745,1603,2024-11-20,completed,atm
15746,1743,2025-07-23,completed,card
15747,1550,2025-01-31,completed,card
15748,1727,2024-03-28,completed,cod
15749,277,2024-09-27,completed,card
15750,853,2024-10-02,completed,atm
15751,626,2025-06-18,completed,card
15752,58,2024-08-03,completed,card
15753,551,2025-02-01,completed,card
15754,1419,2025-04-05,refunded,card
15755,1652,2024-03-18,completed,card
15756,1994,2024-10-15,completed,card
15757,1416,2024-05-03,completed,cod
15758,1060,2025-05-19,completed,atm
15759,1803,2024-09-01,cancelled,wallet
15760,2129,2024-04-10,completed,atm
15761,159,2025-11-19,completed,card
15762,592,2025-12-09,completed,card
15763,865,2025-07-24,completed,wallet
15764,194,2025-02-17,completed,atm
15765,1079,2025-06-10,completed,card
15766,1042,2024-02-01,completed,card
15767,541,2025-01-21,completed,cod
15768,1242,2024-01-19,completed,atm
15769,936,2024-09-24,completed,cod
15770,2418,2024-11-22,completed,card
15771,906,2024-07-26,completed,wallet
15772,1537,2025-04-14,completed,atm
15773,905,2024-05-15,completed,wallet
15774,450,2024-06-04,completed,cod
15775,400,2025-01-16,completed,wallet
15776,2457,2025-05-26,completed,atm
15777,2276,2025-04-16,completed,card
15778,1559,2024-05-09,completed,atm
15779,2233,2024-11-24,completed,card
15780,484,2025-09-11,completed,wallet
15781,383,2025-05-08,completed,atm
15782,1056,2025-06-15,completed,card
15783,898,2025-03-04,completed,card
15784,546,2024-06-09,completed,card
15785,1586,2024-05-25,completed,atm
15786,2490,2024-09-02,completed,card
15787,2401,2025-12-01,completed,cod
15788,917,2024-11-02,completed,card
15789,400,2024-07-08,completed,atm
15790,864,2024-01-09,completed,atm
15791,980,2024-06-10,completed,wallet
15792,2234,2024-12-18,completed,wallet
15793,1114,2024-03-08,completed,atm
15794,916,2025-06-07,completed,atm
15795,1107,2024-02-18,completed,wallet
15796,2402,2025-09-10,refunded,wallet
15797,2331,2024-03-04,completed,card
15798,371,2024-04-02,completed,wallet
15799,2394,2025-04-23,completed,atm
15800,1670,2025-02-28,completed,atm
15801,2228,2024-06-28,completed,card
15802,1542,2024-02-14,completed,cod
15803,2014,2024-04-28,completed,card
15804,228,2024-04-04,completed,atm
15805,2234,2025-07-28,completed,atm
15806,1541,2024-03-23,completed,card
15807,2096,2025-05-02,completed,atm
15808,709,2025-07-17,completed,wallet
15809,15,2025-06-09,completed,wallet
15810,1364,2024-08-09,completed,wallet
15811,2185,2024-01-22,completed,card
15812,1138,2024-07-16,completed,atm
15813,2064,2024-02-27,completed,atm
15814,1903,2025-12-10,completed,card
15815,11,2025-01-10,completed,card
15816,235,2024-06-02,completed,card
15817,645,2025-03-04,completed,atm
15818,1644,2024-11-24,completed,card
15819,1556,2024-01-07,refunded,cod
15820,1137,2025-12-12,completed,atm
15821,1005,2024-07-27,completed,card
15822,439,2025-09-17,completed,atm
15823,1455,2024-02-02,completed,card
15824,2006,2025-08-27,completed,atm
15825,521,2024-01-15,completed,atm
15826,2484,2024-08-17,completed,wallet
15827,1091,2025-08-23,cancelled,atm
15828,857,2025-12-24,completed,wallet
15829,1067,2025-03-04,completed,card
15830,2485,2024-01-03,completed,card
15831,2047,2025-08-13,completed,atm
15832,1223,2025-12-15,completed,card
15833,1742,2024-09-19,completed,wallet
15834,2281,2025-03-26,completed,atm
15835,2230,2024-07-04,completed,cod
15836,468,2025-04-08,completed,atm
15837,2315,2024-01-22,completed,cod
15838,2026,2024-06-02,completed,cod
15839,299,2024-01-23,cancelled,card
15840,437,2024-07-01,completed,cod
15841,948,2025-02-21,completed,wallet
15842,1201,2024-01-03,completed,card
15843,1039,2025-02-16,completed,card
15844,539,2025-05-26,completed,atm
15845,1041,2025-05-19,completed,atm
15846,1057,2025-10-24,completed,card
15847,102,2024-01-23,completed,card
15848,1282,2024-10-17,cancelled,card
15849,1745,2025-03-22,completed,atm
15850,197,2025-11-22,completed,cod
15851,174,2025-07-01,completed,wallet
15852,2109,2025-06-02,completed,wallet
15853,1458,2025-12-31,cancelled,atm
15854,1997,2025-01-29,completed,card
15855,1877,2024-01-28,completed,atm
15856,1231,2025-05-28,completed,cod
15857,328,2025-03-13,completed,card
15858,564,2024-02-18,completed,wallet
15859,1690,2024-09-28,completed,card
15860,671,2025-04-19,completed,card
15861,1752,2025-12-01,completed,cod
15862,201,2025-08-16,completed,atm
15863,2314,2025-04-03,completed,card
15864,1690,2025-10-01,completed,cod
15865,1344,2024-04-15,completed,wallet
15866,1804,2025-02-08,completed,card
15867,1352,2024-09-13,completed,card
15868,1341,2025-12-08,completed,card
15869,1006,2025-04-21,completed,wallet
15870,1767,2024-01-18,completed,wallet
15871,2408,2024-01-11,completed,atm
15872,2390,2025-09-27,completed,wallet
15873,1763,2024-02-24,completed,wallet
15874,1138,2024-01-10,completed,cod
15875,1161,2024-02-11,completed,wallet
15876,1493,2025-06-19,completed,atm
15877,1720,2025-12-09,completed,atm
15878,1223,2025-05-26,completed,card
15879,2038,2025-06-14,completed,card
15880,340,2024-01-11,completed,card
15881,1501,2024-09-30,completed,card
15882,2323,2025-02-09,completed,atm
15883,719,2024-03-10,completed,card
15884,532,2025-11-12,completed,card
15885,96,2025-02-14,completed,atm
15886,465,2024-07-11,completed,card
15887,1989,2025-01-02,completed,atm
15888,1327,2024-06-16,completed,card
15889,252,2024-04-02,cancelled,atm
15890,341,2024-07-15,completed,card
15891,1028,2024-04-01,completed,atm
15892,1786,2025-12-31,completed,cod
15893,1719,2025-04-16,completed,card
15894,226,2025-06-19,completed,card
15895,1449,2024-11-02,completed,card
15896,247,2024-08-14,completed,atm
15897,141,2025-10-08,refunded,atm
15898,2251,2024-11-18,completed,card
15899,2058,2024-03-11,completed,card
15900,2133,2025-04-09,completed,atm
15901,1275,2025-05-31,completed,wallet
15902,814,2024-04-05,completed,atm
15903,1941,2025-12-01,completed,card
15904,1692,2024-03-04,completed,atm
15905,1997,2025-10-07,completed,wallet
15906,1569,2024-12-20,completed,cod
15907,534,2024-10-20,completed,atm
15908,2329,2025-02-19,completed,wallet
15909,566,2025-05-02,completed,card
15910,2269,2024-01-13,completed,card
15911,670,2024-06-12,completed,atm
15912,1730,2024-05-28,completed,cod
15913,1303,2025-06-11,completed,cod
15914,2392,2024-08-08,completed,wallet
15915,1138,2025-05-16,completed,card
15916,993,2025-11-10,completed,card
15917,1675,2025-08-20,refunded,card
15918,2395,2024-09-14,completed,atm
15919,2226,2025-04-06,completed,wallet
15920,594,2025-03-16,completed,atm
15921,1323,2025-12-02,cancelled,atm
15922,785,2025-06-20,completed,card
15923,2413,2025-02-16,completed,cod
15924,1745,2024-08-06,completed,card
15925,1863,2025-03-01,completed,card
15926,2012,2025-01-29,completed,card
15927,1543,2025-04-13,completed,card
15928,1437,2025-03-25,completed,card
15929,48,2024-08-01,completed,card
15930,58,2025-05-30,completed,card
15931,611,2025-09-11,completed,card
15932,209,2025-09-19,completed,wallet
15933,2152,2024-10-23,completed,card
15934,1633,2025-02-09,cancelled,atm
15935,338,2025-06-16,completed,card
15936,1613,2024-05-28,refunded,card
15937,435,2025-10-21,completed,card
15938,1447,2024-03-20,completed,card
15939,2215,2025-11-23,completed,wallet
15940,568,2025-11-14,completed,atm
15941,330,2025-11-01,completed,card
15942,797,2025-05-12,completed,card
15943,746,2024-12-09,completed,card
15944,27,2024-03-12,completed,card
15945,450,2024-08-17,completed,card
15946,1789,2024-01-18,completed,card
15947,749,2024-12-03,completed,cod
15948,2126,2024-07-13,completed,atm
15949,1110,2025-02-11,completed,atm
15950,1495,2024-06-01,completed,atm
15951,468,2025-03-29,completed,cod
15952,1736,2024-01-22,completed,wallet
15953,576,2024-09-27,completed,cod
15954,2318,2025-12-08,completed,card
15955,1604,2025-07-02,completed,card
15956,1071,2024-03-04,cancelled,atm
15957,2156,2024-07-28,completed,atm
15958,1023,2025-10-23,completed,card
15959,590,2025-06-13,completed,card
15960,1468,2024-06-21,completed,card
15961,1028,2025-11-07,completed,cod
15962,13,2024-08-04,completed,wallet
15963,2225,2025-02-08,completed,card
15964,2205,2025-08-26,completed,wallet
15965,2184,2024-07-04,completed,wallet
15966,1810,2024-06-14,completed,wallet
15967,531,2024-10-03,completed,cod
15968,726,2025-09-17,completed,cod
15969,1124,2024-04-05,completed,wallet
15970,1545,2024-09-27,completed,atm
15971,1914,2024-06-09,completed,wallet
15972,2400,2024-02-15,completed,card
15973,2023,2024-04-16,completed,wallet
15974,259,2025-03-25,completed,card
15975,647,2024-03-22,completed,card
15976,10,2025-06-02,completed,card
15977,1882,2024-07-19,completed,card
15978,924,2024-04-21,completed,atm
15979,677,2024-05-13,completed,card
15980,1184,2025-06-05,completed,card
15981,505,2025-09-19,completed,card
15982,291,2024-03-29,completed,card
15983,2077,2024-04-21,completed,card
15984,2320,2024-07-22,completed,wallet
15985,1051,2025-03-22,completed,atm
15986,1405,2024-02-17,completed,card
15987,1862,2025-12-08,completed,atm
15988,888,2024-09-16,completed,card
15989,2046,2025-03-23,completed,atm
15990,1761,2024-10-07,completed,cod
15991,127,2024-11-23,completed,card
15992,666,2025-02-20,completed,atm
15993,2393,2025-01-29,completed,atm
15994,161,2024-10-12,completed,card
15995,991,2024-10-15,completed,card
15996,720,2025-09-21,completed,card
15997,642,2024-07-02,cancelled,card
15998,2419,2024-09-13,completed,wallet
15999,835,2025-04-07,completed,atm
16000,2431,2024-03-02,completed,card
16001,1143,2025-12-02,completed,atm
16002,866,2024-05-23,completed,atm
16003,2343,2025-06-03,completed,wallet
16004,292,2024-11-10,completed,atm
16005,760,2025-04-14,completed,wallet
16006,1027,2024-09-17,completed,card
16007,803,2025-03-24,completed,wallet
16008,1060,2025-05-11,completed,card
16009,1640,2025-01-27,completed,atm
16010,111,2024-09-14,completed,wallet
16011,627,2024-02-21,completed,cod
16012,1976,2025-07-13,completed,card
16013,2375,2024-07-20,completed,card
16014,1162,2024-03-22,completed,atm
16015,921,2024-12-05,refunded,card
16016,1412,2025-06-11,completed,card
16017,2487,2025-01-14,completed,wallet
16018,2406,2024-12-14,completed,atm
16019,2377,2025-11-15,completed,card
16020,2140,2024-10-14,completed,wallet
16021,1280,2024-07-26,completed,card
16022,1664,2025-02-23,completed,wallet
16023,81,2024-09-21,completed,card
16024,407,2024-08-31,completed,card
16025,1470,2025-08-16,completed,cod
16026,2014,2024-04-27,completed,atm
16027,286,2025-12-09,completed,card
16028,835,2024-01-01,completed,card
16029,968,2024-03-13,completed,card
16030,1416,2024-04-25,completed,card
16031,1255,2024-01-11,completed,atm
16032,2033,2025-06-17,completed,card
16033,969,2025-01-17,completed,atm
16034,2174,2024-10-07,completed,atm
16035,964,2025-04-14,completed,card
16036,1322,2025-01-17,completed,wallet
16037,1377,2025-03-26,completed,wallet
16038,1177,2025-10-28,completed,card
16039,421,2025-01-29,completed,wallet
16040,647,2025-08-10,completed,wallet
16041,2198,2024-07-26,completed,atm
16042,1884,2024-07-22,completed,cod
16043,1627,2024-10-20,completed,card
16044,1974,2025-09-24,completed,atm
16045,1062,2024-03-30,completed,atm
16046,2220,2024-11-07,completed,wallet
16047,605,2025-08-04,completed,card
16048,558,2025-08-10,completed,atm
16049,2474,2025-07-19,refunded,atm
16050,1503,2024-11-27,completed,card
16051,1823,2025-04-28,completed,card
16052,1923,2025-12-31,completed,card
16053,2291,2025-10-18,completed,card
16054,1654,2025-02-15,completed,cod
16055,1906,2025-11-21,completed,wallet
16056,1603,2025-01-31,completed,card
16057,631,2024-10-04,refunded,atm
16058,1474,2024-11-16,completed,card
16059,1469,2025-03-15,completed,cod
16060,824,2025-12-27,completed,wallet
16061,787,2025-08-22,completed,card
16062,315,2024-07-30,refunded,atm
16063,1383,2024-07-14,completed,atm
16064,1944,2024-03-07,completed,atm
16065,939,2024-10-22,completed,card
16066,1502,2024-03-06,completed,card
16067,2240,2025-06-17,completed,card
16068,987,2024-02-14,completed,card
16069,725,2024-04-28,completed,atm
16070,27,2025-08-27,completed,wallet
16071,1648,2025-04-10,cancelled,atm
16072,1292,2024-07-17,completed,wallet
16073,152,2024-12-10,completed,card
16074,564,2024-10-28,completed,wallet
16075,759,2025-08-17,cancelled,wallet
16076,1005,2024-05-23,completed,atm
16077,1562,2024-10-04,completed,cod
16078,2410,2025-12-05,cancelled,card
16079,1239,2024-12-27,completed,card
16080,483,2025-02-03,completed,card
16081,2422,2025-04-18,completed,atm
16082,900,2024-08-02,completed,card
16083,708,2024-03-19,completed,wallet
16084,304,2025-06-01,completed,card
16085,1581,2025-08-28,completed,card
16086,1139,2025-01-11,completed,card
16087,1684,2025-06-14,completed,card
16088,2069,2025-08-16,completed,card
16089,2006,2025-12-16,completed,atm
16090,1168,2025-07-31,completed,card
16091,224,2025-04-23,completed,card
16092,1347,2025-03-14,completed,wallet
16093,477,2025-09-16,completed,card
16094,782,2025-04-20,completed,card
16095,2249,2024-12-28,refunded,atm
16096,1895,2024-03-27,completed,atm
16097,1822,2024-04-02,completed,atm
16098,523,2024-06-10,completed,atm
16099,1273,2024-10-30,completed,atm
16100,2080,2024-11-01,completed,cod
16101,2209,2025-03-19,completed,atm
16102,186,2024-08-20,completed,card
16103,1712,2025-08-22,completed,cod
16104,105,2025-07-10,completed,card
16105,1016,2025-10-14,completed,atm
16106,1322,2024-07-29,completed,card
16107,2033,2024-05-09,completed,card
16108,702,2025-03-15,completed,card
16109,139,2025-02-27,completed,cod
16110,1609,2024-07-18,completed,card
16111,2427,2025-03-07,completed,card
16112,909,2025-10-27,completed,atm
16113,214,2025-01-23,completed,cod
16114,633,2024-11-16,completed,atm
16115,2148,2025-03-06,completed,wallet
16116,969,2025-01-29,completed,atm
16117,4,2024-03-15,completed,card
16118,449,2024-10-03,cancelled,atm
16119,155,2025-07-31,completed,card
16120,1331,2024-06-05,completed,wallet
16121,2221,2024-01-08,completed,card
16122,49,2025-04-12,refunded,atm
16123,1405,2024-11-04,completed,card
16124,904,2024-09-07,completed,atm
16125,2018,2024-09-19,completed,wallet
16126,1791,2025-06-28,cancelled,wallet
16127,1355,2024-11-06,completed,wallet
16128,1512,2024-07-05,completed,atm
16129,1427,2024-03-03,completed,card
16130,2180,2025-06-21,completed,cod
16131,1595,2024-08-29,completed,card
16132,1196,2025-01-15,completed,wallet
16133,49,2024-11-08,completed,card
16134,1484,2024-06-15,completed,card
16135,481,2024-06-08,completed,atm
16136,1958,2025-06-25,completed,atm
16137,2051,2024-12-19,completed,wallet
16138,956,2025-05-30,completed,cod
16139,927,2024-11-19,completed,card
16140,442,2025-10-20,cancelled,card
16141,718,2024-10-24,completed,atm
16142,2066,2024-03-11,completed,card
16143,2396,2024-08-22,completed,card
16144,1939,2025-10-01,completed,card
16145,2317,2024-12-13,completed,cod
16146,1072,2025-05-20,completed,wallet
16147,464,2024-10-30,completed,cod
16148,1107,2025-06-22,completed,card
16149,113,2025-02-09,completed,atm
16150,1431,2024-05-21,completed,card
16151,736,2024-12-13,completed,atm
16152,1804,2024-01-17,completed,atm
16153,1048,2025-06-19,completed,wallet
16154,108,2024-11-27,completed,wallet
16155,704,2024-08-19,completed,cod
16156,2218,2024-11-17,completed,wallet
16157,1766,2024-10-23,completed,card
16158,740,2024-04-26,completed,card
16159,992,2025-12-22,completed,atm
16160,1708,2024-05-29,completed,wallet
16161,1349,2025-07-07,completed,card
16162,464,2024-12-26,completed,wallet
16163,2083,2025-04-10,completed,card
16164,107,2024-06-23,completed,atm
16165,197,2025-05-26,completed,card
16166,1576,2025-04-01,completed,atm
16167,1618,2024-10-23,refunded,card
16168,893,2025-06-27,completed,card
16169,1576,2024-08-05,completed,wallet
16170,1318,2025-02-02,completed,card
16171,2269,2025-08-24,completed,card
16172,1425,2024-07-15,completed,card
16173,1557,2025-05-07,completed,wallet
16174,158,2025-05-30,completed,card
16175,263,2025-06-01,completed,wallet
16176,870,2024-04-06,completed,card
16177,1682,2025-01-15,completed,card
16178,1776,2025-12-15,completed,atm
16179,308,2024-12-04,completed,wallet
16180,35,2024-05-17,completed,card
16181,1691,2024-10-09,completed,card
16182,1301,2025-07-05,completed,card
16183,742,2024-09-22,completed,atm
16184,807,2024-11-28,completed,card
16185,250,2025-10-27,completed,wallet
16186,223,2024-07-07,refunded,atm
16187,401,2024-04-07,completed,card
16188,2004,2025-08-25,completed,atm
16189,2475,2025-10-09,completed,card
16190,1304,2024-04-21,completed,atm
16191,849,2025-05-31,completed,card
16192,1296,2025-05-10,completed,atm
16193,841,2024-03-28,completed,card
16194,233,2025-03-23,cancelled,atm
16195,2117,2025-04-04,completed,card
16196,443,2024-06-03,refunded,card
16197,35,2025-02-26,completed,card
16198,369,2024-03-27,completed,atm
16199,1223,2024-08-23,completed,card
16200,208,2025-10-10,completed,atm
16201,2447,2024-05-20,completed,card
16202,355,2025-09-29,completed,card
16203,1396,2025-02-19,completed,wallet
16204,433,2024-06-28,completed,wallet
16205,1818,2025-08-31,completed,wallet
16206,2395,2025-02-08,completed,card
16207,1454,2024-08-22,completed,card
16208,1554,2024-05-26,completed,card
16209,1685,2025-05-13,completed,card
16210,2156,2024-07-22,completed,wallet
16211,1415,2025-04-25,completed,card
16212,1363,2025-06-23,completed,atm
16213,2423,2024-06-15,completed,atm
16214,2460,2024-06-09,completed,card
16215,724,2025-07-27,refunded,card
16216,1671,2025-11-09,completed,card
16217,1609,2025-10-03,completed,card
16218,2202,2024-11-15,completed,card
16219,443,2025-05-07,completed,atm
16220,403,2025-10-22,completed,cod
16221,1392,2025-06-23,completed,atm
16222,2412,2024-09-09,completed,cod
16223,2498,2025-11-16,completed,wallet
16224,1655,2025-06-12,completed,atm
16225,1923,2025-12-22,completed,card
16226,1405,2024-09-06,completed,atm
16227,1536,2024-05-12,completed,wallet
16228,1969,2025-10-09,completed,card
16229,1008,2024-04-22,completed,cod
16230,784,2024-10-29,completed,wallet
16231,832,2025-05-28,completed,card
16232,885,2025-05-02,completed,wallet
16233,702,2025-03-22,completed,wallet
16234,1612,2024-12-22,completed,card
16235,580,2024-02-14,completed,card
16236,364,2025-05-22,completed,card
16237,627,2025-11-21,cancelled,atm
16238,935,2025-05-27,completed,cod
16239,350,2024-07-17,completed,cod
16240,251,2024-12-25,completed,card
16241,400,2024-02-08,completed,card
16242,117,2025-11-18,completed,atm
16243,302,2024-09-11,completed,atm
16244,536,2025-07-06,completed,card
16245,2420,2025-07-01,completed,atm
16246,2288,2024-06-13,completed,atm
16247,1191,2025-02-17,completed,atm
16248,1980,2025-10-06,completed,card
16249,2288,2024-02-22,completed,card
16250,573,2025-06-24,cancelled,card
16251,259,2024-12-14,completed,atm
16252,522,2024-08-26,completed,atm
16253,168,2025-09-08,completed,card
16254,953,2024-08-11,completed,card
16255,453,2024-09-24,completed,wallet
16256,1006,2025-02-06,cancelled,atm
16257,2342,2025-07-26,completed,card
16258,1814,2025-03-25,completed,card
16259,1524,2025-01-16,completed,atm
16260,412,2024-01-21,completed,cod
16261,2465,2025-11-03,completed,wallet
16262,67,2025-09-16,completed,atm
16263,2213,2024-12-26,completed,card
16264,2010,2025-07-18,completed,wallet
16265,1658,2024-12-08,completed,atm
16266,901,2024-06-03,completed,card
16267,451,2024-11-25,completed,card
16268,64,2025-12-21,completed,card
16269,1571,2024-09-21,completed,wallet
16270,383,2025-02-07,completed,card
16271,1919,2024-09-28,completed,card
16272,1894,2024-06-07,completed,card
16273,2402,2024-11-11,completed,cod
16274,241,2025-03-31,completed,card
16275,890,2025-08-27,completed,card
16276,2288,2025-11-15,completed,atm
16277,2211,2025-02-21,completed,wallet
16278,2459,2024-01-14,completed,card
16279,1624,2024-08-18,completed,cod
16280,1250,2024-06-20,completed,cod
16281,615,2025-03-30,completed,atm
16282,246,2025-01-02,completed,card
16283,908,2025-08-27,completed,wallet
16284,1809,2024-10-24,completed,atm
16285,1194,2024-08-31,cancelled,wallet
16286,1998,2025-10-30,cancelled,card
16287,1485,2025-07-01,completed,atm
16288,1114,2025-02-07,refunded,card
16289,1331,2024-11-07,completed,atm
16290,490,2024-07-15,completed,cod
16291,624,2025-01-31,completed,card
16292,167,2024-09-13,cancelled,atm
16293,1096,2024-06-09,completed,cod
16294,1943,2024-11-03,completed,card
16295,1027,2025-04-18,completed,card
16296,1550,2025-03-23,completed,cod
16297,460,2025-05-16,completed,wallet
16298,2121,2025-04-01,completed,card
16299,2198,2025-09-16,completed,card
16300,1174,2025-06-28,completed,card
16301,1804,2025-06-01,completed,cod
16302,1181,2025-01-31,completed,card
16303,2219,2024-02-14,completed,card
16304,2228,2025-01-25,completed,wallet
16305,504,2025-03-28,completed,cod
16306,1588,2025-08-06,completed,card
16307,1740,2025-01-13,completed,card
16308,2412,2025-08-27,refunded,cod
16309,537,2025-08-11,refunded,card
16310,2412,2025-03-05,completed,wallet
16311,1614,2024-01-17,completed,card
16312,2259,2025-08-06,completed,atm
16313,2152,2025-11-23,completed,card
16314,922,2025-10-24,completed,atm
16315,292,2024-02-17,completed,cod
16316,1753,2024-06-12,completed,atm
16317,37,2024-05-18,completed,cod
16318,673,2024-01-05,completed,atm
16319,738,2025-02-26,completed,cod
16320,2369,2024-06-02,completed,card
16321,688,2024-12-29,completed,atm
16322,763,2025-03-12,completed,card
16323,557,2025-06-23,completed,atm
16324,805,2025-05-19,completed,atm
16325,1143,2024-08-05,completed,card
16326,1756,2024-07-08,completed,atm
16327,797,2024-01-04,completed,card
16328,2189,2024-08-03,completed,card
16329,1609,2025-11-17,completed,cod
16330,173,2025-02-15,completed,card
16331,980,2024-12-20,completed,wallet
16332,722,2024-05-21,completed,cod
16333,911,2024-04-27,completed,cod
16334,147,2025-11-27,completed,atm
16335,2111,2024-11-22,completed,card
16336,1515,2024-07-03,completed,wallet
16337,321,2025-11-04,completed,card
16338,1004,2025-01-04,completed,atm
16339,1810,2025-01-01,completed,card
16340,1861,2025-03-29,completed,card
16341,2442,2025-05-24,refunded,card
16342,1257,2025-09-10,completed,atm
16343,706,2025-05-29,cancelled,cod
16344,373,2025-05-23,completed,card
16345,141,2025-10-01,completed,card
16346,1629,2024-11-22,completed,cod
16347,1718,2025-10-16,completed,card
16348,874,2025-03-31,completed,card
16349,1571,2025-04-10,completed,card
16350,143,2025-11-23,completed,card
16351,1863,2024-08-08,completed,wallet
16352,1943,2025-01-19,completed,wallet
16353,1011,2024-09-06,completed,wallet
16354,525,2025-01-29,completed,atm
16355,1561,2024-09-22,completed,atm
16356,930,2024-04-07,completed,atm
16357,1858,2025-09-19,completed,card
16358,1863,2024-02-29,completed,wallet
16359,1451,2024-05-02,cancelled,card
16360,36,2024-07-25,completed,atm
16361,647,2025-08-25,completed,wallet
16362,414,2025-12-05,completed,atm
16363,1682,2025-08-14,completed,atm
16364,1339,2025-02-16,completed,atm
16365,1532,2025-10-31,completed,card
16366,1257,2025-06-19,completed,card
16367,2393,2024-03-15,completed,card
16368,755,2025-04-29,completed,atm
16369,1195,2024-05-06,completed,cod
16370,1624,2025-07-07,completed,card
16371,1505,2024-03-31,completed,atm
16372,1221,2025-07-22,completed,cod
16373,1042,2025-11-01,completed,wallet
16374,1769,2024-12-07,completed,card
16375,1985,2024-12-20,completed,card
16376,1598,2025-07-20,completed,wallet
16377,1405,2024-06-01,completed,card
16378,171,2025-08-21,completed,atm
16379,923,2025-07-12,completed,card
16380,1428,2024-09-27,completed,wallet
16381,1402,2025-10-19,completed,card
16382,701,2025-11-02,completed,card
16383,1169,2024-07-29,completed,atm
16384,727,2024-05-24,completed,wallet
16385,2243,2025-12-01,completed,card
16386,923,2024-04-05,completed,atm
16387,1181,2025-10-16,completed,card
16388,720,2025-08-31,completed,card
16389,1115,2024-12-12,completed,card
16390,2132,2025-10-16,completed,wallet
16391,1110,2024-05-28,completed,atm
16392,2292,2025-04-01,completed,atm
16393,1600,2024-03-01,cancelled,wallet
16394,20,2025-05-10,completed,card
16395,1046,2025-06-03,completed,atm
16396,418,2025-12-14,completed,atm
16397,2054,2025-09-21,completed,card
16398,2074,2024-05-18,completed,wallet
16399,2244,2024-11-10,completed,wallet
16400,394,2025-05-05,completed,card
16401,223,2024-09-03,completed,atm
16402,1656,2025-12-18,completed,card
16403,2400,2024-09-11,completed,wallet
16404,809,2024-02-02,completed,card
16405,931,2025-12-17,completed,card
16406,2443,2024-12-27,completed,wallet
16407,1008,2024-04-29,completed,atm
16408,241,2025-09-17,completed,atm
16409,2315,2025-10-13,completed,atm
16410,993,2025-01-02,completed,card
16411,397,2024-06-16,completed,card
16412,2446,2024-08-26,completed,atm
16413,1724,2025-03-17,completed,card
16414,1949,2025-05-18,completed,atm
16415,2463,2024-05-09,completed,atm
16416,414,2024-04-22,cancelled,card
16417,567,2024-01-10,completed,card
16418,1756,2024-06-06,completed,atm
16419,2350,2024-05-01,completed,atm
16420,1736,2024-03-21,cancelled,card
16421,2496,2025-11-17,completed,card
16422,839,2025-04-01,completed,card
16423,1870,2024-03-04,completed,card
16424,2404,2024-06-25,completed,card
16425,321,2024-12-01,completed,atm
16426,654,2025-06-11,completed,card
16427,1558,2025-03-28,completed,card
16428,2131,2025-06-26,cancelled,card
16429,1759,2025-10-03,completed,card
16430,1608,2025-02-05,completed,atm
16431,4,2025-09-19,completed,card
16432,1940,2024-04-14,cancelled,card
16433,566,2024-06-16,completed,card
16434,2470,2024-11-14,completed,card
16435,1423,2025-06-08,completed,card
16436,859,2025-02-26,cancelled,card
16437,1697,2024-04-13,completed,card
16438,33,2025-01-22,completed,card
16439,748,2024-06-11,completed,card
16440,2158,2025-07-05,completed,card
16441,541,2024-08-04,completed,atm
16442,2139,2025-01-14,completed,card
16443,711,2025-07-07,completed,card
16444,1316,2024-08-20,completed,card
16445,988,2025-05-30,completed,card
16446,1406,2025-07-05,completed,atm
16447,2407,2025-03-03,completed,card
16448,833,2025-10-06,completed,wallet
16449,2398,2025-12-25,completed,atm
16450,135,2025-07-30,completed,atm
16451,1182,2024-08-10,completed,atm
16452,1300,2024-08-15,completed,cod
16453,809,2024-01-13,completed,card
16454,1651,2024-09-23,completed,card
16455,2282,2025-06-07,completed,atm
16456,448,2024-05-31,completed,cod
16457,1756,2025-12-29,completed,card
16458,1974,2024-11-24,completed,atm
16459,579,2025-04-15,completed,card
16460,68,2024-02-16,completed,card
16461,904,2025-07-25,completed,card
16462,1816,2025-10-03,completed,atm
16463,446,2025-10-21,completed,card
16464,482,2025-01-20,completed,card
16465,359,2025-09-29,completed,wallet
16466,306,2025-07-02,completed,card
16467,1280,2024-09-16,completed,card
16468,112,2024-11-01,completed,card
16469,1248,2024-10-22,completed,card
16470,569,2024-12-05,completed,cod
16471,162,2024-10-10,completed,atm
16472,244,2025-08-24,completed,card
16473,930,2025-10-25,completed,cod
16474,1998,2024-07-24,completed,atm
16475,1852,2025-10-05,refunded,wallet
16476,776,2024-10-13,completed,card
16477,963,2024-01-06,completed,card
16478,222,2024-06-28,completed,card
16479,1742,2025-02-22,completed,card
16480,23,2024-08-16,completed,card
16481,1209,2025-03-12,completed,atm
16482,2222,2025-05-17,completed,card
16483,54,2025-07-26,completed,card
16484,1501,2025-04-05,completed,atm
16485,1921,2025-07-08,completed,atm
16486,1353,2024-01-24,completed,card
16487,934,2024-06-20,completed,wallet
16488,16,2024-05-05,completed,atm
16489,997,2025-03-23,completed,card
16490,869,2024-06-21,completed,wallet
16491,454,2024-10-16,completed,wallet
16492,1663,2025-05-01,completed,atm
16493,1765,2025-09-12,completed,card
16494,119,2024-08-19,completed,card
16495,361,2024-01-10,completed,card
16496,1059,2024-01-31,completed,card
16497,1935,2024-09-11,completed,atm
16498,1431,2025-02-22,completed,card
16499,1678,2024-11-05,completed,card
16500,506,2025-12-20,completed,card
16501,901,2025-05-09,cancelled,wallet
16502,178,2024-05-31,cancelled,card
16503,785,2025-05-10,completed,card
16504,2055,2024-02-18,completed,card
16505,142,2025-04-24,completed,card
16506,262,2025-06-18,completed,wallet
16507,1810,2024-04-13,completed,card
16508,1415,2024-07-11,completed,card
16509,1542,2025-05-21,completed,wallet
16510,717,2024-03-24,completed,atm
16511,1245,2024-07-10,completed,wallet
16512,2344,2024-07-11,completed,card
16513,51,2024-12-09,completed,atm
16514,1280,2024-04-17,completed,card
16515,256,2025-02-24,completed,atm
16516,996,2025-01-23,completed,card
16517,258,2025-07-22,completed,wallet
16518,1392,2024-08-06,cancelled,card
16519,982,2024-06-04,completed,atm
16520,1770,2025-05-05,completed,cod
16521,2498,2025-09-08,completed,card
16522,386,2025-08-16,completed,wallet
16523,2343,2024-11-27,completed,card
16524,233,2024-03-11,cancelled,atm
16525,1606,2025-06-15,completed,atm
16526,1197,2025-12-07,completed,atm
16527,2186,2024-12-26,completed,card
16528,386,2025-01-14,completed,card
16529,1443,2025-01-12,refunded,atm
16530,645,2024-05-10,cancelled,card
16531,817,2025-12-11,cancelled,atm
16532,1126,2024-09-17,completed,cod
16533,2168,2024-08-31,completed,atm
16534,1046,2024-03-16,completed,card
16535,1579,2025-02-26,completed,card
16536,31,2024-07-22,completed,atm
16537,53,2024-12-22,completed,card
16538,832,2025-05-24,completed,card
16539,19,2024-07-03,completed,atm
16540,138,2024-03-31,completed,card
16541,1445,2025-07-30,completed,card
16542,1598,2025-02-05,completed,card
16543,2369,2025-10-03,completed,card
16544,1597,2025-02-11,completed,card
16545,1614,2025-01-15,completed,atm
16546,2343,2024-02-12,completed,wallet
16547,627,2024-06-04,completed,card
16548,112,2024-09-02,completed,atm
16549,2433,2025-11-10,completed,atm
16550,1098,2025-08-22,completed,wallet
16551,1992,2024-09-25,completed,atm
16552,1999,2024-10-22,cancelled,card
16553,2146,2025-04-13,completed,card
16554,1456,2025-11-11,completed,card
16555,33,2024-01-06,completed,atm
16556,1450,2025-08-17,completed,card
16557,1251,2025-01-07,completed,card
16558,263,2025-12-15,completed,atm
16559,2337,2024-06-03,completed,atm
16560,2015,2025-11-22,completed,wallet
16561,1477,2025-02-17,completed,cod
16562,1992,2024-05-16,completed,card
16563,2366,2025-12-06,completed,card
16564,2141,2025-12-11,completed,card
16565,1581,2024-12-16,completed,card
16566,595,2024-07-27,completed,atm
16567,17,2025-08-16,cancelled,atm
16568,760,2025-01-08,completed,atm
16569,851,2024-08-14,completed,cod
16570,38,2024-10-18,completed,card
16571,504,2024-08-06,completed,card
16572,1512,2024-05-19,completed,card
16573,668,2025-04-21,completed,card
16574,21,2025-04-20,completed,wallet
16575,370,2024-11-11,completed,atm
16576,403,2025-05-03,completed,atm
16577,1202,2025-04-08,completed,atm
16578,1456,2024-10-20,completed,atm
16579,2484,2024-05-15,completed,cod
16580,1569,2025-01-29,completed,atm
16581,179,2024-07-26,completed,card
16582,1560,2024-06-26,completed,cod
16583,156,2025-06-25,completed,wallet
16584,778,2025-11-19,completed,wallet
16585,1232,2024-07-10,completed,card
16586,560,2024-04-13,completed,atm
16587,1950,2024-04-27,completed,atm
16588,1867,2024-11-25,completed,atm
16589,1145,2024-03-07,completed,card
16590,1459,2025-12-14,completed,card
16591,1473,2025-03-07,completed,cod
16592,2298,2024-06-22,completed,atm
16593,1514,2024-11-29,refunded,card
16594,1709,2025-08-20,completed,wallet
16595,1139,2024-06-19,completed,atm
16596,1346,2024-09-20,completed,atm
16597,1943,2025-06-08,completed,card
16598,646,2025-07-23,completed,atm
16599,1604,2024-04-10,completed,atm
16600,1904,2025-10-05,completed,atm
16601,1793,2025-02-22,completed,wallet
16602,1783,2024-09-01,completed,card
16603,902,2025-06-13,completed,card
16604,228,2025-08-29,completed,cod
16605,2335,2025-01-21,completed,card
16606,1457,2024-09-04,completed,card
16607,1419,2024-08-23,completed,card
16608,1692,2025-07-31,completed,cod
16609,1805,2024-06-14,completed,card
16610,775,2024-12-25,completed,atm
16611,2484,2025-09-03,completed,card
16612,414,2024-05-25,completed,card
16613,1812,2024-05-16,completed,atm
16614,2278,2024-09-19,completed,card
16615,1016,2025-01-15,completed,atm
16616,2050,2024-02-27,completed,card
16617,708,2024-09-05,completed,card
16618,1667,2025-11-15,completed,atm
16619,1393,2024-02-29,completed,card
16620,749,2025-09-14,completed,card
16621,1446,2024-03-14,completed,atm
16622,750,2024-11-21,completed,card
16623,1108,2025-03-12,completed,wallet
16624,1194,2024-10-05,completed,card
16625,438,2024-10-31,completed,wallet
16626,1659,2025-09-06,completed,atm
16627,2365,2025-04-27,completed,cod
16628,2128,2025-01-30,completed,atm
16629,1144,2024-07-27,completed,atm
16630,2088,2024-01-06,cancelled,atm
16631,1341,2025-04-21,completed,wallet
16632,1493,2025-10-30,completed,atm
16633,2274,2025-11-11,completed,wallet
16634,2168,2024-03-25,completed,card
16635,846,2024-04-29,completed,wallet
16636,813,2025-07-15,completed,card
16637,1992,2024-10-22,completed,card
16638,1358,2024-01-10,completed,card
16639,647,2025-12-03,completed,card
16640,832,2024-07-30,completed,card
16641,2194,2024-12-01,completed,card
16642,2011,2025-08-12,completed,card
16643,2427,2025-06-24,completed,card
16644,386,2025-03-18,completed,wallet
16645,763,2025-04-06,completed,card
16646,2019,2024-07-05,completed,cod
16647,2106,2025-05-22,completed,atm
16648,767,2024-03-13,completed,cod
16649,138,2025-07-09,completed,atm
16650,1096,2025-09-20,completed,wallet
16651,920,2024-02-16,completed,wallet
16652,79,2024-08-15,completed,card
16653,1925,2025-06-08,completed,atm
16654,1481,2025-04-26,completed,card
16655,288,2025-12-14,completed,atm
16656,68,2025-08-04,completed,atm
16657,289,2024-01-19,completed,atm
16658,758,2024-07-02,completed,card
16659,965,2025-07-24,completed,atm
16660,864,2025-04-08,completed,card
16661,186,2025-07-07,completed,wallet
16662,441,2025-09-16,cancelled,wallet
16663,2294,2024-01-23,completed,card
16664,146,2025-10-03,completed,cod
16665,790,2024-05-21,completed,atm
16666,2035,2024-11-13,completed,wallet
16667,1860,2025-06-14,completed,wallet
16668,2101,2025-12-29,completed,wallet
16669,2370,2025-05-26,cancelled,card
16670,1643,2025-03-24,completed,cod
16671,1419,2025-02-04,completed,card
16672,451,2025-09-27,completed,atm
16673,2363,2024-08-26,completed,atm
16674,1027,2025-09-09,completed,atm
16675,1640,2025-03-16,completed,card
16676,1835,2025-03-29,completed,cod
16677,277,2025-03-09,completed,wallet
16678,2432,2025-12-13,completed,atm
16679,1161,2025-04-08,completed,card
16680,1255,2024-10-29,completed,wallet
16681,210,2024-04-29,completed,card
16682,269,2025-01-29,completed,atm
16683,227,2025-05-09,completed,card
16684,1360,2024-08-12,cancelled,wallet
16685,593,2025-04-20,completed,atm
16686,2208,2024-03-30,completed,card
16687,349,2025-04-14,completed,cod
16688,1994,2024-09-11,completed,atm
16689,1181,2024-11-18,completed,card
16690,878,2025-03-13,completed,card
16691,172,2024-06-03,refunded,atm
16692,1169,2025-01-23,completed,cod
16693,1042,2025-09-02,completed,atm
16694,2044,2024-09-16,completed,atm
16695,1581,2024-03-21,completed,wallet
16696,2234,2025-03-16,completed,cod
16697,516,2024-08-24,completed,card
16698,247,2024-03-16,completed,card
16699,2324,2025-12-17,completed,cod
16700,2167,2024-04-26,completed,cod
16701,2289,2025-10-27,completed,card
16702,1936,2025-04-10,completed,card
16703,2038,2024-05-19,completed,card
16704,240,2024-12-09,completed,card
16705,2269,2025-08-13,completed,atm
16706,1162,2025-05-26,completed,card
16707,793,2024-04-17,completed,atm
16708,1515,2024-08-04,completed,card
16709,2323,2025-09-29,refunded,card
16710,1564,2024-09-07,completed,cod
16711,1056,2025-02-19,completed,wallet
16712,110,2024-11-13,completed,atm
16713,2080,2025-07-07,completed,card
16714,2235,2024-07-23,completed,card
16715,578,2024-02-02,completed,card
16716,705,2024-06-06,completed,card
16717,745,2024-02-26,completed,card
16718,411,2024-11-29,cancelled,card
16719,1290,2025-02-24,completed,wallet
16720,267,2025-12-28,completed,card
16721,374,2025-01-27,completed,atm
16722,41,2024-06-18,completed,wallet
16723,2138,2025-04-11,completed,atm
16724,2410,2025-08-30,completed,card
16725,2045,2025-01-11,completed,wallet
16726,1392,2025-06-04,completed,card
16727,1492,2025-01-25,completed,cod
16728,163,2024-11-01,completed,card
16729,86,2024-04-26,completed,atm
16730,1839,2025-06-01,completed,atm
16731,1127,2024-11-05,completed,card
16732,1349,2024-07-24,completed,wallet
16733,2001,2024-12-03,completed,card
16734,1067,2024-10-10,completed,cod
16735,1360,2025-02-22,completed,card
16736,2445,2025-11-19,completed,card
16737,1953,2024-11-16,completed,atm
16738,2434,2024-06-14,completed,card
16739,1242,2024-04-14,completed,card
16740,1917,2025-01-25,completed,wallet
16741,1049,2025-03-04,refunded,wallet
16742,664,2024-09-28,completed,card
16743,740,2025-12-11,completed,atm
16744,1241,2025-07-16,completed,card
16745,190,2024-03-28,completed,wallet
16746,971,2025-10-04,cancelled,card
16747,2431,2025-06-26,completed,atm
16748,493,2024-06-09,completed,wallet
16749,2037,2025-04-09,completed,card
16750,2424,2024-07-20,completed,atm
16751,1923,2025-01-18,completed,atm
16752,232,2025-01-20,completed,card
16753,442,2025-12-03,completed,card
16754,1068,2024-10-11,completed,atm
16755,2071,2024-03-21,completed,wallet
16756,2474,2024-12-31,completed,atm
16757,1601,2025-05-17,completed,card
16758,2383,2024-12-29,completed,atm
16759,2257,2025-04-28,completed,card
16760,958,2025-05-15,completed,cod
16761,2159,2024-07-13,cancelled,card
16762,526,2025-01-25,completed,card
16763,84,2025-10-12,completed,atm
16764,1546,2024-11-03,completed,card
16765,519,2025-03-06,completed,card
16766,2279,2024-07-13,completed,card
16767,1804,2024-11-17,completed,atm
16768,2141,2024-04-07,completed,card
16769,325,2025-03-18,completed,cod
16770,1812,2025-01-13,completed,card
16771,182,2025-06-13,completed,card
16772,1195,2024-05-29,completed,wallet
16773,2242,2024-01-31,cancelled,card
16774,890,2025-04-19,cancelled,atm
16775,376,2024-06-02,completed,card
16776,1316,2025-03-11,completed,card
16777,97,2025-12-22,completed,atm
16778,1978,2025-01-01,completed,atm
16779,185,2024-04-11,completed,wallet
16780,17,2024-10-30,completed,card
16781,2272,2024-06-11,cancelled,atm
16782,1505,2025-11-05,completed,card
16783,2223,2025-11-13,completed,atm
16784,1748,2024-09-02,completed,card
16785,63,2024-05-14,completed,card
16786,1389,2025-05-25,refunded,atm
16787,434,2024-10-23,completed,card
16788,2377,2024-04-04,completed,card
16789,541,2025-11-13,completed,card
16790,184,2025-08-03,completed,card
16791,156,2024-02-28,completed,wallet
16792,559,2025-08-30,completed,card
16793,1567,2024-08-15,completed,wallet
16794,320,2024-01-05,cancelled,atm
16795,403,2024-12-07,completed,wallet
16796,338,2024-04-21,completed,wallet
16797,2237,2024-10-26,completed,card
16798,301,2025-01-31,cancelled,atm
16799,862,2024-02-22,completed,cod
16800,1172,2024-04-02,completed,card
16801,1274,2024-05-30,completed,card
16802,1063,2025-10-27,completed,cod
16803,2424,2025-06-23,completed,cod
16804,961,2024-04-21,completed,atm
16805,1695,2025-01-31,completed,cod
16806,1825,2025-09-22,completed,card
16807,602,2024-08-18,completed,card
16808,1065,2025-01-09,completed,wallet
16809,758,2024-04-21,completed,atm
16810,690,2024-12-29,completed,card
16811,418,2025-06-22,cancelled,card
16812,2414,2025-05-19,cancelled,card
16813,1890,2024-04-18,completed,card
16814,2335,2024-02-19,completed,card
16815,580,2024-05-09,completed,card
16816,2092,2025-09-08,completed,wallet
16817,122,2024-12-26,completed,atm
16818,1826,2024-03-12,completed,atm
16819,1817,2024-10-22,completed,atm
16820,193,2024-07-09,completed,card
16821,898,2025-04-24,completed,wallet
16822,1498,2025-02-09,completed,atm
16823,2037,2024-07-03,cancelled,card
16824,1569,2024-02-15,completed,atm
16825,1286,2024-11-18,completed,atm
16826,1016,2025-09-17,completed,atm
16827,2051,2025-12-18,completed,wallet
16828,1264,2025-09-17,completed,atm
16829,780,2025-09-15,completed,cod
16830,1033,2024-09-25,completed,card
16831,1229,2025-11-06,completed,card
16832,1445,2024-11-09,refunded,wallet
16833,44,2024-02-24,completed,card
16834,182,2025-05-14,completed,atm
16835,937,2024-06-18,completed,card
16836,1302,2024-01-28,completed,card
16837,1259,2024-04-23,completed,card
16838,1551,2024-11-23,completed,cod
16839,1295,2025-04-11,completed,atm
16840,1505,2025-08-02,completed,wallet
16841,2131,2025-10-26,completed,card
16842,625,2025-04-06,cancelled,atm
16843,179,2024-04-09,completed,atm
16844,210,2025-12-16,completed,wallet
16845,526,2024-08-24,completed,wallet
16846,224,2024-05-03,completed,card
16847,507,2024-05-30,completed,atm
16848,521,2025-07-22,completed,card
16849,1354,2025-10-18,completed,atm
16850,2174,2025-04-22,completed,card
16851,414,2024-01-19,completed,atm
16852,1807,2024-03-23,completed,card
16853,1953,2024-12-07,completed,atm
16854,1653,2024-12-22,cancelled,card
16855,1870,2025-08-10,completed,atm
16856,2370,2025-04-12,completed,card
16857,671,2024-03-27,completed,atm
16858,1876,2024-03-27,completed,atm
16859,379,2025-05-23,completed,atm
16860,1526,2025-06-17,completed,card
16861,2035,2025-05-26,completed,card
16862,678,2025-05-25,completed,wallet
16863,1690,2025-08-16,completed,atm
16864,2068,2025-10-29,completed,wallet
16865,455,2025-03-23,completed,cod
16866,1428,2024-07-23,completed,cod
16867,1893,2025-09-30,completed,card
16868,2313,2024-03-11,completed,cod
16869,1121,2024-12-03,completed,card
16870,567,2025-04-14,completed,atm
16871,1456,2024-10-26,completed,atm
16872,126,2025-11-19,completed,card
16873,914,2024-11-13,completed,card
16874,745,2024-11-30,completed,card
16875,2314,2025-01-19,completed,card
16876,1997,2024-01-27,completed,wallet
16877,778,2024-05-28,completed,card
16878,2186,2024-08-23,completed,wallet
16879,263,2024-05-15,completed,atm
16880,148,2025-10-08,completed,cod
16881,2488,2025-01-12,completed,cod
16882,1122,2025-01-13,completed,atm
16883,1190,2025-11-06,completed,atm
16884,950,2025-07-03,completed,card
16885,988,2024-12-30,completed,wallet
16886,1400,2024-06-26,completed,atm
16887,2497,2025-06-16,completed,atm
16888,104,2024-09-29,completed,card
16889,1502,2025-04-01,cancelled,card
16890,1389,2025-09-29,completed,card
16891,1353,2024-02-29,completed,card
16892,146,2025-06-13,completed,cod
16893,1180,2024-04-27,completed,card
16894,2304,2025-05-24,completed,card
16895,2099,2025-03-21,completed,wallet
16896,1643,2025-06-15,completed,card
16897,869,2025-04-06,completed,card
16898,1897,2024-11-15,completed,atm
16899,624,2024-10-11,completed,card
16900,1661,2024-10-30,completed,card
16901,537,2024-11-20,completed,card
16902,1753,2025-09-26,completed,atm
16903,1043,2025-08-17,cancelled,atm
16904,2292,2025-07-18,completed,card
16905,633,2025-08-23,completed,card
16906,735,2024-05-02,completed,atm
16907,972,2024-05-05,completed,atm
16908,118,2025-04-09,completed,cod
16909,1333,2025-09-03,completed,wallet
16910,2178,2024-05-15,completed,wallet
16911,751,2025-10-06,completed,card
16912,1350,2024-07-29,completed,card
16913,2431,2025-06-14,completed,cod
16914,330,2025-10-28,completed,card
16915,2479,2024-02-18,completed,card
16916,1887,2025-09-08,completed,card
16917,1103,2025-10-28,completed,wallet
16918,349,2025-11-29,completed,atm
16919,1250,2024-01-19,completed,card
16920,693,2024-01-29,completed,atm
16921,788,2025-10-22,completed,cod
16922,484,2025-03-13,completed,card
16923,605,2024-08-26,completed,card
16924,2433,2024-07-18,completed,atm
16925,1214,2024-08-25,completed,card
16926,1245,2024-04-23,completed,atm
16927,2141,2025-12-28,completed,wallet
16928,495,2025-06-10,completed,card
16929,263,2025-08-21,completed,card
16930,1524,2024-01-15,completed,card
16931,1764,2025-11-14,completed,card
16932,2246,2024-04-21,completed,card
16933,505,2024-07-21,completed,atm
16934,2275,2025-10-15,completed,card
16935,1715,2024-05-31,cancelled,card
16936,1706,2025-10-06,completed,card
16937,306,2025-11-28,completed,cod
16938,291,2024-02-01,completed,card
16939,2421,2025-03-05,completed,wallet
16940,1359,2025-12-13,completed,card
16941,405,2024-06-09,completed,card
16942,2220,2025-09-19,completed,wallet
16943,750,2025-01-01,completed,card
16944,415,2025-12-01,completed,cod
16945,862,2024-04-06,completed,card
16946,655,2025-09-19,completed,card
16947,894,2025-11-21,completed,card
16948,1564,2025-01-31,completed,card
16949,2493,2024-07-08,completed,card
16950,1104,2024-11-27,completed,atm
16951,128,2025-05-04,refunded,card
16952,2181,2024-11-24,completed,atm
16953,1422,2025-04-01,completed,atm
16954,1245,2025-08-30,completed,card
16955,1284,2025-10-22,completed,atm
16956,271,2024-05-24,completed,wallet
16957,52,2025-02-09,completed,atm
16958,2401,2024-02-21,completed,card
16959,1536,2025-04-08,cancelled,atm
16960,600,2025-05-16,completed,card
16961,2156,2025-10-11,completed,atm
16962,733,2025-04-23,completed,card
16963,2126,2024-08-08,completed,card
16964,2088,2024-10-18,completed,card
16965,878,2025-10-06,completed,card
16966,1868,2024-05-06,completed,wallet
16967,1291,2024-02-11,completed,wallet
16968,1205,2024-04-12,completed,atm
16969,1862,2025-11-03,completed,wallet
16970,2017,2024-08-27,completed,card
16971,1431,2024-07-28,completed,atm
16972,1277,2024-08-22,completed,card
16973,2040,2025-05-03,completed,card
16974,390,2024-03-10,completed,atm
16975,273,2025-03-26,completed,card
16976,697,2025-07-06,completed,atm
16977,1071,2025-03-28,completed,card
16978,1000,2025-06-14,completed,card
16979,1363,2025-10-07,completed,card
16980,1327,2025-10-26,completed,card
16981,2499,2025-11-13,completed,atm
16982,558,2024-05-15,refunded,card
16983,961,2024-02-11,completed,card
16984,2192,2024-02-26,completed,atm
16985,46,2024-11-23,completed,card
16986,1819,2024-03-24,completed,atm
16987,1648,2025-03-11,completed,atm
16988,2460,2024-01-07,completed,cod
16989,613,2024-11-19,completed,card
16990,785,2025-05-10,completed,atm
16991,2108,2024-04-04,completed,atm
16992,1356,2024-08-09,completed,card
16993,203,2024-12-18,completed,card
16994,493,2024-03-11,cancelled,atm
16995,290,2024-10-20,completed,card
16996,2496,2024-11-20,completed,wallet
16997,595,2024-05-26,completed,cod
16998,408,2024-04-11,completed,card
16999,1833,2024-07-20,completed,card
17000,229,2025-05-25,completed,cod
17001,803,2024-03-11,completed,wallet
17002,1930,2024-08-09,refunded,card
17003,1831,2025-01-31,completed,card
17004,77,2024-01-19,completed,card
17005,2399,2025-02-09,completed,cod
17006,179,2025-04-07,completed,wallet
17007,2043,2024-10-03,completed,atm
17008,2326,2024-10-06,completed,card
17009,1580,2025-10-06,completed,atm
17010,136,2024-09-27,completed,atm
17011,2379,2024-06-25,completed,card
17012,1235,2024-12-13,completed,atm
17013,1840,2024-06-25,completed,atm
17014,1604,2025-10-06,completed,atm
17015,1921,2024-03-20,completed,card
17016,1717,2025-05-12,completed,card
17017,518,2024-05-07,completed,card
17018,1859,2024-09-12,completed,card
17019,2036,2024-07-13,completed,cod
17020,623,2024-09-02,completed,cod
17021,1089,2024-12-20,cancelled,card
17022,1091,2025-08-16,completed,atm
17023,1381,2024-03-15,completed,card
17024,1194,2024-03-13,completed,card
17025,750,2024-01-08,completed,cod
17026,2318,2024-08-03,completed,card
17027,2059,2025-02-27,completed,card
17028,2268,2025-12-25,completed,card
17029,1998,2024-02-02,completed,atm
17030,1771,2025-12-13,completed,card
17031,1738,2025-04-13,completed,card
17032,110,2024-01-21,completed,atm
17033,1200,2025-07-11,completed,card
17034,1441,2024-06-04,completed,card
17035,1727,2025-09-15,completed,card
17036,1713,2024-05-19,completed,atm
17037,1772,2025-01-18,completed,card
17038,2012,2025-08-16,completed,card
17039,914,2024-12-24,completed,cod
17040,1786,2024-05-22,refunded,card
17041,1421,2024-04-27,completed,cod
17042,1571,2024-10-17,completed,atm
17043,1426,2024-03-31,completed,card
17044,651,2024-02-06,completed,card
17045,130,2024-02-01,completed,card
17046,343,2024-11-28,cancelled,cod
17047,1357,2025-09-30,completed,card
17048,940,2024-12-10,completed,card
17049,69,2024-03-26,completed,card
17050,1605,2024-06-17,completed,card
17051,100,2025-02-18,completed,cod
17052,1122,2025-03-02,completed,atm
17053,105,2024-11-08,completed,card
17054,900,2025-04-28,completed,card
17055,1804,2025-11-29,completed,wallet
17056,941,2025-02-13,completed,atm
17057,1150,2025-02-23,completed,wallet
17058,518,2025-07-26,completed,atm
17059,1547,2024-12-26,completed,card
17060,155,2024-07-22,cancelled,atm
17061,323,2024-06-11,completed,card
17062,928,2024-05-02,completed,atm
17063,927,2024-05-21,completed,card
17064,1553,2025-08-30,completed,card
17065,2276,2025-01-21,completed,card
17066,394,2024-11-14,completed,wallet
17067,142,2024-01-23,completed,atm
17068,428,2025-10-31,completed,card
17069,802,2025-10-21,completed,card
17070,77,2025-10-14,completed,card
17071,678,2024-01-14,completed,card
17072,1449,2025-07-24,completed,atm
17073,665,2025-08-16,completed,card
17074,2234,2025-06-11,completed,atm
17075,467,2025-02-16,completed,card
17076,60,2024-06-26,completed,card
17077,39,2025-09-17,completed,wallet
17078,1733,2025-12-31,completed,card
17079,1682,2024-07-03,completed,atm
17080,2321,2024-04-02,completed,card
17081,1932,2025-10-30,completed,atm
17082,184,2024-01-25,completed,wallet
17083,1043,2024-06-03,completed,wallet
17084,464,2025-11-14,completed,card
17085,460,2024-12-08,completed,card
17086,1113,2024-06-25,completed,cod
17087,1382,2024-06-29,cancelled,card
17088,1505,2025-01-23,completed,atm
17089,292,2024-02-21,completed,card
17090,813,2025-12-22,cancelled,atm
17091,263,2025-02-17,completed,card
17092,993,2024-03-30,completed,card
17093,1173,2025-06-06,completed,atm
17094,1456,2025-04-20,completed,card
17095,1184,2024-06-01,completed,atm
17096,2350,2024-03-12,completed,card
17097,1116,2025-11-06,completed,card
17098,2100,2025-04-17,completed,atm
17099,1271,2024-08-16,completed,card
17100,474,2024-04-22,completed,atm
17101,1716,2025-01-06,completed,card
17102,904,2025-06-28,completed,card
17103,157,2024-12-17,completed,cod
17104,1899,2024-04-10,cancelled,card
17105,134,2024-04-03,completed,card
17106,709,2025-03-02,completed,card
17107,2490,2025-09-02,completed,atm
17108,2289,2024-03-23,cancelled,card
17109,2051,2025-07-18,completed,card
17110,141,2025-05-11,completed,wallet
17111,531,2024-11-23,completed,cod
17112,1027,2025-06-25,completed,atm
17113,834,2025-08-03,completed,card
17114,250,2024-09-21,completed,atm
17115,1631,2025-11-25,refunded,card
17116,1781,2025-08-28,completed,cod
17117,1226,2025-01-06,completed,atm
17118,2445,2025-06-24,completed,card
17119,49,2024-01-12,completed,atm
17120,412,2024-08-15,completed,card
17121,2203,2025-02-05,completed,wallet
17122,597,2025-02-18,completed,card
17123,41,2024-11-20,completed,atm
17124,2274,2025-01-26,completed,card
17125,1433,2025-04-06,completed,card
17126,155,2025-07-11,completed,card
17127,1437,2025-09-27,completed,atm
17128,1415,2025-10-21,completed,card
17129,2410,2025-03-18,completed,card
17130,118,2025-07-13,refunded,card
17131,64,2025-08-04,completed,card
17132,1695,2024-04-09,completed,atm
17133,2051,2024-04-22,completed,card
17134,2485,2025-05-20,completed,atm
17135,204,2025-12-10,completed,card
17136,1710,2024-02-14,completed,card
17137,1967,2025-02-12,completed,atm
17138,2439,2025-07-23,completed,wallet
17139,131,2025-05-06,completed,cod
17140,2211,2025-05-10,completed,card
17141,490,2025-03-03,completed,atm
17142,740,2025-01-06,completed,card
17143,969,2024-11-13,completed,cod
17144,2494,2025-06-15,completed,wallet
17145,1442,2025-12-19,completed,atm
17146,1221,2025-10-23,completed,atm
17147,1331,2025-03-15,completed,cod
17148,1205,2025-10-19,completed,card
17149,1425,2024-03-23,completed,card
17150,1852,2025-05-15,completed,atm
17151,822,2025-04-02,completed,card
17152,1413,2024-07-29,completed,wallet
17153,21,2025-02-19,completed,wallet
17154,1787,2025-06-08,completed,card
17155,2325,2025-12-17,completed,card
17156,339,2024-03-31,completed,card
17157,2494,2025-12-27,completed,card
17158,2020,2025-12-22,completed,wallet
17159,2,2025-03-08,completed,atm
17160,1044,2025-12-20,completed,card
17161,178,2025-07-03,completed,cod
17162,1614,2025-12-13,completed,wallet
17163,1220,2024-10-23,completed,card
17164,2438,2024-05-07,completed,cod
17165,1324,2024-01-15,completed,card
17166,2311,2025-09-01,completed,card
17167,913,2024-04-26,completed,card
17168,1952,2025-09-11,completed,card
17169,1457,2024-07-22,completed,cod
17170,1315,2024-08-17,completed,card
17171,898,2025-12-02,completed,card
17172,80,2024-05-08,completed,cod
17173,661,2024-03-28,completed,card
17174,1651,2025-01-29,completed,cod
17175,2369,2025-03-11,completed,card
17176,1954,2025-04-14,cancelled,wallet
17177,1908,2025-12-16,completed,card
17178,2057,2025-07-16,completed,atm
17179,1392,2024-04-15,completed,wallet
17180,2092,2024-09-11,completed,card
17181,1864,2025-01-21,completed,card
17182,237,2024-05-25,completed,cod
17183,2014,2025-12-05,completed,atm
17184,1283,2025-11-29,completed,wallet
17185,1672,2025-10-15,completed,wallet
17186,50,2024-04-10,completed,cod
17187,2395,2024-10-05,completed,card
17188,107,2024-11-26,completed,card
17189,1540,2024-03-14,completed,card
17190,856,2025-06-11,cancelled,wallet
17191,1942,2025-06-13,completed,wallet
17192,1313,2024-04-29,completed,cod
17193,2323,2025-11-18,completed,card
17194,97,2024-11-21,completed,atm
17195,1436,2025-10-10,completed,atm
17196,1292,2025-04-08,cancelled,card
17197,2368,2024-06-28,completed,card
17198,717,2025-01-19,completed,card
17199,949,2024-04-07,refunded,card
17200,2483,2025-01-22,completed,card
17201,1962,2025-05-01,completed,card
17202,242,2024-01-27,completed,wallet
17203,934,2024-04-24,completed,card
17204,1581,2025-10-08,completed,wallet
17205,369,2024-10-25,completed,atm
17206,387,2025-01-02,completed,atm
17207,2319,2024-12-01,completed,card
17208,60,2024-08-19,completed,card
17209,1312,2024-02-17,completed,atm
17210,362,2025-05-25,completed,card
17211,79,2024-11-22,cancelled,wallet
17212,206,2025-02-23,completed,card
17213,2263,2025-10-26,completed,wallet
17214,1112,2024-11-12,completed,atm
17215,2039,2025-11-21,refunded,atm
17216,1298,2024-09-26,completed,card
17217,1555,2025-02-18,completed,card
17218,1368,2025-07-03,completed,card
17219,1774,2025-01-29,completed,card
17220,1019,2025-03-04,completed,card
17221,1020,2024-02-08,completed,atm
17222,1646,2025-04-07,completed,wallet
17223,1335,2024-11-02,completed,card
17224,2164,2024-01-14,completed,card
17225,644,2025-12-25,completed,cod
17226,1982,2024-03-09,completed,cod
17227,2208,2024-12-15,completed,card
17228,1903,2024-05-27,completed,atm
17229,551,2025-06-01,completed,card
17230,837,2025-11-18,completed,card
17231,1611,2024-12-31,completed,atm
17232,1993,2025-07-30,completed,card
17233,1676,2024-10-02,completed,atm
17234,826,2025-09-01,completed,atm
17235,1312,2024-08-08,completed,card
17236,1801,2025-09-29,cancelled,card
17237,1542,2024-11-13,completed,wallet
17238,2099,2024-07-08,completed,card
17239,618,2024-08-17,completed,card
17240,2149,2025-07-12,refunded,card
17241,1750,2024-11-10,completed,wallet
17242,144,2025-09-16,completed,card
17243,1146,2025-03-01,completed,card
17244,976,2024-07-28,cancelled,wallet
17245,139,2024-12-09,completed,card
17246,420,2024-12-30,completed,card
17247,1770,2024-01-28,completed,card
17248,2344,2024-06-03,completed,wallet
17249,492,2024-05-15,refunded,card
17250,658,2025-07-19,completed,wallet
17251,1402,2024-07-10,completed,card
17252,2245,2024-03-11,completed,card
17253,2458,2024-03-24,completed,card
17254,1964,2025-09-21,completed,card
17255,1181,2024-06-28,completed,cod
17256,1390,2024-11-03,completed,wallet
17257,2446,2024-03-16,completed,card
17258,1721,2025-06-17,completed,card
17259,321,2025-04-11,completed,wallet
17260,280,2024-11-06,completed,cod
17261,591,2025-11-17,completed,card
17262,806,2024-08-14,completed,atm
17263,2171,2024-03-21,completed,atm
17264,2255,2024-11-14,completed,wallet
17265,244,2025-09-21,completed,cod
17266,343,2025-12-13,completed,card
17267,934,2024-10-19,completed,card
17268,568,2024-10-03,completed,cod
17269,405,2024-03-05,completed,atm
17270,6,2025-05-16,completed,cod
17271,1468,2025-10-26,completed,card
17272,1825,2025-05-14,completed,atm
17273,1025,2025-03-18,completed,atm
17274,569,2025-01-17,completed,wallet
17275,2319,2025-07-11,completed,card
17276,1880,2025-08-10,completed,atm
17277,2098,2024-11-30,completed,card
17278,2215,2024-02-20,completed,atm
17279,504,2024-11-13,completed,cod
17280,1198,2025-12-02,completed,card
17281,619,2025-11-26,completed,card
17282,1642,2025-09-30,completed,card
17283,2388,2025-11-14,completed,cod
17284,1407,2025-01-25,completed,card
17285,1005,2025-12-07,completed,wallet
17286,610,2025-02-15,completed,atm
17287,2395,2025-10-14,completed,card
17288,464,2025-01-15,completed,card
17289,1824,2024-10-07,completed,card
17290,1499,2024-06-14,completed,wallet
17291,2135,2025-05-08,cancelled,card
17292,2493,2025-02-27,completed,wallet
17293,1156,2024-08-07,completed,atm
17294,1486,2025-12-27,refunded,cod
17295,2311,2025-03-23,completed,card
17296,2150,2025-08-19,completed,card
17297,914,2024-05-23,completed,atm
17298,1493,2025-05-09,completed,card
17299,1393,2024-12-30,completed,atm
17300,434,2025-06-27,completed,card
17301,286,2024-01-12,completed,atm
17302,1214,2025-01-06,completed,atm
17303,2315,2025-03-29,completed,card
17304,1299,2024-01-26,completed,card
17305,1518,2024-06-14,completed,atm
17306,846,2025-03-07,completed,card
17307,2075,2025-11-08,completed,card
17308,214,2024-04-23,completed,wallet
17309,739,2024-03-24,completed,card
17310,2227,2025-11-08,completed,card
17311,909,2025-11-18,completed,wallet
17312,2366,2024-06-12,completed,wallet
17313,138,2024-07-11,completed,card
17314,1973,2024-05-25,cancelled,card
17315,1576,2024-09-19,completed,atm
17316,1755,2024-01-08,completed,atm
17317,116,2024-09-16,completed,wallet
17318,1096,2024-09-23,completed,atm
17319,1444,2025-01-24,completed,atm
17320,1760,2025-04-24,completed,wallet
17321,2175,2025-08-29,refunded,card
17322,759,2025-08-30,completed,card
17323,2026,2024-07-25,completed,card
17324,1314,2024-01-09,completed,card
17325,1373,2024-09-15,completed,card
17326,1150,2025-08-12,completed,atm
17327,911,2024-01-17,cancelled,card
17328,740,2025-08-03,completed,wallet
17329,466,2024-05-26,completed,wallet
17330,890,2025-03-23,completed,wallet
17331,1636,2024-10-21,completed,cod
17332,2112,2025-11-18,completed,wallet
17333,777,2024-11-07,completed,cod
17334,2022,2024-07-31,refunded,card
17335,1215,2024-11-02,completed,card
17336,2323,2024-08-03,completed,card
17337,1212,2025-02-19,completed,wallet
17338,309,2024-10-04,completed,cod
17339,1305,2025-01-14,refunded,card
17340,1290,2025-09-06,completed,atm
17341,414,2024-04-22,completed,cod
17342,283,2025-02-04,refunded,atm
17343,1815,2024-07-11,completed,card
17344,2109,2024-09-18,cancelled,card
17345,1825,2024-03-20,completed,cod
17346,442,2025-02-04,completed,card
17347,3,2025-03-01,completed,card
17348,1044,2025-02-11,completed,card
17349,288,2024-03-27,completed,wallet
17350,1276,2024-04-03,cancelled,card
17351,594,2024-09-14,completed,atm
17352,2114,2025-08-06,completed,wallet
17353,1727,2024-07-29,completed,atm
17354,770,2024-01-08,completed,card
17355,2357,2024-08-11,cancelled,card
17356,193,2024-03-03,cancelled,card
17357,2431,2025-08-22,completed,atm
17358,2069,2024-04-02,completed,card
17359,799,2024-08-15,completed,wallet
17360,1901,2024-09-17,completed,atm
17361,1271,2024-07-24,completed,atm
17362,1070,2025-08-29,completed,atm
17363,375,2024-09-29,completed,atm
17364,1085,2025-02-04,completed,atm
17365,919,2025-11-12,completed,atm
17366,90,2024-11-05,completed,atm
17367,408,2025-04-27,completed,card
17368,937,2025-11-01,completed,card
17369,422,2025-08-07,cancelled,wallet
17370,1151,2024-09-18,completed,cod
17371,297,2025-07-22,completed,wallet
17372,2480,2024-06-10,completed,wallet
17373,667,2025-04-05,completed,atm
17374,444,2025-12-18,completed,card
17375,1029,2025-10-30,cancelled,card
17376,1382,2024-05-18,completed,card
17377,2355,2024-02-07,completed,atm
17378,1543,2025-03-11,completed,card
17379,190,2025-12-31,completed,card
17380,898,2025-08-15,completed,card
17381,1203,2025-09-07,completed,atm
17382,271,2024-02-03,refunded,atm
17383,1016,2024-09-25,completed,atm
17384,1612,2024-10-06,cancelled,card
17385,1680,2024-07-14,completed,atm
17386,1848,2024-10-16,completed,cod
17387,183,2024-04-11,completed,atm
17388,2265,2025-09-04,completed,cod
17389,63,2025-04-26,completed,wallet
17390,1594,2024-03-24,completed,atm
17391,1558,2025-04-16,completed,card
17392,361,2024-12-23,completed,card
17393,753,2024-09-30,completed,wallet
17394,1460,2024-06-14,completed,card
17395,2138,2024-02-04,completed,card
17396,1559,2024-08-04,completed,card
17397,485,2025-06-24,completed,wallet
17398,2060,2025-10-04,completed,card
17399,2283,2025-06-03,completed,wallet
17400,708,2024-07-06,completed,card
17401,1172,2025-05-25,completed,card
17402,1011,2024-07-13,completed,card
17403,2369,2025-11-02,completed,card
17404,720,2025-04-14,completed,card
17405,1978,2025-08-19,completed,card
17406,40,2024-03-04,completed,atm
17407,1577,2025-07-12,completed,card
17408,348,2024-10-18,completed,atm
17409,566,2025-05-19,completed,wallet
17410,1941,2025-01-21,completed,card
17411,1417,2025-06-17,completed,card
17412,281,2024-05-01,refunded,card
17413,1816,2024-11-14,completed,card
17414,1624,2024-08-08,completed,atm
17415,1615,2025-07-01,completed,card
17416,1092,2025-08-08,completed,wallet
17417,2493,2025-01-23,completed,card
17418,200,2024-09-27,completed,wallet
17419,2008,2025-06-12,completed,card
17420,2097,2024-08-23,completed,atm
17421,289,2025-04-12,completed,card
17422,415,2024-08-09,completed,atm
17423,2419,2024-08-16,completed,card
17424,1930,2025-09-29,completed,card
17425,235,2024-12-29,completed,atm
17426,1487,2025-10-05,refunded,card
17427,2109,2025-01-18,cancelled,wallet
17428,2290,2024-05-30,completed,card
17429,1186,2025-03-14,completed,cod
17430,1276,2024-05-25,completed,card
17431,1008,2024-03-22,completed,card
17432,2177,2025-04-16,completed,wallet
17433,1377,2024-11-01,completed,wallet
17434,1985,2024-01-25,completed,cod
17435,1195,2025-03-31,completed,atm
17436,934,2025-05-13,completed,wallet
17437,282,2024-10-19,completed,card
17438,1645,2024-08-24,completed,card
17439,1556,2025-11-05,completed,card
17440,1083,2025-05-17,completed,atm
17441,2399,2024-05-03,completed,atm
17442,2419,2025-04-16,completed,cod
17443,1012,2024-01-13,completed,cod
17444,1559,2025-05-25,completed,card
17445,430,2024-12-01,completed,atm
17446,313,2024-02-25,completed,card
17447,965,2025-03-18,completed,card
17448,1900,2024-12-16,completed,card
17449,1848,2024-10-05,completed,card
17450,2186,2025-05-07,completed,wallet
17451,183,2024-06-24,completed,card
17452,735,2025-02-13,completed,wallet
17453,772,2024-04-05,completed,atm
17454,72,2025-09-06,completed,card
17455,743,2024-03-30,completed,card
17456,652,2025-05-07,completed,atm
17457,1644,2025-07-30,completed,wallet
17458,68,2024-08-04,completed,card
17459,735,2025-07-04,completed,wallet
17460,294,2025-06-07,completed,card
17461,1044,2024-03-11,completed,card
17462,325,2025-12-25,completed,card
17463,387,2024-05-03,completed,card
17464,2173,2024-06-08,completed,card
17465,2252,2025-11-11,completed,atm
17466,1819,2025-09-23,completed,card
17467,1397,2024-11-22,completed,wallet
17468,2489,2024-10-31,completed,card
17469,1427,2025-05-11,completed,card
17470,2226,2025-10-16,completed,atm
17471,579,2025-01-06,completed,card
17472,1603,2024-05-24,completed,card
17473,642,2024-09-07,cancelled,card
17474,501,2025-10-03,completed,atm
17475,1882,2024-10-28,completed,cod
17476,862,2025-04-01,completed,wallet
17477,2424,2025-01-07,completed,card
17478,69,2025-12-27,completed,card
17479,1366,2024-10-12,completed,card
17480,1782,2024-01-15,completed,wallet
17481,959,2024-11-14,completed,card
17482,1393,2024-12-29,completed,wallet
17483,327,2025-11-06,completed,cod
17484,2262,2024-05-04,completed,card
17485,1323,2024-06-04,completed,atm
17486,138,2024-12-03,completed,card
17487,1822,2025-07-15,cancelled,cod
17488,241,2024-05-09,completed,card
17489,1947,2025-10-06,completed,atm
17490,854,2024-08-31,cancelled,card
17491,1359,2025-04-08,completed,cod
17492,1417,2024-01-16,completed,card
17493,616,2024-03-02,completed,card
17494,640,2025-12-19,completed,card
17495,2485,2024-01-23,completed,cod
17496,2222,2025-05-29,completed,atm
17497,292,2024-01-24,completed,card
17498,1469,2024-10-11,completed,card
17499,2344,2025-01-18,completed,atm
17500,1719,2024-03-23,completed,atm
17501,1631,2025-11-14,completed,wallet
17502,1183,2025-09-07,completed,wallet
17503,1118,2024-06-22,completed,card
17504,1481,2025-10-26,completed,card
17505,1663,2025-04-17,completed,atm
17506,2208,2024-07-07,completed,card
17507,1593,2024-03-30,refunded,cod
17508,2252,2025-10-10,completed,card
17509,443,2024-11-08,completed,atm
17510,1533,2025-06-16,completed,atm
17511,2063,2024-11-17,completed,card
17512,2394,2025-04-22,completed,card
17513,1798,2024-02-16,completed,atm
17514,1511,2025-12-25,completed,atm
17515,2421,2025-04-09,completed,atm
17516,764,2025-10-23,completed,cod
17517,1491,2025-06-14,completed,card
17518,953,2025-11-02,completed,atm
17519,483,2024-11-06,completed,wallet
17520,2035,2025-03-04,completed,card
17521,1712,2024-08-27,completed,card
17522,2212,2025-12-09,completed,card
17523,584,2025-08-28,completed,card
17524,929,2024-04-09,completed,atm
17525,2251,2024-09-23,completed,card
17526,2264,2024-02-11,completed,card
17527,1970,2024-06-29,completed,wallet
17528,2109,2024-08-07,completed,card
17529,2217,2025-02-14,completed,wallet
17530,1925,2025-12-20,completed,atm
17531,2412,2024-04-26,completed,card
17532,167,2024-06-13,completed,wallet
17533,1478,2025-06-14,completed,card
17534,396,2024-10-21,completed,wallet
17535,1263,2024-11-24,completed,card
17536,1592,2025-03-10,completed,atm
17537,2217,2025-07-21,completed,wallet
17538,1171,2025-09-20,completed,card
17539,732,2024-06-23,completed,card
17540,1278,2024-03-05,completed,card
17541,1877,2025-04-05,completed,card
17542,1786,2024-04-27,completed,card
17543,682,2025-09-12,cancelled,card
17544,1858,2025-04-12,completed,card
17545,1243,2025-01-31,completed,card
17546,797,2025-06-05,completed,atm
17547,1245,2025-10-12,completed,atm
17548,720,2024-07-07,completed,wallet
17549,2339,2024-09-02,completed,card
17550,2339,2024-03-25,completed,card
17551,2272,2025-08-30,completed,card
17552,341,2025-10-07,completed,cod
17553,122,2024-03-08,completed,card
17554,2430,2024-01-28,completed,card
17555,2409,2025-01-24,completed,wallet
17556,667,2025-01-04,completed,card
17557,1306,2024-03-01,completed,atm
17558,806,2024-11-06,completed,wallet
17559,414,2024-07-23,completed,card
17560,2091,2024-12-24,completed,card
17561,2193,2025-07-15,completed,card
17562,853,2024-11-10,completed,card
17563,132,2024-11-10,completed,card
17564,1452,2024-02-14,completed,card
17565,529,2024-06-26,completed,atm
17566,2087,2024-05-07,completed,card
17567,2273,2024-11-22,completed,card
17568,2191,2025-03-20,completed,card
17569,1463,2025-09-02,completed,cod
17570,1092,2024-10-11,completed,card
17571,1691,2025-02-19,completed,card
17572,822,2024-01-07,cancelled,atm
17573,2430,2024-01-02,refunded,atm
17574,1566,2024-02-15,completed,card
17575,1937,2024-10-02,completed,atm
17576,2479,2025-12-27,completed,card
17577,1486,2024-11-15,completed,atm
17578,131,2025-10-30,completed,cod
17579,419,2025-08-11,completed,atm
17580,377,2025-02-16,completed,card
17581,723,2025-12-31,completed,wallet
17582,1302,2024-03-29,completed,card
17583,2243,2025-04-12,completed,card
17584,112,2024-09-18,completed,card
17585,485,2024-04-03,completed,wallet
17586,653,2024-04-30,completed,atm
17587,1405,2024-08-24,completed,atm
17588,1790,2024-09-27,completed,atm
17589,1353,2024-09-26,completed,card
17590,912,2024-07-01,completed,card
17591,1285,2024-05-06,completed,atm
17592,364,2025-12-07,completed,card
17593,2292,2025-10-17,completed,atm
17594,2052,2025-02-28,completed,atm
17595,2431,2024-12-06,completed,card
17596,1839,2024-04-20,completed,card
17597,1880,2024-01-10,completed,wallet
17598,2340,2025-04-19,completed,card
17599,971,2024-04-13,completed,wallet
17600,710,2025-06-06,completed,wallet
17601,429,2025-06-11,completed,card
17602,2388,2025-01-12,completed,cod
17603,1282,2025-10-07,completed,card
17604,2478,2024-07-21,completed,card
17605,319,2025-06-18,cancelled,cod
17606,2437,2024-06-22,completed,atm
17607,1683,2024-01-31,completed,cod
17608,462,2025-12-22,completed,wallet
17609,29,2025-02-17,completed,cod
17610,2064,2024-05-10,completed,cod
17611,209,2025-02-28,completed,card
17612,594,2024-12-28,refunded,card
17613,2479,2024-07-01,completed,card
17614,2404,2025-09-04,completed,card
17615,1035,2025-02-21,completed,card
17616,1141,2024-01-08,completed,atm
17617,1812,2024-08-15,completed,card
17618,2126,2025-10-31,completed,card
17619,1743,2025-12-31,completed,card
17620,1970,2025-07-09,completed,cod
17621,1875,2024-11-22,completed,card
17622,685,2024-05-31,completed,atm
17623,959,2024-04-01,completed,card
17624,2450,2024-06-02,completed,card
17625,1648,2024-10-18,completed,card
17626,1270,2025-04-22,completed,card
17627,2141,2024-01-03,completed,card
17628,283,2025-05-08,completed,card
17629,18,2024-09-10,completed,atm
17630,1523,2025-02-04,completed,card
17631,1210,2024-05-23,completed,card
17632,13,2025-05-03,completed,card
17633,55,2024-10-14,cancelled,atm
17634,1302,2025-02-13,completed,card
17635,317,2025-07-10,refunded,atm
17636,1529,2024-09-27,completed,cod
17637,1600,2024-11-23,cancelled,atm
17638,756,2025-08-30,completed,atm
17639,1577,2024-04-22,completed,card
17640,128,2024-10-31,completed,card
17641,439,2025-11-29,completed,card
17642,21,2024-04-29,completed,card
17643,1385,2024-12-09,completed,card
17644,412,2025-06-17,completed,card
17645,1205,2025-03-04,completed,atm
17646,1376,2025-10-27,completed,wallet
17647,653,2025-07-29,completed,card
17648,859,2024-04-06,completed,wallet
17649,2220,2025-05-01,completed,wallet
17650,446,2024-05-06,completed,card
17651,2326,2024-03-02,completed,card
17652,2423,2024-11-12,completed,atm
17653,1380,2024-01-20,completed,card
17654,1460,2025-06-29,completed,atm
17655,2079,2025-06-26,completed,card
17656,2421,2025-03-19,completed,card
17657,1486,2025-12-12,completed,card
17658,2242,2025-10-03,cancelled,atm
17659,927,2025-10-08,refunded,card
17660,2040,2025-03-18,completed,card
17661,1333,2024-09-02,completed,card
17662,77,2025-06-27,completed,wallet
17663,2047,2025-03-17,completed,atm
17664,1615,2024-02-15,completed,card
17665,519,2025-10-28,completed,atm
17666,1718,2024-05-22,completed,card
17667,479,2024-10-01,completed,atm
17668,1471,2025-05-16,completed,card
17669,184,2025-09-10,completed,atm
17670,1278,2025-05-29,completed,card
17671,1879,2025-09-24,completed,card
17672,112,2024-03-03,completed,card
17673,1588,2025-01-04,completed,card
17674,1468,2024-03-10,completed,wallet
17675,1834,2024-04-27,completed,cod
17676,2057,2024-12-01,completed,wallet
17677,2018,2024-01-28,completed,atm
17678,2474,2024-12-17,completed,atm
17679,2026,2024-06-17,completed,cod
17680,2292,2025-09-10,completed,atm
17681,1622,2025-05-03,completed,card
17682,696,2025-01-19,completed,card
17683,1064,2025-05-10,completed,card
17684,986,2024-03-30,refunded,card
17685,316,2024-07-19,completed,atm
17686,365,2025-11-03,completed,card
17687,505,2025-09-05,completed,atm
17688,2318,2025-05-05,completed,card
17689,1569,2024-10-09,completed,wallet
17690,121,2025-01-02,completed,card
17691,2050,2024-03-22,completed,card
17692,1646,2024-04-18,completed,wallet
17693,1901,2024-04-01,completed,atm
17694,2102,2024-10-26,completed,card
17695,2031,2024-06-27,completed,card
17696,2272,2025-05-20,cancelled,card
17697,1070,2025-10-12,completed,card
17698,2003,2024-05-09,completed,cod
17699,1483,2024-09-16,completed,atm
17700,2460,2024-06-08,completed,atm
17701,2085,2025-10-13,completed,card
17702,2096,2024-06-16,completed,card
17703,944,2025-03-10,refunded,atm
17704,2212,2024-03-27,completed,card
17705,1715,2025-10-15,completed,card
17706,2405,2025-11-12,completed,card
17707,844,2025-03-10,completed,atm
17708,258,2025-01-05,completed,card
17709,1476,2024-09-06,completed,cod
17710,13,2025-07-15,completed,card
17711,84,2024-08-14,cancelled,card
17712,866,2025-12-28,cancelled,card
17713,1625,2024-03-24,completed,wallet
17714,1820,2024-02-11,completed,atm
17715,738,2024-01-11,completed,wallet
17716,1802,2024-09-16,completed,atm
17717,1098,2024-03-16,completed,cod
17718,1739,2024-06-30,completed,card
17719,1623,2025-05-02,completed,atm
17720,614,2025-07-05,completed,card
17721,687,2024-03-13,completed,card
17722,1057,2025-12-12,completed,atm
17723,1494,2025-12-10,completed,card
17724,556,2025-10-20,completed,card
17725,1794,2025-06-02,completed,card
17726,1939,2024-03-10,completed,atm
17727,799,2024-02-03,completed,card
17728,1846,2025-09-11,completed,card
17729,2370,2025-06-07,completed,card
17730,599,2025-07-14,completed,card
17731,1290,2025-09-02,completed,card
17732,309,2024-11-23,completed,card
17733,387,2024-02-12,completed,card
17734,568,2025-09-29,completed,cod
17735,500,2024-08-05,completed,card
17736,158,2024-11-06,completed,card
17737,1683,2024-12-15,completed,wallet
17738,1382,2025-07-08,completed,card
17739,1483,2025-01-09,completed,atm
17740,2048,2025-07-03,completed,atm
17741,1802,2025-07-30,completed,card
17742,33,2025-11-25,completed,cod
17743,497,2024-12-05,completed,wallet
17744,1847,2024-04-11,cancelled,card
17745,2262,2025-12-10,completed,card
17746,414,2024-08-12,completed,atm
17747,1838,2024-06-10,completed,card
17748,99,2025-06-04,completed,atm
17749,995,2025-07-30,completed,atm
17750,372,2024-02-20,completed,atm
17751,2117,2025-06-30,completed,atm
17752,219,2025-05-16,completed,cod
17753,292,2025-10-31,completed,wallet
17754,1842,2025-01-07,completed,atm
17755,1838,2024-08-21,completed,atm
17756,2195,2024-05-17,completed,card
17757,2297,2025-11-27,completed,wallet
17758,2130,2025-10-06,completed,atm
17759,1340,2025-05-21,completed,card
17760,2150,2025-03-19,completed,wallet
17761,2021,2024-03-22,completed,atm
17762,1996,2024-06-03,completed,card
17763,433,2024-05-17,completed,cod
17764,435,2025-05-03,completed,card
17765,1979,2024-02-22,completed,atm
17766,882,2025-02-20,completed,wallet
17767,1431,2024-07-31,completed,card
17768,1840,2025-06-27,completed,atm
17769,2084,2025-12-10,completed,card
17770,610,2025-02-16,completed,card
17771,1068,2024-09-06,completed,card
17772,2262,2024-01-09,completed,atm
17773,736,2024-05-13,completed,card
17774,673,2024-10-04,completed,card
17775,1122,2025-12-30,completed,card
17776,833,2024-07-28,completed,wallet
17777,1008,2025-04-16,completed,cod
17778,2442,2024-04-22,completed,atm
17779,825,2024-07-12,cancelled,atm
17780,1453,2024-05-27,completed,card
17781,677,2025-11-11,completed,cod
17782,1826,2025-05-10,completed,card
17783,2250,2024-01-14,completed,card
17784,2060,2024-12-30,completed,cod
17785,2163,2025-09-09,completed,card
17786,1467,2024-10-04,completed,card
17787,1067,2024-08-09,completed,card
17788,2363,2024-11-23,completed,card
17789,1492,2025-01-16,completed,wallet
17790,2008,2024-11-21,cancelled,wallet
17791,2179,2024-05-16,refunded,cod
17792,1997,2024-10-16,completed,card
17793,677,2025-02-06,completed,atm
17794,718,2024-03-20,completed,card
17795,2218,2024-10-16,completed,card
17796,2039,2025-02-05,completed,atm
17797,2031,2024-10-11,completed,cod
17798,1291,2025-12-20,completed,card
17799,1105,2025-11-26,completed,card
17800,1606,2025-03-21,completed,card
17801,856,2024-07-10,completed,cod
17802,901,2024-01-25,completed,wallet
17803,167,2024-10-09,completed,cod
17804,799,2024-08-13,completed,atm
17805,1359,2024-07-11,completed,card
17806,2366,2025-06-06,completed,card
17807,935,2024-03-08,completed,wallet
17808,1200,2024-11-21,completed,card
17809,1366,2025-12-03,completed,atm
17810,657,2024-02-06,completed,atm
17811,1826,2025-09-25,completed,card
17812,2279,2025-12-05,completed,card
17813,595,2025-12-15,completed,card
17814,693,2024-12-03,completed,card
17815,1962,2025-07-23,completed,card
17816,2292,2025-02-01,completed,cod
17817,462,2024-06-10,completed,atm
17818,1606,2025-05-14,completed,atm
17819,980,2025-04-13,completed,wallet
17820,2324,2024-02-27,completed,card
17821,99,2025-01-05,completed,card
17822,2182,2024-04-08,completed,card
17823,674,2025-12-10,completed,card
17824,1814,2025-05-30,completed,card
17825,2287,2024-08-25,completed,atm
17826,183,2025-05-16,completed,atm
17827,1622,2025-07-17,completed,card
17828,2205,2025-08-26,completed,card
17829,15,2024-07-07,completed,card
17830,2135,2025-09-14,completed,wallet
17831,688,2025-02-11,refunded,card
17832,1784,2025-10-16,completed,card
17833,2252,2025-01-13,completed,card
17834,1396,2024-09-13,completed,card
17835,1948,2024-03-03,completed,card
17836,636,2025-07-28,completed,wallet
17837,2240,2024-04-23,completed,card
17838,2270,2025-06-14,completed,card
17839,188,2024-08-16,completed,card
17840,1891,2024-02-15,completed,atm
17841,1560,2025-05-27,completed,atm
17842,2397,2024-11-11,completed,card
17843,1896,2025-03-09,completed,card
17844,1339,2024-02-03,completed,wallet
17845,2088,2024-09-27,completed,wallet
17846,473,2024-01-21,completed,atm
17847,1016,2025-11-23,completed,wallet
17848,639,2024-05-12,completed,wallet
17849,607,2025-12-05,completed,wallet
17850,1359,2025-02-02,completed,wallet
17851,1085,2024-04-08,completed,card
17852,1297,2024-10-31,completed,card
17853,2462,2024-04-07,completed,card
17854,1025,2025-05-10,completed,card
17855,2085,2024-12-17,completed,card
17856,382,2024-07-29,completed,card
17857,14,2024-05-26,completed,atm
17858,533,2025-08-31,completed,wallet
17859,2006,2024-02-01,completed,atm
17860,1491,2025-12-13,completed,card
17861,2122,2024-02-26,cancelled,wallet
17862,1446,2025-08-07,completed,cod
17863,8,2025-08-12,completed,card
17864,1639,2024-04-09,completed,atm
17865,68,2024-08-17,completed,card
17866,1513,2024-06-08,completed,atm
17867,476,2025-05-23,completed,card
17868,1177,2025-12-15,completed,card
17869,845,2024-12-04,completed,card
17870,1007,2024-06-05,completed,card
17871,561,2025-02-12,completed,atm
17872,319,2025-12-28,completed,atm
17873,472,2025-02-17,completed,card
17874,1427,2025-12-08,completed,card
17875,1054,2025-05-04,completed,card
17876,827,2025-01-17,completed,atm
17877,2230,2024-09-05,completed,card
17878,1034,2024-05-23,completed,card
17879,2149,2025-10-25,completed,card
17880,725,2024-12-06,completed,atm
17881,1712,2024-02-16,completed,atm
17882,108,2025-08-09,completed,card
17883,2193,2024-12-19,completed,cod
17884,647,2024-09-03,completed,card
17885,1084,2024-02-20,completed,atm
17886,1467,2025-04-06,completed,atm
17887,1301,2025-08-23,completed,card
17888,1544,2024-08-17,completed,wallet
17889,303,2025-03-21,completed,card
17890,1470,2024-10-08,completed,atm
17891,1885,2024-07-08,completed,cod
17892,734,2025-12-04,completed,wallet
17893,1432,2024-03-28,completed,wallet
17894,1051,2025-11-12,completed,wallet
17895,2217,2024-08-21,completed,atm
17896,1459,2025-06-12,completed,card
17897,1759,2025-03-24,completed,atm
17898,398,2024-07-22,completed,card
17899,1484,2024-06-12,completed,card
17900,194,2024-04-16,completed,cod
17901,331,2024-02-19,completed,atm
17902,567,2024-04-27,completed,wallet
17903,1495,2024-09-28,cancelled,atm
17904,2298,2024-01-16,cancelled,cod
17905,573,2025-03-06,completed,card
17906,608,2025-06-20,completed,atm
17907,1129,2025-11-27,completed,atm
17908,979,2024-06-22,completed,card
17909,1590,2025-05-23,completed,card
17910,718,2025-09-05,completed,card
17911,1681,2024-05-02,completed,cod
17912,1189,2024-10-02,completed,wallet
17913,2411,2024-08-06,completed,card
17914,547,2024-10-14,completed,card
17915,1892,2024-04-29,completed,atm
17916,385,2024-08-06,completed,wallet
17917,1235,2024-12-13,completed,card
17918,350,2025-06-23,completed,card
17919,351,2024-03-13,completed,card
17920,652,2025-05-16,completed,atm
17921,1436,2025-08-24,completed,card
17922,71,2025-07-01,completed,atm
17923,1947,2024-05-05,completed,cod
17924,1170,2025-01-18,completed,atm
17925,33,2024-12-24,completed,card
17926,2002,2025-06-13,completed,card
17927,1671,2024-03-31,completed,atm
17928,2356,2025-09-20,completed,wallet
17929,2112,2025-06-13,completed,wallet
17930,2124,2025-04-10,completed,atm
17931,1845,2025-03-12,completed,card
17932,80,2025-07-10,completed,card
17933,1775,2025-10-29,completed,card
17934,1965,2024-10-16,completed,wallet
17935,197,2024-01-16,completed,card
17936,2360,2025-06-16,completed,card
17937,235,2025-10-01,completed,atm
17938,1694,2025-02-05,completed,atm
17939,493,2025-11-19,completed,card
17940,455,2024-03-19,completed,wallet
17941,2372,2025-11-28,completed,card
17942,278,2024-09-22,completed,atm
17943,1763,2025-11-07,completed,card
17944,2497,2024-05-06,completed,atm
17945,3,2024-09-04,completed,wallet
17946,1864,2025-06-04,completed,card
17947,1975,2025-04-23,completed,wallet
17948,151,2025-02-20,completed,card
17949,2087,2025-03-10,completed,card
17950,2015,2024-10-01,completed,card
17951,1704,2025-10-05,completed,card
17952,2196,2024-08-04,completed,card
17953,2079,2024-11-04,completed,card
17954,233,2025-09-09,completed,card
17955,1914,2025-06-16,completed,atm
17956,1994,2025-11-17,completed,card
17957,66,2024-11-11,completed,wallet
17958,1294,2024-11-10,completed,card
17959,2448,2025-04-09,completed,card
17960,1539,2025-11-12,completed,wallet
17961,47,2025-07-01,completed,wallet
17962,1362,2025-09-08,completed,wallet
17963,1035,2024-12-28,completed,atm
17964,1828,2025-02-26,completed,card
17965,1141,2025-06-06,completed,card
17966,2493,2025-10-16,completed,card
17967,2103,2025-02-04,completed,atm
17968,1432,2025-03-13,refunded,card
17969,524,2025-01-05,completed,card
17970,1236,2024-10-10,completed,atm
17971,2389,2025-04-01,cancelled,card
17972,433,2024-08-15,completed,card
17973,872,2024-01-13,completed,cod
17974,533,2024-05-31,completed,card
17975,1940,2025-04-28,completed,atm
17976,2440,2025-04-20,completed,atm
17977,2258,2025-10-30,completed,atm
17978,2167,2024-05-07,completed,card
17979,942,2024-05-08,completed,atm
17980,1832,2025-08-25,completed,card
17981,2249,2024-02-11,completed,wallet
17982,2360,2024-10-03,refunded,atm
17983,2017,2025-08-31,cancelled,cod
17984,462,2025-10-08,cancelled,card
17985,1744,2024-10-18,completed,card
17986,283,2025-12-03,completed,atm
17987,855,2025-02-19,completed,cod
17988,329,2024-04-23,completed,card
17989,1514,2025-10-03,completed,atm
17990,1863,2025-05-16,completed,atm
17991,1101,2024-07-19,completed,card
17992,1809,2024-11-22,completed,cod
17993,1260,2025-01-17,completed,card
17994,803,2024-06-25,completed,atm
17995,2254,2025-05-30,completed,card
17996,290,2025-05-04,cancelled,cod
17997,1797,2024-04-15,completed,atm
17998,1915,2024-06-30,completed,card
17999,1622,2024-08-18,completed,atm
18000,1493,2024-09-04,completed,wallet
18001,1,2025-02-23,completed,card
18002,1399,2025-06-13,completed,card
18003,1384,2025-09-14,completed,card
18004,1620,2025-04-23,completed,card
18005,2080,2024-07-04,completed,card
18006,1613,2024-01-26,completed,card
18007,890,2024-08-25,completed,atm
18008,2144,2025-06-08,completed,wallet
18009,1739,2025-10-16,completed,cod
18010,2375,2025-09-30,completed,card
18011,866,2025-08-25,completed,cod
18012,1802,2024-08-29,completed,card
18013,1568,2024-03-01,cancelled,card
18014,1247,2024-02-22,completed,card
18015,1404,2025-04-03,completed,cod
18016,836,2024-01-30,completed,card
18017,1945,2024-11-21,completed,card
18018,1607,2025-06-25,completed,card
18019,2346,2025-06-06,completed,atm
18020,1031,2024-06-04,completed,card
18021,2220,2024-08-02,completed,atm
18022,2129,2024-08-27,completed,card
18023,2446,2024-11-02,completed,atm
18024,538,2025-11-18,completed,wallet
18025,153,2024-08-20,completed,card
18026,1206,2025-07-16,completed,card
18027,1011,2025-05-10,completed,card
18028,453,2025-07-13,completed,card
18029,413,2024-01-25,completed,atm
18030,536,2025-07-29,completed,card
18031,1228,2024-10-27,completed,atm
18032,956,2025-11-03,completed,card
18033,270,2025-05-09,refunded,atm
18034,695,2025-10-01,completed,card
18035,831,2025-11-28,completed,wallet
18036,1985,2025-12-24,completed,wallet
18037,2026,2024-03-15,completed,wallet
18038,618,2024-01-03,completed,card
18039,1746,2024-01-07,completed,card
18040,348,2024-11-15,completed,card
18041,2028,2024-12-21,completed,card
18042,1623,2024-12-26,completed,wallet
18043,2380,2024-10-03,completed,cod
18044,2388,2025-03-24,completed,wallet
18045,1193,2025-02-11,completed,card
18046,1478,2025-01-26,completed,wallet
18047,997,2024-07-05,completed,atm
18048,1704,2025-01-23,completed,cod
18049,1157,2025-03-11,completed,wallet
18050,2014,2025-08-09,refunded,card
18051,1996,2024-04-13,completed,card
18052,1407,2024-01-28,completed,atm
18053,2290,2024-11-16,completed,atm
18054,401,2024-09-13,completed,card
18055,245,2024-11-27,completed,cod
18056,1924,2025-07-04,completed,cod
18057,2093,2025-04-08,completed,cod
18058,1631,2025-01-14,completed,cod
18059,4,2024-04-08,completed,card
18060,1345,2024-07-23,completed,card
18061,1309,2024-05-27,completed,card
18062,1459,2025-02-04,completed,atm
18063,351,2025-10-30,completed,atm
18064,1939,2024-02-20,completed,wallet
18065,1022,2025-05-14,completed,atm
18066,1451,2024-04-10,cancelled,wallet
18067,1713,2024-06-13,completed,wallet
18068,2259,2024-04-03,completed,cod
18069,456,2025-01-02,completed,card
18070,1418,2024-07-19,completed,card
18071,1896,2024-05-13,completed,card
18072,2450,2024-07-27,completed,card
18073,1365,2024-09-19,completed,wallet
18074,1536,2024-01-31,refunded,card
18075,1914,2025-02-22,completed,card
18076,182,2025-05-01,completed,atm
18077,1805,2024-12-02,completed,wallet
18078,251,2025-01-29,completed,cod
18079,2481,2025-05-13,completed,card
18080,1477,2024-05-26,completed,card
18081,2145,2024-03-30,completed,wallet
18082,1055,2025-02-18,completed,card
18083,396,2024-02-10,completed,card
18084,614,2025-12-28,completed,card
18085,895,2024-10-13,completed,cod
18086,403,2024-03-17,completed,atm
18087,1597,2024-10-22,completed,wallet
18088,1176,2024-09-26,completed,wallet
18089,608,2024-01-15,completed,cod
18090,1416,2025-10-22,completed,card
18091,885,2024-11-09,completed,wallet
18092,1081,2025-10-18,completed,wallet
18093,308,2024-05-25,completed,atm
18094,548,2025-09-03,completed,atm
18095,954,2024-07-07,completed,cod
18096,1505,2024-04-16,completed,wallet
18097,176,2025-03-11,completed,atm
18098,2450,2024-03-03,completed,card
18099,324,2024-06-11,cancelled,atm
18100,919,2024-09-29,completed,atm
18101,1579,2025-04-24,completed,wallet
18102,926,2024-10-04,completed,atm
18103,1649,2024-03-02,completed,card
18104,1885,2024-05-22,completed,card
18105,1486,2024-04-25,completed,atm
18106,2013,2025-12-28,completed,atm
18107,502,2025-03-31,completed,card
18108,586,2025-07-07,completed,card
18109,63,2025-03-09,completed,card
18110,120,2024-03-02,completed,card
18111,291,2024-06-09,completed,atm
18112,1638,2025-10-11,completed,cod
18113,1717,2025-09-02,completed,card
18114,825,2024-07-20,completed,cod
18115,1666,2025-12-24,refunded,atm
18116,2177,2024-06-01,completed,wallet
18117,2381,2025-10-08,completed,card
18118,366,2024-10-09,completed,card
18119,1527,2024-01-02,completed,card
18120,1087,2025-01-13,completed,cod
18121,1424,2025-08-10,completed,cod
18122,555,2025-09-16,completed,card
18123,1337,2025-04-18,completed,card
18124,1339,2024-07-29,completed,card
18125,1386,2025-07-15,cancelled,cod
18126,1538,2024-10-29,completed,wallet
18127,809,2024-02-04,completed,wallet
18128,468,2024-03-31,completed,cod
18129,1846,2024-07-11,completed,card
18130,602,2025-11-30,completed,atm
18131,304,2024-04-26,completed,card
18132,1288,2024-10-14,completed,card
18133,12,2024-06-20,cancelled,card
18134,743,2025-02-12,completed,card
18135,214,2024-05-31,completed,wallet
18136,2379,2025-01-14,completed,card
18137,2470,2025-01-25,completed,card
18138,46,2024-04-09,cancelled,card
18139,442,2024-08-11,completed,card
18140,1489,2024-04-27,completed,atm
18141,389,2024-01-22,completed,card
18142,2245,2024-09-03,completed,card
18143,272,2024-07-17,completed,atm
18144,1448,2025-02-28,completed,card
18145,2030,2024-09-11,completed,atm
18146,1573,2025-02-13,completed,card
18147,1247,2024-05-31,completed,card
18148,2112,2025-04-04,completed,card
18149,784,2024-03-25,completed,cod
18150,1397,2025-01-20,completed,card
18151,1968,2024-10-24,completed,wallet
18152,803,2024-05-29,cancelled,card
18153,1240,2024-12-12,completed,card
18154,1861,2024-10-27,cancelled,card
18155,678,2025-02-16,completed,card
18156,1786,2024-09-06,completed,card
18157,1264,2024-01-29,completed,atm
18158,668,2024-06-20,completed,card
18159,1701,2024-12-10,completed,atm
18160,191,2025-12-08,completed,card
18161,606,2024-05-07,completed,wallet
18162,113,2025-03-17,completed,wallet
18163,1003,2025-03-31,completed,atm
18164,485,2025-06-16,completed,card
18165,380,2025-11-06,completed,cod
18166,589,2025-02-14,completed,cod
18167,471,2024-06-13,completed,card
18168,2499,2024-11-14,completed,card
18169,224,2024-02-11,completed,card
18170,347,2024-02-18,completed,card
18171,439,2024-09-30,completed,card
18172,2500,2025-02-28,completed,card
18173,2376,2024-02-08,completed,cod
18174,1797,2025-01-18,completed,card
18175,579,2024-07-05,completed,card
18176,852,2024-08-05,completed,atm
18177,236,2025-03-21,completed,card
18178,782,2025-07-20,completed,wallet
18179,1331,2024-02-17,completed,card
18180,2238,2024-06-05,completed,card
18181,1441,2025-02-05,completed,atm
18182,579,2025-04-24,completed,atm
18183,561,2025-06-18,completed,card
18184,948,2025-03-20,completed,wallet
18185,1057,2024-07-04,completed,card
18186,643,2024-11-12,completed,card
18187,1316,2025-11-17,completed,card
18188,1017,2025-08-02,completed,card
18189,371,2025-10-06,completed,atm
18190,673,2024-03-28,completed,cod
18191,324,2024-01-29,completed,card
18192,546,2024-05-29,completed,wallet
18193,2354,2025-07-01,completed,wallet
18194,1018,2025-10-03,completed,card
18195,1174,2025-02-02,refunded,atm
18196,1096,2024-06-09,completed,atm
18197,257,2024-08-02,completed,cod
18198,1764,2025-06-04,completed,atm
18199,362,2025-03-11,refunded,atm
18200,1248,2024-09-17,completed,atm
18201,252,2024-03-16,completed,card
18202,162,2025-07-28,completed,wallet
18203,1903,2024-06-12,completed,atm
18204,522,2025-07-27,completed,atm
18205,2311,2024-01-23,completed,atm
18206,2046,2024-02-21,completed,atm
18207,566,2024-11-29,completed,card
18208,1543,2025-06-22,refunded,atm
18209,653,2025-03-09,completed,card
18210,1057,2025-06-14,completed,atm
18211,356,2024-04-10,completed,atm
18212,973,2025-02-03,completed,cod
18213,2246,2024-10-26,completed,card
18214,2092,2025-07-12,completed,cod
18215,960,2025-08-23,completed,card
18216,2143,2025-03-01,completed,wallet
18217,127,2024-09-17,completed,atm
18218,2429,2024-12-31,completed,atm
18219,1465,2025-09-29,completed,wallet
18220,2369,2025-12-27,completed,card
18221,1863,2024-08-29,completed,card
18222,1313,2024-06-17,completed,card
18223,1737,2025-01-15,completed,atm
18224,1555,2024-05-17,completed,card
18225,371,2025-05-07,completed,card
18226,2257,2024-01-06,cancelled,cod
18227,1018,2024-02-07,completed,card
18228,117,2024-03-22,completed,card
18229,2235,2024-03-02,completed,cod
18230,575,2024-06-24,completed,atm
18231,2190,2025-03-17,completed,wallet
18232,1008,2025-12-30,completed,cod
18233,1126,2024-05-11,completed,atm
18234,1091,2025-05-06,completed,card
18235,2167,2025-09-20,completed,card
18236,533,2024-06-09,completed,card
18237,2232,2025-08-25,completed,wallet
18238,2319,2024-10-08,cancelled,wallet
18239,1817,2025-12-09,completed,cod
18240,262,2024-02-26,completed,card
18241,208,2024-10-09,completed,atm
18242,2062,2025-10-14,completed,card
18243,1065,2025-03-07,completed,atm
18244,1743,2025-08-19,completed,card
18245,325,2024-11-12,completed,atm
18246,2202,2025-08-11,completed,cod
18247,2247,2025-02-11,completed,card
18248,1804,2024-09-11,completed,card
18249,321,2024-03-09,completed,card
18250,1890,2025-06-22,completed,atm
18251,956,2025-03-08,completed,wallet
18252,712,2025-09-22,completed,card
18253,2257,2025-06-22,completed,card
18254,318,2025-08-13,completed,card
18255,1334,2025-08-01,completed,card
18256,686,2024-05-08,completed,card
18257,1451,2024-12-15,completed,cod
18258,1632,2025-03-20,completed,card
18259,1850,2024-07-14,completed,card
18260,17,2024-01-06,completed,atm
18261,623,2024-07-31,cancelled,cod
18262,2402,2024-11-20,completed,wallet
18263,2015,2025-04-09,completed,card
18264,500,2024-11-25,completed,card
18265,2279,2024-06-20,completed,atm
18266,1376,2024-07-31,completed,cod
18267,1122,2024-10-01,completed,card
18268,1108,2025-10-23,completed,atm
18269,1904,2024-10-06,completed,cod
18270,876,2025-01-10,completed,card
18271,1634,2025-03-20,completed,card
18272,1505,2024-11-17,refunded,card
18273,843,2025-09-26,completed,wallet
18274,1563,2024-12-26,cancelled,wallet
18275,2450,2025-07-24,cancelled,atm
18276,1856,2025-08-07,completed,wallet
18277,612,2024-08-22,refunded,atm
18278,437,2025-08-13,completed,cod
18279,522,2024-08-07,completed,wallet
18280,2467,2025-05-25,completed,card
18281,2406,2025-01-20,completed,card
18282,2389,2024-12-22,completed,atm
18283,321,2025-12-23,completed,atm
18284,1845,2025-02-03,completed,wallet
18285,2032,2024-05-15,completed,atm
18286,1092,2025-07-30,completed,card
18287,2431,2025-07-26,completed,atm
18288,1191,2025-09-21,completed,atm
18289,1086,2025-10-16,completed,cod
18290,1758,2025-02-09,completed,wallet
18291,1251,2025-07-10,completed,cod
18292,2164,2024-06-23,completed,card
18293,324,2024-07-03,completed,card
18294,2140,2025-07-30,completed,atm
18295,927,2025-05-18,completed,atm
18296,1199,2024-10-25,completed,card
18297,2253,2024-06-29,completed,card
18298,554,2025-08-25,completed,atm
18299,1620,2024-10-11,completed,wallet
18300,650,2025-04-11,completed,card
18301,1103,2025-08-08,completed,card
18302,1449,2024-08-19,completed,atm
18303,2280,2025-02-09,completed,card
18304,120,2024-05-11,completed,cod
18305,1359,2024-09-29,completed,wallet
18306,694,2024-02-06,cancelled,card
18307,279,2024-01-19,completed,atm
18308,175,2024-05-19,completed,cod
18309,711,2025-02-06,completed,card
18310,812,2025-07-18,completed,card
18311,2305,2024-03-19,completed,atm
18312,1674,2025-05-13,completed,cod
18313,1122,2025-04-17,completed,atm
18314,367,2025-09-05,completed,atm
18315,64,2024-08-23,completed,wallet
18316,2344,2024-07-15,completed,card
18317,1707,2024-11-28,completed,card
18318,2038,2024-10-17,completed,atm
18319,1535,2024-05-17,completed,wallet
18320,1828,2025-05-03,completed,card
18321,2430,2024-04-21,completed,atm
18322,408,2024-07-27,completed,wallet
18323,1876,2025-01-22,completed,card
18324,106,2024-03-20,completed,card
18325,560,2024-06-10,completed,card
18326,1742,2025-11-03,completed,card
18327,1187,2024-02-03,completed,card
18328,2367,2025-06-26,completed,card
18329,1281,2024-03-14,completed,card
18330,1070,2025-06-25,completed,card
18331,2138,2025-06-11,completed,card
18332,1924,2025-05-02,completed,card
18333,968,2024-02-25,completed,card
18334,656,2025-08-02,completed,card
18335,1972,2025-02-19,refunded,card
18336,1281,2024-08-09,completed,card
18337,2353,2025-11-01,completed,atm
18338,1423,2025-04-06,completed,atm
18339,1657,2024-09-18,completed,card
18340,1030,2024-10-23,completed,atm
18341,582,2025-09-07,completed,cod
18342,1240,2025-11-26,completed,card
18343,1627,2024-05-15,completed,cod
18344,2399,2024-12-01,completed,atm
18345,2106,2024-03-14,completed,card
18346,2074,2025-08-15,refunded,atm
18347,1309,2025-05-10,completed,card
18348,1507,2025-12-30,completed,cod
18349,1935,2024-11-07,completed,cod
18350,1895,2024-01-04,completed,cod
18351,545,2024-11-15,completed,atm
18352,1945,2024-01-02,completed,wallet
18353,268,2024-03-07,refunded,cod
18354,1625,2024-05-07,completed,card
18355,263,2024-09-28,completed,card
18356,1079,2024-07-02,completed,card
18357,1318,2025-12-20,completed,card
18358,799,2024-01-29,completed,atm
18359,736,2024-10-20,completed,card
18360,407,2024-12-31,completed,card
18361,1298,2025-09-28,completed,wallet
18362,264,2024-01-30,completed,card
18363,2226,2025-02-07,cancelled,atm
18364,1753,2025-02-12,completed,card
18365,1522,2025-02-15,completed,card
18366,2276,2025-12-31,completed,card
18367,78,2024-06-05,completed,card
18368,245,2025-06-17,completed,atm
18369,2067,2024-07-25,completed,cod
18370,2420,2024-06-30,completed,wallet
18371,1563,2024-08-11,completed,wallet
18372,803,2024-01-19,completed,atm
18373,908,2024-02-07,completed,card
18374,645,2025-12-22,completed,card
18375,2069,2024-07-27,completed,cod
18376,845,2025-03-02,cancelled,card
18377,2458,2025-05-26,completed,atm
18378,1568,2024-02-18,completed,atm
18379,1931,2024-09-17,completed,card
18380,308,2024-08-24,completed,card
18381,1440,2024-03-12,completed,card
18382,800,2024-05-19,completed,wallet
18383,1366,2024-06-10,completed,wallet
18384,534,2024-05-09,completed,atm
18385,1743,2024-11-14,completed,cod
18386,409,2024-04-18,completed,card
18387,2391,2024-07-20,completed,atm
18388,503,2024-08-12,completed,card
18389,1753,2025-07-26,cancelled,card
18390,1321,2025-07-17,completed,card
18391,972,2025-12-11,completed,cod
18392,1883,2024-10-01,completed,card
18393,1022,2025-07-19,completed,card
18394,1988,2024-03-01,completed,card
18395,924,2024-06-14,completed,card
18396,2334,2025-03-04,completed,atm
18397,204,2025-11-01,completed,card
18398,1004,2025-02-03,completed,card
18399,348,2025-04-13,completed,wallet
18400,2373,2025-07-25,completed,card
18401,785,2025-06-22,completed,card
18402,1632,2024-08-27,completed,cod
18403,854,2024-12-22,cancelled,card
18404,2125,2024-06-12,completed,card
18405,41,2024-08-13,completed,atm
18406,898,2024-07-14,completed,wallet
18407,452,2024-07-07,completed,atm
18408,711,2025-07-24,completed,cod
18409,860,2024-10-29,completed,wallet
18410,851,2024-02-21,completed,atm
18411,2063,2024-08-25,completed,atm
18412,1187,2025-08-02,completed,atm
18413,2342,2025-11-27,completed,card
18414,536,2024-10-18,completed,card
18415,1327,2024-12-17,completed,card
18416,1710,2025-08-02,completed,atm
18417,1006,2024-06-14,completed,card
18418,1047,2025-06-23,completed,atm
18419,1484,2025-05-30,completed,atm
18420,1963,2024-01-02,completed,card
18421,53,2025-04-25,completed,card
18422,1309,2024-07-21,completed,atm
18423,1602,2024-10-17,completed,card
18424,1510,2024-06-15,cancelled,card
18425,728,2025-10-28,refunded,card
18426,1665,2024-05-29,completed,card
18427,323,2024-02-19,completed,wallet
18428,1475,2025-10-28,completed,card
18429,358,2024-01-12,completed,wallet
18430,1270,2025-05-07,completed,card
18431,2402,2024-06-06,completed,atm
18432,2095,2025-04-17,completed,wallet
18433,1277,2024-07-16,completed,card
18434,1334,2025-10-08,completed,cod
18435,2447,2025-09-06,completed,card
18436,1594,2024-09-08,completed,atm
18437,851,2025-03-10,completed,wallet
18438,1485,2025-06-03,completed,card
18439,203,2024-05-24,refunded,card
18440,492,2025-02-15,completed,atm
18441,866,2024-04-16,completed,atm
18442,81,2025-07-06,completed,card
18443,2110,2024-09-15,completed,wallet
18444,1418,2024-09-01,completed,card
18445,222,2024-07-20,completed,cod
18446,1191,2025-11-23,completed,card
18447,1780,2025-12-30,completed,wallet
18448,1149,2024-03-22,completed,card
18449,2412,2024-09-20,completed,card
18450,2234,2024-12-08,refunded,card
18451,1684,2024-12-24,completed,atm
18452,38,2024-08-30,completed,wallet
18453,397,2024-06-06,completed,atm
18454,385,2025-11-30,completed,card
18455,363,2025-12-11,completed,wallet
18456,564,2024-02-05,completed,atm
18457,1277,2025-05-31,completed,card
18458,2441,2024-12-24,completed,card
18459,1272,2025-10-20,completed,card
18460,755,2024-12-31,completed,wallet
18461,966,2024-09-16,completed,wallet
18462,926,2024-02-14,completed,card
18463,2423,2025-12-15,refunded,atm
18464,2230,2024-10-28,completed,card
18465,2279,2024-02-28,completed,atm
18466,1621,2024-01-15,completed,cod
18467,2300,2024-11-05,completed,wallet
18468,484,2025-12-05,completed,atm
18469,989,2025-05-31,completed,card
18470,331,2025-09-27,completed,atm
18471,2305,2024-09-09,completed,card
18472,1075,2025-01-17,completed,card
18473,2209,2024-10-25,completed,card
18474,886,2025-08-14,completed,card
18475,696,2024-01-06,completed,card
18476,30,2024-08-01,refunded,card
18477,1678,2025-01-11,completed,card
18478,24,2024-09-09,completed,cod
18479,2498,2024-01-02,cancelled,card
18480,994,2024-11-17,completed,wallet
18481,823,2025-07-12,completed,card
18482,475,2024-03-29,completed,atm
18483,799,2025-11-01,completed,atm
18484,1653,2025-02-19,completed,card
18485,735,2024-09-26,completed,atm
18486,323,2025-06-14,completed,atm
18487,2136,2024-01-05,completed,atm
18488,2193,2025-04-07,completed,atm
18489,604,2024-06-13,completed,atm
18490,2439,2024-05-07,completed,wallet
18491,1295,2024-04-02,completed,cod
18492,1520,2025-09-26,completed,atm
18493,2101,2025-04-26,completed,card
18494,1876,2024-10-08,completed,cod
18495,1924,2025-08-08,completed,card
18496,2219,2024-09-06,completed,atm
18497,247,2024-06-27,completed,atm
18498,167,2024-05-06,completed,atm
18499,1740,2024-07-12,completed,card
18500,1219,2024-01-16,completed,cod
18501,1172,2025-12-22,completed,card
18502,254,2025-07-27,completed,wallet
18503,2321,2024-11-17,completed,atm
18504,1705,2025-10-08,completed,cod
18505,1724,2024-11-06,completed,wallet
18506,132,2024-03-01,completed,cod
18507,2473,2024-03-14,completed,cod
18508,656,2025-12-04,completed,card
18509,581,2025-03-26,completed,card
18510,499,2024-02-22,completed,card
18511,1876,2025-10-07,completed,card
18512,1364,2025-12-15,completed,card
18513,343,2025-05-22,completed,cod
18514,1918,2025-03-01,completed,card
18515,2442,2025-02-25,completed,wallet
18516,2046,2024-06-16,completed,card
18517,1928,2024-06-22,completed,card
18518,87,2024-01-31,completed,atm
18519,1374,2024-01-07,refunded,atm
18520,1100,2024-12-13,refunded,wallet
18521,659,2025-01-25,refunded,card
18522,256,2025-08-05,completed,wallet
18523,2017,2025-02-11,completed,wallet
18524,691,2025-03-06,completed,atm
18525,244,2025-07-07,completed,card
18526,451,2024-01-24,completed,card
18527,264,2025-02-01,completed,atm
18528,101,2024-10-21,completed,card
18529,1162,2024-05-29,completed,card
18530,2140,2025-09-23,completed,card
18531,2478,2024-09-08,completed,card
18532,1314,2025-06-27,completed,card
18533,1199,2025-09-26,completed,cod
18534,640,2024-05-31,refunded,card
18535,1745,2024-08-27,completed,atm
18536,1972,2024-11-22,completed,wallet
18537,1779,2024-06-02,completed,card
18538,150,2025-07-16,completed,card
18539,28,2025-01-12,completed,card
18540,16,2025-01-14,completed,card
18541,1473,2025-07-25,completed,card
18542,782,2024-05-15,completed,card
18543,2256,2025-01-03,completed,card
18544,574,2024-12-26,completed,card
18545,2217,2025-08-07,completed,card
18546,673,2025-03-05,completed,card
18547,331,2025-05-29,completed,atm
18548,1193,2025-02-15,cancelled,card
18549,827,2024-08-21,completed,card
18550,2101,2025-09-18,completed,card
18551,973,2025-08-18,completed,card
18552,1076,2025-02-22,completed,card
18553,2046,2024-06-24,completed,card
18554,1876,2024-12-08,completed,card
18555,181,2024-12-05,refunded,card
18556,68,2025-11-23,cancelled,card
18557,1848,2024-06-20,refunded,atm
18558,1527,2024-01-21,completed,card
18559,1329,2025-11-29,completed,cod
18560,2111,2025-02-04,completed,wallet
18561,1345,2025-08-24,cancelled,card
18562,1541,2025-06-04,completed,atm
18563,1813,2024-05-08,cancelled,card
18564,1644,2025-05-30,completed,atm
18565,939,2024-03-29,completed,atm
18566,1999,2024-07-22,completed,card
18567,611,2025-01-23,completed,card
18568,544,2024-02-16,completed,wallet
18569,1720,2024-11-05,refunded,card
18570,1406,2025-10-30,completed,atm
18571,2154,2024-01-15,completed,atm
18572,1345,2025-04-30,completed,card
18573,427,2024-05-10,completed,cod
18574,867,2024-02-19,completed,card
18575,1014,2024-02-16,completed,wallet
18576,2300,2024-05-20,completed,wallet
18577,2328,2024-06-03,completed,card
18578,578,2025-02-21,completed,card
18579,1178,2025-03-14,completed,card
18580,2403,2025-11-30,completed,atm
18581,823,2025-10-12,completed,card
18582,163,2025-06-10,completed,card
18583,2078,2025-02-07,completed,card
18584,1032,2024-11-01,cancelled,atm
18585,1452,2025-05-29,completed,card
18586,2292,2025-10-30,completed,card
18587,2331,2025-06-10,completed,card
18588,2264,2025-11-02,completed,card
18589,1301,2024-04-16,completed,atm
18590,696,2024-10-13,completed,cod
18591,1968,2024-09-24,completed,card
18592,748,2024-08-17,completed,wallet
18593,2319,2025-04-18,completed,card
18594,1816,2024-04-07,cancelled,cod
18595,1121,2025-06-28,completed,card
18596,676,2025-04-01,completed,atm
18597,2101,2025-03-21,completed,card
18598,2100,2024-10-14,completed,card
18599,1260,2025-11-12,completed,atm
18600,219,2025-07-07,refunded,atm
18601,255,2025-03-16,completed,wallet
18602,1073,2025-04-09,completed,card
18603,2435,2025-12-17,completed,cod
18604,764,2024-05-17,completed,card
18605,1754,2025-06-12,completed,wallet
18606,1634,2025-11-18,completed,card
18607,1494,2025-01-17,completed,card
18608,954,2024-03-29,completed,wallet
18609,1570,2025-05-21,completed,atm
18610,1954,2024-11-22,cancelled,atm
18611,1077,2024-11-30,completed,card
18612,797,2024-03-16,completed,card
18613,1328,2024-02-11,completed,atm
18614,233,2025-07-03,completed,card
18615,144,2024-03-21,completed,cod
18616,1421,2024-06-02,completed,wallet
18617,451,2024-01-09,completed,card
18618,942,2025-04-17,completed,wallet
18619,117,2024-06-04,completed,atm
18620,432,2025-04-21,completed,atm
18621,2262,2025-11-25,completed,atm
18622,2227,2025-09-13,completed,card
18623,1424,2025-07-18,completed,atm
18624,992,2025-06-15,completed,card
18625,1002,2025-05-23,completed,card
18626,2315,2024-03-07,completed,atm
18627,1694,2024-05-14,completed,card
18628,1524,2025-06-22,completed,card
18629,604,2025-09-07,completed,card
18630,1275,2025-12-22,completed,atm
18631,2104,2025-01-14,completed,atm
18632,153,2025-11-21,completed,card
18633,1174,2025-05-20,completed,card
18634,617,2025-08-23,completed,card
18635,1401,2024-04-11,completed,card
18636,137,2025-01-11,completed,wallet
18637,1599,2024-08-02,completed,wallet
18638,948,2025-10-11,completed,card
18639,2049,2025-07-02,completed,wallet
18640,866,2024-06-23,refunded,wallet
18641,2408,2024-04-04,completed,wallet
18642,1135,2025-11-25,completed,card
18643,209,2024-09-02,completed,card
18644,545,2025-06-11,completed,wallet
18645,553,2024-05-28,completed,atm
18646,284,2024-03-14,completed,wallet
18647,1834,2024-10-23,completed,cod
18648,23,2024-04-30,completed,card
18649,823,2025-02-25,completed,cod
18650,348,2025-07-21,completed,card
18651,1585,2025-04-06,completed,wallet
18652,2255,2025-06-20,completed,atm
18653,453,2025-04-02,completed,cod
18654,107,2024-01-27,completed,card
18655,158,2025-05-13,completed,card
18656,2134,2025-07-27,completed,card
18657,348,2024-01-31,completed,atm
18658,1137,2025-02-22,completed,atm
18659,2479,2024-11-26,completed,atm
18660,1364,2024-11-04,completed,atm
18661,1806,2024-07-24,completed,card
18662,970,2025-12-22,completed,card
18663,1775,2025-07-27,refunded,card
18664,2481,2024-07-12,cancelled,card
18665,292,2025-10-10,completed,atm
18666,1078,2025-07-03,completed,atm
18667,2316,2024-11-25,completed,atm
18668,268,2025-02-16,completed,card
18669,1259,2024-01-31,completed,card
18670,879,2024-06-11,completed,cod
18671,2129,2024-01-23,completed,atm
18672,2125,2024-12-27,completed,wallet
18673,534,2024-12-23,completed,card
18674,1366,2024-08-01,completed,cod
18675,55,2024-06-07,completed,card
18676,1483,2024-01-04,completed,card
18677,860,2025-04-30,completed,atm
18678,2218,2024-12-21,completed,cod
18679,339,2025-11-23,completed,card
18680,1112,2025-01-06,completed,atm
18681,2027,2024-01-06,completed,card
18682,2366,2025-08-22,completed,card
18683,1132,2025-10-16,completed,card
18684,2184,2024-07-29,completed,card
18685,345,2024-07-21,completed,atm
18686,2269,2025-01-12,completed,cod
18687,1939,2024-12-18,completed,card
18688,1752,2024-11-17,completed,card
18689,1175,2024-07-11,completed,card
18690,829,2024-08-10,completed,atm
18691,1569,2024-06-11,completed,card
18692,1900,2025-10-11,completed,wallet
18693,1919,2025-01-24,completed,cod
18694,1069,2025-04-22,completed,card
18695,442,2024-09-25,completed,card
18696,1129,2025-02-13,completed,card
18697,216,2025-01-02,completed,card
18698,1939,2025-09-05,completed,atm
18699,1261,2024-02-14,completed,atm
18700,879,2025-10-30,completed,atm
18701,1233,2025-08-01,completed,cod
18702,577,2024-08-04,completed,wallet
18703,64,2024-09-14,completed,wallet
18704,1909,2025-05-16,completed,card
18705,1440,2025-01-26,completed,wallet
18706,1245,2025-10-26,completed,card
18707,170,2025-05-24,completed,atm
18708,1509,2024-11-09,completed,atm
18709,1836,2024-12-20,completed,atm
18710,1027,2025-11-04,cancelled,card
18711,1458,2024-01-18,completed,card
18712,877,2025-07-30,completed,card
18713,521,2024-11-14,completed,card
18714,136,2024-11-07,completed,wallet
18715,1591,2024-12-20,completed,card
18716,2145,2025-08-26,completed,atm
18717,1060,2024-06-26,completed,atm
18718,699,2024-04-17,completed,atm
18719,2338,2025-07-30,completed,card
18720,289,2025-07-16,completed,atm
18721,133,2025-03-04,completed,card
18722,2312,2025-11-07,completed,atm
18723,1911,2024-07-29,completed,wallet
18724,491,2024-10-02,refunded,atm
18725,1923,2025-06-07,completed,card
18726,258,2025-10-28,completed,card
18727,2185,2025-10-18,refunded,card
18728,1645,2024-11-10,completed,card
18729,439,2025-10-15,completed,card
18730,571,2024-05-26,refunded,card
18731,875,2025-01-09,completed,cod
18732,1315,2025-07-18,completed,wallet
18733,1417,2025-02-28,completed,atm
18734,1692,2024-08-26,completed,card
18735,2105,2024-02-22,completed,card
18736,34,2024-09-07,completed,card
18737,1921,2025-12-18,completed,card
18738,1846,2025-07-19,completed,card
18739,867,2025-07-13,completed,card
18740,18,2024-04-07,completed,card
18741,263,2025-12-08,completed,cod
18742,1428,2024-09-06,cancelled,card
18743,1997,2025-09-02,completed,card
18744,2231,2024-06-26,completed,card
18745,860,2025-07-15,completed,card
18746,1214,2024-08-15,completed,wallet
18747,477,2024-10-25,completed,card
18748,1807,2024-03-19,completed,card
18749,1481,2025-05-25,completed,wallet
18750,930,2024-09-28,completed,card
18751,2205,2025-07-20,completed,card
18752,1388,2024-10-13,completed,atm
18753,2193,2024-02-04,completed,card
18754,1890,2025-08-10,completed,wallet
18755,157,2024-12-08,completed,cod
18756,1707,2024-06-08,completed,card
18757,1165,2024-01-26,completed,card
18758,459,2024-04-03,refunded,cod
18759,529,2024-01-13,completed,atm
18760,692,2024-01-24,completed,card
18761,1107,2024-06-21,completed,card
18762,334,2024-11-25,completed,card
18763,818,2025-10-12,completed,card
18764,2305,2025-03-15,cancelled,wallet
18765,2377,2025-03-23,completed,atm
18766,2136,2024-02-22,completed,atm
18767,128,2025-09-15,completed,card
18768,1291,2025-03-28,completed,atm
18769,957,2024-12-13,completed,wallet
18770,859,2024-05-14,completed,card
18771,933,2024-09-04,completed,card
18772,752,2024-10-10,completed,card
18773,1620,2025-08-18,completed,card
18774,577,2024-03-01,completed,atm
18775,1824,2024-08-07,completed,atm
18776,2342,2024-02-10,completed,card
18777,1188,2025-08-03,completed,card
18778,676,2024-04-10,completed,card
18779,397,2025-05-08,refunded,card
18780,1381,2025-06-25,refunded,card
18781,569,2024-05-12,completed,card
18782,814,2025-06-14,completed,card
18783,2186,2025-02-10,completed,wallet
18784,1617,2024-07-31,completed,card
18785,430,2024-08-25,completed,wallet
18786,1239,2025-04-03,completed,cod
18787,2052,2024-11-08,cancelled,card
18788,1743,2024-11-15,cancelled,card
18789,2494,2025-10-28,completed,card
18790,2280,2024-06-16,completed,wallet
18791,2367,2025-06-16,completed,atm
18792,2223,2025-09-22,completed,atm
18793,499,2025-12-04,completed,card
18794,1201,2024-07-04,cancelled,atm
18795,687,2025-12-20,completed,cod
18796,424,2024-05-07,completed,atm
18797,938,2025-10-27,completed,card
18798,522,2024-05-27,completed,card
18799,827,2024-05-25,completed,card
18800,2213,2024-08-19,completed,card
18801,210,2024-03-06,completed,card
18802,280,2024-05-20,completed,wallet
18803,2344,2024-02-18,completed,card
18804,2398,2024-08-22,completed,wallet
18805,940,2024-04-25,refunded,card
18806,1593,2025-07-07,completed,atm
18807,838,2024-02-20,completed,cod
18808,2382,2025-04-19,completed,card
18809,441,2024-12-27,completed,wallet
18810,1613,2024-03-20,completed,card
18811,2143,2024-12-23,completed,atm
18812,1843,2024-09-09,completed,card
18813,1872,2025-03-12,completed,atm
18814,1364,2025-06-27,completed,atm
18815,418,2024-02-21,completed,card
18816,1685,2025-09-21,completed,wallet
18817,1296,2024-05-22,completed,atm
18818,2034,2024-08-17,completed,cod
18819,2347,2025-09-16,completed,wallet
18820,555,2024-01-15,completed,atm
18821,2460,2024-05-05,completed,card
18822,1359,2024-12-04,completed,atm
18823,1889,2025-11-22,completed,cod
18824,2317,2025-01-30,completed,card
18825,2137,2024-07-05,completed,cod
18826,450,2024-04-26,completed,card
18827,2171,2025-06-18,completed,card
18828,1066,2025-01-23,cancelled,cod
18829,2085,2024-03-11,completed,atm
18830,785,2025-12-06,completed,wallet
18831,2114,2024-03-02,completed,wallet
18832,2094,2025-07-09,completed,wallet
18833,740,2025-07-10,completed,card
18834,1639,2024-01-28,completed,atm
18835,1300,2024-10-26,completed,cod
18836,1253,2024-12-19,completed,atm
18837,846,2024-04-13,completed,wallet
18838,1263,2024-01-10,completed,card
18839,825,2024-05-16,completed,card
18840,1122,2024-11-23,completed,card
18841,2476,2024-02-21,completed,cod
18842,701,2024-05-18,completed,atm
18843,2152,2024-10-19,completed,wallet
18844,1893,2024-08-18,completed,card
18845,1854,2025-01-15,completed,atm
18846,372,2024-10-29,refunded,atm
18847,2414,2025-10-25,completed,wallet
18848,112,2025-06-19,completed,card
18849,1132,2024-05-05,completed,card
18850,1811,2025-04-24,completed,card
18851,851,2024-02-11,completed,atm
18852,2240,2024-10-18,completed,card
18853,296,2025-05-22,completed,cod
18854,2409,2024-09-28,completed,card
18855,578,2024-01-30,completed,atm
18856,1544,2024-07-11,completed,card
18857,1972,2025-11-03,completed,card
18858,1008,2024-12-25,refunded,card
18859,1387,2025-04-24,completed,card
18860,160,2024-07-28,completed,wallet
18861,1337,2024-08-30,completed,card
18862,2417,2024-05-26,completed,card
18863,66,2024-12-05,completed,card
18864,632,2024-11-01,completed,wallet
18865,235,2024-09-06,completed,card
18866,827,2025-04-19,completed,wallet
18867,1764,2024-11-29,completed,card
18868,2413,2024-07-11,completed,wallet
18869,1530,2024-06-10,completed,wallet
18870,49,2024-09-11,completed,atm
18871,2264,2024-03-31,completed,atm
18872,290,2024-07-25,completed,atm
18873,233,2024-03-01,completed,atm
18874,921,2025-08-14,completed,atm
18875,853,2024-11-01,completed,card
18876,1439,2024-09-07,completed,card
18877,1441,2024-07-14,completed,card
18878,1837,2024-10-07,completed,card
18879,2459,2025-09-28,completed,atm
18880,202,2025-06-06,completed,cod
18881,1224,2024-07-04,completed,atm
18882,1170,2025-08-27,completed,wallet
18883,2080,2024-10-07,completed,atm
18884,6,2024-11-28,completed,atm
18885,830,2024-08-31,refunded,card
18886,922,2025-11-29,completed,card
18887,316,2025-03-16,completed,wallet
18888,1330,2024-08-31,completed,wallet
18889,717,2024-07-29,completed,card
18890,2029,2025-09-22,completed,wallet
18891,2284,2024-06-23,completed,cod
18892,2072,2025-03-26,completed,card
18893,862,2025-07-02,completed,card
18894,432,2024-10-06,completed,card
18895,2323,2024-03-20,completed,card
18896,50,2025-10-27,completed,atm
18897,1751,2024-07-17,completed,card
18898,1439,2025-04-05,completed,atm
18899,631,2025-02-17,completed,atm
18900,1556,2025-12-06,completed,cod
18901,2437,2024-09-22,completed,cod
18902,365,2024-12-18,completed,atm
18903,693,2024-08-20,completed,card
18904,1617,2024-11-20,completed,card
18905,2301,2025-02-25,completed,atm
18906,425,2025-11-03,completed,atm
18907,2394,2025-05-29,completed,card
18908,1397,2025-10-24,completed,card
18909,1547,2024-07-23,completed,wallet
18910,604,2024-03-05,completed,card
18911,468,2025-04-12,completed,cod
18912,510,2024-06-25,completed,card
18913,1250,2024-03-27,completed,card
18914,591,2025-06-22,completed,atm
18915,1490,2024-06-27,completed,cod
18916,632,2024-03-21,completed,wallet
18917,345,2025-06-25,cancelled,atm
18918,682,2024-02-08,completed,card
18919,1387,2025-07-08,completed,card
18920,909,2024-04-27,completed,cod
18921,1301,2024-02-09,completed,card
18922,2235,2024-11-02,completed,card
18923,42,2025-11-27,cancelled,wallet
18924,2489,2025-08-02,completed,cod
18925,414,2025-05-16,completed,atm
18926,636,2024-04-26,completed,card
18927,1031,2025-06-01,completed,wallet
18928,1831,2025-08-10,completed,cod
18929,2168,2025-03-10,completed,card
18930,419,2024-07-02,completed,card
18931,1203,2024-04-14,completed,card
18932,152,2024-06-07,completed,card
18933,1953,2025-01-08,completed,cod
18934,2435,2024-08-21,completed,wallet
18935,206,2024-12-23,completed,cod
18936,349,2024-01-31,completed,card
18937,1202,2024-05-26,completed,cod
18938,325,2024-09-30,completed,atm
18939,900,2024-04-05,completed,card
18940,255,2024-05-11,completed,wallet
18941,1010,2024-03-09,completed,card
18942,1718,2025-11-04,completed,atm
18943,472,2024-09-28,completed,cod
18944,95,2025-03-11,completed,card
18945,1184,2024-05-01,completed,card
18946,1085,2025-09-07,cancelled,cod
18947,1697,2024-11-16,completed,card
18948,1837,2025-01-28,completed,card
18949,209,2025-08-01,completed,wallet
18950,925,2024-04-27,completed,cod
18951,275,2025-12-24,completed,atm
18952,1963,2025-09-05,completed,card
18953,1661,2024-05-21,completed,card
18954,460,2024-10-24,completed,card
18955,1910,2025-08-12,completed,wallet
18956,2192,2025-01-07,completed,wallet
18957,2347,2025-08-02,completed,cod
18958,325,2024-08-11,completed,wallet
18959,1698,2025-05-03,completed,card
18960,1263,2024-08-21,completed,atm
18961,331,2025-11-14,completed,card
18962,980,2024-12-25,cancelled,atm
18963,817,2024-08-01,completed,atm
18964,1161,2024-07-15,completed,atm
18965,1300,2024-04-30,completed,wallet
18966,1017,2025-07-01,completed,card
18967,82,2025-09-26,completed,card
18968,415,2025-02-13,cancelled,card
18969,2369,2025-02-16,completed,card
18970,735,2024-06-20,completed,cod
18971,330,2024-05-24,refunded,card
18972,1818,2025-01-03,completed,card
18973,2077,2024-01-21,completed,card
18974,2329,2024-07-10,completed,atm
18975,1720,2025-08-07,completed,card
18976,124,2025-02-25,completed,card
18977,1122,2024-04-28,completed,card
18978,2182,2024-01-02,completed,wallet
18979,1744,2024-02-01,cancelled,atm
18980,269,2024-06-24,completed,card
18981,1368,2024-12-31,completed,cod
18982,1869,2024-09-08,completed,card
18983,2331,2024-04-16,completed,card
18984,237,2025-01-27,completed,atm
18985,937,2025-04-06,cancelled,card
18986,1109,2024-05-14,completed,atm
18987,816,2025-11-18,completed,card
18988,57,2025-08-26,completed,cod
18989,289,2025-03-25,completed,atm
18990,1105,2024-01-16,completed,card
18991,448,2025-12-06,completed,card
18992,922,2025-08-09,completed,atm
18993,580,2024-03-17,completed,wallet
18994,241,2025-06-07,completed,card
18995,783,2025-01-21,completed,card
18996,723,2025-12-22,completed,cod
18997,1913,2024-02-12,completed,atm
18998,1315,2025-10-31,completed,card
18999,2305,2024-12-31,completed,card
19000,1359,2024-05-03,completed,atm
19001,497,2024-12-25,completed,atm
19002,1917,2024-11-09,completed,card
19003,2298,2024-06-30,completed,atm
19004,1729,2025-11-04,completed,cod
19005,468,2024-09-13,completed,cod
19006,2330,2025-11-18,completed,card
19007,1820,2024-07-20,completed,card
19008,1012,2024-01-09,completed,card
19009,1082,2024-04-01,cancelled,card
19010,2170,2025-09-08,completed,card
19011,426,2025-01-25,completed,atm
19012,646,2024-03-26,completed,atm
19013,123,2024-11-22,completed,atm
19014,540,2025-04-05,completed,atm
19015,491,2024-01-27,completed,wallet
19016,2273,2024-06-01,completed,cod
19017,767,2024-03-30,completed,card
19018,1328,2025-07-13,completed,card
19019,860,2025-05-11,completed,card
19020,1428,2024-07-04,completed,atm
19021,1921,2024-08-01,completed,card
19022,2006,2024-03-05,completed,card
19023,875,2024-10-29,completed,card
19024,716,2024-02-26,completed,card
19025,2395,2025-11-08,completed,card
19026,1924,2024-08-26,completed,atm
19027,253,2024-03-02,completed,atm
19028,760,2024-10-04,completed,atm
19029,1298,2025-04-28,completed,card
19030,1938,2024-09-07,completed,card
19031,1180,2025-09-05,completed,atm
19032,1227,2024-11-13,completed,card
19033,554,2024-01-07,completed,wallet
19034,2009,2025-11-28,completed,card
19035,1334,2024-03-29,completed,wallet
19036,1412,2025-03-16,completed,card
19037,1685,2025-08-28,completed,atm
19038,1577,2024-04-17,completed,card
19039,899,2025-08-12,completed,atm
19040,2361,2024-02-16,completed,atm
19041,397,2024-01-02,completed,cod
19042,684,2025-04-11,completed,card
19043,2103,2024-09-22,completed,card
19044,1507,2025-07-23,completed,card
19045,2134,2025-05-12,completed,card
19046,1464,2024-11-10,refunded,card
19047,2424,2025-09-18,completed,atm
19048,8,2024-09-05,completed,card
19049,614,2024-06-16,completed,card
19050,2147,2024-09-29,completed,card
19051,1884,2025-08-17,completed,card
19052,1156,2024-02-18,refunded,cod
19053,1150,2024-08-19,completed,card
19054,1164,2024-09-06,completed,cod
19055,73,2024-03-24,completed,card
19056,837,2024-03-24,completed,wallet
19057,789,2024-09-02,completed,card
19058,1050,2024-03-04,completed,atm
19059,893,2024-05-05,completed,wallet
19060,1927,2025-05-21,completed,atm
19061,166,2024-04-15,completed,card
19062,1385,2025-09-27,completed,card
19063,2332,2025-07-12,completed,atm
19064,1383,2025-03-18,completed,card
19065,582,2024-11-15,completed,atm
19066,1903,2025-05-21,completed,card
19067,1333,2024-06-09,completed,card
19068,769,2025-05-04,completed,wallet
19069,670,2025-01-03,completed,card
19070,348,2024-12-21,completed,cod
19071,1637,2024-03-14,completed,card
19072,857,2024-06-07,completed,atm
19073,1810,2025-03-17,completed,cod
19074,237,2025-07-19,completed,card
19075,1373,2024-08-22,cancelled,atm
19076,1369,2025-11-16,completed,atm
19077,1722,2024-02-08,completed,card
19078,2496,2025-07-28,completed,wallet
19079,153,2025-09-12,completed,card
19080,1376,2025-07-03,completed,atm
19081,2222,2025-05-16,completed,card
19082,1166,2024-04-11,completed,cod
19083,2254,2024-08-05,completed,atm
19084,1835,2025-09-13,completed,cod
19085,510,2025-02-06,completed,card
19086,2154,2025-11-24,completed,card
19087,1638,2024-04-28,completed,wallet
19088,800,2025-01-01,completed,card
19089,1838,2025-04-30,completed,cod
19090,2047,2025-05-31,completed,cod
19091,2035,2024-05-13,completed,cod
19092,1594,2025-04-18,completed,card
19093,2203,2025-10-23,completed,wallet
19094,1418,2024-02-06,completed,card
19095,1193,2025-01-15,refunded,card
19096,738,2024-09-15,completed,card
19097,1545,2025-06-05,completed,atm
19098,2312,2024-10-19,completed,atm
19099,52,2024-03-17,completed,atm
19100,2200,2025-06-03,completed,card
19101,1750,2024-09-11,completed,card
19102,165,2024-08-31,completed,atm
19103,1946,2024-03-20,completed,card
19104,1818,2024-09-02,completed,card
19105,1713,2024-09-22,completed,wallet
19106,2261,2024-07-03,completed,cod
19107,1288,2025-04-04,completed,atm
19108,103,2025-07-03,completed,card
19109,590,2024-01-06,completed,card
19110,2128,2024-01-07,completed,card
19111,1242,2025-06-16,completed,card
19112,2285,2025-12-12,completed,card
19113,88,2024-10-07,completed,card
19114,2467,2024-09-01,completed,cod
19115,351,2024-01-29,completed,card
19116,2259,2025-11-14,completed,wallet
19117,1277,2024-05-19,completed,card
19118,379,2025-07-25,completed,card
19119,1544,2024-03-09,completed,cod
19120,615,2025-10-08,completed,cod
19121,1638,2024-12-13,completed,card
19122,2369,2025-05-25,completed,card
19123,933,2025-11-28,completed,card
19124,1449,2025-12-03,completed,atm
19125,1327,2025-07-06,completed,card
19126,2130,2025-07-20,completed,card
19127,917,2024-03-21,completed,atm
19128,655,2025-01-14,completed,atm
19129,242,2025-04-08,completed,card
19130,1946,2025-05-15,completed,wallet
19131,2228,2024-07-27,completed,card
19132,2002,2025-10-23,completed,cod
19133,1499,2025-04-01,completed,card
19134,181,2025-03-12,completed,card
19135,2252,2025-08-26,completed,card
19136,1969,2025-12-14,completed,atm
19137,1937,2025-09-27,completed,cod
19138,379,2024-10-11,completed,card
19139,74,2024-10-18,completed,wallet
19140,945,2024-10-08,completed,card
19141,945,2025-04-04,completed,atm
19142,834,2025-11-13,completed,cod
19143,1437,2025-03-02,completed,atm
19144,355,2024-12-10,completed,atm
19145,1693,2025-11-09,completed,atm
19146,2384,2024-10-08,completed,card
19147,1894,2025-07-13,completed,card
19148,736,2025-10-25,completed,atm
19149,2119,2024-07-18,completed,card
19150,477,2024-06-16,cancelled,atm
19151,1740,2024-12-29,completed,card
19152,2251,2025-11-12,completed,card
19153,1975,2024-11-24,completed,wallet
19154,1950,2025-07-27,completed,card
19155,1939,2024-08-29,completed,atm
19156,2269,2024-04-05,completed,atm
19157,358,2024-06-26,cancelled,card
19158,1070,2025-05-14,completed,atm
19159,788,2025-05-21,completed,cod
19160,2238,2024-09-09,completed,atm
19161,1603,2025-10-01,completed,card
19162,1204,2024-12-12,completed,wallet
19163,432,2024-03-04,completed,wallet
19164,354,2024-02-20,completed,card
19165,412,2024-09-29,completed,card
19166,398,2025-06-20,completed,cod
19167,1373,2024-11-14,completed,card
19168,2015,2024-05-09,completed,atm
19169,1044,2024-02-28,completed,wallet
19170,2275,2024-02-11,completed,card
19171,549,2024-06-02,completed,card
19172,415,2025-01-16,completed,card
19173,114,2024-04-01,completed,card
19174,1795,2025-08-03,completed,wallet
19175,1742,2025-08-28,completed,atm
19176,1452,2025-05-31,completed,cod
19177,388,2025-10-18,completed,card
19178,1617,2025-03-21,completed,atm
19179,2440,2024-02-16,completed,wallet
19180,1866,2024-07-18,cancelled,card
19181,767,2025-08-26,completed,wallet
19182,2008,2024-09-08,completed,card
19183,1410,2024-04-15,completed,card
19184,1371,2025-09-25,completed,wallet
19185,1263,2025-11-13,completed,wallet
19186,1506,2025-01-02,completed,cod
19187,659,2024-08-21,completed,atm
19188,994,2025-03-18,completed,card
19189,2289,2024-01-19,completed,card
19190,1305,2024-07-14,completed,card
19191,1536,2025-09-15,completed,card
19192,1172,2025-12-24,completed,card
19193,1568,2025-09-24,completed,card
19194,879,2024-01-07,completed,wallet
19195,1997,2024-02-10,completed,card
19196,231,2025-07-20,completed,cod
19197,1894,2025-01-27,completed,wallet
19198,1225,2024-07-18,completed,atm
19199,1298,2024-02-08,completed,atm
19200,2179,2025-12-26,completed,atm
19201,613,2025-04-05,cancelled,card
19202,249,2024-01-07,completed,card
19203,357,2024-05-04,completed,card
19204,1792,2024-03-26,cancelled,wallet
19205,576,2024-07-10,completed,atm
19206,337,2024-04-17,completed,atm
19207,1020,2025-07-03,completed,atm
19208,1406,2025-05-19,cancelled,card
19209,143,2025-08-28,completed,card
19210,1542,2025-10-26,completed,cod
19211,335,2024-06-24,completed,card
19212,1958,2024-12-06,completed,atm
19213,2261,2024-06-25,completed,card
19214,1271,2024-09-10,completed,wallet
19215,1959,2024-04-04,completed,card
19216,1657,2025-06-10,completed,card
19217,818,2024-03-15,completed,atm
19218,348,2025-10-06,completed,atm
19219,464,2025-01-23,completed,card
19220,764,2025-03-23,completed,cod
19221,2221,2024-01-01,completed,cod
19222,576,2024-03-02,completed,card
19223,1485,2025-12-16,completed,atm
19224,1260,2024-08-06,completed,card
19225,213,2025-01-21,completed,card
19226,750,2025-03-29,refunded,card
19227,2033,2024-02-20,completed,card
19228,978,2024-08-07,completed,wallet
19229,892,2024-10-15,completed,atm
19230,2025,2024-06-24,completed,atm
19231,528,2024-04-24,completed,atm
19232,1065,2025-07-24,completed,card
19233,427,2025-12-08,completed,card
19234,1035,2025-04-16,completed,atm
19235,770,2024-02-03,completed,card
19236,4,2025-12-26,completed,wallet
19237,888,2025-08-08,completed,card
19238,1677,2025-05-20,completed,card
19239,1049,2025-10-29,completed,atm
19240,1338,2024-01-06,completed,atm
19241,2108,2025-12-10,completed,atm
19242,939,2025-12-10,completed,atm
19243,625,2024-05-17,completed,card
19244,1210,2024-07-31,completed,atm
19245,2262,2025-01-27,completed,card
19246,216,2025-05-23,completed,atm
19247,506,2025-05-25,cancelled,card
19248,2069,2024-08-28,completed,card
19249,284,2024-04-03,completed,card
19250,1459,2024-12-15,completed,card
19251,542,2025-12-02,completed,atm
19252,255,2025-04-19,completed,atm
19253,2054,2025-03-19,completed,wallet
19254,2289,2025-12-15,completed,atm
19255,1542,2025-08-04,completed,card
19256,59,2025-12-17,completed,card
19257,148,2025-11-04,completed,atm
19258,1573,2024-05-15,completed,card
19259,1317,2025-01-27,refunded,cod
19260,622,2025-08-15,completed,card
19261,90,2024-03-01,completed,cod
19262,834,2025-06-05,completed,atm
19263,1223,2025-03-08,completed,card
19264,2279,2025-03-19,completed,card
19265,2428,2024-08-27,completed,card
19266,379,2025-03-19,completed,card
19267,1914,2024-10-02,completed,card
19268,984,2024-06-21,completed,atm
19269,1674,2025-05-08,completed,card
19270,396,2025-08-22,completed,card
19271,1688,2025-05-21,completed,wallet
19272,1520,2025-06-01,completed,card
19273,733,2024-10-02,completed,card
19274,1637,2024-07-13,completed,cod
19275,1590,2024-04-16,completed,atm
19276,1827,2025-03-30,completed,cod
19277,1281,2024-08-13,completed,wallet
19278,272,2024-09-02,completed,card
19279,1334,2024-09-09,completed,atm
19280,2457,2025-06-23,completed,wallet
19281,1917,2024-06-15,completed,atm
19282,1025,2025-04-24,completed,card
19283,441,2024-03-24,completed,card
19284,610,2025-11-20,completed,atm
19285,422,2025-09-17,completed,card
19286,2149,2024-03-24,completed,card
19287,837,2024-09-28,completed,cod
19288,2116,2025-07-27,completed,cod
19289,2423,2024-07-01,completed,atm
19290,823,2025-02-19,completed,card
19291,1550,2025-02-18,completed,card
19292,1699,2025-12-30,completed,card
19293,1213,2024-05-06,completed,wallet
19294,1463,2024-05-13,completed,card
19295,1394,2025-10-24,completed,atm
19296,1958,2024-08-20,completed,card
19297,1650,2024-10-16,completed,card
19298,1099,2025-01-07,completed,card
19299,123,2025-05-20,completed,card
19300,589,2024-06-28,completed,wallet
19301,2017,2025-10-12,completed,card
19302,2065,2025-06-04,completed,card
19303,416,2025-06-18,completed,atm
19304,1376,2025-08-02,completed,card
19305,1461,2025-04-08,completed,card
19306,2132,2024-08-16,completed,atm
19307,1545,2025-05-17,completed,card
19308,1861,2025-12-07,completed,card
19309,121,2025-01-14,completed,card
19310,2193,2024-09-14,completed,cod
19311,766,2024-07-19,completed,card
19312,1216,2025-11-27,completed,cod
19313,233,2024-01-31,completed,wallet
19314,2163,2025-08-25,completed,atm
19315,2021,2024-09-07,completed,atm
19316,762,2024-11-24,completed,wallet
19317,1219,2025-08-31,refunded,atm
19318,2383,2025-04-20,completed,card
19319,1299,2024-07-16,completed,wallet
19320,1064,2025-09-23,completed,card
19321,567,2025-02-04,completed,wallet
19322,1281,2025-01-25,completed,card
19323,1139,2025-07-23,completed,card
19324,2042,2024-11-11,refunded,cod
19325,1970,2025-05-21,refunded,card
19326,2392,2024-12-02,completed,card
19327,2184,2025-03-19,completed,wallet
19328,1158,2025-05-07,completed,card
19329,796,2024-04-12,completed,card
19330,2448,2024-01-29,completed,card
19331,915,2024-09-06,completed,card
19332,911,2024-07-05,completed,card
19333,2176,2024-09-28,completed,wallet
19334,736,2025-04-13,cancelled,atm
19335,679,2024-03-22,completed,cod
19336,2293,2025-12-18,completed,card
19337,1773,2025-01-04,completed,atm
19338,1962,2024-06-24,completed,card
19339,2426,2025-10-02,completed,card
19340,2303,2025-01-01,completed,card
19341,1587,2025-07-15,completed,atm
19342,1207,2025-04-09,completed,atm
19343,509,2024-11-05,completed,card
19344,190,2025-12-13,completed,card
19345,1468,2025-05-20,completed,atm
19346,2112,2025-12-24,completed,atm
19347,2302,2025-11-29,completed,atm
19348,1827,2024-12-10,completed,card
19349,2059,2024-08-31,refunded,card
19350,1292,2024-07-24,completed,card
19351,1664,2024-10-10,completed,card
19352,2370,2025-11-29,completed,card
19353,1355,2025-09-21,completed,wallet
19354,1376,2025-02-19,completed,card
19355,989,2025-05-15,completed,cod
19356,2475,2025-02-15,completed,card
19357,2337,2025-06-11,completed,cod
19358,1110,2024-07-13,refunded,card
19359,1340,2024-09-26,completed,card
19360,604,2025-08-06,completed,atm
19361,1426,2025-08-11,completed,atm
19362,102,2024-04-27,completed,card
19363,2396,2024-12-06,completed,cod
19364,849,2025-06-18,completed,card
19365,463,2025-03-03,completed,atm
19366,356,2024-06-11,completed,card
19367,2256,2025-05-04,completed,atm
19368,153,2025-02-18,refunded,card
19369,829,2024-08-23,completed,card
19370,2105,2024-07-01,completed,card
19371,1799,2024-02-13,completed,atm
19372,1687,2025-08-11,completed,card
19373,2462,2025-02-07,completed,card
19374,1424,2025-12-03,completed,atm
19375,740,2024-04-06,completed,card
19376,8,2025-03-29,completed,card
19377,265,2025-03-04,completed,card
19378,2488,2024-01-17,completed,atm
19379,1009,2024-02-03,completed,card
19380,1495,2024-03-24,completed,card
19381,1544,2024-05-05,completed,card
19382,1245,2025-06-15,completed,card
19383,664,2024-07-04,completed,wallet
19384,188,2025-02-25,completed,atm
19385,1443,2024-08-10,completed,cod
19386,2050,2024-07-21,completed,card
19387,2443,2025-03-15,completed,cod
19388,1787,2024-03-10,completed,card
19389,1604,2025-10-15,completed,atm
19390,1570,2024-08-21,completed,card
19391,1503,2024-01-03,completed,wallet
19392,1615,2024-10-22,completed,card
19393,2158,2024-06-04,completed,atm
19394,1971,2025-10-16,completed,atm
19395,1232,2025-10-29,completed,wallet
19396,2359,2025-11-16,completed,wallet
19397,2416,2024-08-26,completed,card
19398,1649,2025-03-08,completed,atm
19399,1861,2025-09-24,completed,card
19400,2014,2025-02-08,completed,card
19401,2411,2024-04-26,completed,card
19402,430,2025-04-15,completed,card
19403,2358,2024-01-13,completed,atm
19404,2338,2024-07-09,completed,card
19405,1558,2024-10-22,completed,cod
19406,329,2024-10-13,completed,card
19407,152,2024-09-16,completed,atm
19408,2252,2025-12-16,completed,card
19409,1291,2024-05-22,completed,atm
19410,156,2024-11-17,completed,card
19411,835,2025-08-12,completed,atm
19412,720,2025-06-24,completed,card
19413,1331,2025-02-16,completed,atm
19414,824,2024-05-27,completed,atm
19415,2127,2025-11-29,refunded,cod
19416,2002,2024-07-18,completed,card
19417,851,2025-09-12,completed,cod
19418,2442,2024-06-21,completed,card
19419,1623,2024-10-26,completed,wallet
19420,204,2025-04-11,completed,card
19421,2355,2024-11-07,completed,wallet
19422,1930,2024-11-23,refunded,card
19423,1398,2025-05-26,completed,card
19424,2127,2024-01-18,completed,card
19425,1218,2024-04-30,completed,atm
19426,2293,2025-12-31,completed,atm
19427,1813,2025-06-21,completed,atm
19428,780,2024-07-26,completed,card
19429,2087,2025-01-06,completed,card
19430,978,2025-04-27,refunded,card
19431,2055,2024-01-30,completed,card
19432,1888,2024-07-29,completed,wallet
19433,1039,2024-05-14,completed,card
19434,44,2025-07-14,completed,cod
19435,735,2024-05-04,completed,atm
19436,2395,2024-08-09,completed,card
19437,1746,2024-02-17,completed,card
19438,1315,2025-07-30,completed,atm
19439,822,2024-10-06,completed,card
19440,521,2024-11-13,completed,atm
19441,502,2025-12-12,completed,wallet
19442,1250,2024-09-03,completed,atm
19443,1691,2024-08-17,completed,cod
19444,147,2024-03-19,completed,cod
19445,55,2024-06-07,completed,cod
19446,617,2025-05-29,completed,card
19447,1920,2024-12-17,completed,atm
19448,76,2024-07-09,completed,card
19449,293,2024-07-17,completed,atm
19450,676,2024-05-04,refunded,atm
19451,1442,2024-01-05,completed,card
19452,1278,2024-11-14,refunded,card
19453,2421,2025-12-28,refunded,wallet
19454,2178,2024-10-30,refunded,card
19455,925,2025-01-23,completed,card
19456,570,2024-02-12,completed,atm
19457,1299,2025-02-01,completed,card
19458,1218,2024-11-17,completed,card
19459,984,2024-01-15,refunded,card
19460,2192,2024-05-25,cancelled,card
19461,2338,2025-09-18,completed,wallet
19462,1913,2024-10-13,completed,card
19463,1775,2025-04-10,completed,card
19464,927,2025-02-13,completed,atm
19465,965,2024-10-18,completed,card
19466,178,2025-07-31,refunded,card
19467,1240,2025-01-20,completed,atm
19468,1732,2024-11-25,completed,card
19469,1934,2025-05-24,completed,card
19470,1581,2025-07-03,completed,card
19471,190,2025-07-15,completed,card
19472,398,2024-03-22,completed,card
19473,67,2025-11-07,refunded,atm
19474,814,2025-03-24,refunded,cod
19475,1083,2025-03-02,completed,wallet
19476,1771,2024-05-05,completed,card
19477,628,2025-06-05,completed,card
19478,286,2024-12-09,completed,atm
19479,83,2024-02-15,completed,wallet
19480,1681,2025-08-14,completed,atm
19481,1940,2024-09-11,completed,card
19482,779,2025-06-21,cancelled,card
19483,2307,2024-08-14,completed,cod
19484,1563,2024-06-13,completed,card
19485,1895,2024-02-28,completed,card
19486,1333,2025-08-17,completed,atm
19487,192,2025-02-22,completed,card
19488,143,2025-08-05,completed,atm
19489,328,2025-12-16,completed,cod
19490,878,2025-06-23,completed,card
19491,439,2024-03-16,completed,card
19492,585,2024-09-04,completed,atm
19493,374,2024-02-17,cancelled,card
19494,776,2025-10-31,completed,atm
19495,1706,2025-08-19,completed,card
19496,287,2025-02-09,completed,card
19497,606,2025-05-04,completed,atm
19498,1088,2025-05-19,completed,atm
19499,2419,2024-10-28,completed,atm
19500,2134,2025-11-06,completed,cod
19501,1943,2025-01-24,completed,card
19502,1134,2024-07-31,completed,wallet
19503,153,2025-04-17,completed,card
19504,2015,2024-04-12,completed,card
19505,1489,2024-12-10,completed,atm
19506,990,2025-11-22,completed,card
19507,2415,2024-12-05,completed,atm
19508,116,2024-02-13,completed,atm
19509,2077,2024-07-03,completed,atm
19510,848,2024-10-20,completed,card
19511,1738,2025-07-12,completed,atm
19512,1388,2024-06-09,completed,card
19513,2133,2024-11-15,completed,atm
19514,1671,2025-04-03,completed,wallet
19515,1750,2025-12-20,completed,card
19516,1846,2025-08-17,cancelled,card
19517,1884,2024-08-16,completed,card
19518,1932,2024-02-09,completed,card
19519,32,2025-05-12,completed,card
19520,2007,2025-03-29,completed,atm
19521,1762,2024-11-02,completed,wallet
19522,1803,2025-07-20,completed,card
19523,881,2025-06-29,completed,atm
19524,1643,2025-11-18,completed,wallet
19525,1158,2024-07-23,completed,atm
19526,2318,2024-12-24,completed,atm
19527,1283,2025-02-12,completed,card
19528,378,2025-12-10,completed,atm
19529,1308,2024-04-23,completed,card
19530,418,2025-07-08,completed,card
19531,925,2024-08-13,completed,atm
19532,7,2025-08-03,completed,cod
19533,323,2025-07-07,completed,wallet
19534,2107,2024-08-16,completed,cod
19535,1400,2025-07-12,completed,card
19536,2192,2024-07-27,completed,cod
19537,1232,2024-04-16,completed,card
19538,1128,2024-12-17,completed,cod
19539,1070,2025-12-17,completed,card
19540,2458,2025-08-06,completed,card
19541,2098,2024-01-15,completed,card
19542,2262,2025-11-24,completed,wallet
19543,2376,2025-10-13,completed,atm
19544,421,2024-12-25,completed,card
19545,2430,2024-01-12,completed,atm
19546,1939,2025-06-21,completed,card
19547,1539,2024-08-17,completed,card
19548,2206,2025-05-11,completed,atm
19549,1090,2024-03-16,completed,card
19550,2210,2024-11-05,completed,card
19551,2436,2025-01-16,completed,atm
19552,1438,2025-03-07,completed,cod
19553,2345,2024-04-24,completed,wallet
19554,106,2025-03-09,refunded,card
19555,1170,2024-03-31,completed,card
19556,2082,2024-05-26,completed,atm
19557,333,2025-12-06,completed,atm
19558,1886,2025-01-13,completed,atm
19559,326,2024-03-15,completed,atm
19560,2027,2025-10-14,completed,atm
19561,36,2024-04-04,completed,card
19562,511,2024-09-25,completed,card
19563,2186,2024-04-20,completed,card
19564,2,2024-02-15,completed,card
19565,1362,2025-01-26,completed,card
19566,1262,2024-05-28,completed,wallet
19567,2009,2024-05-18,completed,card
19568,165,2024-06-23,completed,card
19569,878,2024-03-10,completed,cod
19570,2210,2024-07-21,completed,atm
19571,2363,2025-02-14,completed,atm
19572,139,2025-04-15,completed,card
19573,2047,2024-12-01,completed,card
19574,365,2025-04-06,completed,atm
19575,1128,2024-05-21,completed,card
19576,18,2024-01-06,completed,atm
19577,1269,2025-07-26,completed,card
19578,1793,2025-11-30,completed,atm
19579,1382,2024-12-14,refunded,card
19580,850,2025-11-25,completed,card
19581,2454,2024-03-26,completed,card
19582,1805,2025-03-02,completed,card
19583,76,2025-06-12,completed,card
19584,400,2025-01-11,completed,wallet
19585,1905,2024-12-01,completed,atm
19586,366,2025-01-11,completed,card
19587,1112,2025-11-04,completed,atm
19588,2279,2024-08-11,completed,card
19589,465,2025-10-10,completed,cod
19590,751,2025-04-12,completed,wallet
19591,1872,2025-09-05,completed,card
19592,109,2024-03-16,completed,wallet
19593,2231,2024-07-30,completed,atm
19594,1493,2025-06-13,completed,card
19595,591,2025-01-31,completed,atm
19596,664,2025-04-18,completed,wallet
19597,1,2024-06-27,completed,cod
19598,1288,2024-03-09,completed,wallet
19599,999,2025-05-29,completed,wallet
19600,849,2025-02-17,completed,card
19601,1350,2025-08-28,refunded,wallet
19602,1642,2024-03-31,completed,wallet
19603,1176,2024-10-10,completed,atm
19604,2017,2024-07-28,completed,card
19605,2074,2025-06-26,completed,card
19606,2325,2025-12-19,completed,atm
19607,1338,2025-11-17,completed,atm
19608,2271,2025-02-20,completed,card
19609,1614,2025-09-12,completed,wallet
19610,630,2024-03-06,completed,atm
19611,2327,2024-02-10,completed,wallet
19612,130,2024-12-01,cancelled,atm
19613,2143,2024-11-22,completed,atm
19614,351,2025-04-05,completed,cod
19615,773,2024-01-03,completed,atm
19616,476,2025-06-20,completed,atm
19617,1111,2024-01-20,completed,card
19618,1849,2024-07-17,completed,wallet
19619,1951,2024-05-04,completed,atm
19620,2349,2025-10-23,completed,card
19621,1011,2024-02-21,completed,atm
19622,421,2024-09-03,completed,wallet
19623,1307,2024-08-27,completed,atm
19624,406,2024-06-23,completed,wallet
19625,1664,2024-08-08,completed,cod
19626,1713,2025-05-29,completed,card
19627,2028,2024-11-26,completed,cod
19628,933,2025-05-12,completed,atm
19629,884,2024-08-24,cancelled,wallet
19630,832,2024-04-22,completed,card
19631,675,2024-09-06,completed,card
19632,741,2024-05-29,completed,atm
19633,2024,2024-09-15,completed,card
19634,1450,2025-11-02,refunded,wallet
19635,292,2024-08-25,completed,atm
19636,1452,2024-10-27,completed,card
19637,2021,2025-12-26,completed,atm
19638,1754,2025-04-10,completed,card
19639,2108,2024-02-23,completed,card
19640,2046,2025-02-18,completed,card
19641,389,2024-12-20,completed,card
19642,1678,2024-05-28,completed,atm
19643,99,2024-05-19,completed,atm
19644,1541,2024-04-13,completed,card
19645,1949,2024-12-24,completed,card
19646,2133,2024-04-29,completed,card
19647,1056,2025-02-24,completed,atm
19648,476,2025-06-03,completed,card
19649,1749,2024-08-28,completed,atm
19650,371,2024-05-08,completed,wallet
19651,954,2025-03-07,completed,card
19652,1445,2025-11-06,cancelled,atm
19653,657,2025-12-25,refunded,atm
19654,1860,2025-05-07,completed,card
19655,772,2024-01-17,completed,atm
19656,1364,2025-09-13,completed,card
19657,18,2025-01-05,completed,atm
19658,362,2024-06-14,completed,atm
19659,424,2025-02-18,completed,wallet
19660,1435,2024-12-25,completed,atm
19661,2493,2025-10-01,completed,wallet
19662,416,2025-06-23,completed,card
19663,1486,2024-04-25,cancelled,atm
19664,209,2025-04-26,completed,card
19665,644,2024-06-01,completed,atm
19666,2271,2024-03-26,cancelled,card
19667,186,2024-07-05,completed,card
19668,359,2024-02-23,completed,wallet
19669,1653,2025-08-04,completed,card
19670,1699,2024-07-24,completed,wallet
19671,1832,2025-07-11,completed,cod
19672,2130,2024-07-22,completed,card
19673,2060,2024-10-17,completed,card
19674,1767,2024-03-26,completed,card
19675,1716,2024-11-09,completed,card
19676,776,2024-10-28,completed,card
19677,132,2024-11-19,completed,card
19678,1407,2025-05-13,completed,card
19679,469,2024-12-14,completed,card
19680,316,2025-08-15,completed,atm
19681,1581,2025-03-28,completed,card
19682,46,2025-09-08,completed,cod
19683,2155,2025-01-17,completed,atm
19684,2373,2024-01-17,completed,atm
19685,2246,2025-03-26,completed,card
19686,1418,2024-11-17,completed,wallet
19687,691,2025-03-16,completed,cod
19688,1903,2024-05-05,completed,card
19689,1480,2024-12-01,completed,atm
19690,837,2024-12-10,completed,atm
19691,1668,2025-11-10,completed,atm
19692,598,2024-05-13,completed,wallet
19693,2471,2025-11-05,completed,card
19694,859,2025-05-11,completed,atm
19695,357,2025-01-04,completed,card
19696,1826,2025-10-03,completed,atm
19697,1001,2024-10-07,completed,atm
19698,1853,2024-07-08,completed,cod
19699,920,2025-10-31,completed,wallet
19700,1876,2025-03-26,completed,card
19701,1396,2024-01-25,completed,card
19702,1762,2025-09-04,completed,cod
19703,738,2024-12-15,completed,atm
19704,629,2024-01-20,completed,card
19705,2490,2025-01-24,completed,cod
19706,43,2025-01-13,completed,atm
19707,2068,2024-06-15,completed,cod
19708,284,2025-09-01,completed,atm
19709,1376,2025-09-07,completed,card
19710,60,2024-07-17,completed,cod
19711,79,2024-05-31,completed,cod
19712,347,2024-09-26,completed,cod
19713,1089,2025-02-26,completed,cod
19714,1885,2024-05-14,completed,card
19715,696,2024-01-06,completed,cod
19716,1358,2024-07-20,refunded,card
19717,2142,2024-05-23,completed,atm
19718,2156,2025-01-05,completed,wallet
19719,978,2025-02-17,completed,wallet
19720,1547,2024-02-02,completed,cod
19721,1801,2025-10-13,completed,card
19722,1855,2024-11-18,completed,cod
19723,816,2025-03-28,completed,cod
19724,1363,2025-03-06,completed,card
19725,627,2025-08-24,completed,card
19726,1235,2024-11-30,completed,cod
19727,478,2024-04-13,completed,wallet
19728,1307,2024-08-26,completed,atm
19729,600,2025-02-02,completed,card
19730,2021,2024-01-26,completed,wallet
19731,1637,2024-08-06,completed,card
19732,319,2024-02-29,completed,atm
19733,156,2025-10-15,completed,wallet
19734,572,2024-07-12,completed,wallet
19735,1990,2024-05-16,refunded,card
19736,475,2025-12-31,completed,wallet
19737,709,2024-12-27,completed,card
19738,346,2024-08-06,cancelled,card
19739,6,2024-09-28,cancelled,card
19740,1148,2024-02-14,completed,wallet
19741,1434,2025-09-30,completed,atm
19742,2171,2025-09-29,completed,cod
19743,2404,2024-07-04,completed,card
19744,57,2025-05-11,completed,wallet
19745,478,2024-10-14,completed,card
19746,952,2025-06-09,completed,card
19747,1470,2024-10-16,completed,card
19748,1492,2025-10-22,refunded,card
19749,1245,2025-10-05,completed,card
19750,2373,2025-06-05,completed,atm
19751,998,2024-04-13,completed,card
19752,2044,2025-02-14,completed,card
19753,1443,2025-07-08,completed,card
19754,1201,2025-07-30,completed,atm
19755,2459,2025-01-11,completed,card
19756,455,2024-12-17,completed,atm
19757,512,2025-01-04,completed,card
19758,1842,2024-12-05,completed,card
19759,235,2025-11-22,completed,card
19760,476,2024-05-17,completed,card
19761,1930,2024-10-02,completed,wallet
19762,30,2024-05-26,completed,card
19763,329,2025-06-13,completed,cod
19764,1253,2024-08-20,completed,atm
19765,1107,2024-07-22,completed,wallet
19766,680,2024-06-26,completed,card
19767,1878,2024-06-11,completed,card
19768,2479,2025-12-01,completed,atm
19769,282,2024-02-24,completed,wallet
19770,2129,2024-05-09,completed,card
19771,2172,2025-10-13,completed,card
19772,1005,2025-06-20,completed,cod
19773,2326,2025-05-21,completed,card
19774,1166,2025-03-26,completed,atm
19775,226,2025-11-11,completed,card
19776,2289,2024-07-23,completed,cod
19777,39,2025-02-20,completed,card
19778,1574,2025-05-11,completed,card
19779,357,2025-03-04,refunded,card
19780,2275,2024-06-26,cancelled,card
19781,1780,2024-11-08,completed,card
19782,712,2024-08-10,completed,card
19783,2026,2025-07-30,refunded,wallet
19784,397,2025-03-31,completed,card
19785,2224,2025-05-07,completed,card
19786,2303,2024-11-27,completed,card
19787,911,2025-08-28,completed,card
19788,1496,2024-08-27,completed,cod
19789,951,2025-11-26,completed,card
19790,2019,2024-03-06,completed,wallet
19791,2281,2025-08-12,completed,wallet
19792,2102,2025-12-20,completed,atm
19793,1844,2024-03-09,refunded,card
19794,541,2024-02-15,completed,atm
19795,1906,2024-02-14,completed,atm
19796,1123,2025-08-13,completed,atm
19797,612,2024-03-24,completed,card
19798,1211,2024-08-14,completed,atm
19799,1325,2024-07-07,completed,card
19800,1852,2025-03-17,completed,atm
19801,1795,2024-08-10,completed,card
19802,2313,2024-10-15,completed,cod
19803,1726,2025-03-07,completed,card
19804,13,2025-08-31,completed,wallet
19805,363,2024-07-04,completed,atm
19806,712,2025-01-12,completed,card
19807,1160,2025-08-27,completed,card
19808,1735,2025-05-18,completed,atm
19809,1554,2024-03-25,completed,card
19810,1861,2025-03-16,completed,card
19811,178,2024-07-11,completed,wallet
19812,1359,2024-12-30,refunded,card
19813,2136,2025-02-16,completed,card
19814,1127,2024-11-16,completed,cod
19815,2172,2025-06-13,completed,atm
19816,766,2024-04-16,completed,card
19817,1358,2025-10-21,refunded,atm
19818,908,2025-04-09,completed,card
19819,932,2025-04-03,completed,card
19820,2346,2025-06-19,completed,atm
19821,366,2025-09-16,completed,cod
19822,1615,2025-10-14,completed,atm
19823,2090,2024-09-18,completed,atm
19824,1037,2025-11-25,completed,card
19825,2061,2024-11-29,completed,card
19826,2241,2025-09-29,completed,card
19827,682,2024-07-31,refunded,atm
19828,2099,2024-01-07,completed,cod
19829,2291,2024-03-04,completed,atm
19830,1569,2024-05-08,completed,atm
19831,602,2025-05-13,completed,card
19832,1579,2025-03-09,completed,card
19833,1674,2025-08-16,completed,atm
19834,472,2024-08-18,completed,atm
19835,72,2025-11-24,completed,wallet
19836,2464,2025-09-08,completed,cod
19837,336,2025-07-04,completed,atm
19838,2003,2025-12-11,completed,card
19839,1682,2025-03-29,completed,card
19840,2104,2024-12-10,completed,atm
19841,2013,2025-12-05,completed,wallet
19842,627,2025-03-15,completed,card
19843,280,2025-01-13,completed,atm
19844,1558,2024-03-13,completed,card
19845,1848,2024-08-27,completed,atm
19846,1227,2025-06-25,completed,wallet
19847,2364,2025-10-13,completed,atm
19848,2081,2025-07-02,completed,wallet
19849,385,2024-06-11,completed,card
19850,1447,2024-02-13,completed,card
19851,688,2025-05-29,completed,cod
19852,1457,2025-09-13,completed,card
19853,1382,2025-02-27,completed,card
19854,1540,2025-07-30,completed,cod
19855,2246,2025-05-14,completed,atm
19856,1119,2024-01-07,cancelled,card
19857,834,2024-01-14,completed,card
19858,1612,2025-04-21,completed,cod
19859,2202,2024-08-21,completed,card
19860,102,2025-12-12,completed,wallet
19861,2351,2025-03-02,completed,card
19862,408,2024-02-20,completed,card
19863,2402,2024-05-04,completed,card
19864,1048,2024-04-24,completed,card
19865,644,2025-04-04,completed,card
19866,592,2024-07-27,completed,card
19867,204,2024-09-03,cancelled,card
19868,2277,2025-05-18,completed,card
19869,1466,2024-08-24,completed,cod
19870,1440,2025-03-07,completed,atm
19871,1352,2025-08-18,completed,card
19872,329,2025-12-24,completed,card
19873,680,2025-11-19,completed,atm
19874,708,2025-08-03,completed,card
19875,836,2024-10-30,completed,card
19876,438,2025-07-26,completed,atm
19877,1818,2024-03-13,completed,wallet
19878,779,2025-10-10,completed,card
19879,384,2024-12-28,completed,atm
19880,1266,2024-12-04,completed,atm
19881,527,2025-03-15,completed,card
19882,908,2025-06-03,completed,cod
19883,741,2024-06-30,completed,atm
19884,2484,2025-10-22,completed,atm
19885,1086,2024-10-25,completed,atm
19886,1520,2025-06-14,completed,card
19887,1320,2024-12-19,completed,cod
19888,2374,2024-09-23,completed,cod
19889,2124,2025-03-21,cancelled,card
19890,2160,2024-03-17,cancelled,atm
19891,761,2024-06-29,completed,card
19892,2458,2024-12-13,completed,atm
19893,1587,2025-01-02,completed,card
19894,730,2024-06-01,completed,atm
19895,1620,2025-03-10,completed,card
19896,2333,2025-03-15,completed,card
19897,2246,2024-10-23,completed,card
19898,593,2025-02-22,completed,wallet
19899,894,2025-12-02,completed,card
19900,1251,2024-06-28,completed,atm
19901,2362,2025-05-10,completed,cod
19902,19,2025-06-07,completed,card
19903,1468,2024-08-30,completed,card
19904,937,2025-02-13,completed,card
19905,1902,2025-07-29,completed,card
19906,1132,2025-12-17,completed,wallet
19907,2213,2024-02-19,completed,card
19908,2019,2025-11-13,completed,atm
19909,399,2025-09-06,completed,atm
19910,540,2024-05-27,completed,cod
19911,383,2024-11-23,cancelled,wallet
19912,829,2025-07-22,completed,card
19913,1084,2024-10-16,completed,card
19914,366,2024-01-20,completed,card
19915,205,2024-01-18,completed,atm
19916,681,2025-12-18,completed,cod
19917,828,2025-10-08,cancelled,atm
19918,1542,2024-07-14,completed,card
19919,189,2024-12-23,completed,card
19920,1422,2024-07-11,completed,card
19921,2032,2024-11-27,completed,atm
19922,2312,2024-10-24,completed,atm
19923,1786,2024-09-24,cancelled,cod
19924,565,2025-07-07,completed,card
19925,699,2025-11-18,completed,atm
19926,2237,2025-07-16,completed,card
19927,93,2025-12-18,completed,card
19928,2455,2025-06-20,completed,wallet
19929,894,2025-11-20,completed,card
19930,2409,2025-08-18,completed,wallet
19931,1427,2024-04-30,cancelled,wallet
19932,38,2024-05-06,completed,card
19933,371,2024-06-24,completed,atm
19934,686,2025-05-20,completed,card
19935,1836,2025-12-13,completed,card
19936,88,2025-08-30,completed,atm
19937,1651,2024-08-31,completed,card
19938,1440,2025-03-28,completed,card
19939,1320,2025-04-15,completed,card
19940,2046,2025-01-20,completed,wallet
19941,2244,2025-10-11,completed,card
19942,1251,2025-04-07,completed,atm
19943,2355,2025-12-24,completed,wallet
19944,1659,2025-11-25,completed,wallet
19945,1652,2024-01-06,completed,card
19946,1693,2024-01-07,completed,atm
19947,2412,2025-07-09,completed,card
19948,1021,2024-08-28,completed,card
19949,1918,2025-12-29,completed,card
19950,1789,2024-12-05,completed,card
19951,2343,2024-05-20,completed,card
19952,1089,2025-06-03,completed,wallet
19953,1042,2025-10-15,completed,card
19954,1222,2024-09-21,completed,atm
19955,2480,2025-10-04,completed,card
19956,749,2024-05-26,completed,card
19957,1136,2024-04-08,completed,wallet
19958,2414,2024-05-02,cancelled,atm
19959,1914,2025-09-07,completed,card
19960,53,2024-04-29,completed,cod
19961,1400,2025-11-23,completed,card
19962,1935,2025-12-14,completed,card
19963,2077,2025-03-27,completed,card
19964,1171,2025-01-15,completed,card
19965,1516,2025-06-09,completed,wallet
19966,1744,2024-04-10,completed,card
19967,290,2025-03-18,completed,wallet
19968,266,2025-02-24,completed,atm
19969,2275,2024-04-10,completed,card
19970,88,2024-10-19,completed,wallet
19971,1314,2024-08-30,refunded,card
19972,887,2025-10-11,cancelled,card
19973,1285,2024-01-29,refunded,atm
19974,854,2025-12-10,completed,atm
19975,128,2025-10-14,completed,atm
19976,2152,2024-04-05,completed,card
19977,2179,2024-01-22,completed,card
19978,218,2025-12-22,cancelled,card
19979,2150,2024-09-23,completed,card
19980,394,2024-04-12,completed,atm
19981,1572,2024-06-19,completed,card
19982,105,2024-09-26,completed,cod
19983,409,2024-02-11,completed,card
19984,1249,2025-03-23,completed,card
19985,291,2024-10-07,completed,atm
19986,2339,2024-11-01,completed,card
19987,2076,2025-11-21,completed,wallet
19988,595,2025-01-25,completed,cod
19989,1293,2025-04-30,completed,atm
19990,1006,2024-11-27,completed,card
19991,712,2025-11-14,completed,card
19992,1819,2024-04-11,cancelled,wallet
19993,798,2024-08-03,completed,card
19994,286,2024-10-19,completed,card
19995,1542,2024-02-11,completed,wallet
19996,2082,2025-06-26,completed,atm
19997,2108,2025-12-30,completed,card
19998,1455,2025-09-18,completed,card
19999,2206,2025-11-18,completed,card
20000,409,2024-04-12,completed,card
20001,2086,2024-12-21,cancelled,atm
20002,1987,2025-03-27,completed,card
20003,2441,2024-03-10,completed,wallet
20004,1210,2025-04-27,completed,card
20005,1424,2025-09-13,completed,card
20006,575,2024-07-29,completed,cod
20007,1311,2024-10-10,refunded,wallet
20008,1302,2025-12-28,completed,card
20009,1000,2025-08-13,completed,cod
20010,1118,2024-05-28,completed,card
20011,1983,2024-05-26,completed,card
20012,1909,2024-06-23,completed,card
20013,102,2024-04-19,completed,wallet
20014,1532,2024-11-23,completed,atm
20015,426,2024-01-22,completed,atm
20016,1993,2024-11-28,completed,cod
20017,2171,2024-11-19,completed,wallet
20018,636,2025-06-26,completed,card
20019,1364,2025-07-27,completed,card
20020,282,2024-03-01,completed,wallet
20021,483,2024-01-13,completed,card
20022,2032,2024-05-04,completed,atm
20023,2457,2025-01-08,completed,card
20024,2213,2025-10-21,completed,card
20025,620,2024-02-12,completed,cod
20026,1532,2025-02-17,refunded,card
20027,965,2025-12-09,completed,card
20028,565,2025-02-01,completed,cod
20029,2394,2024-03-28,completed,card
20030,748,2024-08-17,completed,card
20031,2270,2025-07-30,completed,card
20032,2277,2024-07-31,completed,card
20033,1770,2025-06-21,completed,atm
20034,95,2025-01-24,completed,atm
20035,1213,2024-05-28,completed,card
20036,836,2025-01-14,completed,card
20037,396,2025-12-08,completed,card
20038,84,2025-10-10,completed,card
20039,1991,2024-08-24,refunded,atm
20040,1510,2025-02-18,completed,wallet
20041,1076,2025-05-08,completed,card
20042,1940,2025-12-27,completed,atm
20043,1822,2025-04-26,completed,wallet
20044,488,2024-02-26,completed,atm
20045,360,2025-03-05,completed,card
20046,1424,2025-10-30,completed,card
20047,66,2024-10-19,completed,card
20048,1607,2024-04-25,refunded,card
20049,1196,2025-01-23,completed,card
20050,2107,2025-01-11,completed,atm
20051,267,2025-12-30,completed,card
20052,632,2024-10-03,completed,atm
20053,1744,2025-02-21,completed,atm
20054,1013,2024-01-24,completed,atm
20055,243,2025-05-15,completed,card
20056,2207,2024-01-22,completed,cod
20057,2112,2024-06-04,completed,card
20058,2184,2025-02-07,completed,card
20059,280,2025-05-26,completed,cod
20060,1541,2025-10-02,completed,card
20061,343,2024-03-09,completed,card
20062,948,2024-08-26,completed,atm
20063,116,2025-07-20,cancelled,card
20064,323,2025-04-22,completed,wallet
20065,1883,2025-06-10,completed,card
20066,1852,2024-11-19,completed,card
20067,1692,2024-09-30,completed,atm
20068,281,2024-08-31,completed,atm
20069,1424,2025-01-03,completed,atm
20070,806,2025-09-24,completed,cod
20071,859,2024-10-18,completed,atm
20072,1204,2025-03-07,completed,atm
20073,1371,2024-11-24,completed,card
20074,915,2024-05-07,completed,card
20075,1397,2025-04-10,completed,card
20076,1211,2025-06-09,cancelled,atm
20077,1808,2025-11-03,completed,cod
20078,623,2024-12-07,completed,card
20079,615,2025-07-23,completed,wallet
20080,1435,2025-07-11,completed,atm
20081,348,2025-12-05,completed,card
20082,2204,2025-10-24,completed,card
20083,2266,2025-01-12,completed,card
20084,48,2024-11-29,completed,card
20085,551,2024-03-22,completed,wallet
20086,1873,2025-09-24,completed,card
20087,223,2025-11-21,completed,atm
20088,399,2025-11-28,completed,atm
20089,1917,2024-06-09,completed,card
20090,2492,2025-12-28,completed,card
20091,1406,2025-01-31,refunded,wallet
20092,229,2025-06-16,completed,card
20093,1752,2024-07-10,completed,card
20094,1614,2024-01-17,completed,wallet
20095,1450,2024-05-30,completed,atm
20096,118,2025-09-04,completed,card
20097,1198,2024-06-11,completed,atm
20098,668,2025-01-10,completed,wallet
20099,1205,2025-11-06,completed,card
20100,237,2024-05-02,completed,card
20101,697,2024-06-26,completed,card
20102,2334,2025-01-02,completed,atm
20103,2435,2025-06-20,completed,card
20104,1111,2025-04-12,completed,card
20105,252,2025-05-11,completed,card
20106,571,2024-02-16,completed,wallet
20107,1935,2025-04-22,completed,card
20108,1181,2024-07-21,completed,card
20109,1727,2024-11-30,completed,card
20110,1501,2024-03-03,completed,wallet
20111,2365,2025-10-26,completed,card
20112,430,2024-11-21,completed,card
20113,2069,2024-10-14,completed,card
20114,1863,2025-04-27,refunded,card
20115,420,2025-12-07,completed,card
20116,1678,2025-05-12,completed,atm
20117,336,2025-07-04,completed,card
20118,2,2025-02-25,completed,wallet
20119,502,2025-10-09,completed,atm
20120,2402,2024-01-15,completed,atm
20121,2300,2025-12-03,completed,wallet
20122,1345,2024-01-24,completed,cod
20123,1331,2025-01-12,completed,wallet
20124,188,2024-03-06,completed,card
20125,1344,2025-12-30,completed,card
20126,2467,2025-03-30,completed,atm
20127,2373,2024-08-31,completed,card
20128,2103,2024-01-17,completed,atm
20129,1816,2025-09-09,completed,card
20130,2280,2024-01-21,cancelled,card
20131,1096,2024-10-22,completed,cod
20132,818,2024-04-07,completed,card
20133,1002,2024-12-28,completed,card
20134,1198,2025-02-06,completed,card
20135,1413,2024-01-28,completed,cod
20136,803,2025-03-21,completed,card
20137,1205,2025-06-10,cancelled,card
20138,40,2025-12-01,completed,wallet
20139,1435,2024-07-26,refunded,card
20140,943,2024-07-23,completed,wallet
20141,1369,2025-08-12,completed,atm
20142,98,2024-08-06,completed,card
20143,679,2025-03-30,completed,card
20144,784,2025-08-10,completed,card
20145,2450,2024-11-26,completed,card
20146,2491,2024-02-28,completed,wallet
20147,1553,2025-12-31,completed,card
20148,665,2024-06-21,completed,wallet
20149,1563,2024-03-22,completed,card
20150,168,2025-04-28,completed,wallet
20151,72,2024-08-07,completed,atm
20152,463,2024-11-06,completed,atm
20153,733,2025-05-02,completed,atm
20154,188,2024-09-06,completed,card
20155,2044,2024-06-25,completed,card
20156,91,2024-06-25,cancelled,card
20157,1064,2025-08-07,completed,wallet
20158,442,2025-08-22,completed,card
20159,851,2024-07-13,completed,card
20160,1729,2025-05-28,completed,card
20161,1054,2024-02-02,completed,wallet
20162,127,2025-10-28,completed,wallet
20163,1404,2025-12-11,completed,card
20164,218,2025-08-13,completed,card
20165,1098,2024-09-21,completed,card
20166,138,2024-03-18,completed,card
20167,1225,2024-03-18,cancelled,card
20168,28,2025-11-02,completed,cod
20169,1757,2025-02-02,completed,card
20170,337,2024-03-06,completed,card
20171,540,2024-02-21,completed,wallet
20172,1220,2025-03-14,completed,card
20173,1127,2024-04-19,completed,card
20174,1536,2025-06-15,completed,wallet
20175,1875,2025-09-28,completed,atm
20176,2043,2025-12-29,completed,cod
20177,1924,2024-04-23,completed,card
20178,1508,2024-06-18,completed,card
20179,1086,2024-02-26,completed,wallet
20180,1553,2025-12-14,completed,atm
20181,88,2024-07-07,refunded,atm
20182,1244,2024-03-09,completed,atm
20183,1042,2025-12-29,refunded,card
20184,1899,2025-11-17,completed,card
20185,679,2024-10-30,completed,atm
20186,2257,2025-07-21,completed,atm
20187,247,2024-09-13,completed,cod
20188,308,2024-09-03,completed,cod
20189,1304,2024-07-22,refunded,card
20190,6,2025-12-30,completed,card
20191,1393,2025-08-01,completed,wallet
20192,2416,2025-06-05,completed,atm
20193,1748,2024-11-22,completed,cod
20194,427,2024-12-26,completed,atm
20195,1283,2024-04-07,completed,atm
20196,58,2025-10-14,completed,atm
20197,1230,2024-03-04,completed,card
20198,1370,2024-05-11,completed,atm
20199,259,2024-11-20,completed,card
20200,304,2025-01-21,completed,cod
20201,2227,2025-01-22,completed,card
20202,1187,2024-11-05,completed,atm
20203,2314,2024-06-30,completed,card
20204,198,2024-11-08,completed,wallet
20205,1292,2024-02-11,completed,card
20206,1336,2024-03-08,completed,card
20207,1101,2025-11-22,completed,atm
20208,1830,2025-06-17,completed,atm
20209,1101,2025-08-28,completed,card
20210,1748,2024-10-06,completed,card
20211,1159,2025-12-21,completed,wallet
20212,1208,2025-10-25,completed,atm
20213,410,2024-07-29,completed,wallet
20214,1166,2025-02-14,completed,atm
20215,425,2025-06-18,completed,atm
20216,436,2025-01-15,completed,card
20217,2395,2025-06-25,completed,card
20218,1386,2024-10-25,completed,atm
20219,1684,2024-08-28,completed,card
20220,774,2025-06-22,completed,cod
20221,1840,2025-08-26,refunded,cod
20222,1339,2025-05-08,completed,wallet
20223,1706,2024-05-27,completed,card
20224,219,2024-12-16,completed,atm
20225,120,2025-10-04,completed,cod
20226,729,2025-09-27,completed,atm
20227,1838,2025-12-24,completed,card
20228,1300,2024-03-31,completed,cod
20229,1901,2024-03-14,completed,card
20230,1304,2025-07-25,completed,card
20231,1635,2024-03-21,completed,card
20232,1078,2024-11-22,completed,card
20233,1972,2025-02-16,completed,atm
20234,831,2024-10-02,completed,cod
20235,1689,2024-08-26,completed,cod
20236,2403,2025-06-17,completed,card
20237,916,2025-08-21,cancelled,atm
20238,176,2024-10-24,completed,wallet
20239,1784,2024-02-17,completed,card
20240,1320,2024-10-16,completed,wallet
20241,184,2024-05-06,completed,card
20242,1124,2025-10-26,completed,atm
20243,1563,2025-03-17,completed,card
20244,1211,2024-11-08,cancelled,card
20245,1859,2024-08-27,completed,wallet
20246,2115,2025-10-14,completed,wallet
20247,360,2025-08-15,completed,atm
20248,2422,2025-02-21,completed,wallet
20249,2219,2024-07-17,completed,card
20250,392,2025-06-20,completed,card
20251,2251,2025-02-25,completed,atm
20252,1065,2025-01-28,completed,card
20253,885,2025-12-02,completed,atm
20254,1593,2024-05-04,completed,card
20255,2465,2025-01-17,completed,atm
20256,1991,2025-01-21,refunded,card
20257,2099,2025-08-11,completed,atm
20258,1428,2025-06-18,completed,atm
20259,629,2024-05-28,completed,atm
20260,826,2025-07-12,completed,card
20261,167,2024-09-09,completed,atm
20262,485,2025-07-26,completed,card
20263,2366,2025-05-04,completed,card
20264,1741,2025-02-22,completed,card
20265,1688,2024-04-04,completed,card
20266,2276,2024-10-04,completed,wallet
20267,1645,2025-12-01,completed,wallet
20268,1703,2024-08-09,completed,card
20269,442,2025-09-24,cancelled,wallet
20270,2045,2024-08-13,completed,wallet
20271,72,2024-11-03,completed,wallet
20272,2042,2025-04-26,completed,card
20273,1318,2024-10-12,completed,atm
20274,1308,2024-09-01,completed,card
20275,1435,2024-09-29,completed,card
20276,49,2024-01-29,completed,atm
20277,1908,2025-09-28,completed,atm
20278,243,2025-09-07,completed,card
20279,401,2025-04-01,completed,atm
20280,1564,2024-05-07,completed,cod
20281,333,2025-05-01,completed,cod
20282,315,2025-10-29,cancelled,wallet
20283,2014,2024-07-14,completed,card
20284,1228,2025-07-20,completed,card
20285,2173,2024-12-30,completed,card
20286,1476,2024-10-25,completed,atm
20287,2077,2025-11-19,completed,card
20288,1241,2024-12-04,cancelled,card
20289,962,2024-11-21,completed,wallet
20290,501,2025-03-22,completed,card
20291,2384,2024-10-08,completed,card
20292,1996,2025-11-15,refunded,card
20293,1616,2025-02-18,completed,card
20294,1121,2025-02-18,completed,atm
20295,1649,2024-04-27,completed,card
20296,1154,2025-11-16,refunded,cod
20297,1249,2025-12-17,completed,atm
20298,1898,2025-12-11,completed,wallet
20299,1078,2024-12-19,completed,atm
20300,324,2025-04-11,completed,card
20301,516,2024-04-05,completed,wallet
20302,1144,2024-04-08,completed,atm
20303,50,2024-06-03,completed,wallet
20304,1793,2024-12-09,cancelled,card
20305,581,2024-07-07,refunded,card
20306,1609,2024-01-10,completed,wallet
20307,962,2024-10-16,completed,card
20308,311,2025-05-28,completed,card
20309,196,2025-06-21,completed,card
20310,2194,2025-06-02,completed,wallet
20311,209,2025-10-08,cancelled,wallet
20312,1204,2024-12-09,completed,wallet
20313,1577,2025-04-12,completed,wallet
20314,2241,2025-09-25,completed,card
20315,1014,2025-07-26,completed,atm
20316,491,2024-08-20,completed,card
20317,695,2024-03-17,completed,cod
20318,1978,2025-03-14,completed,wallet
20319,2163,2024-12-06,completed,card
20320,1805,2025-11-16,completed,atm
20321,1803,2024-03-05,completed,atm
20322,1279,2025-04-18,completed,card
20323,2249,2025-10-04,completed,card
20324,336,2025-07-31,completed,card
20325,2088,2024-06-18,completed,atm
20326,380,2024-05-29,completed,card
20327,970,2025-12-02,completed,card
20328,2211,2025-01-07,completed,wallet
20329,628,2024-10-07,completed,card
20330,1078,2024-09-09,completed,card
20331,618,2025-01-11,completed,card
20332,1331,2025-01-27,completed,card
20333,1463,2024-04-12,completed,card
20334,2117,2025-05-18,completed,card
20335,684,2025-10-01,completed,wallet
20336,1412,2024-06-28,completed,wallet
20337,2144,2024-05-31,completed,atm
20338,1360,2024-07-29,completed,card
20339,993,2025-03-18,completed,wallet
20340,1959,2025-11-23,completed,atm
20341,1616,2024-10-31,completed,atm
20342,495,2025-12-12,completed,card
20343,1366,2025-11-29,completed,card
20344,332,2024-01-28,completed,atm
20345,1844,2025-04-19,cancelled,card
20346,798,2024-08-22,completed,card
20347,1495,2025-07-08,completed,cod
20348,2442,2024-05-26,completed,card
20349,994,2025-01-02,completed,card
20350,1251,2024-01-13,completed,card
20351,113,2025-03-12,completed,card
20352,1522,2025-11-26,completed,wallet
20353,1693,2024-12-06,completed,atm
20354,1383,2024-04-04,completed,card
20355,2370,2024-09-10,completed,card
20356,1078,2024-04-07,completed,card
20357,558,2024-11-25,completed,atm
20358,1452,2025-04-06,completed,card
20359,1272,2025-08-30,completed,cod
20360,549,2024-06-05,completed,card
20361,2394,2024-12-23,completed,cod
20362,2455,2024-03-13,completed,card
20363,1052,2025-02-17,completed,atm
20364,767,2024-02-15,completed,wallet
20365,1614,2024-05-27,completed,wallet
20366,905,2025-03-14,completed,card
20367,2359,2024-04-24,refunded,atm
20368,1288,2024-08-24,completed,atm
20369,1856,2024-01-20,completed,atm
20370,468,2025-01-04,completed,card
20371,1207,2024-04-17,completed,card
20372,2114,2024-03-06,completed,card
20373,656,2025-02-21,completed,card
20374,2056,2025-07-18,completed,card
20375,1836,2024-09-16,completed,card
20376,391,2024-05-13,completed,cod
20377,1303,2024-05-03,completed,card
20378,1427,2025-10-21,completed,card
20379,1024,2025-01-15,completed,atm
20380,1479,2024-02-27,completed,atm
20381,1347,2025-06-01,completed,wallet
20382,1712,2025-03-14,completed,wallet
20383,641,2025-04-29,completed,card
20384,1143,2024-10-23,completed,card
20385,426,2025-02-14,completed,atm
20386,1894,2024-06-15,completed,card
20387,825,2024-02-12,completed,card
20388,364,2024-07-29,completed,wallet
20389,437,2025-06-23,completed,card
20390,804,2024-07-21,completed,card
20391,1788,2024-11-27,completed,card
20392,1315,2024-05-02,completed,atm
20393,41,2025-08-05,completed,atm
20394,743,2024-06-19,completed,atm
20395,809,2024-11-14,completed,wallet
20396,743,2025-12-30,completed,card
20397,823,2025-01-29,completed,card
20398,1975,2024-12-05,completed,wallet
20399,1228,2025-08-18,completed,card
20400,1622,2025-05-20,completed,wallet
20401,553,2025-06-12,completed,card
20402,2039,2024-06-29,completed,wallet
20403,1140,2025-06-09,cancelled,card
20404,726,2024-12-08,completed,atm
20405,636,2025-05-01,completed,wallet
20406,482,2024-09-23,completed,atm
20407,1861,2025-10-06,completed,cod
20408,1125,2024-06-17,completed,cod
20409,603,2025-01-15,completed,card
20410,2072,2024-11-13,completed,cod
20411,19,2024-10-05,cancelled,card
20412,1385,2024-02-07,completed,atm
20413,1883,2025-02-03,completed,card
20414,1096,2024-02-14,completed,card
20415,873,2024-01-28,completed,atm
20416,1693,2025-08-28,refunded,card
20417,2081,2024-05-27,completed,card
20418,14,2024-02-06,completed,atm
20419,1217,2025-10-30,refunded,atm
20420,380,2025-12-18,completed,cod
20421,711,2024-03-28,completed,card
20422,1370,2024-04-09,completed,card
20423,2164,2025-05-25,completed,wallet
20424,931,2025-07-19,completed,atm
20425,1854,2024-07-26,cancelled,card
20426,125,2025-05-09,completed,cod
20427,2476,2025-02-15,completed,atm
20428,869,2024-04-02,completed,atm
20429,1587,2024-05-05,completed,card
20430,1818,2025-04-26,completed,card
20431,254,2025-11-04,completed,card
20432,189,2024-06-24,completed,atm
20433,498,2025-01-01,completed,atm
20434,759,2025-11-02,completed,card
20435,1618,2024-11-30,completed,cod
20436,903,2025-06-22,completed,card
20437,62,2025-09-27,completed,card
20438,510,2025-10-19,completed,wallet
20439,436,2025-12-20,completed,card
20440,2143,2024-08-06,completed,wallet
20441,1369,2025-09-03,completed,atm
20442,2456,2024-04-14,completed,atm
20443,1283,2025-01-23,completed,atm
20444,356,2024-12-29,completed,card
20445,34,2024-09-06,completed,card
20446,2463,2024-03-17,completed,wallet
20447,709,2024-05-06,completed,atm
20448,2454,2025-06-23,completed,card
20449,1468,2025-10-31,completed,wallet
20450,84,2025-07-12,cancelled,card
20451,227,2024-02-23,completed,card
20452,2103,2024-09-26,completed,card
20453,2039,2025-10-07,completed,card
20454,1151,2025-05-10,completed,card
20455,41,2025-04-04,cancelled,atm
20456,1839,2024-09-03,completed,card
20457,1053,2024-07-11,completed,atm
20458,893,2024-03-03,completed,atm
20459,646,2024-07-25,completed,card
20460,1977,2025-06-22,completed,atm
20461,2278,2024-05-30,completed,card
20462,2267,2024-04-11,completed,card
20463,1913,2024-10-31,refunded,wallet
20464,62,2025-03-06,completed,card
20465,1378,2024-05-15,completed,atm
20466,37,2024-09-04,completed,atm
20467,915,2025-06-17,completed,card
20468,883,2025-10-28,completed,wallet
20469,988,2024-08-29,completed,card
20470,1674,2025-02-22,completed,atm
20471,239,2025-01-02,completed,card
20472,559,2025-11-12,completed,wallet
20473,1588,2025-06-08,completed,card
20474,382,2025-12-27,completed,atm
20475,857,2024-08-16,completed,atm
20476,931,2024-01-03,completed,cod
20477,40,2024-11-28,completed,atm
20478,470,2025-04-21,completed,card
20479,2356,2025-04-13,completed,atm
20480,2224,2024-10-23,completed,cod
20481,2016,2025-03-21,refunded,wallet
20482,66,2025-10-03,completed,card
20483,197,2025-10-07,completed,card
20484,1213,2024-05-26,completed,card
20485,1130,2024-06-07,completed,card
20486,781,2024-11-21,completed,card
20487,361,2024-11-28,completed,cod
20488,1867,2025-10-11,completed,atm
20489,24,2025-12-07,completed,card
20490,2176,2024-11-28,completed,card
20491,2093,2025-10-02,completed,wallet
20492,905,2025-11-02,completed,cod
20493,1577,2025-02-14,completed,card
20494,2412,2025-04-23,completed,wallet
20495,273,2024-10-02,completed,card
20496,608,2024-12-24,completed,cod
20497,1476,2025-05-10,completed,card
20498,130,2025-11-26,cancelled,atm
20499,442,2024-10-15,completed,atm
20500,854,2025-10-01,completed,atm
20501,1954,2024-05-04,completed,atm
20502,2400,2024-02-01,completed,card
20503,929,2024-04-05,completed,atm
20504,253,2024-07-07,completed,card
20505,353,2025-03-06,completed,card
20506,2305,2024-12-19,completed,card
20507,1378,2024-01-01,completed,atm
20508,933,2024-01-10,completed,card
20509,1307,2025-09-16,completed,card
20510,804,2025-09-27,completed,card
20511,123,2024-06-17,completed,atm
20512,2216,2025-03-02,completed,wallet
20513,166,2024-06-05,cancelled,card
20514,491,2025-05-01,completed,card
20515,737,2025-07-30,completed,card
20516,788,2025-01-02,completed,card
20517,1534,2025-08-07,completed,card
20518,2384,2024-03-09,completed,card
20519,1232,2024-01-28,completed,cod
20520,2188,2024-08-21,completed,card
20521,184,2024-11-07,completed,wallet
20522,1128,2025-04-08,completed,wallet
20523,1927,2025-10-25,completed,card
20524,1021,2025-09-11,completed,cod
20525,2461,2025-05-16,completed,atm
20526,810,2025-12-24,completed,cod
20527,2469,2025-06-06,completed,card
20528,1378,2024-05-02,completed,wallet
20529,978,2024-11-02,completed,card
20530,296,2025-05-01,completed,wallet
20531,149,2025-11-13,completed,card
20532,1298,2025-02-11,completed,card
20533,161,2025-12-26,completed,wallet
20534,100,2025-06-07,completed,card
20535,703,2025-11-30,completed,card
20536,2017,2024-11-25,completed,atm
20537,1868,2025-09-28,completed,card
20538,383,2024-08-24,completed,card
20539,1406,2025-06-10,completed,card
20540,1678,2024-11-30,completed,card
20541,2002,2024-06-07,completed,wallet
20542,761,2025-03-14,completed,atm
20543,1959,2025-07-03,completed,wallet
20544,1052,2024-04-21,completed,card
20545,830,2025-11-19,completed,card
20546,385,2025-03-10,completed,wallet
20547,112,2025-07-05,completed,atm
20548,862,2025-12-05,completed,card
20549,970,2024-12-12,completed,card
20550,2302,2025-07-07,completed,wallet
20551,1658,2024-12-21,completed,card
20552,619,2024-06-21,completed,card
20553,1935,2025-12-17,completed,atm
20554,1302,2025-03-21,completed,card
20555,1372,2024-05-19,completed,atm
20556,2419,2025-10-23,completed,card
20557,1612,2024-12-26,completed,cod
20558,2265,2025-09-07,completed,atm
20559,1236,2025-01-25,completed,card
20560,2014,2025-07-02,completed,card
20561,1158,2024-12-26,completed,card
20562,1336,2024-11-04,completed,atm
20563,1608,2024-04-12,completed,card
20564,2049,2024-07-04,completed,card
20565,2040,2025-11-19,refunded,wallet
20566,1999,2024-07-30,completed,card
20567,2203,2025-04-09,completed,card
20568,25,2024-07-19,completed,card
20569,751,2025-02-10,completed,atm
20570,1597,2025-11-27,completed,atm
20571,1087,2025-05-15,completed,card
20572,208,2025-12-25,completed,cod
20573,1183,2025-09-02,completed,cod
20574,379,2025-08-03,completed,atm
20575,1713,2025-07-29,completed,wallet
20576,471,2025-02-16,completed,atm
20577,885,2024-11-07,completed,atm
20578,1466,2024-04-09,completed,card
20579,1106,2024-08-26,refunded,card
20580,1323,2025-08-06,completed,card
20581,156,2024-04-07,completed,card
20582,899,2025-07-05,completed,cod
20583,1997,2025-12-04,completed,card
20584,1473,2025-01-04,completed,card
20585,469,2024-03-31,completed,atm
20586,64,2025-04-21,cancelled,atm
20587,1400,2024-11-02,completed,card
20588,1486,2024-10-21,completed,atm
20589,1971,2025-12-14,completed,wallet
20590,1745,2025-04-15,completed,wallet
20591,2128,2025-12-06,completed,card
20592,611,2025-01-05,completed,cod
20593,1385,2024-12-14,completed,atm
20594,590,2024-10-15,completed,card
20595,369,2024-12-27,completed,wallet
20596,2063,2025-10-16,completed,cod
20597,1230,2024-12-01,completed,wallet
20598,282,2024-11-22,completed,card
20599,1579,2025-06-26,completed,atm
20600,1364,2024-11-11,completed,card
20601,1970,2025-06-13,completed,card
20602,1453,2025-03-28,completed,card
20603,476,2024-02-06,completed,card
20604,189,2025-06-09,completed,atm
20605,2158,2024-06-22,completed,atm
20606,2154,2025-04-09,completed,wallet
20607,1349,2024-07-28,completed,cod
20608,1547,2024-09-11,completed,wallet
20609,836,2024-03-03,completed,card
20610,2379,2025-10-04,completed,card
20611,1885,2025-09-02,completed,card
20612,387,2024-09-19,completed,card
20613,2014,2025-01-27,completed,card
20614,536,2024-06-14,completed,card
20615,2194,2024-03-03,completed,atm
20616,308,2024-09-07,completed,card
20617,107,2024-10-26,completed,card
20618,380,2025-08-31,completed,wallet
20619,1596,2024-03-16,completed,wallet
20620,1557,2024-12-11,completed,cod
20621,1011,2024-02-04,completed,card
20622,1418,2024-11-06,completed,atm
20623,618,2025-03-09,completed,card
20624,488,2024-10-17,completed,card
20625,1732,2024-02-21,completed,atm
20626,1358,2025-11-19,completed,atm
20627,1472,2025-08-15,completed,card
20628,2245,2024-11-06,completed,atm
20629,1980,2024-03-26,completed,card
20630,1703,2025-10-25,completed,atm
20631,148,2024-05-16,completed,atm
20632,2392,2024-02-25,completed,atm
20633,1214,2025-03-24,completed,card
20634,2043,2025-08-02,completed,card
20635,2480,2024-03-29,completed,card
20636,1819,2025-11-23,completed,card
20637,1588,2024-09-06,refunded,card
20638,1157,2024-01-06,completed,card
20639,1926,2024-07-12,completed,wallet
20640,1875,2025-10-11,completed,cod
20641,545,2024-01-09,completed,atm
20642,1072,2024-12-25,completed,card
20643,1284,2024-11-19,completed,atm
20644,3,2024-08-03,completed,card
20645,1969,2025-03-17,cancelled,atm
20646,602,2025-09-11,completed,card
20647,1012,2024-08-19,cancelled,wallet
20648,2423,2025-06-03,completed,cod
20649,1548,2025-09-04,completed,card
20650,933,2025-05-01,completed,card
20651,471,2025-07-04,completed,cod
20652,477,2024-08-03,completed,wallet
20653,1324,2025-10-29,completed,card
20654,1307,2024-01-09,completed,card
20655,401,2025-12-17,completed,wallet
20656,2300,2024-05-27,completed,card
20657,1336,2024-02-11,completed,card
20658,1608,2025-10-31,completed,cod
20659,486,2024-01-22,completed,card
20660,2214,2024-09-23,completed,card
20661,355,2025-03-15,completed,atm
20662,1051,2024-06-23,completed,atm
20663,1276,2024-04-29,completed,card
20664,1729,2024-01-30,completed,card
20665,2212,2025-07-11,completed,card
20666,33,2025-09-30,completed,card
20667,556,2024-08-22,completed,card
20668,1338,2025-04-23,completed,card
20669,1120,2025-06-23,completed,atm
20670,1745,2024-02-02,completed,card
20671,1950,2024-03-28,completed,card
20672,462,2024-11-25,completed,card
20673,1789,2025-04-23,completed,wallet
20674,899,2024-11-27,completed,atm
20675,1464,2025-05-09,completed,cod
20676,1993,2025-03-11,completed,wallet
20677,273,2025-11-28,refunded,card
20678,487,2024-08-09,completed,atm
20679,499,2025-10-13,completed,card
20680,286,2024-07-24,completed,wallet
20681,1155,2025-12-16,completed,card
20682,686,2024-01-30,completed,card
20683,38,2025-09-08,completed,card
20684,226,2024-02-21,completed,atm
20685,2179,2025-07-25,completed,card
20686,1458,2025-07-24,completed,wallet
20687,1583,2024-11-17,completed,atm
20688,2451,2025-11-12,completed,card
20689,626,2024-05-30,completed,card
20690,1433,2024-11-06,completed,card
20691,1248,2024-10-29,completed,card
20692,1533,2025-09-05,completed,card
20693,31,2024-11-07,completed,cod
20694,163,2025-03-04,completed,atm
20695,1616,2025-06-07,completed,card
20696,2479,2024-10-28,completed,cod
20697,329,2025-06-30,completed,card
20698,191,2024-03-20,completed,card
20699,2059,2025-05-30,completed,wallet
20700,612,2025-11-03,refunded,cod
20701,1411,2025-12-01,completed,card
20702,2018,2025-10-11,refunded,card
20703,1653,2024-05-17,completed,card
20704,36,2025-09-08,completed,card
20705,1820,2024-08-04,completed,wallet
20706,1739,2025-11-18,completed,card
20707,8,2025-01-09,completed,atm
20708,578,2025-12-18,completed,cod
20709,2288,2024-12-10,completed,atm
20710,1377,2025-05-02,completed,cod
20711,1126,2024-04-01,completed,card
20712,1136,2024-12-26,completed,wallet
20713,326,2024-02-03,completed,card
20714,1223,2025-10-08,refunded,card
20715,2291,2025-04-16,completed,atm
20716,1148,2025-04-28,completed,wallet
20717,14,2025-03-15,completed,card
20718,1057,2024-02-06,completed,card
20719,805,2024-04-11,completed,cod
20720,1698,2024-04-11,completed,card
20721,588,2025-09-01,completed,atm
20722,655,2025-12-30,completed,cod
20723,996,2024-09-30,completed,card
20724,1459,2025-07-19,completed,atm
20725,1202,2024-05-06,completed,card
20726,1332,2024-12-11,completed,card
20727,712,2025-03-02,completed,atm
20728,57,2024-06-09,completed,card
20729,871,2025-08-15,completed,wallet
20730,500,2025-01-24,completed,card
20731,643,2024-03-01,refunded,card
20732,2370,2025-11-12,completed,wallet
20733,577,2025-12-05,completed,atm
20734,2240,2025-02-12,completed,card
20735,1921,2024-01-03,completed,card
20736,2459,2024-09-24,completed,cod
20737,2489,2024-08-08,completed,atm
20738,2250,2025-09-23,completed,wallet
20739,1253,2024-09-12,completed,card
20740,2326,2025-04-06,completed,card
20741,2271,2025-01-26,completed,card
20742,53,2025-12-14,completed,cod
20743,2169,2024-09-01,completed,atm
20744,2191,2024-08-08,completed,card
20745,2097,2025-09-09,completed,wallet
20746,2270,2025-12-31,completed,card
20747,256,2024-12-15,completed,atm
20748,2084,2025-04-18,completed,card
20749,534,2025-07-03,cancelled,atm
20750,611,2025-01-23,completed,card
20751,1514,2024-04-14,completed,card
20752,2148,2025-09-08,completed,card
20753,1776,2024-01-10,completed,card
20754,2202,2025-06-10,completed,card
20755,2104,2024-09-09,completed,cod
20756,1059,2024-10-11,completed,atm
20757,2120,2024-07-18,completed,card
20758,1947,2024-01-15,completed,card
20759,514,2024-09-06,completed,atm
20760,102,2025-08-10,completed,atm
20761,1288,2025-11-20,completed,wallet
20762,2448,2024-01-14,completed,card
20763,2298,2024-12-08,completed,card
20764,2455,2025-09-07,completed,card
20765,1341,2025-04-30,completed,atm
20766,882,2024-04-07,completed,card
20767,1847,2024-06-27,completed,atm
20768,641,2024-05-26,completed,card
20769,1405,2025-03-23,completed,card
20770,2471,2024-10-08,completed,card
20771,1424,2024-07-03,completed,cod
20772,116,2025-12-21,completed,card
20773,135,2025-11-01,completed,wallet
20774,2137,2024-03-04,completed,card
20775,1271,2024-11-03,completed,atm
20776,324,2024-07-01,completed,atm
20777,2293,2024-12-09,cancelled,card
20778,981,2024-05-14,completed,wallet
20779,1452,2025-11-29,completed,cod
20780,1812,2024-03-12,completed,wallet
20781,2307,2025-03-09,completed,atm
20782,1534,2024-12-22,completed,atm
20783,1966,2024-05-24,completed,card
20784,1705,2024-04-12,completed,cod
20785,555,2025-10-15,completed,card
20786,603,2025-04-08,completed,atm
20787,2307,2024-06-19,completed,card
20788,1515,2025-02-15,completed,wallet
20789,818,2025-06-07,completed,card
20790,40,2025-12-22,completed,card
20791,1869,2024-06-17,completed,card
20792,223,2024-05-22,completed,wallet
20793,1285,2024-12-21,completed,wallet
20794,481,2024-08-02,completed,atm
20795,2309,2025-03-13,completed,card
20796,2493,2025-10-08,completed,card
20797,487,2025-04-24,completed,atm
20798,1238,2024-12-07,cancelled,atm
20799,336,2025-09-12,completed,card
20800,1595,2024-03-08,completed,card
20801,1617,2025-04-14,completed,card
20802,2169,2025-01-11,completed,atm
20803,1017,2025-09-01,completed,card
20804,1547,2024-07-23,completed,card
20805,603,2024-02-01,completed,atm
20806,788,2025-04-16,completed,card
20807,2474,2025-04-13,completed,atm
20808,1445,2024-10-18,completed,wallet
20809,1147,2024-09-29,completed,card
20810,2063,2025-06-30,completed,atm
20811,2194,2024-05-21,completed,atm
20812,383,2024-08-07,completed,card
20813,819,2025-09-25,completed,atm
20814,1273,2025-10-31,completed,cod
20815,1688,2025-02-25,completed,card
20816,2149,2024-06-01,cancelled,card
20817,461,2024-05-20,cancelled,card
20818,2214,2024-06-15,completed,card
20819,762,2024-09-01,completed,card
20820,1249,2025-11-24,completed,wallet
20821,618,2025-06-21,completed,wallet
20822,2165,2024-04-02,completed,card
20823,344,2025-06-20,completed,card
20824,108,2024-08-04,completed,wallet
20825,1662,2024-11-07,completed,card
20826,2441,2024-03-29,completed,cod
20827,393,2024-11-08,completed,card
20828,2262,2024-05-22,completed,card
20829,937,2025-07-22,completed,card
20830,724,2025-04-27,completed,wallet
20831,1425,2024-11-03,cancelled,card
20832,1469,2025-03-22,completed,card
20833,1495,2025-05-10,completed,wallet
20834,2457,2024-03-01,completed,card
20835,1681,2025-03-18,completed,wallet
20836,868,2024-10-10,completed,wallet
20837,802,2024-04-11,completed,wallet
20838,476,2025-04-14,completed,atm
20839,1140,2024-04-24,completed,card
20840,49,2024-02-26,completed,card
20841,871,2024-04-02,completed,card
20842,382,2024-03-10,completed,cod
20843,1902,2024-11-12,completed,card
20844,531,2024-09-18,completed,atm
20845,942,2024-06-15,completed,card
20846,770,2025-07-26,completed,card
20847,2017,2025-07-21,completed,wallet
20848,531,2024-11-21,completed,atm
20849,1971,2024-12-24,completed,card
20850,1998,2024-03-23,completed,wallet
20851,270,2024-08-03,refunded,cod
20852,2012,2025-02-28,completed,card
20853,2048,2024-08-26,completed,card
20854,2149,2024-02-03,completed,card
20855,1313,2025-10-03,completed,card
20856,2404,2025-08-25,completed,card
20857,1402,2024-06-12,completed,card
20858,453,2024-04-04,completed,cod
20859,1307,2024-12-12,completed,card
20860,1659,2025-09-30,completed,cod
20861,770,2024-01-20,completed,atm
20862,2319,2024-12-17,completed,cod
20863,2156,2025-07-09,completed,wallet
20864,2034,2024-01-06,completed,atm
20865,1007,2025-07-23,completed,atm
20866,299,2025-01-03,completed,card
20867,553,2024-08-26,completed,card
20868,1317,2024-03-10,completed,atm
20869,1905,2024-09-22,completed,card
20870,656,2025-10-23,completed,wallet
20871,30,2025-08-20,refunded,card
20872,287,2025-06-12,completed,card
20873,1643,2025-09-25,completed,card
20874,1920,2025-06-09,completed,card
20875,1946,2025-05-21,completed,card
20876,1967,2024-01-02,completed,wallet
20877,417,2024-02-09,completed,card
20878,1434,2025-05-20,completed,cod
20879,2245,2024-10-30,completed,wallet
20880,413,2025-11-10,completed,card
20881,861,2025-03-28,completed,atm
20882,1728,2025-06-26,completed,atm
20883,1913,2024-09-20,completed,wallet
20884,958,2024-08-17,completed,card
20885,2137,2024-06-19,completed,card
20886,75,2025-06-17,completed,wallet
20887,222,2025-03-02,completed,card
20888,1325,2024-05-03,completed,card
20889,1318,2025-02-14,completed,wallet
20890,1239,2025-09-03,completed,card
20891,909,2025-03-14,completed,wallet
20892,694,2025-08-28,refunded,atm
20893,974,2024-10-17,refunded,wallet
20894,1786,2025-01-11,completed,cod
20895,310,2024-01-03,completed,atm
20896,2336,2025-02-20,completed,wallet
20897,1190,2025-10-24,completed,wallet
20898,1820,2025-11-16,completed,atm
20899,2341,2025-08-24,completed,card
20900,1367,2024-06-13,completed,atm
20901,1383,2025-08-01,completed,card
20902,1921,2024-01-07,completed,card
20903,2462,2025-02-17,completed,wallet
20904,907,2024-02-26,completed,card
20905,2329,2025-02-16,completed,card
20906,643,2024-09-29,completed,cod
20907,258,2025-12-09,refunded,card
20908,1084,2025-02-21,completed,cod
20909,347,2024-11-17,completed,card
20910,1285,2024-05-25,completed,card
20911,1120,2024-01-09,completed,card
20912,572,2025-10-13,completed,card
20913,2200,2024-09-10,completed,card
20914,1937,2025-05-11,completed,atm
20915,935,2025-02-25,completed,card
20916,851,2025-05-03,completed,atm
20917,1309,2025-12-17,completed,atm
20918,492,2024-03-07,completed,card
20919,474,2025-08-30,completed,card
20920,1152,2025-12-07,completed,wallet
20921,1688,2024-07-17,completed,atm
20922,2194,2025-08-30,completed,cod
20923,1511,2024-10-22,completed,card
20924,468,2024-09-24,completed,card
20925,63,2025-07-06,completed,card
20926,1439,2024-12-22,refunded,card
20927,1115,2024-01-12,completed,card
20928,2320,2025-11-26,completed,card
20929,45,2025-08-27,completed,card
20930,1653,2024-03-26,completed,card
20931,2220,2024-05-30,completed,wallet
20932,1808,2024-03-04,completed,card
20933,619,2024-02-19,completed,wallet
20934,619,2024-09-25,completed,atm
20935,857,2025-06-01,completed,card
20936,923,2025-11-12,cancelled,card
20937,2091,2024-10-27,completed,wallet
20938,747,2025-05-25,completed,atm
20939,88,2025-07-27,completed,card
20940,1416,2025-01-31,completed,card
20941,1755,2025-05-09,cancelled,card
20942,1152,2024-01-02,completed,card
20943,1075,2025-08-05,completed,atm
20944,251,2024-11-01,completed,atm
20945,793,2024-12-04,completed,wallet
20946,1683,2025-04-25,completed,card
20947,161,2025-11-01,completed,atm
20948,198,2025-04-13,completed,card
20949,429,2024-12-29,completed,atm
20950,515,2024-02-22,completed,cod
20951,1820,2025-03-13,completed,card
20952,207,2024-08-23,completed,card
20953,327,2025-02-05,completed,card
20954,1816,2024-03-20,completed,wallet
20955,312,2025-11-28,refunded,wallet
20956,2393,2025-07-14,cancelled,atm
20957,76,2024-05-24,completed,atm
20958,1734,2025-01-20,completed,card
20959,1173,2025-12-30,completed,card
20960,64,2024-05-10,completed,atm
20961,2372,2025-04-11,completed,card
20962,455,2024-10-19,refunded,card
20963,1011,2025-12-11,completed,cod
20964,1388,2024-05-02,completed,atm
20965,1824,2025-03-01,completed,atm
20966,1185,2025-10-13,completed,atm
20967,1669,2025-09-29,completed,card
20968,1528,2024-01-04,completed,card
20969,668,2025-01-23,completed,wallet
20970,1983,2025-10-09,completed,card
20971,112,2025-05-28,completed,card
20972,1064,2024-05-05,completed,atm
20973,127,2025-04-03,completed,card
20974,2231,2025-07-20,completed,atm
20975,857,2025-02-02,completed,cod
20976,1078,2024-10-17,completed,card
20977,997,2024-06-09,completed,cod
20978,2002,2025-11-16,completed,card
20979,1414,2024-09-14,completed,atm
20980,1943,2024-07-05,completed,card
20981,1185,2024-04-29,completed,wallet
20982,599,2025-08-07,completed,atm
20983,1239,2024-06-18,refunded,atm
20984,431,2024-04-23,completed,card
20985,1272,2025-02-28,refunded,card
20986,327,2024-05-01,completed,card
20987,2307,2024-01-14,completed,card
20988,670,2025-10-13,completed,wallet
20989,1803,2025-02-09,completed,card
20990,923,2025-12-03,cancelled,atm
20991,2060,2025-10-08,completed,cod
20992,1052,2025-11-04,completed,wallet
20993,1848,2025-05-07,completed,atm
20994,1143,2024-10-14,completed,atm
20995,1895,2024-12-09,completed,card
20996,1569,2025-02-14,completed,wallet
20997,1521,2024-05-27,completed,atm
20998,2174,2024-05-31,completed,atm
20999,629,2024-09-22,completed,card
21000,652,2025-01-10,completed,card
21001,197,2025-04-01,completed,card
21002,1042,2025-07-05,completed,cod
21003,1178,2024-07-13,completed,card
21004,2315,2025-01-31,completed,cod
21005,352,2025-02-04,completed,wallet
21006,1504,2024-06-13,completed,atm
21007,405,2025-06-23,completed,card
21008,41,2025-01-04,completed,atm
21009,2283,2025-12-21,completed,wallet
21010,2052,2025-10-24,completed,atm
21011,2480,2024-01-06,completed,wallet
21012,166,2024-03-05,completed,wallet
21013,406,2025-08-09,completed,atm
21014,2337,2025-01-13,completed,card
21015,722,2025-03-13,completed,atm
21016,2398,2025-03-02,completed,card
21017,1679,2024-12-15,completed,card
21018,392,2024-06-02,cancelled,card
21019,2208,2025-11-04,completed,atm
21020,793,2024-11-02,completed,card
21021,1531,2024-07-24,completed,card
21022,58,2025-03-25,completed,card
21023,1533,2025-03-28,completed,cod
21024,296,2025-09-18,completed,wallet
21025,440,2024-05-03,completed,card
21026,1096,2025-10-25,completed,card
21027,480,2024-01-02,completed,atm
21028,662,2024-09-11,completed,atm
21029,2197,2024-11-08,completed,atm
21030,974,2024-11-27,completed,wallet
21031,1578,2025-04-30,completed,wallet
21032,179,2025-07-11,completed,atm
21033,1044,2025-05-19,completed,cod
21034,620,2025-09-17,cancelled,atm
21035,2010,2024-03-22,completed,card
21036,1547,2025-07-09,completed,atm
21037,1711,2025-07-02,completed,cod
21038,976,2024-06-16,completed,card
21039,1260,2024-09-03,completed,card
21040,1873,2025-10-27,completed,atm
21041,1134,2024-09-11,completed,card
21042,2402,2025-11-19,completed,atm
21043,821,2025-09-07,completed,cod
21044,1213,2024-01-19,cancelled,card
21045,1120,2025-10-24,completed,card
21046,166,2024-01-26,completed,card
21047,1699,2025-06-05,completed,card
21048,1967,2025-04-03,completed,cod
21049,1270,2024-04-09,completed,wallet
21050,2384,2024-04-14,completed,atm
21051,816,2024-08-29,completed,atm
21052,2424,2025-12-14,completed,atm
21053,2410,2024-06-19,completed,wallet
21054,1529,2024-11-23,completed,atm
21055,271,2025-06-01,completed,card
21056,125,2024-11-19,completed,card
21057,141,2025-11-10,completed,card
21058,1280,2025-12-24,completed,atm
21059,609,2024-12-29,completed,card
21060,1299,2025-05-02,completed,card
21061,1932,2024-01-02,completed,atm
21062,51,2024-03-26,completed,card
21063,1348,2025-02-28,completed,card
21064,502,2024-06-04,completed,cod
21065,1363,2024-03-14,completed,card
21066,2239,2024-06-01,completed,cod
21067,428,2024-12-17,completed,atm
21068,214,2024-03-03,completed,cod
21069,1170,2024-03-14,completed,atm
21070,626,2025-07-29,completed,atm
21071,50,2025-02-26,completed,card
21072,957,2025-06-27,completed,card
21073,1044,2025-03-20,completed,card
21074,800,2024-06-05,completed,wallet
21075,262,2025-04-09,completed,card
21076,693,2025-11-15,completed,card
21077,1911,2025-02-20,completed,card
21078,1917,2024-09-02,completed,cod
21079,2295,2025-06-03,completed,cod
21080,676,2024-07-18,completed,wallet
21081,1877,2024-08-11,completed,card
21082,1138,2025-04-04,completed,card
21083,1532,2025-09-09,completed,card
21084,1896,2025-11-04,completed,card
21085,1919,2025-11-05,completed,card
21086,323,2025-08-06,completed,cod
21087,2476,2025-12-16,completed,card
21088,1667,2024-03-03,completed,card
21089,1765,2025-12-01,completed,atm
21090,2276,2024-03-06,completed,card
21091,851,2024-03-17,completed,cod
21092,2169,2024-05-06,completed,card
21093,2074,2025-08-04,completed,atm
21094,1257,2024-01-08,completed,atm
21095,1976,2024-12-04,completed,atm
21096,452,2025-12-09,completed,card
21097,2154,2024-03-10,completed,card
21098,1679,2025-06-24,completed,cod
21099,2094,2025-04-30,completed,card
21100,282,2024-07-01,completed,atm
21101,850,2025-09-28,completed,card
21102,1435,2024-06-28,cancelled,atm
21103,873,2025-11-09,completed,cod
21104,932,2025-05-14,completed,cod
21105,293,2024-02-04,completed,cod
21106,531,2024-03-10,completed,card
21107,1932,2025-04-01,completed,card
21108,1242,2025-06-28,completed,atm
21109,1381,2025-03-12,completed,cod
21110,887,2024-04-27,completed,atm
21111,81,2025-11-11,cancelled,card
21112,309,2024-05-03,refunded,atm
21113,1547,2024-05-20,completed,card
21114,1198,2025-11-30,completed,card
21115,2247,2024-02-28,completed,card
21116,296,2024-02-29,completed,cod
21117,463,2025-05-13,completed,cod
21118,731,2024-03-14,completed,atm
21119,636,2025-08-07,completed,card
21120,471,2024-11-28,completed,atm
21121,2271,2025-08-02,completed,atm
21122,29,2025-04-04,completed,cod
21123,1297,2025-10-06,completed,card
21124,488,2024-11-10,completed,card
21125,2201,2024-12-16,completed,card
21126,963,2024-03-19,completed,atm
21127,140,2024-09-02,completed,card
21128,911,2024-12-01,completed,wallet
21129,709,2024-09-05,completed,card
21130,987,2024-04-28,refunded,atm
21131,1918,2025-05-31,completed,card
21132,171,2025-05-10,cancelled,card
21133,292,2025-11-27,completed,atm
21134,2123,2024-08-20,completed,card
21135,1179,2025-12-21,completed,card
21136,2312,2025-06-01,completed,card
21137,1871,2025-10-12,completed,card
21138,1295,2025-12-14,completed,card
21139,1267,2024-02-11,cancelled,atm
21140,1258,2025-01-15,completed,card
21141,1669,2024-11-26,completed,atm
21142,850,2024-04-08,completed,card
21143,981,2024-03-23,completed,atm
21144,740,2025-12-04,completed,card
21145,2184,2025-04-06,completed,card
21146,1789,2024-07-05,completed,wallet
21147,11,2024-12-25,completed,atm
21148,123,2024-03-11,completed,card
21149,477,2025-08-27,completed,wallet
21150,1626,2024-08-22,completed,wallet
21151,1940,2025-04-23,completed,card
21152,2446,2024-05-03,completed,card
21153,2188,2025-09-13,cancelled,atm
21154,669,2024-10-24,completed,atm
21155,1654,2024-10-28,completed,atm
21156,1180,2025-08-25,completed,wallet
21157,2243,2025-02-04,refunded,card
21158,173,2024-03-14,completed,atm
21159,1578,2025-04-24,completed,atm
21160,2429,2024-01-14,completed,atm
21161,1090,2025-12-01,refunded,cod
21162,1020,2024-12-01,completed,card
21163,100,2024-08-23,completed,atm
21164,2242,2024-03-09,completed,card
21165,1640,2025-06-18,completed,wallet
21166,828,2025-07-11,completed,cod
21167,1146,2025-08-10,completed,wallet
21168,2078,2024-07-07,completed,wallet
21169,605,2025-05-01,completed,wallet
21170,825,2024-02-15,completed,card
21171,434,2024-06-10,completed,wallet
21172,663,2024-03-23,refunded,card
21173,75,2025-01-26,refunded,cod
21174,1286,2025-07-08,completed,cod
21175,1012,2025-11-23,cancelled,atm
21176,428,2024-07-29,completed,card
21177,2088,2024-09-08,completed,atm
21178,2305,2025-04-01,completed,cod
21179,1333,2024-07-01,completed,card
21180,1332,2024-09-02,completed,card
21181,2015,2024-04-16,completed,card
21182,1852,2024-01-14,completed,card
21183,770,2025-10-14,completed,card
21184,615,2025-01-27,completed,atm
21185,1336,2025-04-20,completed,card
21186,1151,2024-05-11,completed,atm
21187,46,2024-07-20,completed,atm
21188,1015,2024-05-05,completed,card
21189,255,2024-09-08,completed,card
21190,1632,2024-02-15,completed,atm
21191,404,2025-05-06,completed,card
21192,1026,2024-02-22,completed,wallet
21193,702,2024-01-30,completed,card
21194,1313,2025-05-01,completed,card
21195,233,2024-01-17,completed,card
21196,80,2024-09-29,refunded,card
21197,1752,2024-09-14,completed,atm
21198,1075,2025-02-11,completed,card
21199,1815,2025-01-22,cancelled,atm
21200,1556,2024-10-12,completed,card
21201,904,2025-09-11,cancelled,wallet
21202,597,2024-08-02,completed,atm
21203,1743,2024-06-11,completed,card
21204,2170,2025-01-28,completed,card
21205,2283,2024-11-27,completed,atm
21206,461,2025-11-07,refunded,card
21207,458,2024-08-08,completed,atm
21208,725,2024-08-28,completed,card
21209,1648,2024-09-21,completed,card
21210,28,2025-05-23,completed,atm
21211,1799,2025-10-24,completed,card
21212,1526,2024-07-06,completed,card
21213,1585,2025-12-12,completed,atm
21214,331,2024-06-28,completed,card
21215,608,2025-03-27,completed,atm
21216,1913,2024-04-26,completed,card
21217,962,2025-05-18,completed,cod
21218,1046,2025-08-01,completed,card
21219,2334,2025-02-15,completed,card
21220,917,2024-05-29,completed,card
21221,1302,2024-03-19,completed,card
21222,1256,2025-07-01,completed,card
21223,950,2025-06-04,completed,card
21224,356,2024-07-05,completed,atm
21225,100,2025-11-22,completed,wallet
21226,2370,2025-11-29,completed,card
21227,299,2025-07-06,completed,card
21228,1749,2024-03-16,completed,atm
21229,1319,2025-11-29,cancelled,atm
21230,1507,2025-08-07,completed,wallet
21231,561,2024-08-02,completed,wallet
21232,728,2024-03-24,completed,card
21233,82,2024-09-19,completed,card
21234,2006,2024-10-21,refunded,atm
21235,1908,2024-03-17,completed,card
21236,380,2024-08-12,completed,atm
21237,231,2025-11-23,completed,cod
21238,922,2025-08-15,completed,atm
21239,7,2024-01-04,completed,card
21240,2381,2025-03-20,completed,card
21241,693,2024-10-28,completed,atm
21242,1407,2024-08-18,cancelled,wallet
21243,1679,2024-08-16,refunded,wallet
21244,1963,2025-12-09,completed,wallet
21245,2102,2025-04-21,completed,card
21246,832,2025-09-20,completed,atm
21247,2207,2024-09-14,completed,wallet
21248,358,2025-06-25,completed,atm
21249,1120,2024-02-07,completed,cod
21250,1560,2024-11-13,completed,atm
21251,763,2025-12-01,completed,card
21252,1187,2025-02-06,completed,card
21253,424,2024-05-15,completed,card
21254,434,2025-04-30,completed,card
21255,399,2024-04-10,completed,card
21256,2302,2025-06-30,completed,card
21257,1527,2025-05-20,completed,atm
21258,2260,2025-04-30,completed,atm
21259,311,2024-04-06,completed,wallet
21260,2175,2024-04-07,completed,card
21261,1262,2025-05-16,completed,card
21262,1603,2025-11-10,completed,atm
21263,501,2024-06-16,completed,cod
21264,1871,2025-07-09,completed,atm
21265,1227,2025-10-02,completed,cod
21266,1981,2025-06-05,completed,wallet
21267,1710,2025-11-24,completed,card
21268,753,2025-06-13,completed,card
21269,843,2025-11-22,completed,card
21270,1067,2025-03-24,completed,wallet
21271,1164,2024-04-27,completed,wallet
21272,1218,2025-07-09,completed,card
21273,2473,2025-06-18,completed,card
21274,846,2025-08-21,completed,card
21275,1215,2025-04-04,completed,card
21276,464,2025-02-19,completed,card
21277,602,2025-11-28,completed,cod
21278,1608,2024-01-19,completed,atm
21279,2060,2025-12-06,completed,card
21280,1387,2024-06-01,completed,atm
21281,478,2024-06-09,completed,atm
21282,1922,2025-08-22,completed,atm
21283,235,2024-12-09,completed,wallet
21284,1419,2024-06-03,completed,atm
21285,655,2025-02-05,completed,atm
21286,1900,2024-02-05,completed,card
21287,331,2024-03-29,completed,atm
21288,83,2025-08-28,refunded,cod
21289,53,2025-09-26,completed,atm
21290,2269,2025-08-24,completed,cod
21291,1232,2024-12-29,completed,card
21292,1559,2025-05-01,completed,card
21293,2124,2024-03-06,completed,card
21294,1971,2024-11-20,completed,card
21295,698,2024-01-14,completed,atm
21296,1658,2024-05-26,completed,cod
21297,837,2024-02-21,cancelled,card
21298,1790,2024-08-31,completed,card
21299,653,2024-10-03,completed,atm
21300,963,2025-09-16,completed,card
21301,512,2024-08-16,completed,card
21302,2391,2024-01-22,completed,card
21303,1236,2025-10-31,completed,atm
21304,2170,2025-12-19,completed,wallet
21305,569,2025-06-05,completed,card
21306,555,2024-09-01,completed,atm
21307,430,2024-10-25,completed,atm
21308,2437,2025-12-17,completed,card
21309,2467,2024-07-22,completed,card
21310,15,2025-02-05,completed,card
21311,611,2025-12-26,completed,atm
21312,204,2024-11-17,completed,card
21313,104,2025-05-27,refunded,card
21314,275,2025-02-08,completed,cod
21315,1915,2025-10-15,completed,card
21316,1946,2024-10-30,completed,atm
21317,1785,2025-09-22,completed,wallet
21318,2396,2024-06-27,completed,card
21319,277,2025-04-23,completed,cod
21320,1441,2025-07-07,completed,card
21321,1357,2025-02-14,completed,cod
21322,2115,2025-10-09,completed,card
21323,486,2025-03-03,completed,card
21324,103,2025-04-01,completed,cod
21325,883,2024-07-18,completed,card
21326,1500,2024-07-29,completed,card
21327,1675,2024-09-19,completed,atm
21328,2342,2024-03-07,completed,card
21329,1155,2025-02-14,completed,atm
21330,887,2025-10-02,completed,card
21331,1941,2025-05-23,completed,cod
21332,193,2024-11-09,completed,card
21333,2399,2024-09-11,refunded,wallet
21334,1660,2024-12-30,completed,atm
21335,2261,2025-08-19,completed,atm
21336,1977,2024-10-18,refunded,card
21337,225,2025-09-27,completed,atm
21338,40,2024-12-20,completed,card
21339,824,2025-10-20,completed,atm
21340,867,2025-10-02,completed,card
21341,976,2025-06-04,completed,wallet
21342,1057,2024-08-22,completed,wallet
21343,1555,2025-05-29,completed,wallet
21344,405,2024-04-15,completed,cod
21345,1097,2024-09-24,completed,card
21346,713,2025-06-30,completed,cod
21347,753,2025-08-08,completed,card
21348,987,2025-01-21,completed,card
21349,768,2025-02-14,completed,card
21350,2191,2024-08-22,completed,atm
21351,2134,2025-06-26,completed,atm
21352,1460,2025-05-14,completed,atm
21353,121,2025-04-04,completed,card
21354,1360,2025-10-22,completed,card
21355,2337,2024-05-29,completed,wallet
21356,1007,2025-06-05,completed,card
21357,843,2024-11-03,completed,atm
21358,2469,2024-01-03,completed,wallet
21359,1323,2025-08-17,completed,card
21360,1490,2024-01-26,completed,card
21361,2244,2024-05-04,completed,atm
21362,1558,2025-12-12,completed,card
21363,1413,2025-04-03,completed,wallet
21364,2346,2024-08-29,completed,cod
21365,1913,2024-12-10,completed,atm
21366,1411,2025-10-22,completed,card
21367,1282,2024-10-14,completed,card
21368,1140,2025-05-23,completed,card
21369,1966,2024-02-07,completed,atm
21370,1628,2025-03-25,completed,atm
21371,1857,2024-09-05,completed,card
21372,339,2025-03-22,completed,card
21373,172,2025-04-30,completed,card
21374,1649,2024-10-06,cancelled,cod
21375,960,2024-07-24,completed,card
21376,1843,2025-05-10,completed,card
21377,813,2024-04-12,completed,card
21378,1338,2024-06-24,completed,wallet
21379,2367,2024-09-26,completed,card
21380,1232,2025-06-01,cancelled,atm
21381,1005,2025-04-24,completed,atm
21382,1676,2024-02-24,completed,atm
21383,2230,2024-05-15,completed,atm
21384,1466,2025-03-09,completed,card
21385,586,2024-09-15,completed,atm
21386,1521,2025-06-03,cancelled,cod
21387,118,2024-02-27,completed,wallet
21388,1608,2024-03-09,completed,cod
21389,1140,2025-05-09,completed,card
21390,2235,2025-04-18,completed,wallet
21391,2355,2024-12-22,completed,card
21392,29,2025-05-30,completed,atm
21393,1294,2025-11-12,completed,card
21394,1996,2024-06-30,completed,atm
21395,1303,2024-01-26,completed,card
21396,1322,2025-06-10,completed,card
21397,1663,2025-05-26,completed,atm
21398,1631,2025-06-22,completed,wallet
21399,2336,2024-07-24,completed,card
21400,736,2025-08-13,completed,cod
21401,212,2024-09-16,completed,card
21402,2040,2025-01-13,cancelled,card
21403,1158,2025-06-13,completed,cod
21404,70,2025-04-16,completed,card
21405,2364,2024-01-05,completed,card
21406,1004,2024-11-07,cancelled,atm
21407,346,2025-05-06,completed,wallet
21408,224,2024-09-11,completed,atm
21409,1130,2024-02-22,completed,card
21410,836,2025-02-11,completed,atm
21411,1435,2024-06-30,refunded,atm
21412,1218,2025-10-01,completed,atm
21413,1825,2024-09-18,completed,atm
21414,1602,2025-09-26,cancelled,wallet
21415,1883,2024-07-13,completed,wallet
21416,2063,2025-11-26,completed,card
21417,655,2025-05-19,completed,atm
21418,839,2025-07-07,refunded,atm
21419,731,2025-05-06,completed,cod
21420,69,2025-01-04,completed,card
21421,1686,2025-11-12,completed,wallet
21422,1623,2024-07-07,completed,card
21423,1437,2025-01-27,completed,card
21424,293,2025-11-24,completed,atm
21425,1182,2025-11-19,completed,card
21426,642,2024-05-28,cancelled,card
21427,2205,2025-03-04,completed,atm
21428,1991,2024-08-01,completed,card
21429,2394,2024-06-06,completed,card
21430,350,2025-06-13,completed,card
21431,2384,2024-12-05,completed,atm
21432,949,2025-09-06,cancelled,card
21433,364,2025-06-03,cancelled,atm
21434,565,2024-11-27,completed,card
21435,2196,2024-11-06,completed,cod
21436,1024,2025-09-17,completed,card
21437,812,2025-04-24,completed,cod
21438,2028,2025-03-03,completed,card
21439,189,2025-03-13,completed,atm
21440,735,2024-03-16,completed,atm
21441,1485,2024-11-01,cancelled,card
21442,534,2024-06-08,completed,cod
21443,1197,2025-03-11,completed,card
21444,1148,2024-08-06,cancelled,cod
21445,1370,2024-09-29,completed,card
21446,931,2025-01-09,refunded,atm
21447,734,2024-09-18,completed,card
21448,86,2024-01-29,completed,wallet
21449,280,2024-01-03,completed,card
21450,180,2024-11-21,completed,card
21451,2193,2024-08-07,completed,cod
21452,2119,2024-12-20,completed,atm
21453,1930,2025-12-22,completed,card
21454,2436,2025-11-22,completed,card
21455,2169,2025-07-24,cancelled,atm
21456,1292,2024-10-16,completed,card
21457,2089,2024-02-11,completed,atm
21458,1758,2024-03-24,refunded,card
21459,2061,2025-01-01,completed,card
21460,1188,2024-01-12,completed,cod
21461,1232,2025-09-13,completed,card
21462,908,2024-08-07,completed,card
21463,2049,2025-10-23,completed,card
21464,1460,2024-10-23,completed,wallet
21465,153,2025-10-26,refunded,card
21466,1431,2024-11-28,completed,card
21467,2138,2025-08-06,completed,card
21468,2499,2024-06-29,completed,card
21469,1886,2025-04-16,completed,card
21470,2414,2025-03-01,completed,card
21471,1661,2025-09-09,completed,card
21472,1448,2025-04-01,completed,card
21473,2290,2025-12-17,completed,atm
21474,2322,2024-08-26,completed,cod
21475,477,2024-12-03,completed,atm
21476,1390,2025-10-25,completed,wallet
21477,984,2024-06-19,completed,cod
21478,1628,2024-06-22,completed,wallet
21479,2390,2025-11-16,completed,card
21480,1778,2025-11-05,completed,card
21481,1290,2025-05-27,completed,card
21482,1631,2024-11-16,completed,cod
21483,813,2025-04-03,completed,card
21484,201,2024-06-05,completed,card
21485,1241,2025-09-12,completed,atm
21486,581,2024-11-10,completed,card
21487,736,2025-12-11,completed,atm
21488,2425,2024-07-26,completed,card
21489,272,2025-04-23,completed,atm
21490,835,2025-02-21,completed,card
21491,724,2025-03-21,completed,card
21492,2140,2025-09-03,cancelled,atm
21493,2236,2025-08-31,completed,card
21494,1140,2024-09-12,completed,atm
21495,2464,2025-10-01,completed,card
21496,854,2024-03-08,completed,atm
21497,1857,2024-06-05,completed,atm
21498,12,2025-06-15,cancelled,card
21499,1340,2024-10-28,completed,atm
21500,519,2025-01-07,completed,card
21501,1931,2025-07-24,completed,card
21502,802,2025-01-16,completed,atm
21503,1631,2024-03-24,cancelled,atm
21504,2033,2025-10-13,completed,cod
21505,238,2025-05-29,completed,atm
21506,2457,2025-06-30,completed,wallet
21507,2226,2025-04-25,completed,atm
21508,2400,2024-11-27,completed,wallet
21509,1568,2025-10-26,completed,card
21510,876,2025-06-02,completed,card
21511,1312,2025-10-24,completed,card
21512,634,2025-05-17,completed,card
21513,1176,2024-08-24,completed,card
21514,531,2024-09-15,completed,card
21515,1222,2024-12-20,completed,wallet
21516,1066,2024-10-14,completed,card
21517,354,2025-11-22,completed,cod
21518,1938,2024-07-17,completed,wallet
21519,2267,2024-02-23,refunded,atm
21520,2391,2024-04-17,completed,card
21521,98,2024-05-30,completed,card
21522,1289,2025-06-20,refunded,wallet
21523,2182,2025-08-25,completed,wallet
21524,2252,2025-11-18,completed,wallet
21525,1600,2024-02-13,completed,card
21526,35,2025-02-25,completed,card
21527,1889,2025-06-01,completed,card
21528,1904,2024-10-27,completed,card
21529,831,2025-04-18,completed,atm
21530,750,2025-01-06,completed,card
21531,2491,2024-09-04,completed,wallet
21532,2166,2025-07-17,completed,atm
21533,1535,2025-12-05,completed,wallet
21534,581,2024-03-26,completed,wallet
21535,1103,2024-06-11,completed,card
21536,1729,2024-08-20,completed,atm
21537,1173,2024-03-08,completed,wallet
21538,1926,2025-08-24,completed,card
21539,692,2025-09-25,completed,wallet
21540,1184,2025-11-27,completed,card
21541,1832,2024-04-07,completed,atm
21542,352,2025-10-25,completed,card
21543,710,2025-08-09,completed,cod
21544,407,2025-01-24,cancelled,atm
21545,2295,2025-07-18,completed,card
21546,1610,2024-06-25,refunded,card
21547,367,2024-01-20,completed,wallet
21548,2064,2025-07-19,cancelled,atm
21549,2327,2024-01-10,completed,cod
21550,161,2025-12-30,refunded,atm
21551,538,2025-06-05,completed,wallet
21552,844,2025-10-21,completed,card
21553,2142,2024-10-10,completed,card
21554,534,2024-08-13,completed,card
21555,814,2024-06-20,completed,card
21556,1043,2024-02-26,completed,wallet
21557,460,2024-01-31,completed,wallet
21558,1749,2025-07-13,completed,card
21559,2249,2025-08-26,completed,wallet
21560,2418,2024-11-11,completed,card
21561,2203,2024-10-17,completed,card
21562,58,2024-10-02,completed,atm
21563,489,2025-11-02,completed,wallet
21564,1118,2024-07-22,completed,card
21565,764,2025-05-20,completed,cod
21566,1044,2024-01-17,completed,card
21567,2088,2025-07-27,completed,card
21568,2195,2025-03-23,completed,card
21569,1494,2024-07-29,completed,card
21570,356,2024-04-07,completed,card
21571,357,2024-06-09,completed,atm
21572,2143,2024-05-13,completed,atm
21573,1041,2024-02-26,cancelled,wallet
21574,990,2025-04-22,completed,card
21575,302,2024-05-14,completed,card
21576,101,2025-03-06,completed,wallet
21577,186,2024-07-21,completed,wallet
21578,1652,2024-01-21,completed,wallet
21579,1532,2025-10-11,completed,cod
21580,2332,2025-09-26,completed,card
21581,595,2024-07-21,completed,wallet
21582,1507,2025-04-04,completed,card
21583,72,2025-04-12,completed,card
21584,2195,2025-02-18,completed,card
21585,1570,2024-12-08,completed,atm
21586,1097,2025-10-21,completed,wallet
21587,2368,2025-04-24,completed,card
21588,1898,2024-12-23,completed,card
21589,2427,2024-03-29,completed,atm
21590,61,2024-07-28,completed,atm
21591,679,2024-06-02,completed,card
21592,2239,2025-01-19,completed,card
21593,2124,2024-09-22,completed,card
21594,693,2024-03-16,completed,cod
21595,1979,2025-10-02,cancelled,cod
21596,129,2025-10-24,completed,card
21597,1576,2024-02-09,completed,atm
21598,2210,2024-04-08,completed,card
21599,1342,2025-04-11,completed,card
21600,27,2024-03-05,completed,atm
21601,2455,2024-02-12,completed,card
21602,2049,2025-09-06,completed,wallet
21603,1137,2025-01-28,cancelled,card
21604,2466,2024-03-31,completed,atm
21605,899,2025-09-20,completed,atm
21606,1870,2025-12-11,cancelled,wallet
21607,2128,2024-05-02,completed,card
21608,1943,2025-03-02,completed,atm
21609,154,2025-10-26,cancelled,card
21610,414,2025-09-20,completed,atm
21611,1102,2025-03-16,completed,card
21612,1048,2024-10-29,completed,card
21613,34,2025-08-08,completed,cod
21614,810,2024-11-23,completed,cod
21615,493,2025-05-27,refunded,atm
21616,1596,2025-11-06,completed,atm
21617,987,2025-08-01,completed,cod
21618,254,2025-09-15,completed,card
21619,377,2024-12-31,completed,cod
21620,645,2024-04-21,completed,atm
21621,2017,2025-04-01,completed,wallet
21622,2418,2024-08-04,completed,card
21623,1406,2024-06-22,completed,card
21624,2031,2024-04-08,completed,cod
21625,941,2025-09-08,completed,card
21626,1789,2024-06-16,completed,card
21627,87,2025-01-30,completed,cod
21628,920,2025-04-13,completed,cod
21629,105,2025-10-30,completed,atm
21630,2109,2025-05-02,completed,cod
21631,621,2024-12-20,completed,cod
21632,1959,2024-02-19,completed,cod
21633,1491,2024-03-20,completed,wallet
21634,1952,2024-12-15,completed,atm
21635,2131,2024-02-11,completed,card
21636,2221,2025-09-16,completed,atm
21637,2276,2025-09-22,completed,card
21638,2471,2024-10-11,refunded,card
21639,984,2025-11-20,completed,card
21640,993,2024-05-11,completed,atm
21641,681,2024-02-12,completed,wallet
21642,503,2024-08-08,completed,atm
21643,367,2025-02-25,completed,cod
21644,1242,2025-05-04,completed,cod
21645,1286,2024-07-13,completed,wallet
21646,2469,2025-10-10,completed,wallet
21647,977,2024-09-30,completed,wallet
21648,382,2024-02-03,completed,card
21649,1314,2025-01-21,completed,wallet
21650,444,2025-07-30,completed,card
21651,1160,2024-10-15,completed,card
21652,684,2025-07-16,completed,cod
21653,20,2024-12-30,completed,atm
21654,1213,2024-07-08,completed,atm
21655,932,2025-02-23,completed,atm
21656,1685,2024-05-24,completed,cod
21657,1141,2025-08-08,completed,cod
21658,799,2024-09-15,completed,wallet
21659,1265,2025-05-30,completed,atm
21660,598,2024-11-22,completed,cod
21661,1376,2025-11-28,completed,card
21662,1224,2024-08-18,completed,wallet
21663,1040,2024-08-13,completed,atm
21664,1833,2025-08-29,completed,wallet
21665,2302,2024-05-23,completed,atm
21666,2059,2025-06-16,completed,wallet
21667,193,2024-06-03,completed,atm
21668,1986,2025-09-12,refunded,card
21669,485,2024-12-10,completed,card
21670,1345,2024-03-25,completed,card
21671,592,2025-04-26,completed,card
21672,1207,2025-10-01,completed,card
21673,1958,2024-04-30,cancelled,cod
21674,1783,2024-08-02,completed,wallet
21675,538,2025-10-18,completed,card
21676,865,2024-09-15,completed,wallet
21677,271,2025-09-11,completed,cod
21678,641,2025-09-18,completed,cod
21679,88,2024-12-14,completed,atm
21680,1194,2025-10-25,completed,card
21681,1248,2025-05-17,completed,cod
21682,1447,2025-05-07,completed,cod
21683,356,2024-05-30,completed,card
21684,2420,2025-01-16,completed,wallet
21685,169,2025-03-25,completed,atm
21686,449,2025-03-25,completed,card
21687,1957,2025-05-19,completed,wallet
21688,1641,2024-03-02,completed,card
21689,1571,2024-02-13,completed,cod
21690,1838,2024-07-07,completed,card
21691,259,2025-08-06,completed,card
21692,358,2024-10-19,completed,card
21693,2152,2024-05-03,completed,atm
21694,325,2025-01-26,completed,atm
21695,1610,2024-05-03,completed,atm
21696,2355,2025-08-01,completed,card
21697,144,2025-06-14,completed,card
21698,2200,2024-12-25,completed,card
21699,1890,2025-04-08,completed,card
21700,773,2024-08-03,completed,card
21701,56,2024-01-24,completed,cod
21702,106,2024-12-02,completed,card
21703,2281,2025-04-09,completed,atm
21704,1626,2025-09-09,completed,wallet
21705,450,2025-11-24,completed,atm
21706,1061,2024-02-16,completed,wallet
21707,796,2024-10-21,completed,wallet
21708,1063,2024-07-20,completed,card
21709,286,2025-08-04,completed,atm
21710,388,2024-08-28,completed,cod
21711,143,2025-05-04,completed,card
21712,1518,2025-11-25,cancelled,card
21713,2350,2024-02-29,completed,card
21714,1741,2024-06-04,completed,card
21715,2086,2025-12-30,completed,card
21716,810,2025-08-17,completed,card
21717,2139,2025-08-03,completed,card
21718,971,2024-12-04,completed,wallet
21719,2257,2025-12-10,completed,card
21720,81,2024-08-20,completed,card
21721,322,2024-08-29,completed,atm
21722,1144,2025-12-05,completed,card
21723,2163,2024-06-21,completed,cod
21724,2130,2024-02-09,completed,card
21725,24,2024-02-09,completed,wallet
21726,870,2024-06-22,completed,card
21727,2492,2025-06-26,refunded,wallet
21728,2034,2024-12-04,completed,card
21729,90,2025-05-02,completed,cod
21730,1068,2024-04-06,completed,card
21731,188,2025-08-15,completed,card
21732,262,2024-02-17,completed,wallet
21733,1928,2024-12-10,completed,card
21734,2099,2024-07-25,completed,cod
21735,2012,2024-11-17,completed,card
21736,345,2025-12-22,completed,wallet
21737,2217,2025-11-28,completed,card
21738,49,2024-05-08,completed,card
21739,1721,2025-04-18,completed,wallet
21740,1878,2025-09-04,completed,cod
21741,1810,2025-11-25,completed,cod
21742,2210,2025-11-15,completed,wallet
21743,319,2024-10-22,completed,card
21744,956,2025-07-07,completed,cod
21745,1442,2024-09-02,refunded,atm
21746,2292,2024-02-16,completed,wallet
21747,2431,2024-04-24,completed,cod
21748,308,2024-11-01,completed,card
21749,498,2024-04-22,completed,card
21750,1352,2025-08-02,completed,card
21751,1210,2025-07-09,completed,wallet
21752,1079,2024-06-05,completed,atm
21753,19,2024-07-24,completed,card
21754,2128,2025-02-23,completed,card
21755,1324,2024-02-01,completed,atm
21756,1396,2025-09-19,completed,atm
21757,1077,2025-11-10,completed,card
21758,846,2025-05-03,completed,card
21759,1201,2025-05-14,completed,atm
21760,2438,2024-08-09,completed,cod
21761,670,2025-09-28,completed,card
21762,973,2024-02-17,completed,wallet
21763,336,2024-08-26,completed,card
21764,743,2025-10-06,completed,card
21765,614,2025-04-29,completed,wallet
21766,1496,2024-09-09,completed,card
21767,1187,2024-11-12,completed,card
21768,2293,2024-09-05,completed,card
21769,1288,2024-01-04,completed,card
21770,103,2024-04-08,completed,atm
21771,1201,2024-05-03,completed,card
21772,721,2024-04-22,completed,card
21773,442,2025-07-10,completed,card
21774,246,2024-02-18,completed,card
21775,1543,2025-12-15,completed,card
21776,860,2025-09-01,completed,card
21777,11,2025-08-08,completed,card
21778,1852,2024-06-24,completed,card
21779,1451,2025-11-23,completed,cod
21780,1683,2025-04-05,completed,atm
21781,2199,2024-10-13,completed,card
21782,987,2024-04-29,completed,card
21783,1789,2025-01-10,completed,card
21784,2131,2024-10-26,completed,atm
21785,302,2024-09-08,completed,atm
21786,2053,2024-10-30,completed,card
21787,1125,2025-11-30,completed,card
21788,1719,2025-02-11,completed,card
21789,1520,2025-07-17,completed,card
21790,1159,2024-08-02,completed,card
21791,1471,2025-08-02,completed,cod
21792,96,2024-04-16,completed,cod
21793,1252,2024-01-16,completed,card
21794,1139,2025-01-28,completed,card
21795,1263,2024-08-18,completed,wallet
21796,734,2024-12-17,completed,cod
21797,193,2024-12-15,completed,card
21798,132,2024-04-08,completed,cod
21799,920,2024-11-08,completed,card
21800,340,2025-03-21,completed,cod
21801,375,2024-07-15,completed,card
21802,261,2025-03-06,completed,card
21803,1486,2024-11-07,completed,cod
21804,513,2024-03-19,completed,card
21805,2074,2024-09-08,completed,cod
21806,1701,2024-11-24,completed,atm
21807,1558,2025-08-23,completed,wallet
21808,2219,2025-12-25,completed,cod
21809,1480,2025-12-01,completed,card
21810,72,2025-07-13,completed,wallet
21811,444,2025-07-18,completed,wallet
21812,1334,2025-07-08,completed,atm
21813,2428,2024-06-14,completed,card
21814,2407,2024-05-11,refunded,cod
21815,1489,2024-03-05,completed,card
21816,487,2024-02-01,completed,wallet
21817,1509,2025-03-04,cancelled,atm
21818,1506,2024-10-14,completed,atm
21819,631,2024-03-10,completed,atm
21820,1123,2025-12-05,completed,wallet
21821,326,2024-01-01,completed,cod
21822,144,2025-04-19,completed,card
21823,2245,2024-10-16,completed,card
21824,684,2024-10-28,completed,card
21825,585,2024-01-01,completed,cod
21826,353,2025-09-25,completed,card
21827,1374,2024-08-13,completed,wallet
21828,630,2025-05-02,cancelled,cod
21829,799,2025-06-14,completed,atm
21830,477,2025-07-29,completed,atm
21831,1124,2025-09-22,completed,card
21832,881,2025-06-27,completed,card
21833,1623,2024-01-15,completed,card
21834,920,2025-07-07,completed,wallet
21835,122,2024-12-30,completed,card
21836,1257,2025-06-16,completed,card
21837,1367,2025-06-02,refunded,atm
21838,1955,2024-05-13,completed,card
21839,406,2025-05-16,completed,card
21840,1602,2024-12-17,completed,card
21841,2301,2025-03-02,completed,card
21842,679,2024-03-17,cancelled,card
21843,1075,2025-03-06,completed,card
21844,56,2024-12-03,completed,card
21845,1533,2024-08-19,completed,atm
21846,317,2024-08-20,completed,card
21847,1830,2025-11-12,completed,atm
21848,2233,2025-10-13,completed,card
21849,418,2025-09-12,refunded,card
21850,1280,2025-04-18,completed,card
21851,942,2025-12-17,completed,atm
21852,204,2025-08-05,completed,wallet
21853,1855,2024-07-30,completed,card
21854,2199,2024-05-02,completed,cod
21855,2109,2025-08-16,completed,wallet
21856,606,2024-04-21,completed,card
21857,597,2024-12-26,completed,wallet
21858,1231,2024-01-03,completed,wallet
21859,83,2025-01-12,completed,atm
21860,1375,2024-10-10,completed,atm
21861,2453,2025-12-20,completed,wallet
21862,2072,2025-02-09,completed,card
21863,1006,2025-02-12,completed,wallet
21864,1908,2024-10-21,completed,atm
21865,628,2025-01-02,completed,card
21866,318,2024-08-02,completed,card
21867,1691,2024-07-24,completed,card
21868,221,2024-09-17,completed,atm
21869,503,2024-10-15,completed,card
21870,1023,2024-08-08,completed,card
21871,1342,2025-07-30,completed,atm
21872,533,2024-09-11,completed,wallet
21873,2433,2024-03-17,completed,atm
21874,2166,2025-05-06,completed,wallet
21875,1324,2025-01-08,completed,card
21876,761,2025-03-14,completed,atm
21877,725,2025-07-23,completed,cod
21878,415,2024-09-09,completed,atm
21879,2208,2024-10-23,completed,atm
21880,1508,2025-09-20,completed,card
21881,141,2024-11-14,completed,card
21882,63,2024-06-13,completed,card
21883,447,2025-09-10,completed,card
21884,2047,2024-11-05,completed,atm
21885,2041,2025-03-10,completed,card
21886,1836,2024-08-16,completed,card
21887,1814,2025-04-24,completed,card
21888,397,2025-02-23,completed,atm
21889,1605,2025-10-07,completed,cod
21890,680,2025-11-12,completed,cod
21891,527,2025-10-10,completed,atm
21892,2135,2025-01-29,completed,card
21893,93,2025-08-27,completed,card
21894,828,2025-01-10,completed,atm
21895,733,2024-04-15,completed,atm
21896,2026,2025-06-14,completed,atm
21897,829,2024-02-28,completed,card
21898,594,2025-01-04,completed,card
21899,1911,2024-07-26,refunded,card
21900,1975,2024-06-27,completed,atm
21901,382,2024-02-04,completed,atm
21902,789,2024-06-11,completed,atm
21903,949,2025-03-22,completed,atm
21904,2235,2024-11-01,completed,atm
21905,1954,2025-04-04,completed,card
21906,461,2025-06-15,completed,atm
21907,1330,2025-04-11,completed,card
21908,1780,2025-02-11,completed,cod
21909,1624,2025-05-08,cancelled,card
21910,2214,2025-08-10,completed,wallet
21911,1232,2025-12-30,completed,card
21912,189,2024-06-27,completed,atm
21913,2124,2024-06-04,completed,atm
21914,1912,2024-12-06,completed,card
21915,1444,2025-08-30,completed,card
21916,2277,2025-08-16,completed,card
21917,1619,2024-01-22,completed,wallet
21918,2361,2025-02-26,completed,atm
21919,313,2025-07-17,completed,card
21920,526,2024-06-17,completed,card
21921,1545,2025-06-20,completed,cod
21922,1610,2024-04-14,completed,card
21923,297,2024-04-16,completed,wallet
21924,1259,2024-03-05,completed,card
21925,855,2025-10-08,completed,atm
21926,567,2024-03-18,completed,card
21927,2129,2024-02-05,completed,atm
21928,1207,2024-11-08,completed,card
21929,2418,2024-03-04,completed,atm
21930,284,2024-01-15,completed,wallet
21931,2178,2025-09-18,completed,atm
21932,1911,2025-04-26,completed,atm
21933,46,2025-09-16,completed,atm
21934,1431,2024-11-30,completed,card
21935,1279,2024-08-14,completed,card
21936,138,2024-06-10,completed,card
21937,1781,2024-07-06,completed,atm
21938,2052,2025-04-19,completed,atm
21939,283,2024-06-03,completed,atm
21940,2223,2025-04-15,completed,card
21941,1314,2025-04-12,completed,card
21942,1046,2025-12-14,completed,cod
21943,1021,2024-12-08,completed,card
21944,1772,2025-08-14,completed,wallet
21945,113,2025-12-06,completed,atm
21946,627,2024-10-31,completed,card
21947,294,2025-11-13,completed,card
21948,537,2024-05-07,completed,cod
21949,1555,2024-12-22,completed,cod
21950,615,2025-06-28,completed,card
21951,2461,2025-03-18,completed,cod
21952,1907,2025-07-13,completed,cod
21953,1412,2025-05-06,cancelled,card
21954,1495,2025-12-11,completed,atm
21955,2143,2025-01-30,completed,wallet
21956,1879,2025-10-23,completed,card
21957,698,2024-07-05,completed,wallet
21958,1070,2024-04-03,completed,card
21959,780,2024-01-16,completed,card
21960,1079,2025-04-01,completed,atm
21961,828,2025-11-22,completed,card
21962,730,2024-01-21,completed,wallet
21963,152,2025-02-14,completed,cod
21964,398,2024-12-02,completed,atm
21965,1648,2024-11-19,completed,card
21966,463,2024-10-10,completed,card
21967,552,2024-02-21,completed,card
21968,1546,2024-06-28,completed,atm
21969,196,2024-08-01,cancelled,card
21970,2439,2025-08-27,completed,wallet
21971,2097,2025-12-27,completed,wallet
21972,742,2024-03-04,cancelled,card
21973,1820,2025-01-16,completed,card
21974,1684,2024-08-03,completed,card
21975,881,2025-07-28,completed,card
21976,544,2025-07-03,completed,atm
21977,949,2025-03-05,completed,card
21978,2149,2024-05-23,completed,atm
21979,888,2024-04-07,completed,card
21980,2254,2024-07-30,completed,atm
21981,503,2024-11-05,completed,card
21982,743,2024-07-30,completed,card
21983,2221,2025-11-11,completed,card
21984,1216,2024-09-26,completed,card
21985,1135,2025-05-14,completed,cod
21986,1182,2024-11-04,completed,cod
21987,420,2024-09-25,completed,wallet
21988,204,2024-03-20,completed,wallet
21989,744,2024-07-13,completed,wallet
21990,162,2025-02-20,completed,atm
21991,367,2025-01-24,completed,card
21992,2461,2024-01-14,completed,card
21993,122,2025-01-20,completed,card
21994,450,2025-01-11,completed,card
21995,273,2024-12-01,completed,card
21996,2390,2025-08-06,completed,card
21997,2467,2025-10-04,completed,card
21998,1072,2024-07-05,refunded,cod
21999,1977,2025-03-31,completed,card
22000,843,2024-09-06,completed,card
